t,event,task,x,y,scheduled_start,actual_start,schedule_deviation,note,phi1_bool,phi1_rob,phi2_bool,phi2_rob,phi3_bool,phi3_rob,phi_all_bool,phi_all_rob,speed,vmax
0.000,start,,,,,,,Schedule-following execution with STL,,,,,,,,,,
0.000,task_start,A_leg0,0.000,0.000,0.014,0.000,0.014,Deviation: 0.014s,1,0.0500,0,-inf,1,0.4000,0,-inf,0.000,0.400
1.031,pose,A_leg0,0.380,0.000,0.014,0.000,0.014,,1,0.0500,0,-1.4700,1,0.0124,0,-1.4700,0.379,0.400
2.053,pose,A_leg0,0.760,0.000,0.014,0.000,0.014,,1,0.0500,0,-1.0900,1,0.0050,0,-1.0900,0.395,0.400
3.071,pose,A_leg0,1.140,0.000,0.014,0.000,0.014,,1,0.0500,0,-0.7100,1,0.0174,0,-0.7100,0.383,0.400
4.109,pose,A_leg0,1.520,0.000,0.014,0.000,0.014,,1,0.0500,0,-0.3300,1,0.0370,0,-0.3300,0.363,0.400
5.018,task_complete,A_leg0,1.860,0.000,0.014,0.000,0.014,Completed in 5.02s (scheduled: 13.36s),1,0.0500,1,0.0100,1,0.0194,1,0.0100,0.363,0.400
5.127,waiting,A_leg1,1.860,0.000,13.370,,,Waiting 8.2s until scheduled start,1,0.0500,1,0.0100,1,0.0201,1,0.0100,0.000,0.400
6.147,waiting,A_leg1,1.860,0.000,13.370,,,Waiting 7.2s until scheduled start,1,0.0500,1,0.0100,1,0.4000,1,0.0100,0.000,0.400
7.180,waiting,A_leg1,1.860,0.000,13.370,,,Waiting 6.2s until scheduled start,1,0.0500,1,0.0100,1,0.4000,1,0.0100,0.000,0.400
8.205,waiting,A_leg1,1.860,0.000,13.370,,,Waiting 5.2s until scheduled start,1,0.0500,1,0.0100,1,0.4000,1,0.0100,0.000,0.400
9.234,waiting,A_leg1,1.860,0.000,13.370,,,Waiting 4.1s until scheduled start,1,0.0500,1,0.0100,1,0.4000,1,0.0100,0.000,0.400
10.259,waiting,A_leg1,1.860,0.000,13.370,,,Waiting 3.1s until scheduled start,1,0.0500,1,0.0100,1,0.2000,1,0.0100,0.000,0.200
11.282,waiting,A_leg1,1.860,0.000,13.370,,,Waiting 2.1s until scheduled start,1,0.0500,0,-1000000.0000,1,0.2000,0,-1000000.0000,0.000,0.200
12.306,waiting,A_leg1,1.860,0.000,13.370,,,Waiting 1.1s until scheduled start,1,0.0500,0,-1000000.0000,1,0.2000,0,-1000000.0000,0.000,0.200
12.893,task_start,A_leg1,1.860,0.000,13.370,12.893,0.477,Deviation: 0.477s,1,0.0500,0,-inf,1,0.2000,0,-inf,0.000,0.200
13.328,pose,A_leg1,1.939,-0.013,13.370,12.893,0.477,,1,0.0500,0,-2.1355,1,0.0068,0,-2.1355,0.182,0.200
14.364,pose,A_leg1,2.116,-0.081,13.370,12.893,0.477,,1,0.0500,0,-1.9463,1,0.0023,0,-1.9463,0.182,0.200
15.386,pose,A_leg1,2.288,-0.162,13.370,12.893,0.477,,1,0.0500,0,-1.7563,1,0.0028,0,-1.7563,0.181,0.200
16.417,pose,A_leg1,2.458,-0.246,13.370,12.893,0.477,,1,0.0500,0,-1.5663,1,0.0140,0,-1.5663,0.182,0.200
17.443,pose,A_leg1,2.629,-0.329,13.370,12.893,0.477,,1,0.0500,0,-1.3763,1,0.0031,0,-1.3763,0.186,0.200
18.464,pose,A_leg1,2.800,-0.413,13.370,12.893,0.477,,1,0.0500,0,-1.1863,1,0.0010,0,-1.1863,0.182,0.200
19.480,pose,A_leg1,2.970,-0.496,13.370,12.893,0.477,,1,0.0500,0,-0.9963,1,0.0031,0,-0.9963,0.197,0.200
20.493,pose,A_leg1,3.181,-0.599,13.370,12.893,0.477,,1,0.0500,0,-0.7613,1,0.0091,0,-0.7613,0.290,0.300
21.521,pose,A_leg1,3.437,-0.725,13.370,12.893,0.477,,1,0.0500,0,-0.4763,1,0.0070,0,-0.4763,0.272,0.300
22.543,pose,A_leg1,3.693,-0.850,13.370,12.893,0.477,,1,0.0500,0,-0.1913,1,0.0057,0,-0.1913,0.280,0.300
23.251,task_complete,A_leg1,3.869,-0.936,13.370,12.893,0.477,Completed in 10.36s (scheduled: 14.59s),1,0.0500,1,0.0037,1,0.0211,1,0.0037,0.275,0.300
23.575,waiting,A_leg2,3.869,-0.936,27.963,,,Waiting 4.4s until scheduled start,1,0.0500,1,0.0037,1,0.3000,1,0.0037,0.000,0.300
24.601,waiting,A_leg2,3.869,-0.936,27.963,,,Waiting 3.4s until scheduled start,1,0.0500,1,0.0037,1,0.3000,1,0.0037,0.000,0.300
25.628,waiting,A_leg2,3.869,-0.936,27.963,,,Waiting 2.3s until scheduled start,1,0.0500,1,0.0037,1,0.3000,1,0.0037,0.000,0.300
26.642,waiting,A_leg2,3.869,-0.936,27.963,,,Waiting 1.3s until scheduled start,1,0.0500,1,0.0037,1,0.3000,1,0.0037,0.000,0.300
27.504,task_start,A_leg2,3.869,-0.936,27.963,27.504,0.458,Deviation: 0.458s,1,0.0500,0,-inf,1,0.3000,0,-inf,0.000,0.300
27.663,pose,A_leg2,3.911,-0.952,27.963,27.504,0.458,,1,0.0500,0,-2.3943,1,0.0021,0,-2.3943,0.298,0.300
28.691,pose,A_leg2,4.186,-0.919,27.963,27.504,0.458,,1,0.0500,0,-2.1531,1,0.0139,0,-2.1531,0.286,0.300
29.715,pose,A_leg2,4.424,-0.764,27.963,27.504,0.458,,1,0.0500,0,-1.8696,1,0.0103,0,-1.8696,0.285,0.300
30.731,pose,A_leg2,4.649,-0.588,27.963,27.504,0.458,,1,0.0500,0,-1.5847,1,0.0010,0,-1.5847,0.293,0.300
31.760,pose,A_leg2,4.754,-0.504,27.963,27.504,0.458,FENCE: blocked entry to danger zone,1,0.0500,0,-1.4497,1,0.3000,0,-1.4497,0.000,0.300
32.771,pose,A_leg2,4.754,-0.504,27.963,27.504,0.458,FENCE: blocked entry to danger zone,1,0.0500,0,-1.4497,1,0.3000,0,-1.4497,0.000,0.300
33.789,pose,A_leg2,4.754,-0.504,27.963,27.504,0.458,FENCE: blocked entry to danger zone,1,0.0500,0,-1.4497,1,0.3000,0,-1.4497,0.000,0.300
34.823,pose,A_leg2,4.754,-0.504,27.963,27.504,0.458,FENCE: blocked entry to danger zone,1,0.0500,0,-1.4497,1,0.3000,0,-1.4497,0.000,0.300
35.847,pose,A_leg2,4.754,-0.504,27.963,27.504,0.458,FENCE: blocked entry to danger zone,1,0.0500,0,-1.4497,1,0.3000,0,-1.4497,0.000,0.300
36.875,pose,A_leg2,4.754,-0.504,27.963,27.504,0.458,FENCE: blocked entry to danger zone,1,0.0500,0,-1.4497,1,0.3000,0,-1.4497,0.000,0.300
37.900,pose,A_leg2,4.754,-0.504,27.963,27.504,0.458,FENCE: blocked entry to danger zone,1,0.0500,0,-1.4497,1,0.3000,0,-1.4497,0.000,0.300
38.926,pose,A_leg2,4.754,-0.504,27.963,27.504,0.458,FENCE: blocked entry to danger zone,1,0.0500,0,-1.4497,1,0.3000,0,-1.4497,0.000,0.300
39.942,pose,A_leg2,4.754,-0.504,27.963,27.504,0.458,FENCE: blocked entry to danger zone,1,0.0500,0,-1.4497,1,0.3000,0,-1.4497,0.000,0.300
40.965,pose,A_leg2,4.754,-0.504,27.963,27.504,0.458,FENCE: blocked entry to danger zone,1,0.0500,0,-1.4497,1,0.3000,0,-1.4497,0.000,0.300
41.985,pose,A_leg2,4.754,-0.504,27.963,27.504,0.458,FENCE: blocked entry to danger zone,1,0.0500,0,-1.4497,1,0.3000,0,-1.4497,0.000,0.300
43.011,pose,A_leg2,4.754,-0.504,27.963,27.504,0.458,FENCE: blocked entry to danger zone,1,0.0500,0,-1.4497,1,0.3000,0,-1.4497,0.000,0.300
44.032,overrun,A_leg2,4.754,-0.504,27.963,27.504,0.458,OVERRUN by 0.09s,1,0.0500,0,-1.4497,1,0.3000,0,-1.4497,0.000,0.300
45.056,overrun,A_leg2,4.754,-0.504,27.963,27.504,0.458,OVERRUN by 1.12s,1,0.0500,0,-1.4497,1,0.3000,0,-1.4497,0.000,0.300
46.068,overrun,A_leg2,4.754,-0.504,27.963,27.504,0.458,OVERRUN by 2.13s,1,0.0500,0,-1.4497,1,0.3000,0,-1.4497,0.000,0.300
47.099,overrun,A_leg2,4.754,-0.504,27.963,27.504,0.458,OVERRUN by 3.16s,1,0.0500,0,-1.4497,1,0.3000,0,-1.4497,0.000,0.300
48.118,overrun,A_leg2,4.754,-0.504,27.963,27.504,0.458,OVERRUN by 4.18s,1,0.0500,0,-1.4497,1,0.3000,0,-1.4497,0.000,0.300
49.143,overrun,A_leg2,4.754,-0.504,27.963,27.504,0.458,OVERRUN by 5.21s,1,0.0500,0,-1.4497,1,0.3000,0,-1.4497,0.000,0.300
50.168,overrun,A_leg2,4.754,-0.504,27.963,27.504,0.458,OVERRUN by 6.23s,1,0.0500,0,-1.4497,1,0.3000,0,-1.4497,0.000,0.300
51.174,overrun,A_leg2,4.754,-0.504,27.963,27.504,0.458,OVERRUN by 7.24s,1,0.0500,0,-1.4497,1,0.3000,0,-1.4497,0.000,0.300
52.184,overrun,A_leg2,4.754,-0.504,27.963,27.504,0.458,OVERRUN by 8.25s,1,0.0500,0,-1.4497,1,0.3000,0,-1.4497,0.000,0.300
53.207,overrun,A_leg2,4.754,-0.504,27.963,27.504,0.458,OVERRUN by 9.27s,1,0.0500,0,-1.4497,1,0.3000,0,-1.4497,0.000,0.300
54.224,overrun,A_leg2,4.754,-0.504,27.963,27.504,0.458,OVERRUN by 10.29s,1,0.0500,0,-1.4497,1,0.3000,0,-1.4497,0.000,0.300
55.237,overrun,A_leg2,4.754,-0.504,27.963,27.504,0.458,OVERRUN by 11.30s,1,0.0500,0,-1.4497,1,0.3000,0,-1.4497,0.000,0.300
56.261,overrun,A_leg2,4.754,-0.504,27.963,27.504,0.458,OVERRUN by 12.32s,1,0.0500,0,-1.4497,1,0.3000,0,-1.4497,0.000,0.300
57.276,overrun,A_leg2,4.754,-0.504,27.963,27.504,0.458,OVERRUN by 13.34s,1,0.0500,0,-1.4497,1,0.3000,0,-1.4497,0.000,0.300
58.298,overrun,A_leg2,4.754,-0.504,27.963,27.504,0.458,OVERRUN by 14.36s,1,0.0500,0,-1.4497,1,0.3000,0,-1.4497,0.000,0.300
59.322,overrun,A_leg2,4.754,-0.504,27.963,27.504,0.458,OVERRUN by 15.38s,1,0.0500,0,-1.4497,1,0.3000,0,-1.4497,0.000,0.300
60.336,overrun,A_leg2,4.754,-0.504,27.963,27.504,0.458,OVERRUN by 16.40s,1,0.0500,0,-1.4497,1,0.3000,0,-1.4497,0.000,0.300
61.350,overrun,A_leg2,4.754,-0.504,27.963,27.504,0.458,OVERRUN by 17.41s,1,0.0500,0,-1.4497,1,0.3000,0,-1.4497,0.000,0.300
62.376,overrun,A_leg2,4.754,-0.504,27.963,27.504,0.458,OVERRUN by 18.44s,1,0.0500,0,-1.4497,1,0.3000,0,-1.4497,0.000,0.300
63.398,overrun,A_leg2,4.754,-0.504,27.963,27.504,0.458,OVERRUN by 19.46s,1,0.0500,0,-1.4497,1,0.3000,0,-1.4497,0.000,0.300
64.408,overrun,A_leg2,4.754,-0.504,27.963,27.504,0.458,OVERRUN by 20.47s,1,0.0500,0,-1.4497,1,0.3000,0,-1.4497,0.000,0.300
65.425,overrun,A_leg2,4.754,-0.504,27.963,27.504,0.458,OVERRUN by 21.49s,1,0.0500,0,-1.4497,1,0.3000,0,-1.4497,0.000,0.300
66.444,overrun,A_leg2,4.754,-0.504,27.963,27.504,0.458,OVERRUN by 22.51s,1,0.0500,0,-1.4497,1,0.3000,0,-1.4497,0.000,0.300
67.467,overrun,A_leg2,4.754,-0.504,27.963,27.504,0.458,OVERRUN by 23.53s,1,0.0500,0,-1.4497,1,0.3000,0,-1.4497,0.000,0.300
68.489,overrun,A_leg2,4.754,-0.504,27.963,27.504,0.458,OVERRUN by 24.55s,1,0.0500,0,-1.4497,1,0.3000,0,-1.4497,0.000,0.300
69.513,overrun,A_leg2,4.754,-0.504,27.963,27.504,0.458,OVERRUN by 25.58s,1,0.0500,0,-1.4497,1,0.3000,0,-1.4497,0.000,0.300
70.530,overrun,A_leg2,4.754,-0.504,27.963,27.504,0.458,OVERRUN by 26.59s,1,0.0500,0,-1.4497,1,0.3000,0,-1.4497,0.000,0.300
71.561,overrun,A_leg2,4.754,-0.504,27.963,27.504,0.458,OVERRUN by 27.62s,1,0.0500,0,-1.4497,1,0.3000,0,-1.4497,0.000,0.300
72.592,overrun,A_leg2,4.754,-0.504,27.963,27.504,0.458,OVERRUN by 28.65s,1,0.0500,0,-1.4497,1,0.3000,0,-1.4497,0.000,0.300
73.612,overrun,A_leg2,4.754,-0.504,27.963,27.504,0.458,OVERRUN by 29.67s,1,0.0500,0,-1.4497,1,0.3000,0,-1.4497,0.000,0.300
74.628,overrun,A_leg2,4.754,-0.504,27.963,27.504,0.458,OVERRUN by 30.69s,1,0.0500,0,-1.4497,1,0.3000,0,-1.4497,0.000,0.300
75.643,overrun,A_leg2,4.754,-0.504,27.963,27.504,0.458,OVERRUN by 31.71s,1,0.0500,0,-1.4497,1,0.3000,0,-1.4497,0.000,0.300
76.661,overrun,A_leg2,4.754,-0.504,27.963,27.504,0.458,OVERRUN by 32.72s,1,0.0500,0,-1.4497,1,0.3000,0,-1.4497,0.000,0.300
77.684,overrun,A_leg2,4.754,-0.504,27.963,27.504,0.458,OVERRUN by 33.75s,1,0.0500,0,-1.4497,1,0.3000,0,-1.4497,0.000,0.300
78.702,overrun,A_leg2,4.754,-0.504,27.963,27.504,0.458,OVERRUN by 34.76s,1,0.0500,0,-1.4497,1,0.3000,0,-1.4497,0.000,0.300
79.706,overrun,A_leg2,4.754,-0.504,27.963,27.504,0.458,OVERRUN by 35.77s,1,0.0500,0,-1.4497,1,0.3000,0,-1.4497,0.000,0.300
80.726,overrun,A_leg2,4.754,-0.504,27.963,27.504,0.458,OVERRUN by 36.79s,1,0.0500,0,-1.4497,1,0.3000,0,-1.4497,0.000,0.300
81.742,overrun,A_leg2,4.754,-0.504,27.963,27.504,0.458,OVERRUN by 37.80s,1,0.0500,0,-1.4497,1,0.3000,0,-1.4497,0.000,0.300
82.763,overrun,A_leg2,4.754,-0.504,27.963,27.504,0.458,OVERRUN by 38.83s,1,0.0500,0,-1.4497,1,0.3000,0,-1.4497,0.000,0.300
83.770,overrun,A_leg2,4.754,-0.504,27.963,27.504,0.458,OVERRUN by 39.83s,1,0.0500,0,-1.4497,1,0.3000,0,-1.4497,0.000,0.300
84.794,overrun,A_leg2,4.754,-0.504,27.963,27.504,0.458,OVERRUN by 40.86s,1,0.0500,0,-1.4497,1,0.3000,0,-1.4497,0.000,0.300
85.817,overrun,A_leg2,4.754,-0.504,27.963,27.504,0.458,OVERRUN by 41.88s,1,0.0500,0,-1.4497,1,0.3000,0,-1.4497,0.000,0.300
86.833,overrun,A_leg2,4.754,-0.504,27.963,27.504,0.458,OVERRUN by 42.90s,1,0.0500,0,-1.4497,1,0.3000,0,-1.4497,0.000,0.300
87.852,overrun,A_leg2,4.754,-0.504,27.963,27.504,0.458,OVERRUN by 43.91s,1,0.0500,0,-1.4497,1,0.3000,0,-1.4497,0.000,0.300
88.868,overrun,A_leg2,4.754,-0.504,27.963,27.504,0.458,OVERRUN by 44.93s,1,0.0500,0,-1.4497,1,0.3000,0,-1.4497,0.000,0.300
89.892,overrun,A_leg2,4.754,-0.504,27.963,27.504,0.458,OVERRUN by 45.95s,1,0.0500,0,-1.4497,1,0.3000,0,-1.4497,0.000,0.300
90.912,overrun,A_leg2,4.754,-0.504,27.963,27.504,0.458,OVERRUN by 46.97s,1,0.0500,0,-1.4497,1,0.3000,0,-1.4497,0.000,0.300
91.923,overrun,A_leg2,4.754,-0.504,27.963,27.504,0.458,OVERRUN by 47.99s,1,0.0500,0,-1.4497,1,0.3000,0,-1.4497,0.000,0.300
92.943,overrun,A_leg2,4.754,-0.504,27.963,27.504,0.458,OVERRUN by 49.01s,1,0.0500,0,-1.4497,1,0.3000,0,-1.4497,0.000,0.300
93.964,overrun,A_leg2,4.754,-0.504,27.963,27.504,0.458,OVERRUN by 50.03s,1,0.0500,0,-1.4497,1,0.3000,0,-1.4497,0.000,0.300
94.989,overrun,A_leg2,4.754,-0.504,27.963,27.504,0.458,OVERRUN by 51.05s,1,0.0500,0,-1.4497,1,0.3000,0,-1.4497,0.000,0.300
96.009,overrun,A_leg2,4.754,-0.504,27.963,27.504,0.458,OVERRUN by 52.07s,1,0.0500,0,-1.4497,1,0.3000,0,-1.4497,0.000,0.300
97.015,overrun,A_leg2,4.754,-0.504,27.963,27.504,0.458,OVERRUN by 53.08s,1,0.0500,0,-1.4497,1,0.3000,0,-1.4497,0.000,0.300
98.030,overrun,A_leg2,4.754,-0.504,27.963,27.504,0.458,OVERRUN by 54.09s,1,0.0500,0,-1.4497,1,0.3000,0,-1.4497,0.000,0.300
99.056,overrun,A_leg2,4.754,-0.504,27.963,27.504,0.458,OVERRUN by 55.12s,1,0.0500,0,-1.4497,1,0.3000,0,-1.4497,0.000,0.300
100.073,overrun,A_leg2,4.754,-0.504,27.963,27.504,0.458,OVERRUN by 56.14s,1,0.0500,0,-1.4497,1,0.3000,0,-1.4497,0.000,0.300
101.088,overrun,A_leg2,4.754,-0.504,27.963,27.504,0.458,OVERRUN by 57.15s,1,0.0500,0,-1.4497,1,0.3000,0,-1.4497,0.000,0.300
102.116,overrun,A_leg2,4.754,-0.504,27.963,27.504,0.458,OVERRUN by 58.18s,1,0.0500,0,-1.4497,1,0.3000,0,-1.4497,0.000,0.300
103.126,overrun,A_leg2,4.754,-0.504,27.963,27.504,0.458,OVERRUN by 59.19s,1,0.0500,0,-1.4497,1,0.3000,0,-1.4497,0.000,0.300
104.131,overrun,A_leg2,4.754,-0.504,27.963,27.504,0.458,OVERRUN by 60.19s,1,0.0500,0,-1.4497,1,0.3000,0,-1.4497,0.000,0.300
105.155,overrun,A_leg2,4.754,-0.504,27.963,27.504,0.458,OVERRUN by 61.22s,1,0.0500,0,-1.4497,1,0.3000,0,-1.4497,0.000,0.300
106.175,overrun,A_leg2,4.754,-0.504,27.963,27.504,0.458,OVERRUN by 62.24s,1,0.0500,0,-1.4497,1,0.3000,0,-1.4497,0.000,0.300
107.201,overrun,A_leg2,4.754,-0.504,27.963,27.504,0.458,OVERRUN by 63.26s,1,0.0500,0,-1.4497,1,0.3000,0,-1.4497,0.000,0.300
108.212,overrun,A_leg2,4.754,-0.504,27.963,27.504,0.458,OVERRUN by 64.27s,1,0.0500,0,-1.4497,1,0.3000,0,-1.4497,0.000,0.300
109.225,overrun,A_leg2,4.754,-0.504,27.963,27.504,0.458,OVERRUN by 65.29s,1,0.0500,0,-1.4497,1,0.3000,0,-1.4497,0.000,0.300
110.254,overrun,A_leg2,4.754,-0.504,27.963,27.504,0.458,OVERRUN by 66.32s,1,0.0500,0,-1.4497,1,0.3000,0,-1.4497,0.000,0.300
111.267,overrun,A_leg2,4.754,-0.504,27.963,27.504,0.458,OVERRUN by 67.33s,1,0.0500,0,-1.4497,1,0.3000,0,-1.4497,0.000,0.300
112.293,overrun,A_leg2,4.754,-0.504,27.963,27.504,0.458,OVERRUN by 68.36s,1,0.0500,0,-1.4497,1,0.3000,0,-1.4497,0.000,0.300
113.310,overrun,A_leg2,4.754,-0.504,27.963,27.504,0.458,OVERRUN by 69.37s,1,0.0500,0,-1.4497,1,0.3000,0,-1.4497,0.000,0.300
114.317,overrun,A_leg2,4.754,-0.504,27.963,27.504,0.458,OVERRUN by 70.38s,1,0.0500,0,-1.4497,1,0.3000,0,-1.4497,0.000,0.300
115.336,overrun,A_leg2,4.754,-0.504,27.963,27.504,0.458,OVERRUN by 71.40s,1,0.0500,0,-1.4497,1,0.3000,0,-1.4497,0.000,0.300
116.354,overrun,A_leg2,4.754,-0.504,27.963,27.504,0.458,OVERRUN by 72.42s,1,0.0500,0,-1.4497,1,0.3000,0,-1.4497,0.000,0.300
117.383,overrun,A_leg2,4.754,-0.504,27.963,27.504,0.458,OVERRUN by 73.45s,1,0.0500,0,-1.4497,1,0.3000,0,-1.4497,0.000,0.300
118.404,overrun,A_leg2,4.754,-0.504,27.963,27.504,0.458,OVERRUN by 74.47s,1,0.0500,0,-1.4497,1,0.3000,0,-1.4497,0.000,0.300
119.428,overrun,A_leg2,4.754,-0.504,27.963,27.504,0.458,OVERRUN by 75.49s,1,0.0500,0,-1.4497,1,0.3000,0,-1.4497,0.000,0.300
120.447,overrun,A_leg2,4.754,-0.504,27.963,27.504,0.458,OVERRUN by 76.51s,1,0.0500,0,-1.4497,1,0.3000,0,-1.4497,0.000,0.300
121.480,overrun,A_leg2,4.754,-0.504,27.963,27.504,0.458,OVERRUN by 77.54s,1,0.0500,0,-1.4497,1,0.3000,0,-1.4497,0.000,0.300
122.509,overrun,A_leg2,4.754,-0.504,27.963,27.504,0.458,OVERRUN by 78.57s,1,0.0500,0,-1.4497,1,0.3000,0,-1.4497,0.000,0.300
123.530,overrun,A_leg2,4.754,-0.504,27.963,27.504,0.458,OVERRUN by 79.59s,1,0.0500,0,-1.4497,1,0.3000,0,-1.4497,0.000,0.300
124.547,overrun,A_leg2,4.754,-0.504,27.963,27.504,0.458,OVERRUN by 80.61s,1,0.0500,0,-1.4497,1,0.3000,0,-1.4497,0.000,0.300
125.557,overrun,A_leg2,4.754,-0.504,27.963,27.504,0.458,OVERRUN by 81.62s,1,0.0500,0,-1.4497,1,0.3000,0,-1.4497,0.000,0.300
126.574,overrun,A_leg2,4.754,-0.504,27.963,27.504,0.458,OVERRUN by 82.64s,1,0.0500,0,-1.4497,1,0.3000,0,-1.4497,0.000,0.300
127.594,overrun,A_leg2,4.754,-0.504,27.963,27.504,0.458,OVERRUN by 83.66s,1,0.0500,0,-1.4497,1,0.3000,0,-1.4497,0.000,0.300
128.622,overrun,A_leg2,4.754,-0.504,27.963,27.504,0.458,OVERRUN by 84.68s,1,0.0500,0,-1.4497,1,0.3000,0,-1.4497,0.000,0.300
129.638,overrun,A_leg2,4.754,-0.504,27.963,27.504,0.458,OVERRUN by 85.70s,1,0.0500,0,-1.4497,1,0.3000,0,-1.4497,0.000,0.300
130.669,overrun,A_leg2,4.754,-0.504,27.963,27.504,0.458,OVERRUN by 86.73s,1,0.0500,0,-1.4497,1,0.3000,0,-1.4497,0.000,0.300
131.691,overrun,A_leg2,4.754,-0.504,27.963,27.504,0.458,OVERRUN by 87.75s,1,0.0500,0,-1.4497,1,0.3000,0,-1.4497,0.000,0.300
132.721,overrun,A_leg2,4.754,-0.504,27.963,27.504,0.458,OVERRUN by 88.78s,1,0.0500,0,-1.4497,1,0.3000,0,-1.4497,0.000,0.300
133.737,overrun,A_leg2,4.754,-0.504,27.963,27.504,0.458,OVERRUN by 89.80s,1,0.0500,0,-1.4497,1,0.3000,0,-1.4497,0.000,0.300
134.754,overrun,A_leg2,4.754,-0.504,27.963,27.504,0.458,OVERRUN by 90.82s,1,0.0500,0,-1.4497,1,0.3000,0,-1.4497,0.000,0.300
135.774,overrun,A_leg2,4.754,-0.504,27.963,27.504,0.458,OVERRUN by 91.84s,1,0.0500,0,-1.4497,1,0.3000,0,-1.4497,0.000,0.300
136.791,overrun,A_leg2,4.754,-0.504,27.963,27.504,0.458,OVERRUN by 92.85s,1,0.0500,0,-1.4497,1,0.3000,0,-1.4497,0.000,0.300
137.812,overrun,A_leg2,4.754,-0.504,27.963,27.504,0.458,OVERRUN by 93.87s,1,0.0500,0,-1.4497,1,0.3000,0,-1.4497,0.000,0.300
138.837,overrun,A_leg2,4.754,-0.504,27.963,27.504,0.458,OVERRUN by 94.90s,1,0.0500,0,-1.4497,1,0.3000,0,-1.4497,0.000,0.300
139.866,overrun,A_leg2,4.754,-0.504,27.963,27.504,0.458,OVERRUN by 95.93s,1,0.0500,0,-1.4497,1,0.3000,0,-1.4497,0.000,0.300
140.889,overrun,A_leg2,4.754,-0.504,27.963,27.504,0.458,OVERRUN by 96.95s,1,0.0500,0,-1.4497,1,0.3000,0,-1.4497,0.000,0.300
141.903,overrun,A_leg2,4.754,-0.504,27.963,27.504,0.458,OVERRUN by 97.97s,1,0.0500,0,-1.4497,1,0.3000,0,-1.4497,0.000,0.300
142.926,overrun,A_leg2,4.754,-0.504,27.963,27.504,0.458,OVERRUN by 98.99s,1,0.0500,0,-1.4497,1,0.3000,0,-1.4497,0.000,0.300
143.935,overrun,A_leg2,4.754,-0.504,27.963,27.504,0.458,OVERRUN by 100.00s,1,0.0500,0,-1.4497,1,0.3000,0,-1.4497,0.000,0.300
144.952,overrun,A_leg2,4.754,-0.504,27.963,27.504,0.458,OVERRUN by 101.01s,1,0.0500,0,-1.4497,1,0.3000,0,-1.4497,0.000,0.300
145.990,overrun,A_leg2,4.754,-0.504,27.963,27.504,0.458,OVERRUN by 102.05s,1,0.0500,0,-1.4497,1,0.3000,0,-1.4497,0.000,0.300
147.021,overrun,A_leg2,4.754,-0.504,27.963,27.504,0.458,OVERRUN by 103.08s,1,0.0500,0,-1.4497,1,0.3000,0,-1.4497,0.000,0.300
148.035,overrun,A_leg2,4.754,-0.504,27.963,27.504,0.458,OVERRUN by 104.10s,1,0.0500,0,-1.4497,1,0.3000,0,-1.4497,0.000,0.300
149.068,overrun,A_leg2,4.754,-0.504,27.963,27.504,0.458,OVERRUN by 105.13s,1,0.0500,0,-1.4497,1,0.3000,0,-1.4497,0.000,0.300
150.100,overrun,A_leg2,4.754,-0.504,27.963,27.504,0.458,OVERRUN by 106.16s,1,0.0500,0,-1.4497,1,0.3000,0,-1.4497,0.000,0.300
151.131,overrun,A_leg2,4.754,-0.504,27.963,27.504,0.458,OVERRUN by 107.19s,1,0.0500,0,-1.4497,1,0.3000,0,-1.4497,0.000,0.300
152.145,overrun,A_leg2,4.754,-0.504,27.963,27.504,0.458,OVERRUN by 108.21s,1,0.0500,0,-1.4497,1,0.3000,0,-1.4497,0.000,0.300
153.174,overrun,A_leg2,4.754,-0.504,27.963,27.504,0.458,OVERRUN by 109.24s,1,0.0500,0,-1.4497,1,0.3000,0,-1.4497,0.000,0.300
154.194,overrun,A_leg2,4.754,-0.504,27.963,27.504,0.458,OVERRUN by 110.26s,1,0.0500,0,-1.4497,1,0.3000,0,-1.4497,0.000,0.300
155.211,overrun,A_leg2,4.754,-0.504,27.963,27.504,0.458,OVERRUN by 111.27s,1,0.0500,0,-1.4497,1,0.3000,0,-1.4497,0.000,0.300
156.238,overrun,A_leg2,4.754,-0.504,27.963,27.504,0.458,OVERRUN by 112.30s,1,0.0500,0,-1.4497,1,0.3000,0,-1.4497,0.000,0.300
157.261,overrun,A_leg2,4.754,-0.504,27.963,27.504,0.458,OVERRUN by 113.32s,1,0.0500,0,-1.4497,1,0.3000,0,-1.4497,0.000,0.300
158.280,overrun,A_leg2,4.754,-0.504,27.963,27.504,0.458,OVERRUN by 114.34s,1,0.0500,0,-1.4497,1,0.3000,0,-1.4497,0.000,0.300
159.304,overrun,A_leg2,4.754,-0.504,27.963,27.504,0.458,OVERRUN by 115.37s,1,0.0500,0,-1.4497,1,0.3000,0,-1.4497,0.000,0.300
160.319,overrun,A_leg2,4.754,-0.504,27.963,27.504,0.458,OVERRUN by 116.38s,1,0.0500,0,-1.4497,1,0.3000,0,-1.4497,0.000,0.300
161.349,overrun,A_leg2,4.754,-0.504,27.963,27.504,0.458,OVERRUN by 117.41s,1,0.0500,0,-1.4497,1,0.3000,0,-1.4497,0.000,0.300
162.377,overrun,A_leg2,4.754,-0.504,27.963,27.504,0.458,OVERRUN by 118.44s,1,0.0500,0,-1.4497,1,0.3000,0,-1.4497,0.000,0.300
163.391,overrun,A_leg2,4.754,-0.504,27.963,27.504,0.458,OVERRUN by 119.45s,1,0.0500,0,-1.4497,1,0.3000,0,-1.4497,0.000,0.300
164.408,overrun,A_leg2,4.754,-0.504,27.963,27.504,0.458,OVERRUN by 120.47s,1,0.0500,0,-1.4497,1,0.3000,0,-1.4497,0.000,0.300
165.431,overrun,A_leg2,4.754,-0.504,27.963,27.504,0.458,OVERRUN by 121.49s,1,0.0500,0,-1.4497,1,0.3000,0,-1.4497,0.000,0.300
166.459,overrun,A_leg2,4.754,-0.504,27.963,27.504,0.458,OVERRUN by 122.52s,1,0.0500,0,-1.4497,1,0.3000,0,-1.4497,0.000,0.300
167.487,overrun,A_leg2,4.754,-0.504,27.963,27.504,0.458,OVERRUN by 123.55s,1,0.0500,0,-1.4497,1,0.3000,0,-1.4497,0.000,0.300
168.505,overrun,A_leg2,4.754,-0.504,27.963,27.504,0.458,OVERRUN by 124.57s,1,0.0500,0,-1.4497,1,0.3000,0,-1.4497,0.000,0.300
169.525,overrun,A_leg2,4.754,-0.504,27.963,27.504,0.458,OVERRUN by 125.59s,1,0.0500,0,-1.4497,1,0.3000,0,-1.4497,0.000,0.300
170.544,overrun,A_leg2,4.754,-0.504,27.963,27.504,0.458,OVERRUN by 126.61s,1,0.0500,0,-1.4497,1,0.3000,0,-1.4497,0.000,0.300
171.559,overrun,A_leg2,4.754,-0.504,27.963,27.504,0.458,OVERRUN by 127.62s,1,0.0500,0,-1.4497,1,0.3000,0,-1.4497,0.000,0.300
172.569,overrun,A_leg2,4.754,-0.504,27.963,27.504,0.458,OVERRUN by 128.63s,1,0.0500,0,-1.4497,1,0.3000,0,-1.4497,0.000,0.300
173.584,overrun,A_leg2,4.754,-0.504,27.963,27.504,0.458,OVERRUN by 129.65s,1,0.0500,0,-1.4497,1,0.3000,0,-1.4497,0.000,0.300
174.597,overrun,A_leg2,4.754,-0.504,27.963,27.504,0.458,OVERRUN by 130.66s,1,0.0500,0,-1.4497,1,0.3000,0,-1.4497,0.000,0.300
175.628,overrun,A_leg2,4.754,-0.504,27.963,27.504,0.458,OVERRUN by 131.69s,1,0.0500,0,-1.4497,1,0.3000,0,-1.4497,0.000,0.300
176.652,overrun,A_leg2,4.754,-0.504,27.963,27.504,0.458,OVERRUN by 132.71s,1,0.0500,0,-1.4497,1,0.3000,0,-1.4497,0.000,0.300
177.675,overrun,A_leg2,4.754,-0.504,27.963,27.504,0.458,OVERRUN by 133.74s,1,0.0500,0,-1.4497,1,0.3000,0,-1.4497,0.000,0.300
178.701,overrun,A_leg2,4.754,-0.504,27.963,27.504,0.458,OVERRUN by 134.76s,1,0.0500,0,-1.4497,1,0.3000,0,-1.4497,0.000,0.300
179.715,overrun,A_leg2,4.754,-0.504,27.963,27.504,0.458,OVERRUN by 135.78s,1,0.0500,0,-1.4497,1,0.3000,0,-1.4497,0.000,0.300
180.739,overrun,A_leg2,4.754,-0.504,27.963,27.504,0.458,OVERRUN by 136.80s,1,0.0500,0,-1.4497,1,0.3000,0,-1.4497,0.000,0.300
181.758,overrun,A_leg2,4.754,-0.504,27.963,27.504,0.458,OVERRUN by 137.82s,1,0.0500,0,-1.4497,1,0.3000,0,-1.4497,0.000,0.300
182.769,overrun,A_leg2,4.754,-0.504,27.963,27.504,0.458,OVERRUN by 138.83s,1,0.0500,0,-1.4497,1,0.3000,0,-1.4497,0.000,0.300
183.776,overrun,A_leg2,4.754,-0.504,27.963,27.504,0.458,OVERRUN by 139.84s,1,0.0500,0,-1.4497,1,0.3000,0,-1.4497,0.000,0.300
184.792,overrun,A_leg2,4.754,-0.504,27.963,27.504,0.458,OVERRUN by 140.85s,1,0.0500,0,-1.4497,1,0.3000,0,-1.4497,0.000,0.300
185.817,overrun,A_leg2,4.754,-0.504,27.963,27.504,0.458,OVERRUN by 141.88s,1,0.0500,0,-1.4497,1,0.3000,0,-1.4497,0.000,0.300
186.837,overrun,A_leg2,4.754,-0.504,27.963,27.504,0.458,OVERRUN by 142.90s,1,0.0500,0,-1.4497,1,0.3000,0,-1.4497,0.000,0.300
187.855,overrun,A_leg2,4.754,-0.504,27.963,27.504,0.458,OVERRUN by 143.92s,1,0.0500,0,-1.4497,1,0.3000,0,-1.4497,0.000,0.300
188.885,overrun,A_leg2,4.754,-0.504,27.963,27.504,0.458,OVERRUN by 144.95s,1,0.0500,0,-1.4497,1,0.3000,0,-1.4497,0.000,0.300
189.901,overrun,A_leg2,4.754,-0.504,27.963,27.504,0.458,OVERRUN by 145.96s,1,0.0500,0,-1.4497,1,0.3000,0,-1.4497,0.000,0.300
190.924,overrun,A_leg2,4.754,-0.504,27.963,27.504,0.458,OVERRUN by 146.99s,1,0.0500,0,-1.4497,1,0.3000,0,-1.4497,0.000,0.300
191.937,overrun,A_leg2,4.754,-0.504,27.963,27.504,0.458,OVERRUN by 148.00s,1,0.0500,0,-1.4497,1,0.3000,0,-1.4497,0.000,0.300
192.960,overrun,A_leg2,4.754,-0.504,27.963,27.504,0.458,OVERRUN by 149.02s,1,0.0500,0,-1.4497,1,0.3000,0,-1.4497,0.000,0.300
193.991,overrun,A_leg2,4.754,-0.504,27.963,27.504,0.458,OVERRUN by 150.05s,1,0.0500,0,-1.4497,1,0.3000,0,-1.4497,0.000,0.300
195.020,overrun,A_leg2,4.754,-0.504,27.963,27.504,0.458,OVERRUN by 151.08s,1,0.0500,0,-1.4497,1,0.3000,0,-1.4497,0.000,0.300
196.038,overrun,A_leg2,4.754,-0.504,27.963,27.504,0.458,OVERRUN by 152.10s,1,0.0500,0,-1.4497,1,0.3000,0,-1.4497,0.000,0.300
197.065,overrun,A_leg2,4.754,-0.504,27.963,27.504,0.458,OVERRUN by 153.13s,1,0.0500,0,-1.4497,1,0.3000,0,-1.4497,0.000,0.300
198.082,overrun,A_leg2,4.754,-0.504,27.963,27.504,0.458,OVERRUN by 154.14s,1,0.0500,0,-1.4497,1,0.3000,0,-1.4497,0.000,0.300
199.117,overrun,A_leg2,4.754,-0.504,27.963,27.504,0.458,OVERRUN by 155.18s,1,0.0500,0,-1.4497,1,0.3000,0,-1.4497,0.000,0.300
200.140,overrun,A_leg2,4.754,-0.504,27.963,27.504,0.458,OVERRUN by 156.20s,1,0.0500,0,-1.4497,1,0.3000,0,-1.4497,0.000,0.300
201.167,overrun,A_leg2,4.754,-0.504,27.963,27.504,0.458,OVERRUN by 157.23s,1,0.0500,0,-1.4497,1,0.3000,0,-1.4497,0.000,0.300
202.190,overrun,A_leg2,4.754,-0.504,27.963,27.504,0.458,OVERRUN by 158.25s,1,0.0500,0,-1.4497,1,0.3000,0,-1.4497,0.000,0.300
203.211,overrun,A_leg2,4.754,-0.504,27.963,27.504,0.458,OVERRUN by 159.27s,1,0.0500,0,-1.4497,1,0.3000,0,-1.4497,0.000,0.300
204.242,overrun,A_leg2,4.754,-0.504,27.963,27.504,0.458,OVERRUN by 160.30s,1,0.0500,0,-1.4497,1,0.3000,0,-1.4497,0.000,0.300
205.254,overrun,A_leg2,4.754,-0.504,27.963,27.504,0.458,OVERRUN by 161.32s,1,0.0500,0,-1.4497,1,0.3000,0,-1.4497,0.000,0.300
206.289,overrun,A_leg2,4.754,-0.504,27.963,27.504,0.458,OVERRUN by 162.35s,1,0.0500,0,-1.4497,1,0.3000,0,-1.4497,0.000,0.300
207.312,overrun,A_leg2,4.754,-0.504,27.963,27.504,0.458,OVERRUN by 163.37s,1,0.0500,0,-1.4497,1,0.3000,0,-1.4497,0.000,0.300
208.340,overrun,A_leg2,4.754,-0.504,27.963,27.504,0.458,OVERRUN by 164.40s,1,0.0500,0,-1.4497,1,0.3000,0,-1.4497,0.000,0.300
209.355,overrun,A_leg2,4.754,-0.504,27.963,27.504,0.458,OVERRUN by 165.42s,1,0.0500,0,-1.4497,1,0.3000,0,-1.4497,0.000,0.300
210.370,overrun,A_leg2,4.754,-0.504,27.963,27.504,0.458,OVERRUN by 166.43s,1,0.0500,0,-1.4497,1,0.3000,0,-1.4497,0.000,0.300
211.393,overrun,A_leg2,4.754,-0.504,27.963,27.504,0.458,OVERRUN by 167.45s,1,0.0500,0,-1.4497,1,0.3000,0,-1.4497,0.000,0.300
212.408,overrun,A_leg2,4.754,-0.504,27.963,27.504,0.458,OVERRUN by 168.47s,1,0.0500,0,-1.4497,1,0.3000,0,-1.4497,0.000,0.300
213.424,overrun,A_leg2,4.754,-0.504,27.963,27.504,0.458,OVERRUN by 169.49s,1,0.0500,0,-1.4497,1,0.3000,0,-1.4497,0.000,0.300
214.439,overrun,A_leg2,4.754,-0.504,27.963,27.504,0.458,OVERRUN by 170.50s,1,0.0500,0,-1.4497,1,0.3000,0,-1.4497,0.000,0.300
215.469,overrun,A_leg2,4.754,-0.504,27.963,27.504,0.458,OVERRUN by 171.53s,1,0.0500,0,-1.4497,1,0.3000,0,-1.4497,0.000,0.300
216.491,overrun,A_leg2,4.754,-0.504,27.963,27.504,0.458,OVERRUN by 172.55s,1,0.0500,0,-1.4497,1,0.3000,0,-1.4497,0.000,0.300
217.510,overrun,A_leg2,4.754,-0.504,27.963,27.504,0.458,OVERRUN by 173.57s,1,0.0500,0,-1.4497,1,0.3000,0,-1.4497,0.000,0.300
218.536,overrun,A_leg2,4.754,-0.504,27.963,27.504,0.458,OVERRUN by 174.60s,1,0.0500,0,-1.4497,1,0.3000,0,-1.4497,0.000,0.300
219.560,overrun,A_leg2,4.754,-0.504,27.963,27.504,0.458,OVERRUN by 175.62s,1,0.0500,0,-1.4497,1,0.3000,0,-1.4497,0.000,0.300
220.586,overrun,A_leg2,4.754,-0.504,27.963,27.504,0.458,OVERRUN by 176.65s,1,0.0500,0,-1.4497,1,0.3000,0,-1.4497,0.000,0.300
221.614,overrun,A_leg2,4.754,-0.504,27.963,27.504,0.458,OVERRUN by 177.68s,1,0.0500,0,-1.4497,1,0.3000,0,-1.4497,0.000,0.300
222.640,overrun,A_leg2,4.754,-0.504,27.963,27.504,0.458,OVERRUN by 178.70s,1,0.0500,0,-1.4497,1,0.3000,0,-1.4497,0.000,0.300
223.671,overrun,A_leg2,4.754,-0.504,27.963,27.504,0.458,OVERRUN by 179.73s,1,0.0500,0,-1.4497,1,0.3000,0,-1.4497,0.000,0.300
224.694,overrun,A_leg2,4.754,-0.504,27.963,27.504,0.458,OVERRUN by 180.76s,1,0.0500,0,-1.4497,1,0.3000,0,-1.4497,0.000,0.300
225.718,overrun,A_leg2,4.754,-0.504,27.963,27.504,0.458,OVERRUN by 181.78s,1,0.0500,0,-1.4497,1,0.3000,0,-1.4497,0.000,0.300
226.736,overrun,A_leg2,4.754,-0.504,27.963,27.504,0.458,OVERRUN by 182.80s,1,0.0500,0,-1.4497,1,0.3000,0,-1.4497,0.000,0.300
227.788,overrun,A_leg2,4.754,-0.504,27.963,27.504,0.458,OVERRUN by 183.85s,1,0.0500,0,-1.4497,1,0.3000,0,-1.4497,0.000,0.300
228.809,overrun,A_leg2,4.754,-0.504,27.963,27.504,0.458,OVERRUN by 184.87s,1,0.0500,0,-1.4497,1,0.3000,0,-1.4497,0.000,0.300
229.834,overrun,A_leg2,4.754,-0.504,27.963,27.504,0.458,OVERRUN by 185.90s,1,0.0500,0,-1.4497,1,0.3000,0,-1.4497,0.000,0.300
230.848,overrun,A_leg2,4.754,-0.504,27.963,27.504,0.458,OVERRUN by 186.91s,1,0.0500,0,-1.4497,1,0.3000,0,-1.4497,0.000,0.300
231.875,overrun,A_leg2,4.754,-0.504,27.963,27.504,0.458,OVERRUN by 187.94s,1,0.0500,0,-1.4497,1,0.3000,0,-1.4497,0.000,0.300
232.897,overrun,A_leg2,4.754,-0.504,27.963,27.504,0.458,OVERRUN by 188.96s,1,0.0500,0,-1.4497,1,0.3000,0,-1.4497,0.000,0.300
233.913,overrun,A_leg2,4.754,-0.504,27.963,27.504,0.458,OVERRUN by 189.98s,1,0.0500,0,-1.4497,1,0.3000,0,-1.4497,0.000,0.300
234.932,overrun,A_leg2,4.754,-0.504,27.963,27.504,0.458,OVERRUN by 190.99s,1,0.0500,0,-1.4497,1,0.3000,0,-1.4497,0.000,0.300
235.953,overrun,A_leg2,4.754,-0.504,27.963,27.504,0.458,OVERRUN by 192.02s,1,0.0500,0,-1.4497,1,0.3000,0,-1.4497,0.000,0.300
236.980,overrun,A_leg2,4.754,-0.504,27.963,27.504,0.458,OVERRUN by 193.04s,1,0.0500,0,-1.4497,1,0.3000,0,-1.4497,0.000,0.300
238.002,overrun,A_leg2,4.754,-0.504,27.963,27.504,0.458,OVERRUN by 194.06s,1,0.0500,0,-1.4497,1,0.3000,0,-1.4497,0.000,0.300
239.018,overrun,A_leg2,4.754,-0.504,27.963,27.504,0.458,OVERRUN by 195.08s,1,0.0500,0,-1.4497,1,0.3000,0,-1.4497,0.000,0.300
240.038,overrun,A_leg2,4.754,-0.504,27.963,27.504,0.458,OVERRUN by 196.10s,1,0.0500,0,-1.4497,1,0.3000,0,-1.4497,0.000,0.300
241.058,overrun,A_leg2,4.754,-0.504,27.963,27.504,0.458,OVERRUN by 197.12s,1,0.0500,0,-1.4497,1,0.3000,0,-1.4497,0.000,0.300
242.079,overrun,A_leg2,4.754,-0.504,27.963,27.504,0.458,OVERRUN by 198.14s,1,0.0500,0,-1.4497,1,0.3000,0,-1.4497,0.000,0.300
243.093,overrun,A_leg2,4.754,-0.504,27.963,27.504,0.458,OVERRUN by 199.16s,1,0.0500,0,-1.4497,1,0.3000,0,-1.4497,0.000,0.300
244.117,overrun,A_leg2,4.754,-0.504,27.963,27.504,0.458,OVERRUN by 200.18s,1,0.0500,0,-1.4497,1,0.3000,0,-1.4497,0.000,0.300
245.126,overrun,A_leg2,4.754,-0.504,27.963,27.504,0.458,OVERRUN by 201.19s,1,0.0500,0,-1.4497,1,0.3000,0,-1.4497,0.000,0.300
246.155,overrun,A_leg2,4.754,-0.504,27.963,27.504,0.458,OVERRUN by 202.22s,1,0.0500,0,-1.4497,1,0.3000,0,-1.4497,0.000,0.300
247.163,overrun,A_leg2,4.754,-0.504,27.963,27.504,0.458,OVERRUN by 203.23s,1,0.0500,0,-1.4497,1,0.3000,0,-1.4497,0.000,0.300
248.191,overrun,A_leg2,4.754,-0.504,27.963,27.504,0.458,OVERRUN by 204.25s,1,0.0500,0,-1.4497,1,0.3000,0,-1.4497,0.000,0.300
249.216,overrun,A_leg2,4.754,-0.504,27.963,27.504,0.458,OVERRUN by 205.28s,1,0.0500,0,-1.4497,1,0.3000,0,-1.4497,0.000,0.300
250.242,overrun,A_leg2,4.754,-0.504,27.963,27.504,0.458,OVERRUN by 206.30s,1,0.0500,0,-1.4497,1,0.3000,0,-1.4497,0.000,0.300
251.269,overrun,A_leg2,4.754,-0.504,27.963,27.504,0.458,OVERRUN by 207.33s,1,0.0500,0,-1.4497,1,0.3000,0,-1.4497,0.000,0.300
252.279,overrun,A_leg2,4.754,-0.504,27.963,27.504,0.458,OVERRUN by 208.34s,1,0.0500,0,-1.4497,1,0.3000,0,-1.4497,0.000,0.300
253.282,overrun,A_leg2,4.754,-0.504,27.963,27.504,0.458,OVERRUN by 209.34s,1,0.0500,0,-1.4497,1,0.3000,0,-1.4497,0.000,0.300
254.300,overrun,A_leg2,4.754,-0.504,27.963,27.504,0.458,OVERRUN by 210.36s,1,0.0500,0,-1.4497,1,0.3000,0,-1.4497,0.000,0.300
255.323,overrun,A_leg2,4.754,-0.504,27.963,27.504,0.458,OVERRUN by 211.39s,1,0.0500,0,-1.4497,1,0.3000,0,-1.4497,0.000,0.300
256.333,overrun,A_leg2,4.754,-0.504,27.963,27.504,0.458,OVERRUN by 212.40s,1,0.0500,0,-1.4497,1,0.3000,0,-1.4497,0.000,0.300
257.351,overrun,A_leg2,4.754,-0.504,27.963,27.504,0.458,OVERRUN by 213.41s,1,0.0500,0,-1.4497,1,0.3000,0,-1.4497,0.000,0.300
258.360,overrun,A_leg2,4.754,-0.504,27.963,27.504,0.458,OVERRUN by 214.42s,1,0.0500,0,-1.4497,1,0.3000,0,-1.4497,0.000,0.300
259.379,overrun,A_leg2,4.754,-0.504,27.963,27.504,0.458,OVERRUN by 215.44s,1,0.0500,0,-1.4497,1,0.3000,0,-1.4497,0.000,0.300
260.403,overrun,A_leg2,4.754,-0.504,27.963,27.504,0.458,OVERRUN by 216.47s,1,0.0500,0,-1.4497,1,0.3000,0,-1.4497,0.000,0.300
261.427,overrun,A_leg2,4.754,-0.504,27.963,27.504,0.458,OVERRUN by 217.49s,1,0.0500,0,-1.4497,1,0.3000,0,-1.4497,0.000,0.300
262.447,overrun,A_leg2,4.754,-0.504,27.963,27.504,0.458,OVERRUN by 218.51s,1,0.0500,0,-1.4497,1,0.3000,0,-1.4497,0.000,0.300
263.468,overrun,A_leg2,4.754,-0.504,27.963,27.504,0.458,OVERRUN by 219.53s,1,0.0500,0,-1.4497,1,0.3000,0,-1.4497,0.000,0.300
264.488,overrun,A_leg2,4.754,-0.504,27.963,27.504,0.458,OVERRUN by 220.55s,1,0.0500,0,-1.4497,1,0.3000,0,-1.4497,0.000,0.300
265.521,overrun,A_leg2,4.754,-0.504,27.963,27.504,0.458,OVERRUN by 221.58s,1,0.0500,0,-1.4497,1,0.3000,0,-1.4497,0.000,0.300
266.538,overrun,A_leg2,4.754,-0.504,27.963,27.504,0.458,OVERRUN by 222.60s,1,0.0500,0,-1.4497,1,0.3000,0,-1.4497,0.000,0.300
267.554,overrun,A_leg2,4.754,-0.504,27.963,27.504,0.458,OVERRUN by 223.62s,1,0.0500,0,-1.4497,1,0.3000,0,-1.4497,0.000,0.300
268.584,overrun,A_leg2,4.754,-0.504,27.963,27.504,0.458,OVERRUN by 224.65s,1,0.0500,0,-1.4497,1,0.3000,0,-1.4497,0.000,0.300
269.597,overrun,A_leg2,4.754,-0.504,27.963,27.504,0.458,OVERRUN by 225.66s,1,0.0500,0,-1.4497,1,0.3000,0,-1.4497,0.000,0.300
270.613,overrun,A_leg2,4.754,-0.504,27.963,27.504,0.458,OVERRUN by 226.68s,1,0.0500,0,-1.4497,1,0.3000,0,-1.4497,0.000,0.300
271.654,overrun,A_leg2,4.754,-0.504,27.963,27.504,0.458,OVERRUN by 227.72s,1,0.0500,0,-1.4497,1,0.3000,0,-1.4497,0.000,0.300
272.687,overrun,A_leg2,4.754,-0.504,27.963,27.504,0.458,OVERRUN by 228.75s,1,0.0500,0,-1.4497,1,0.3000,0,-1.4497,0.000,0.300
273.715,overrun,A_leg2,4.754,-0.504,27.963,27.504,0.458,OVERRUN by 229.78s,1,0.0500,0,-1.4497,1,0.3000,0,-1.4497,0.000,0.300
274.742,overrun,A_leg2,4.754,-0.504,27.963,27.504,0.458,OVERRUN by 230.80s,1,0.0500,0,-1.4497,1,0.3000,0,-1.4497,0.000,0.300
275.756,overrun,A_leg2,4.754,-0.504,27.963,27.504,0.458,OVERRUN by 231.82s,1,0.0500,0,-1.4497,1,0.3000,0,-1.4497,0.000,0.300
276.782,overrun,A_leg2,4.754,-0.504,27.963,27.504,0.458,OVERRUN by 232.84s,1,0.0500,0,-1.4497,1,0.3000,0,-1.4497,0.000,0.300
277.800,overrun,A_leg2,4.754,-0.504,27.963,27.504,0.458,OVERRUN by 233.86s,1,0.0500,0,-1.4497,1,0.3000,0,-1.4497,0.000,0.300
278.811,overrun,A_leg2,4.754,-0.504,27.963,27.504,0.458,OVERRUN by 234.87s,1,0.0500,0,-1.4497,1,0.3000,0,-1.4497,0.000,0.300
279.836,overrun,A_leg2,4.754,-0.504,27.963,27.504,0.458,OVERRUN by 235.90s,1,0.0500,0,-1.4497,1,0.3000,0,-1.4497,0.000,0.300
280.888,overrun,A_leg2,4.754,-0.504,27.963,27.504,0.458,OVERRUN by 236.95s,1,0.0500,0,-1.4497,1,0.3000,0,-1.4497,0.000,0.300
281.903,overrun,A_leg2,4.754,-0.504,27.963,27.504,0.458,OVERRUN by 237.96s,1,0.0500,0,-1.4497,1,0.3000,0,-1.4497,0.000,0.300
282.920,overrun,A_leg2,4.754,-0.504,27.963,27.504,0.458,OVERRUN by 238.98s,1,0.0500,0,-1.4497,1,0.3000,0,-1.4497,0.000,0.300
283.941,overrun,A_leg2,4.754,-0.504,27.963,27.504,0.458,OVERRUN by 240.00s,1,0.0500,0,-1.4497,1,0.3000,0,-1.4497,0.000,0.300
284.969,overrun,A_leg2,4.754,-0.504,27.963,27.504,0.458,OVERRUN by 241.03s,1,0.0500,0,-1.4497,1,0.3000,0,-1.4497,0.000,0.300
285.991,overrun,A_leg2,4.754,-0.504,27.963,27.504,0.458,OVERRUN by 242.05s,1,0.0500,0,-1.4497,1,0.3000,0,-1.4497,0.000,0.300
287.020,overrun,A_leg2,4.754,-0.504,27.963,27.504,0.458,OVERRUN by 243.08s,1,0.0500,0,-1.4497,1,0.3000,0,-1.4497,0.000,0.300
288.035,overrun,A_leg2,4.754,-0.504,27.963,27.504,0.458,OVERRUN by 244.10s,1,0.0500,0,-1.4497,1,0.3000,0,-1.4497,0.000,0.300
289.061,overrun,A_leg2,4.754,-0.504,27.963,27.504,0.458,OVERRUN by 245.12s,1,0.0500,0,-1.4497,1,0.3000,0,-1.4497,0.000,0.300
290.080,overrun,A_leg2,4.754,-0.504,27.963,27.504,0.458,OVERRUN by 246.14s,1,0.0500,0,-1.4497,1,0.3000,0,-1.4497,0.000,0.300
291.106,overrun,A_leg2,4.754,-0.504,27.963,27.504,0.458,OVERRUN by 247.17s,1,0.0500,0,-1.4497,1,0.3000,0,-1.4497,0.000,0.300
292.117,overrun,A_leg2,4.754,-0.504,27.963,27.504,0.458,OVERRUN by 248.18s,1,0.0500,0,-1.4497,1,0.3000,0,-1.4497,0.000,0.300
293.127,overrun,A_leg2,4.754,-0.504,27.963,27.504,0.458,OVERRUN by 249.19s,1,0.0500,0,-1.4497,1,0.3000,0,-1.4497,0.000,0.300
294.144,overrun,A_leg2,4.754,-0.504,27.963,27.504,0.458,OVERRUN by 250.21s,1,0.0500,0,-1.4497,1,0.3000,0,-1.4497,0.000,0.300
295.158,overrun,A_leg2,4.754,-0.504,27.963,27.504,0.458,OVERRUN by 251.22s,1,0.0500,0,-1.4497,1,0.3000,0,-1.4497,0.000,0.300
296.174,overrun,A_leg2,4.754,-0.504,27.963,27.504,0.458,OVERRUN by 252.24s,1,0.0500,0,-1.4497,1,0.3000,0,-1.4497,0.000,0.300
297.194,overrun,A_leg2,4.754,-0.504,27.963,27.504,0.458,OVERRUN by 253.26s,1,0.0500,0,-1.4497,1,0.3000,0,-1.4497,0.000,0.300
298.210,overrun,A_leg2,4.754,-0.504,27.963,27.504,0.458,OVERRUN by 254.27s,1,0.0500,0,-1.4497,1,0.3000,0,-1.4497,0.000,0.300
299.219,overrun,A_leg2,4.754,-0.504,27.963,27.504,0.458,OVERRUN by 255.28s,1,0.0500,0,-1.4497,1,0.3000,0,-1.4497,0.000,0.300
300.244,overrun,A_leg2,4.754,-0.504,27.963,27.504,0.458,OVERRUN by 256.31s,1,0.0500,0,-1.4497,1,0.3000,0,-1.4497,0.000,0.300
301.256,overrun,A_leg2,4.754,-0.504,27.963,27.504,0.458,OVERRUN by 257.32s,1,0.0500,0,-1.4497,1,0.3000,0,-1.4497,0.000,0.300
302.271,overrun,A_leg2,4.754,-0.504,27.963,27.504,0.458,OVERRUN by 258.33s,1,0.0500,0,-1.4497,1,0.3000,0,-1.4497,0.000,0.300
303.280,overrun,A_leg2,4.754,-0.504,27.963,27.504,0.458,OVERRUN by 259.34s,1,0.0500,0,-1.4497,1,0.3000,0,-1.4497,0.000,0.300
304.307,overrun,A_leg2,4.754,-0.504,27.963,27.504,0.458,OVERRUN by 260.37s,1,0.0500,0,-1.4497,1,0.3000,0,-1.4497,0.000,0.300
305.319,overrun,A_leg2,4.754,-0.504,27.963,27.504,0.458,OVERRUN by 261.38s,1,0.0500,0,-1.4497,1,0.3000,0,-1.4497,0.000,0.300
306.345,overrun,A_leg2,4.754,-0.504,27.963,27.504,0.458,OVERRUN by 262.41s,1,0.0500,0,-1.4497,1,0.3000,0,-1.4497,0.000,0.300
307.366,overrun,A_leg2,4.754,-0.504,27.963,27.504,0.458,OVERRUN by 263.43s,1,0.0500,0,-1.4497,1,0.3000,0,-1.4497,0.000,0.300
308.388,overrun,A_leg2,4.754,-0.504,27.963,27.504,0.458,OVERRUN by 264.45s,1,0.0500,0,-1.4497,1,0.3000,0,-1.4497,0.000,0.300
309.409,overrun,A_leg2,4.754,-0.504,27.963,27.504,0.458,OVERRUN by 265.47s,1,0.0500,0,-1.4497,1,0.3000,0,-1.4497,0.000,0.300
310.442,overrun,A_leg2,4.754,-0.504,27.963,27.504,0.458,OVERRUN by 266.50s,1,0.0500,0,-1.4497,1,0.3000,0,-1.4497,0.000,0.300
311.484,overrun,A_leg2,4.754,-0.504,27.963,27.504,0.458,OVERRUN by 267.55s,1,0.0500,0,-1.4497,1,0.3000,0,-1.4497,0.000,0.300
312.520,overrun,A_leg2,4.754,-0.504,27.963,27.504,0.458,OVERRUN by 268.58s,1,0.0500,0,-1.4497,1,0.3000,0,-1.4497,0.000,0.300
313.551,overrun,A_leg2,4.754,-0.504,27.963,27.504,0.458,OVERRUN by 269.61s,1,0.0500,0,-1.4497,1,0.3000,0,-1.4497,0.000,0.300
314.579,overrun,A_leg2,4.754,-0.504,27.963,27.504,0.458,OVERRUN by 270.64s,1,0.0500,0,-1.4497,1,0.3000,0,-1.4497,0.000,0.300
315.609,overrun,A_leg2,4.754,-0.504,27.963,27.504,0.458,OVERRUN by 271.67s,1,0.0500,0,-1.4497,1,0.3000,0,-1.4497,0.000,0.300
316.649,overrun,A_leg2,4.754,-0.504,27.963,27.504,0.458,OVERRUN by 272.71s,1,0.0500,0,-1.4497,1,0.3000,0,-1.4497,0.000,0.300
317.688,overrun,A_leg2,4.754,-0.504,27.963,27.504,0.458,OVERRUN by 273.75s,1,0.0500,0,-1.4497,1,0.3000,0,-1.4497,0.000,0.300
318.716,overrun,A_leg2,4.754,-0.504,27.963,27.504,0.458,OVERRUN by 274.78s,1,0.0500,0,-1.4497,1,0.3000,0,-1.4497,0.000,0.300
319.741,overrun,A_leg2,4.754,-0.504,27.963,27.504,0.458,OVERRUN by 275.80s,1,0.0500,0,-1.4497,1,0.3000,0,-1.4497,0.000,0.300
320.764,overrun,A_leg2,4.754,-0.504,27.963,27.504,0.458,OVERRUN by 276.83s,1,0.0500,0,-1.4497,1,0.3000,0,-1.4497,0.000,0.300
321.798,overrun,A_leg2,4.754,-0.504,27.963,27.504,0.458,OVERRUN by 277.86s,1,0.0500,0,-1.4497,1,0.3000,0,-1.4497,0.000,0.300
322.829,overrun,A_leg2,4.754,-0.504,27.963,27.504,0.458,OVERRUN by 278.89s,1,0.0500,0,-1.4497,1,0.3000,0,-1.4497,0.000,0.300
323.842,overrun,A_leg2,4.754,-0.504,27.963,27.504,0.458,OVERRUN by 279.90s,1,0.0500,0,-1.4497,1,0.3000,0,-1.4497,0.000,0.300
324.862,overrun,A_leg2,4.754,-0.504,27.963,27.504,0.458,OVERRUN by 280.92s,1,0.0500,0,-1.4497,1,0.3000,0,-1.4497,0.000,0.300
325.894,overrun,A_leg2,4.754,-0.504,27.963,27.504,0.458,OVERRUN by 281.96s,1,0.0500,0,-1.4497,1,0.3000,0,-1.4497,0.000,0.300
326.924,overrun,A_leg2,4.754,-0.504,27.963,27.504,0.458,OVERRUN by 282.99s,1,0.0500,0,-1.4497,1,0.3000,0,-1.4497,0.000,0.300
327.949,overrun,A_leg2,4.754,-0.504,27.963,27.504,0.458,OVERRUN by 284.01s,1,0.0500,0,-1.4497,1,0.3000,0,-1.4497,0.000,0.300
328.971,overrun,A_leg2,4.754,-0.504,27.963,27.504,0.458,OVERRUN by 285.03s,1,0.0500,0,-1.4497,1,0.3000,0,-1.4497,0.000,0.300
329.995,overrun,A_leg2,4.754,-0.504,27.963,27.504,0.458,OVERRUN by 286.06s,1,0.0500,0,-1.4497,1,0.3000,0,-1.4497,0.000,0.300
331.019,overrun,A_leg2,4.754,-0.504,27.963,27.504,0.458,OVERRUN by 287.08s,1,0.0500,0,-1.4497,1,0.3000,0,-1.4497,0.000,0.300
332.048,overrun,A_leg2,4.754,-0.504,27.963,27.504,0.458,OVERRUN by 288.11s,1,0.0500,0,-1.4497,1,0.3000,0,-1.4497,0.000,0.300
333.075,overrun,A_leg2,4.754,-0.504,27.963,27.504,0.458,OVERRUN by 289.14s,1,0.0500,0,-1.4497,1,0.3000,0,-1.4497,0.000,0.300
334.103,overrun,A_leg2,4.754,-0.504,27.963,27.504,0.458,OVERRUN by 290.17s,1,0.0500,0,-1.4497,1,0.3000,0,-1.4497,0.000,0.300
335.139,overrun,A_leg2,4.754,-0.504,27.963,27.504,0.458,OVERRUN by 291.20s,1,0.0500,0,-1.4497,1,0.3000,0,-1.4497,0.000,0.300
336.173,overrun,A_leg2,4.754,-0.504,27.963,27.504,0.458,OVERRUN by 292.24s,1,0.0500,0,-1.4497,1,0.3000,0,-1.4497,0.000,0.300
337.192,overrun,A_leg2,4.754,-0.504,27.963,27.504,0.458,OVERRUN by 293.25s,1,0.0500,0,-1.4497,1,0.3000,0,-1.4497,0.000,0.300
338.203,overrun,A_leg2,4.754,-0.504,27.963,27.504,0.458,OVERRUN by 294.27s,1,0.0500,0,-1.4497,1,0.3000,0,-1.4497,0.000,0.300
339.230,overrun,A_leg2,4.754,-0.504,27.963,27.504,0.458,OVERRUN by 295.29s,1,0.0500,0,-1.4497,1,0.3000,0,-1.4497,0.000,0.300
340.249,overrun,A_leg2,4.754,-0.504,27.963,27.504,0.458,OVERRUN by 296.31s,1,0.0500,0,-1.4497,1,0.3000,0,-1.4497,0.000,0.300
341.273,overrun,A_leg2,4.754,-0.504,27.963,27.504,0.458,OVERRUN by 297.34s,1,0.0500,0,-1.4497,1,0.3000,0,-1.4497,0.000,0.300
342.305,overrun,A_leg2,4.754,-0.504,27.963,27.504,0.458,OVERRUN by 298.37s,1,0.0500,0,-1.4497,1,0.3000,0,-1.4497,0.000,0.300
343.315,overrun,A_leg2,4.754,-0.504,27.963,27.504,0.458,OVERRUN by 299.38s,1,0.0500,0,-1.4497,1,0.3000,0,-1.4497,0.000,0.300
344.343,overrun,A_leg2,4.754,-0.504,27.963,27.504,0.458,OVERRUN by 300.41s,1,0.0500,0,-1.4497,1,0.3000,0,-1.4497,0.000,0.300
345.378,overrun,A_leg2,4.754,-0.504,27.963,27.504,0.458,OVERRUN by 301.44s,1,0.0500,0,-1.4497,1,0.3000,0,-1.4497,0.000,0.300
346.398,overrun,A_leg2,4.754,-0.504,27.963,27.504,0.458,OVERRUN by 302.46s,1,0.0500,0,-1.4497,1,0.3000,0,-1.4497,0.000,0.300
347.429,overrun,A_leg2,4.754,-0.504,27.963,27.504,0.458,OVERRUN by 303.49s,1,0.0500,0,-1.4497,1,0.3000,0,-1.4497,0.000,0.300
348.467,overrun,A_leg2,4.754,-0.504,27.963,27.504,0.458,OVERRUN by 304.53s,1,0.0500,0,-1.4497,1,0.3000,0,-1.4497,0.000,0.300
349.504,overrun,A_leg2,4.754,-0.504,27.963,27.504,0.458,OVERRUN by 305.57s,1,0.0500,0,-1.4497,1,0.3000,0,-1.4497,0.000,0.300
350.534,overrun,A_leg2,4.754,-0.504,27.963,27.504,0.458,OVERRUN by 306.60s,1,0.0500,0,-1.4497,1,0.3000,0,-1.4497,0.000,0.300
351.564,overrun,A_leg2,4.754,-0.504,27.963,27.504,0.458,OVERRUN by 307.63s,1,0.0500,0,-1.4497,1,0.3000,0,-1.4497,0.000,0.300
352.593,overrun,A_leg2,4.754,-0.504,27.963,27.504,0.458,OVERRUN by 308.66s,1,0.0500,0,-1.4497,1,0.3000,0,-1.4497,0.000,0.300
353.611,overrun,A_leg2,4.754,-0.504,27.963,27.504,0.458,OVERRUN by 309.67s,1,0.0500,0,-1.4497,1,0.3000,0,-1.4497,0.000,0.300
354.638,overrun,A_leg2,4.754,-0.504,27.963,27.504,0.458,OVERRUN by 310.70s,1,0.0500,0,-1.4497,1,0.3000,0,-1.4497,0.000,0.300
355.666,overrun,A_leg2,4.754,-0.504,27.963,27.504,0.458,OVERRUN by 311.73s,1,0.0500,0,-1.4497,1,0.3000,0,-1.4497,0.000,0.300
356.694,overrun,A_leg2,4.754,-0.504,27.963,27.504,0.458,OVERRUN by 312.76s,1,0.0500,0,-1.4497,1,0.3000,0,-1.4497,0.000,0.300
357.719,overrun,A_leg2,4.754,-0.504,27.963,27.504,0.458,OVERRUN by 313.78s,1,0.0500,0,-1.4497,1,0.3000,0,-1.4497,0.000,0.300
358.748,overrun,A_leg2,4.754,-0.504,27.963,27.504,0.458,OVERRUN by 314.81s,1,0.0500,0,-1.4497,1,0.3000,0,-1.4497,0.000,0.300
359.772,overrun,A_leg2,4.754,-0.504,27.963,27.504,0.458,OVERRUN by 315.83s,1,0.0500,0,-1.4497,1,0.3000,0,-1.4497,0.000,0.300
360.810,overrun,A_leg2,4.754,-0.504,27.963,27.504,0.458,OVERRUN by 316.87s,1,0.0500,0,-1.4497,1,0.3000,0,-1.4497,0.000,0.300
361.838,overrun,A_leg2,4.754,-0.504,27.963,27.504,0.458,OVERRUN by 317.90s,1,0.0500,0,-1.4497,1,0.3000,0,-1.4497,0.000,0.300
362.858,overrun,A_leg2,4.754,-0.504,27.963,27.504,0.458,OVERRUN by 318.92s,1,0.0500,0,-1.4497,1,0.3000,0,-1.4497,0.000,0.300
363.892,overrun,A_leg2,4.754,-0.504,27.963,27.504,0.458,OVERRUN by 319.95s,1,0.0500,0,-1.4497,1,0.3000,0,-1.4497,0.000,0.300
364.921,overrun,A_leg2,4.754,-0.504,27.963,27.504,0.458,OVERRUN by 320.98s,1,0.0500,0,-1.4497,1,0.3000,0,-1.4497,0.000,0.300
365.941,overrun,A_leg2,4.754,-0.504,27.963,27.504,0.458,OVERRUN by 322.00s,1,0.0500,0,-1.4497,1,0.3000,0,-1.4497,0.000,0.300
366.968,overrun,A_leg2,4.754,-0.504,27.963,27.504,0.458,OVERRUN by 323.03s,1,0.0500,0,-1.4497,1,0.3000,0,-1.4497,0.000,0.300
367.995,overrun,A_leg2,4.754,-0.504,27.963,27.504,0.458,OVERRUN by 324.06s,1,0.0500,0,-1.4497,1,0.3000,0,-1.4497,0.000,0.300
369.013,overrun,A_leg2,4.754,-0.504,27.963,27.504,0.458,OVERRUN by 325.08s,1,0.0500,0,-1.4497,1,0.3000,0,-1.4497,0.000,0.300
370.047,overrun,A_leg2,4.754,-0.504,27.963,27.504,0.458,OVERRUN by 326.11s,1,0.0500,0,-1.4497,1,0.3000,0,-1.4497,0.000,0.300
371.075,overrun,A_leg2,4.754,-0.504,27.963,27.504,0.458,OVERRUN by 327.14s,1,0.0500,0,-1.4497,1,0.3000,0,-1.4497,0.000,0.300
372.113,overrun,A_leg2,4.754,-0.504,27.963,27.504,0.458,OVERRUN by 328.18s,1,0.0500,0,-1.4497,1,0.3000,0,-1.4497,0.000,0.300
373.135,overrun,A_leg2,4.754,-0.504,27.963,27.504,0.458,OVERRUN by 329.20s,1,0.0500,0,-1.4497,1,0.3000,0,-1.4497,0.000,0.300
374.166,overrun,A_leg2,4.754,-0.504,27.963,27.504,0.458,OVERRUN by 330.23s,1,0.0500,0,-1.4497,1,0.3000,0,-1.4497,0.000,0.300
375.179,overrun,A_leg2,4.754,-0.504,27.963,27.504,0.458,OVERRUN by 331.24s,1,0.0500,0,-1.4497,1,0.3000,0,-1.4497,0.000,0.300
376.205,overrun,A_leg2,4.754,-0.504,27.963,27.504,0.458,OVERRUN by 332.27s,1,0.0500,0,-1.4497,1,0.3000,0,-1.4497,0.000,0.300
377.231,overrun,A_leg2,4.754,-0.504,27.963,27.504,0.458,OVERRUN by 333.29s,1,0.0500,0,-1.4497,1,0.3000,0,-1.4497,0.000,0.300
378.257,overrun,A_leg2,4.754,-0.504,27.963,27.504,0.458,OVERRUN by 334.32s,1,0.0500,0,-1.4497,1,0.3000,0,-1.4497,0.000,0.300
379.275,overrun,A_leg2,4.754,-0.504,27.963,27.504,0.458,OVERRUN by 335.34s,1,0.0500,0,-1.4497,1,0.3000,0,-1.4497,0.000,0.300
380.303,overrun,A_leg2,4.754,-0.504,27.963,27.504,0.458,OVERRUN by 336.37s,1,0.0500,0,-1.4497,1,0.3000,0,-1.4497,0.000,0.300
381.328,overrun,A_leg2,4.754,-0.504,27.963,27.504,0.458,OVERRUN by 337.39s,1,0.0500,0,-1.4497,1,0.3000,0,-1.4497,0.000,0.300
382.357,overrun,A_leg2,4.754,-0.504,27.963,27.504,0.458,OVERRUN by 338.42s,1,0.0500,0,-1.4497,1,0.3000,0,-1.4497,0.000,0.300
383.383,overrun,A_leg2,4.754,-0.504,27.963,27.504,0.458,OVERRUN by 339.45s,1,0.0500,0,-1.4497,1,0.3000,0,-1.4497,0.000,0.300
384.403,overrun,A_leg2,4.754,-0.504,27.963,27.504,0.458,OVERRUN by 340.47s,1,0.0500,0,-1.4497,1,0.3000,0,-1.4497,0.000,0.300
385.438,overrun,A_leg2,4.754,-0.504,27.963,27.504,0.458,OVERRUN by 341.50s,1,0.0500,0,-1.4497,1,0.3000,0,-1.4497,0.000,0.300
386.475,overrun,A_leg2,4.754,-0.504,27.963,27.504,0.458,OVERRUN by 342.54s,1,0.0500,0,-1.4497,1,0.3000,0,-1.4497,0.000,0.300
387.508,overrun,A_leg2,4.754,-0.504,27.963,27.504,0.458,OVERRUN by 343.57s,1,0.0500,0,-1.4497,1,0.3000,0,-1.4497,0.000,0.300
388.546,overrun,A_leg2,4.754,-0.504,27.963,27.504,0.458,OVERRUN by 344.61s,1,0.0500,0,-1.4497,1,0.3000,0,-1.4497,0.000,0.300
389.583,overrun,A_leg2,4.754,-0.504,27.963,27.504,0.458,OVERRUN by 345.65s,1,0.0500,0,-1.4497,1,0.3000,0,-1.4497,0.000,0.300
390.614,overrun,A_leg2,4.754,-0.504,27.963,27.504,0.458,OVERRUN by 346.68s,1,0.0500,0,-1.4497,1,0.3000,0,-1.4497,0.000,0.300
391.636,overrun,A_leg2,4.754,-0.504,27.963,27.504,0.458,OVERRUN by 347.70s,1,0.0500,0,-1.4497,1,0.3000,0,-1.4497,0.000,0.300
392.669,overrun,A_leg2,4.754,-0.504,27.963,27.504,0.458,OVERRUN by 348.73s,1,0.0500,0,-1.4497,1,0.3000,0,-1.4497,0.000,0.300
393.712,overrun,A_leg2,4.754,-0.504,27.963,27.504,0.458,OVERRUN by 349.77s,1,0.0500,0,-1.4497,1,0.3000,0,-1.4497,0.000,0.300
394.729,overrun,A_leg2,4.754,-0.504,27.963,27.504,0.458,OVERRUN by 350.79s,1,0.0500,0,-1.4497,1,0.3000,0,-1.4497,0.000,0.300
395.761,overrun,A_leg2,4.754,-0.504,27.963,27.504,0.458,OVERRUN by 351.82s,1,0.0500,0,-1.4497,1,0.3000,0,-1.4497,0.000,0.300
396.795,overrun,A_leg2,4.754,-0.504,27.963,27.504,0.458,OVERRUN by 352.86s,1,0.0500,0,-1.4497,1,0.3000,0,-1.4497,0.000,0.300
397.821,overrun,A_leg2,4.754,-0.504,27.963,27.504,0.458,OVERRUN by 353.88s,1,0.0500,0,-1.4497,1,0.3000,0,-1.4497,0.000,0.300
398.850,overrun,A_leg2,4.754,-0.504,27.963,27.504,0.458,OVERRUN by 354.91s,1,0.0500,0,-1.4497,1,0.3000,0,-1.4497,0.000,0.300
399.867,overrun,A_leg2,4.754,-0.504,27.963,27.504,0.458,OVERRUN by 355.93s,1,0.0500,0,-1.4497,1,0.3000,0,-1.4497,0.000,0.300
400.888,overrun,A_leg2,4.754,-0.504,27.963,27.504,0.458,OVERRUN by 356.95s,1,0.0500,0,-1.4497,1,0.3000,0,-1.4497,0.000,0.300
401.916,overrun,A_leg2,4.754,-0.504,27.963,27.504,0.458,OVERRUN by 357.98s,1,0.0500,0,-1.4497,1,0.3000,0,-1.4497,0.000,0.300
402.942,overrun,A_leg2,4.754,-0.504,27.963,27.504,0.458,OVERRUN by 359.00s,1,0.0500,0,-1.4497,1,0.3000,0,-1.4497,0.000,0.300
403.967,overrun,A_leg2,4.754,-0.504,27.963,27.504,0.458,OVERRUN by 360.03s,1,0.0500,0,-1.4497,1,0.3000,0,-1.4497,0.000,0.300
405.000,overrun,A_leg2,4.754,-0.504,27.963,27.504,0.458,OVERRUN by 361.06s,1,0.0500,0,-1.4497,1,0.3000,0,-1.4497,0.000,0.300
406.028,overrun,A_leg2,4.754,-0.504,27.963,27.504,0.458,OVERRUN by 362.09s,1,0.0500,0,-1.4497,1,0.3000,0,-1.4497,0.000,0.300
407.059,overrun,A_leg2,4.754,-0.504,27.963,27.504,0.458,OVERRUN by 363.12s,1,0.0500,0,-1.4497,1,0.3000,0,-1.4497,0.000,0.300
408.080,overrun,A_leg2,4.754,-0.504,27.963,27.504,0.458,OVERRUN by 364.14s,1,0.0500,0,-1.4497,1,0.3000,0,-1.4497,0.000,0.300
409.104,overrun,A_leg2,4.754,-0.504,27.963,27.504,0.458,OVERRUN by 365.17s,1,0.0500,0,-1.4497,1,0.3000,0,-1.4497,0.000,0.300
410.136,overrun,A_leg2,4.754,-0.504,27.963,27.504,0.458,OVERRUN by 366.20s,1,0.0500,0,-1.4497,1,0.3000,0,-1.4497,0.000,0.300
411.154,overrun,A_leg2,4.754,-0.504,27.963,27.504,0.458,OVERRUN by 367.22s,1,0.0500,0,-1.4497,1,0.3000,0,-1.4497,0.000,0.300
412.178,overrun,A_leg2,4.754,-0.504,27.963,27.504,0.458,OVERRUN by 368.24s,1,0.0500,0,-1.4497,1,0.3000,0,-1.4497,0.000,0.300
413.204,overrun,A_leg2,4.754,-0.504,27.963,27.504,0.458,OVERRUN by 369.27s,1,0.0500,0,-1.4497,1,0.3000,0,-1.4497,0.000,0.300
414.225,overrun,A_leg2,4.754,-0.504,27.963,27.504,0.458,OVERRUN by 370.29s,1,0.0500,0,-1.4497,1,0.3000,0,-1.4497,0.000,0.300
415.258,overrun,A_leg2,4.754,-0.504,27.963,27.504,0.458,OVERRUN by 371.32s,1,0.0500,0,-1.4497,1,0.3000,0,-1.4497,0.000,0.300
416.285,overrun,A_leg2,4.754,-0.504,27.963,27.504,0.458,OVERRUN by 372.35s,1,0.0500,0,-1.4497,1,0.3000,0,-1.4497,0.000,0.300
417.316,overrun,A_leg2,4.754,-0.504,27.963,27.504,0.458,OVERRUN by 373.38s,1,0.0500,0,-1.4497,1,0.3000,0,-1.4497,0.000,0.300
418.339,overrun,A_leg2,4.754,-0.504,27.963,27.504,0.458,OVERRUN by 374.40s,1,0.0500,0,-1.4497,1,0.3000,0,-1.4497,0.000,0.300
419.363,overrun,A_leg2,4.754,-0.504,27.963,27.504,0.458,OVERRUN by 375.43s,1,0.0500,0,-1.4497,1,0.3000,0,-1.4497,0.000,0.300
420.400,overrun,A_leg2,4.754,-0.504,27.963,27.504,0.458,OVERRUN by 376.46s,1,0.0500,0,-1.4497,1,0.3000,0,-1.4497,0.000,0.300
421.426,overrun,A_leg2,4.754,-0.504,27.963,27.504,0.458,OVERRUN by 377.49s,1,0.0500,0,-1.4497,1,0.3000,0,-1.4497,0.000,0.300
422.453,overrun,A_leg2,4.754,-0.504,27.963,27.504,0.458,OVERRUN by 378.52s,1,0.0500,0,-1.4497,1,0.3000,0,-1.4497,0.000,0.300
423.484,overrun,A_leg2,4.754,-0.504,27.963,27.504,0.458,OVERRUN by 379.55s,1,0.0500,0,-1.4497,1,0.3000,0,-1.4497,0.000,0.300
424.510,overrun,A_leg2,4.754,-0.504,27.963,27.504,0.458,OVERRUN by 380.57s,1,0.0500,0,-1.4497,1,0.3000,0,-1.4497,0.000,0.300
425.529,overrun,A_leg2,4.754,-0.504,27.963,27.504,0.458,OVERRUN by 381.59s,1,0.0500,0,-1.4497,1,0.3000,0,-1.4497,0.000,0.300
426.558,overrun,A_leg2,4.754,-0.504,27.963,27.504,0.458,OVERRUN by 382.62s,1,0.0500,0,-1.4497,1,0.3000,0,-1.4497,0.000,0.300
427.586,overrun,A_leg2,4.754,-0.504,27.963,27.504,0.458,OVERRUN by 383.65s,1,0.0500,0,-1.4497,1,0.3000,0,-1.4497,0.000,0.300
428.601,overrun,A_leg2,4.754,-0.504,27.963,27.504,0.458,OVERRUN by 384.66s,1,0.0500,0,-1.4497,1,0.3000,0,-1.4497,0.000,0.300
429.627,overrun,A_leg2,4.754,-0.504,27.963,27.504,0.458,OVERRUN by 385.69s,1,0.0500,0,-1.4497,1,0.3000,0,-1.4497,0.000,0.300
430.662,overrun,A_leg2,4.754,-0.504,27.963,27.504,0.458,OVERRUN by 386.72s,1,0.0500,0,-1.4497,1,0.3000,0,-1.4497,0.000,0.300
431.688,overrun,A_leg2,4.754,-0.504,27.963,27.504,0.458,OVERRUN by 387.75s,1,0.0500,0,-1.4497,1,0.3000,0,-1.4497,0.000,0.300
432.715,overrun,A_leg2,4.754,-0.504,27.963,27.504,0.458,OVERRUN by 388.78s,1,0.0500,0,-1.4497,1,0.3000,0,-1.4497,0.000,0.300
433.740,overrun,A_leg2,4.754,-0.504,27.963,27.504,0.458,OVERRUN by 389.80s,1,0.0500,0,-1.4497,1,0.3000,0,-1.4497,0.000,0.300
434.754,overrun,A_leg2,4.754,-0.504,27.963,27.504,0.458,OVERRUN by 390.82s,1,0.0500,0,-1.4497,1,0.3000,0,-1.4497,0.000,0.300
435.795,overrun,A_leg2,4.754,-0.504,27.963,27.504,0.458,OVERRUN by 391.86s,1,0.0500,0,-1.4497,1,0.3000,0,-1.4497,0.000,0.300
436.821,overrun,A_leg2,4.754,-0.504,27.963,27.504,0.458,OVERRUN by 392.88s,1,0.0500,0,-1.4497,1,0.3000,0,-1.4497,0.000,0.300
437.849,overrun,A_leg2,4.754,-0.504,27.963,27.504,0.458,OVERRUN by 393.91s,1,0.0500,0,-1.4497,1,0.3000,0,-1.4497,0.000,0.300
438.873,overrun,A_leg2,4.754,-0.504,27.963,27.504,0.458,OVERRUN by 394.94s,1,0.0500,0,-1.4497,1,0.3000,0,-1.4497,0.000,0.300
439.882,overrun,A_leg2,4.754,-0.504,27.963,27.504,0.458,OVERRUN by 395.94s,1,0.0500,0,-1.4497,1,0.3000,0,-1.4497,0.000,0.300
440.904,overrun,A_leg2,4.754,-0.504,27.963,27.504,0.458,OVERRUN by 396.97s,1,0.0500,0,-1.4497,1,0.3000,0,-1.4497,0.000,0.300
441.926,overrun,A_leg2,4.754,-0.504,27.963,27.504,0.458,OVERRUN by 397.99s,1,0.0500,0,-1.4497,1,0.3000,0,-1.4497,0.000,0.300
442.963,overrun,A_leg2,4.754,-0.504,27.963,27.504,0.458,OVERRUN by 399.03s,1,0.0500,0,-1.4497,1,0.3000,0,-1.4497,0.000,0.300
443.989,overrun,A_leg2,4.754,-0.504,27.963,27.504,0.458,OVERRUN by 400.05s,1,0.0500,0,-1.4497,1,0.3000,0,-1.4497,0.000,0.300
444.999,overrun,A_leg2,4.754,-0.504,27.963,27.504,0.458,OVERRUN by 401.06s,1,0.0500,0,-1.4497,1,0.3000,0,-1.4497,0.000,0.300
446.012,overrun,A_leg2,4.754,-0.504,27.963,27.504,0.458,OVERRUN by 402.07s,1,0.0500,0,-1.4497,1,0.3000,0,-1.4497,0.000,0.300
447.020,overrun,A_leg2,4.754,-0.504,27.963,27.504,0.458,OVERRUN by 403.08s,1,0.0500,0,-1.4497,1,0.3000,0,-1.4497,0.000,0.300
448.044,overrun,A_leg2,4.754,-0.504,27.963,27.504,0.458,OVERRUN by 404.11s,1,0.0500,0,-1.4497,1,0.3000,0,-1.4497,0.000,0.300
449.081,overrun,A_leg2,4.754,-0.504,27.963,27.504,0.458,OVERRUN by 405.14s,1,0.0500,0,-1.4497,1,0.3000,0,-1.4497,0.000,0.300
450.095,overrun,A_leg2,4.754,-0.504,27.963,27.504,0.458,OVERRUN by 406.16s,1,0.0500,0,-1.4497,1,0.3000,0,-1.4497,0.000,0.300
451.130,overrun,A_leg2,4.754,-0.504,27.963,27.504,0.458,OVERRUN by 407.19s,1,0.0500,0,-1.4497,1,0.3000,0,-1.4497,0.000,0.300
452.160,overrun,A_leg2,4.754,-0.504,27.963,27.504,0.458,OVERRUN by 408.22s,1,0.0500,0,-1.4497,1,0.3000,0,-1.4497,0.000,0.300
453.182,overrun,A_leg2,4.754,-0.504,27.963,27.504,0.458,OVERRUN by 409.24s,1,0.0500,0,-1.4497,1,0.3000,0,-1.4497,0.000,0.300
454.204,overrun,A_leg2,4.754,-0.504,27.963,27.504,0.458,OVERRUN by 410.27s,1,0.0500,0,-1.4497,1,0.3000,0,-1.4497,0.000,0.300
455.227,overrun,A_leg2,4.754,-0.504,27.963,27.504,0.458,OVERRUN by 411.29s,1,0.0500,0,-1.4497,1,0.3000,0,-1.4497,0.000,0.300
456.246,overrun,A_leg2,4.754,-0.504,27.963,27.504,0.458,OVERRUN by 412.31s,1,0.0500,0,-1.4497,1,0.3000,0,-1.4497,0.000,0.300
457.274,overrun,A_leg2,4.754,-0.504,27.963,27.504,0.458,OVERRUN by 413.34s,1,0.0500,0,-1.4497,1,0.3000,0,-1.4497,0.000,0.300
458.311,overrun,A_leg2,4.754,-0.504,27.963,27.504,0.458,OVERRUN by 414.37s,1,0.0500,0,-1.4497,1,0.3000,0,-1.4497,0.000,0.300
459.338,overrun,A_leg2,4.754,-0.504,27.963,27.504,0.458,OVERRUN by 415.40s,1,0.0500,0,-1.4497,1,0.3000,0,-1.4497,0.000,0.300
460.362,overrun,A_leg2,4.754,-0.504,27.963,27.504,0.458,OVERRUN by 416.42s,1,0.0500,0,-1.4497,1,0.3000,0,-1.4497,0.000,0.300
461.393,overrun,A_leg2,4.754,-0.504,27.963,27.504,0.458,OVERRUN by 417.46s,1,0.0500,0,-1.4497,1,0.3000,0,-1.4497,0.000,0.300
462.418,overrun,A_leg2,4.754,-0.504,27.963,27.504,0.458,OVERRUN by 418.48s,1,0.0500,0,-1.4497,1,0.3000,0,-1.4497,0.000,0.300
463.452,overrun,A_leg2,4.754,-0.504,27.963,27.504,0.458,OVERRUN by 419.51s,1,0.0500,0,-1.4497,1,0.3000,0,-1.4497,0.000,0.300
464.481,overrun,A_leg2,4.754,-0.504,27.963,27.504,0.458,OVERRUN by 420.54s,1,0.0500,0,-1.4497,1,0.3000,0,-1.4497,0.000,0.300
465.502,overrun,A_leg2,4.754,-0.504,27.963,27.504,0.458,OVERRUN by 421.56s,1,0.0500,0,-1.4497,1,0.3000,0,-1.4497,0.000,0.300
466.540,overrun,A_leg2,4.754,-0.504,27.963,27.504,0.458,OVERRUN by 422.60s,1,0.0500,0,-1.4497,1,0.3000,0,-1.4497,0.000,0.300
467.572,overrun,A_leg2,4.754,-0.504,27.963,27.504,0.458,OVERRUN by 423.63s,1,0.0500,0,-1.4497,1,0.3000,0,-1.4497,0.000,0.300
468.603,overrun,A_leg2,4.754,-0.504,27.963,27.504,0.458,OVERRUN by 424.67s,1,0.0500,0,-1.4497,1,0.3000,0,-1.4497,0.000,0.300
469.623,overrun,A_leg2,4.754,-0.504,27.963,27.504,0.458,OVERRUN by 425.69s,1,0.0500,0,-1.4497,1,0.3000,0,-1.4497,0.000,0.300
470.648,overrun,A_leg2,4.754,-0.504,27.963,27.504,0.458,OVERRUN by 426.71s,1,0.0500,0,-1.4497,1,0.3000,0,-1.4497,0.000,0.300
471.686,overrun,A_leg2,4.754,-0.504,27.963,27.504,0.458,OVERRUN by 427.75s,1,0.0500,0,-1.4497,1,0.3000,0,-1.4497,0.000,0.300
472.703,overrun,A_leg2,4.754,-0.504,27.963,27.504,0.458,OVERRUN by 428.77s,1,0.0500,0,-1.4497,1,0.3000,0,-1.4497,0.000,0.300
473.733,overrun,A_leg2,4.754,-0.504,27.963,27.504,0.458,OVERRUN by 429.80s,1,0.0500,0,-1.4497,1,0.3000,0,-1.4497,0.000,0.300
474.754,overrun,A_leg2,4.754,-0.504,27.963,27.504,0.458,OVERRUN by 430.82s,1,0.0500,0,-1.4497,1,0.3000,0,-1.4497,0.000,0.300
475.765,overrun,A_leg2,4.754,-0.504,27.963,27.504,0.458,OVERRUN by 431.83s,1,0.0500,0,-1.4497,1,0.3000,0,-1.4497,0.000,0.300
476.794,overrun,A_leg2,4.754,-0.504,27.963,27.504,0.458,OVERRUN by 432.86s,1,0.0500,0,-1.4497,1,0.3000,0,-1.4497,0.000,0.300
477.819,overrun,A_leg2,4.754,-0.504,27.963,27.504,0.458,OVERRUN by 433.88s,1,0.0500,0,-1.4497,1,0.3000,0,-1.4497,0.000,0.300
478.844,overrun,A_leg2,4.754,-0.504,27.963,27.504,0.458,OVERRUN by 434.91s,1,0.0500,0,-1.4497,1,0.3000,0,-1.4497,0.000,0.300
479.871,overrun,A_leg2,4.754,-0.504,27.963,27.504,0.458,OVERRUN by 435.93s,1,0.0500,0,-1.4497,1,0.3000,0,-1.4497,0.000,0.300
480.888,overrun,A_leg2,4.754,-0.504,27.963,27.504,0.458,OVERRUN by 436.95s,1,0.0500,0,-1.4497,1,0.3000,0,-1.4497,0.000,0.300
481.913,overrun,A_leg2,4.754,-0.504,27.963,27.504,0.458,OVERRUN by 437.98s,1,0.0500,0,-1.4497,1,0.3000,0,-1.4497,0.000,0.300
482.934,overrun,A_leg2,4.754,-0.504,27.963,27.504,0.458,OVERRUN by 439.00s,1,0.0500,0,-1.4497,1,0.3000,0,-1.4497,0.000,0.300
483.968,overrun,A_leg2,4.754,-0.504,27.963,27.504,0.458,OVERRUN by 440.03s,1,0.0500,0,-1.4497,1,0.3000,0,-1.4497,0.000,0.300
484.994,overrun,A_leg2,4.754,-0.504,27.963,27.504,0.458,OVERRUN by 441.06s,1,0.0500,0,-1.4497,1,0.3000,0,-1.4497,0.000,0.300
486.020,overrun,A_leg2,4.754,-0.504,27.963,27.504,0.458,OVERRUN by 442.08s,1,0.0500,0,-1.4497,1,0.3000,0,-1.4497,0.000,0.300
487.055,overrun,A_leg2,4.754,-0.504,27.963,27.504,0.458,OVERRUN by 443.12s,1,0.0500,0,-1.4497,1,0.3000,0,-1.4497,0.000,0.300
488.084,overrun,A_leg2,4.754,-0.504,27.963,27.504,0.458,OVERRUN by 444.15s,1,0.0500,0,-1.4497,1,0.3000,0,-1.4497,0.000,0.300
489.118,overrun,A_leg2,4.754,-0.504,27.963,27.504,0.458,OVERRUN by 445.18s,1,0.0500,0,-1.4497,1,0.3000,0,-1.4497,0.000,0.300
490.147,overrun,A_leg2,4.754,-0.504,27.963,27.504,0.458,OVERRUN by 446.21s,1,0.0500,0,-1.4497,1,0.3000,0,-1.4497,0.000,0.300
491.182,overrun,A_leg2,4.754,-0.504,27.963,27.504,0.458,OVERRUN by 447.24s,1,0.0500,0,-1.4497,1,0.3000,0,-1.4497,0.000,0.300
492.225,overrun,A_leg2,4.754,-0.504,27.963,27.504,0.458,OVERRUN by 448.29s,1,0.0500,0,-1.4497,1,0.3000,0,-1.4497,0.000,0.300
493.250,overrun,A_leg2,4.754,-0.504,27.963,27.504,0.458,OVERRUN by 449.31s,1,0.0500,0,-1.4497,1,0.3000,0,-1.4497,0.000,0.300
494.274,overrun,A_leg2,4.754,-0.504,27.963,27.504,0.458,OVERRUN by 450.34s,1,0.0500,0,-1.4497,1,0.3000,0,-1.4497,0.000,0.300
495.302,overrun,A_leg2,4.754,-0.504,27.963,27.504,0.458,OVERRUN by 451.36s,1,0.0500,0,-1.4497,1,0.3000,0,-1.4497,0.000,0.300
496.321,overrun,A_leg2,4.754,-0.504,27.963,27.504,0.458,OVERRUN by 452.38s,1,0.0500,0,-1.4497,1,0.3000,0,-1.4497,0.000,0.300
497.345,overrun,A_leg2,4.754,-0.504,27.963,27.504,0.458,OVERRUN by 453.41s,1,0.0500,0,-1.4497,1,0.3000,0,-1.4497,0.000,0.300
498.365,overrun,A_leg2,4.754,-0.504,27.963,27.504,0.458,OVERRUN by 454.43s,1,0.0500,0,-1.4497,1,0.3000,0,-1.4497,0.000,0.300
499.398,overrun,A_leg2,4.754,-0.504,27.963,27.504,0.458,OVERRUN by 455.46s,1,0.0500,0,-1.4497,1,0.3000,0,-1.4497,0.000,0.300
500.417,overrun,A_leg2,4.754,-0.504,27.963,27.504,0.458,OVERRUN by 456.48s,1,0.0500,0,-1.4497,1,0.3000,0,-1.4497,0.000,0.300
501.450,overrun,A_leg2,4.754,-0.504,27.963,27.504,0.458,OVERRUN by 457.51s,1,0.0500,0,-1.4497,1,0.3000,0,-1.4497,0.000,0.300
502.472,overrun,A_leg2,4.754,-0.504,27.963,27.504,0.458,OVERRUN by 458.53s,1,0.0500,0,-1.4497,1,0.3000,0,-1.4497,0.000,0.300
503.497,overrun,A_leg2,4.754,-0.504,27.963,27.504,0.458,OVERRUN by 459.56s,1,0.0500,0,-1.4497,1,0.3000,0,-1.4497,0.000,0.300
504.529,overrun,A_leg2,4.754,-0.504,27.963,27.504,0.458,OVERRUN by 460.59s,1,0.0500,0,-1.4497,1,0.3000,0,-1.4497,0.000,0.300
505.555,overrun,A_leg2,4.754,-0.504,27.963,27.504,0.458,OVERRUN by 461.62s,1,0.0500,0,-1.4497,1,0.3000,0,-1.4497,0.000,0.300
506.578,overrun,A_leg2,4.754,-0.504,27.963,27.504,0.458,OVERRUN by 462.64s,1,0.0500,0,-1.4497,1,0.3000,0,-1.4497,0.000,0.300
507.610,overrun,A_leg2,4.754,-0.504,27.963,27.504,0.458,OVERRUN by 463.67s,1,0.0500,0,-1.4497,1,0.3000,0,-1.4497,0.000,0.300
508.636,overrun,A_leg2,4.754,-0.504,27.963,27.504,0.458,OVERRUN by 464.70s,1,0.0500,0,-1.4497,1,0.3000,0,-1.4497,0.000,0.300
509.669,overrun,A_leg2,4.754,-0.504,27.963,27.504,0.458,OVERRUN by 465.73s,1,0.0500,0,-1.4497,1,0.3000,0,-1.4497,0.000,0.300
510.700,overrun,A_leg2,4.754,-0.504,27.963,27.504,0.458,OVERRUN by 466.76s,1,0.0500,0,-1.4497,1,0.3000,0,-1.4497,0.000,0.300
511.735,overrun,A_leg2,4.754,-0.504,27.963,27.504,0.458,OVERRUN by 467.80s,1,0.0500,0,-1.4497,1,0.3000,0,-1.4497,0.000,0.300
512.772,overrun,A_leg2,4.754,-0.504,27.963,27.504,0.458,OVERRUN by 468.83s,1,0.0500,0,-1.4497,1,0.3000,0,-1.4497,0.000,0.300
513.796,overrun,A_leg2,4.754,-0.504,27.963,27.504,0.458,OVERRUN by 469.86s,1,0.0500,0,-1.4497,1,0.3000,0,-1.4497,0.000,0.300
514.824,overrun,A_leg2,4.754,-0.504,27.963,27.504,0.458,OVERRUN by 470.89s,1,0.0500,0,-1.4497,1,0.3000,0,-1.4497,0.000,0.300
515.853,overrun,A_leg2,4.754,-0.504,27.963,27.504,0.458,OVERRUN by 471.91s,1,0.0500,0,-1.4497,1,0.3000,0,-1.4497,0.000,0.300
516.878,overrun,A_leg2,4.754,-0.504,27.963,27.504,0.458,OVERRUN by 472.94s,1,0.0500,0,-1.4497,1,0.3000,0,-1.4497,0.000,0.300
517.904,overrun,A_leg2,4.754,-0.504,27.963,27.504,0.458,OVERRUN by 473.97s,1,0.0500,0,-1.4497,1,0.3000,0,-1.4497,0.000,0.300
518.943,overrun,A_leg2,4.754,-0.504,27.963,27.504,0.458,OVERRUN by 475.01s,1,0.0500,0,-1.4497,1,0.3000,0,-1.4497,0.000,0.300
519.969,overrun,A_leg2,4.754,-0.504,27.963,27.504,0.458,OVERRUN by 476.03s,1,0.0500,0,-1.4497,1,0.3000,0,-1.4497,0.000,0.300
521.000,overrun,A_leg2,4.754,-0.504,27.963,27.504,0.458,OVERRUN by 477.06s,1,0.0500,0,-1.4497,1,0.3000,0,-1.4497,0.000,0.300
522.028,overrun,A_leg2,4.754,-0.504,27.963,27.504,0.458,OVERRUN by 478.09s,1,0.0500,0,-1.4497,1,0.3000,0,-1.4497,0.000,0.300
523.058,overrun,A_leg2,4.754,-0.504,27.963,27.504,0.458,OVERRUN by 479.12s,1,0.0500,0,-1.4497,1,0.3000,0,-1.4497,0.000,0.300
524.079,overrun,A_leg2,4.754,-0.504,27.963,27.504,0.458,OVERRUN by 480.14s,1,0.0500,0,-1.4497,1,0.3000,0,-1.4497,0.000,0.300
525.093,overrun,A_leg2,4.754,-0.504,27.963,27.504,0.458,OVERRUN by 481.16s,1,0.0500,0,-1.4497,1,0.3000,0,-1.4497,0.000,0.300
526.125,overrun,A_leg2,4.754,-0.504,27.963,27.504,0.458,OVERRUN by 482.19s,1,0.0500,0,-1.4497,1,0.3000,0,-1.4497,0.000,0.300
527.138,overrun,A_leg2,4.754,-0.504,27.963,27.504,0.458,OVERRUN by 483.20s,1,0.0500,0,-1.4497,1,0.3000,0,-1.4497,0.000,0.300
528.166,overrun,A_leg2,4.754,-0.504,27.963,27.504,0.458,OVERRUN by 484.23s,1,0.0500,0,-1.4497,1,0.3000,0,-1.4497,0.000,0.300
529.201,overrun,A_leg2,4.754,-0.504,27.963,27.504,0.458,OVERRUN by 485.26s,1,0.0500,0,-1.4497,1,0.3000,0,-1.4497,0.000,0.300
530.238,overrun,A_leg2,4.754,-0.504,27.963,27.504,0.458,OVERRUN by 486.30s,1,0.0500,0,-1.4497,1,0.3000,0,-1.4497,0.000,0.300
531.261,overrun,A_leg2,4.754,-0.504,27.963,27.504,0.458,OVERRUN by 487.32s,1,0.0500,0,-1.4497,1,0.3000,0,-1.4497,0.000,0.300
532.292,overrun,A_leg2,4.754,-0.504,27.963,27.504,0.458,OVERRUN by 488.35s,1,0.0500,0,-1.4497,1,0.3000,0,-1.4497,0.000,0.300
533.311,overrun,A_leg2,4.754,-0.504,27.963,27.504,0.458,OVERRUN by 489.37s,1,0.0500,0,-1.4497,1,0.3000,0,-1.4497,0.000,0.300
534.338,overrun,A_leg2,4.754,-0.504,27.963,27.504,0.458,OVERRUN by 490.40s,1,0.0500,0,-1.4497,1,0.3000,0,-1.4497,0.000,0.300
535.350,overrun,A_leg2,4.754,-0.504,27.963,27.504,0.458,OVERRUN by 491.41s,1,0.0500,0,-1.4497,1,0.3000,0,-1.4497,0.000,0.300
536.367,overrun,A_leg2,4.754,-0.504,27.963,27.504,0.458,OVERRUN by 492.43s,1,0.0500,0,-1.4497,1,0.3000,0,-1.4497,0.000,0.300
537.392,overrun,A_leg2,4.754,-0.504,27.963,27.504,0.458,OVERRUN by 493.45s,1,0.0500,0,-1.4497,1,0.3000,0,-1.4497,0.000,0.300
538.420,overrun,A_leg2,4.754,-0.504,27.963,27.504,0.458,OVERRUN by 494.48s,1,0.0500,0,-1.4497,1,0.3000,0,-1.4497,0.000,0.300
539.449,overrun,A_leg2,4.754,-0.504,27.963,27.504,0.458,OVERRUN by 495.51s,1,0.0500,0,-1.4497,1,0.3000,0,-1.4497,0.000,0.300
540.480,overrun,A_leg2,4.754,-0.504,27.963,27.504,0.458,OVERRUN by 496.54s,1,0.0500,0,-1.4497,1,0.3000,0,-1.4497,0.000,0.300
541.500,overrun,A_leg2,4.754,-0.504,27.963,27.504,0.458,OVERRUN by 497.56s,1,0.0500,0,-1.4497,1,0.3000,0,-1.4497,0.000,0.300
542.525,overrun,A_leg2,4.754,-0.504,27.963,27.504,0.458,OVERRUN by 498.59s,1,0.0500,0,-1.4497,1,0.3000,0,-1.4497,0.000,0.300
543.560,overrun,A_leg2,4.754,-0.504,27.963,27.504,0.458,OVERRUN by 499.62s,1,0.0500,0,-1.4497,1,0.3000,0,-1.4497,0.000,0.300
544.592,overrun,A_leg2,4.754,-0.504,27.963,27.504,0.458,OVERRUN by 500.65s,1,0.0500,0,-1.4497,1,0.3000,0,-1.4497,0.000,0.300
545.619,overrun,A_leg2,4.754,-0.504,27.963,27.504,0.458,OVERRUN by 501.68s,1,0.0500,0,-1.4497,1,0.3000,0,-1.4497,0.000,0.300
546.663,overrun,A_leg2,4.754,-0.504,27.963,27.504,0.458,OVERRUN by 502.73s,1,0.0500,0,-1.4497,1,0.3000,0,-1.4497,0.000,0.300
547.688,overrun,A_leg2,4.754,-0.504,27.963,27.504,0.458,OVERRUN by 503.75s,1,0.0500,0,-1.4497,1,0.3000,0,-1.4497,0.000,0.300
548.719,overrun,A_leg2,4.754,-0.504,27.963,27.504,0.458,OVERRUN by 504.78s,1,0.0500,0,-1.4497,1,0.3000,0,-1.4497,0.000,0.300
549.759,overrun,A_leg2,4.754,-0.504,27.963,27.504,0.458,OVERRUN by 505.82s,1,0.0500,0,-1.4497,1,0.3000,0,-1.4497,0.000,0.300
550.778,overrun,A_leg2,4.754,-0.504,27.963,27.504,0.458,OVERRUN by 506.84s,1,0.0500,0,-1.4497,1,0.3000,0,-1.4497,0.000,0.300
551.801,overrun,A_leg2,4.754,-0.504,27.963,27.504,0.458,OVERRUN by 507.86s,1,0.0500,0,-1.4497,1,0.3000,0,-1.4497,0.000,0.300
552.828,overrun,A_leg2,4.754,-0.504,27.963,27.504,0.458,OVERRUN by 508.89s,1,0.0500,0,-1.4497,1,0.3000,0,-1.4497,0.000,0.300
553.863,overrun,A_leg2,4.754,-0.504,27.963,27.504,0.458,OVERRUN by 509.93s,1,0.0500,0,-1.4497,1,0.3000,0,-1.4497,0.000,0.300
554.895,overrun,A_leg2,4.754,-0.504,27.963,27.504,0.458,OVERRUN by 510.96s,1,0.0500,0,-1.4497,1,0.3000,0,-1.4497,0.000,0.300
555.919,overrun,A_leg2,4.754,-0.504,27.963,27.504,0.458,OVERRUN by 511.98s,1,0.0500,0,-1.4497,1,0.3000,0,-1.4497,0.000,0.300
556.949,overrun,A_leg2,4.754,-0.504,27.963,27.504,0.458,OVERRUN by 513.01s,1,0.0500,0,-1.4497,1,0.3000,0,-1.4497,0.000,0.300
557.969,overrun,A_leg2,4.754,-0.504,27.963,27.504,0.458,OVERRUN by 514.03s,1,0.0500,0,-1.4497,1,0.3000,0,-1.4497,0.000,0.300
558.998,overrun,A_leg2,4.754,-0.504,27.963,27.504,0.458,OVERRUN by 515.06s,1,0.0500,0,-1.4497,1,0.3000,0,-1.4497,0.000,0.300
560.025,overrun,A_leg2,4.754,-0.504,27.963,27.504,0.458,OVERRUN by 516.09s,1,0.0500,0,-1.4497,1,0.3000,0,-1.4497,0.000,0.300
561.058,overrun,A_leg2,4.754,-0.504,27.963,27.504,0.458,OVERRUN by 517.12s,1,0.0500,0,-1.4497,1,0.3000,0,-1.4497,0.000,0.300
562.083,overrun,A_leg2,4.754,-0.504,27.963,27.504,0.458,OVERRUN by 518.15s,1,0.0500,0,-1.4497,1,0.3000,0,-1.4497,0.000,0.300
563.111,overrun,A_leg2,4.754,-0.504,27.963,27.504,0.458,OVERRUN by 519.17s,1,0.0500,0,-1.4497,1,0.3000,0,-1.4497,0.000,0.300
564.141,overrun,A_leg2,4.754,-0.504,27.963,27.504,0.458,OVERRUN by 520.20s,1,0.0500,0,-1.4497,1,0.3000,0,-1.4497,0.000,0.300
565.162,overrun,A_leg2,4.754,-0.504,27.963,27.504,0.458,OVERRUN by 521.22s,1,0.0500,0,-1.4497,1,0.3000,0,-1.4497,0.000,0.300
566.192,overrun,A_leg2,4.754,-0.504,27.963,27.504,0.458,OVERRUN by 522.25s,1,0.0500,0,-1.4497,1,0.3000,0,-1.4497,0.000,0.300
567.230,overrun,A_leg2,4.754,-0.504,27.963,27.504,0.458,OVERRUN by 523.29s,1,0.0500,0,-1.4497,1,0.3000,0,-1.4497,0.000,0.300
568.244,overrun,A_leg2,4.754,-0.504,27.963,27.504,0.458,OVERRUN by 524.31s,1,0.0500,0,-1.4497,1,0.3000,0,-1.4497,0.000,0.300
569.260,overrun,A_leg2,4.754,-0.504,27.963,27.504,0.458,OVERRUN by 525.32s,1,0.0500,0,-1.4497,1,0.3000,0,-1.4497,0.000,0.300
570.294,overrun,A_leg2,4.754,-0.504,27.963,27.504,0.458,OVERRUN by 526.36s,1,0.0500,0,-1.4497,1,0.3000,0,-1.4497,0.000,0.300
571.321,overrun,A_leg2,4.754,-0.504,27.963,27.504,0.458,OVERRUN by 527.38s,1,0.0500,0,-1.4497,1,0.3000,0,-1.4497,0.000,0.300
572.346,overrun,A_leg2,4.754,-0.504,27.963,27.504,0.458,OVERRUN by 528.41s,1,0.0500,0,-1.4497,1,0.3000,0,-1.4497,0.000,0.300
573.371,overrun,A_leg2,4.754,-0.504,27.963,27.504,0.458,OVERRUN by 529.43s,1,0.0500,0,-1.4497,1,0.3000,0,-1.4497,0.000,0.300
574.393,overrun,A_leg2,4.754,-0.504,27.963,27.504,0.458,OVERRUN by 530.46s,1,0.0500,0,-1.4497,1,0.3000,0,-1.4497,0.000,0.300
575.417,overrun,A_leg2,4.754,-0.504,27.963,27.504,0.458,OVERRUN by 531.48s,1,0.0500,0,-1.4497,1,0.3000,0,-1.4497,0.000,0.300
576.441,overrun,A_leg2,4.754,-0.504,27.963,27.504,0.458,OVERRUN by 532.50s,1,0.0500,0,-1.4497,1,0.3000,0,-1.4497,0.000,0.300
577.473,overrun,A_leg2,4.754,-0.504,27.963,27.504,0.458,OVERRUN by 533.54s,1,0.0500,0,-1.4497,1,0.3000,0,-1.4497,0.000,0.300
578.507,overrun,A_leg2,4.754,-0.504,27.963,27.504,0.458,OVERRUN by 534.57s,1,0.0500,0,-1.4497,1,0.3000,0,-1.4497,0.000,0.300
579.536,overrun,A_leg2,4.754,-0.504,27.963,27.504,0.458,OVERRUN by 535.60s,1,0.0500,0,-1.4497,1,0.3000,0,-1.4497,0.000,0.300
580.564,overrun,A_leg2,4.754,-0.504,27.963,27.504,0.458,OVERRUN by 536.63s,1,0.0500,0,-1.4497,1,0.3000,0,-1.4497,0.000,0.300
581.603,overrun,A_leg2,4.754,-0.504,27.963,27.504,0.458,OVERRUN by 537.67s,1,0.0500,0,-1.4497,1,0.3000,0,-1.4497,0.000,0.300
582.645,overrun,A_leg2,4.754,-0.504,27.963,27.504,0.458,OVERRUN by 538.71s,1,0.0500,0,-1.4497,1,0.3000,0,-1.4497,0.000,0.300
583.668,overrun,A_leg2,4.754,-0.504,27.963,27.504,0.458,OVERRUN by 539.73s,1,0.0500,0,-1.4497,1,0.3000,0,-1.4497,0.000,0.300
584.703,overrun,A_leg2,4.754,-0.504,27.963,27.504,0.458,OVERRUN by 540.77s,1,0.0500,0,-1.4497,1,0.3000,0,-1.4497,0.000,0.300
585.726,overrun,A_leg2,4.754,-0.504,27.963,27.504,0.458,OVERRUN by 541.79s,1,0.0500,0,-1.4497,1,0.3000,0,-1.4497,0.000,0.300
586.761,overrun,A_leg2,4.754,-0.504,27.963,27.504,0.458,OVERRUN by 542.82s,1,0.0500,0,-1.4497,1,0.3000,0,-1.4497,0.000,0.300
587.799,overrun,A_leg2,4.754,-0.504,27.963,27.504,0.458,OVERRUN by 543.86s,1,0.0500,0,-1.4497,1,0.3000,0,-1.4497,0.000,0.300
588.838,overrun,A_leg2,4.754,-0.504,27.963,27.504,0.458,OVERRUN by 544.90s,1,0.0500,0,-1.4497,1,0.3000,0,-1.4497,0.000,0.300
589.877,overrun,A_leg2,4.754,-0.504,27.963,27.504,0.458,OVERRUN by 545.94s,1,0.0500,0,-1.4497,1,0.3000,0,-1.4497,0.000,0.300
590.899,overrun,A_leg2,4.754,-0.504,27.963,27.504,0.458,OVERRUN by 546.96s,1,0.0500,0,-1.4497,1,0.3000,0,-1.4497,0.000,0.300
591.929,overrun,A_leg2,4.754,-0.504,27.963,27.504,0.458,OVERRUN by 547.99s,1,0.0500,0,-1.4497,1,0.3000,0,-1.4497,0.000,0.300
592.961,overrun,A_leg2,4.754,-0.504,27.963,27.504,0.458,OVERRUN by 549.02s,1,0.0500,0,-1.4497,1,0.3000,0,-1.4497,0.000,0.300
593.981,overrun,A_leg2,4.754,-0.504,27.963,27.504,0.458,OVERRUN by 550.04s,1,0.0500,0,-1.4497,1,0.3000,0,-1.4497,0.000,0.300
594.999,overrun,A_leg2,4.754,-0.504,27.963,27.504,0.458,OVERRUN by 551.06s,1,0.0500,0,-1.4497,1,0.3000,0,-1.4497,0.000,0.300
596.032,overrun,A_leg2,4.754,-0.504,27.963,27.504,0.458,OVERRUN by 552.09s,1,0.0500,0,-1.4497,1,0.3000,0,-1.4497,0.000,0.300
597.049,overrun,A_leg2,4.754,-0.504,27.963,27.504,0.458,OVERRUN by 553.11s,1,0.0500,0,-1.4497,1,0.3000,0,-1.4497,0.000,0.300
598.071,overrun,A_leg2,4.754,-0.504,27.963,27.504,0.458,OVERRUN by 554.13s,1,0.0500,0,-1.4497,1,0.3000,0,-1.4497,0.000,0.300
599.091,overrun,A_leg2,4.754,-0.504,27.963,27.504,0.458,OVERRUN by 555.15s,1,0.0500,0,-1.4497,1,0.3000,0,-1.4497,0.000,0.300
600.123,overrun,A_leg2,4.754,-0.504,27.963,27.504,0.458,OVERRUN by 556.19s,1,0.0500,0,-1.4497,1,0.3000,0,-1.4497,0.000,0.300
601.148,overrun,A_leg2,4.754,-0.504,27.963,27.504,0.458,OVERRUN by 557.21s,1,0.0500,0,-1.4497,1,0.3000,0,-1.4497,0.000,0.300
602.182,overrun,A_leg2,4.754,-0.504,27.963,27.504,0.458,OVERRUN by 558.24s,1,0.0500,0,-1.4497,1,0.3000,0,-1.4497,0.000,0.300
603.199,overrun,A_leg2,4.754,-0.504,27.963,27.504,0.458,OVERRUN by 559.26s,1,0.0500,0,-1.4497,1,0.3000,0,-1.4497,0.000,0.300
604.224,overrun,A_leg2,4.754,-0.504,27.963,27.504,0.458,OVERRUN by 560.29s,1,0.0500,0,-1.4497,1,0.3000,0,-1.4497,0.000,0.300
605.247,overrun,A_leg2,4.754,-0.504,27.963,27.504,0.458,OVERRUN by 561.31s,1,0.0500,0,-1.4497,1,0.3000,0,-1.4497,0.000,0.300
606.282,overrun,A_leg2,4.754,-0.504,27.963,27.504,0.458,OVERRUN by 562.34s,1,0.0500,0,-1.4497,1,0.3000,0,-1.4497,0.000,0.300
607.296,overrun,A_leg2,4.754,-0.504,27.963,27.504,0.458,OVERRUN by 563.36s,1,0.0500,0,-1.4497,1,0.3000,0,-1.4497,0.000,0.300
608.321,overrun,A_leg2,4.754,-0.504,27.963,27.504,0.458,OVERRUN by 564.38s,1,0.0500,0,-1.4497,1,0.3000,0,-1.4497,0.000,0.300
609.351,overrun,A_leg2,4.754,-0.504,27.963,27.504,0.458,OVERRUN by 565.41s,1,0.0500,0,-1.4497,1,0.3000,0,-1.4497,0.000,0.300
610.376,overrun,A_leg2,4.754,-0.504,27.963,27.504,0.458,OVERRUN by 566.44s,1,0.0500,0,-1.4497,1,0.3000,0,-1.4497,0.000,0.300
611.405,overrun,A_leg2,4.754,-0.504,27.963,27.504,0.458,OVERRUN by 567.47s,1,0.0500,0,-1.4497,1,0.3000,0,-1.4497,0.000,0.300
612.426,overrun,A_leg2,4.754,-0.504,27.963,27.504,0.458,OVERRUN by 568.49s,1,0.0500,0,-1.4497,1,0.3000,0,-1.4497,0.000,0.300
613.453,overrun,A_leg2,4.754,-0.504,27.963,27.504,0.458,OVERRUN by 569.52s,1,0.0500,0,-1.4497,1,0.3000,0,-1.4497,0.000,0.300
614.474,overrun,A_leg2,4.754,-0.504,27.963,27.504,0.458,OVERRUN by 570.54s,1,0.0500,0,-1.4497,1,0.3000,0,-1.4497,0.000,0.300
615.497,overrun,A_leg2,4.754,-0.504,27.963,27.504,0.458,OVERRUN by 571.56s,1,0.0500,0,-1.4497,1,0.3000,0,-1.4497,0.000,0.300
616.519,overrun,A_leg2,4.754,-0.504,27.963,27.504,0.458,OVERRUN by 572.58s,1,0.0500,0,-1.4497,1,0.3000,0,-1.4497,0.000,0.300
617.543,overrun,A_leg2,4.754,-0.504,27.963,27.504,0.458,OVERRUN by 573.61s,1,0.0500,0,-1.4497,1,0.3000,0,-1.4497,0.000,0.300
618.579,overrun,A_leg2,4.754,-0.504,27.963,27.504,0.458,OVERRUN by 574.64s,1,0.0500,0,-1.4497,1,0.3000,0,-1.4497,0.000,0.300
619.610,overrun,A_leg2,4.754,-0.504,27.963,27.504,0.458,OVERRUN by 575.67s,1,0.0500,0,-1.4497,1,0.3000,0,-1.4497,0.000,0.300
620.638,overrun,A_leg2,4.754,-0.504,27.963,27.504,0.458,OVERRUN by 576.70s,1,0.0500,0,-1.4497,1,0.3000,0,-1.4497,0.000,0.300
621.671,overrun,A_leg2,4.754,-0.504,27.963,27.504,0.458,OVERRUN by 577.73s,1,0.0500,0,-1.4497,1,0.3000,0,-1.4497,0.000,0.300
622.704,overrun,A_leg2,4.754,-0.504,27.963,27.504,0.458,OVERRUN by 578.77s,1,0.0500,0,-1.4497,1,0.3000,0,-1.4497,0.000,0.300
623.734,overrun,A_leg2,4.754,-0.504,27.963,27.504,0.458,OVERRUN by 579.80s,1,0.0500,0,-1.4497,1,0.3000,0,-1.4497,0.000,0.300
624.754,overrun,A_leg2,4.754,-0.504,27.963,27.504,0.458,OVERRUN by 580.82s,1,0.0500,0,-1.4497,1,0.3000,0,-1.4497,0.000,0.300
625.770,overrun,A_leg2,4.754,-0.504,27.963,27.504,0.458,OVERRUN by 581.83s,1,0.0500,0,-1.4497,1,0.3000,0,-1.4497,0.000,0.300
626.792,overrun,A_leg2,4.754,-0.504,27.963,27.504,0.458,OVERRUN by 582.85s,1,0.0500,0,-1.4497,1,0.3000,0,-1.4497,0.000,0.300
627.820,overrun,A_leg2,4.754,-0.504,27.963,27.504,0.458,OVERRUN by 583.88s,1,0.0500,0,-1.4497,1,0.3000,0,-1.4497,0.000,0.300
628.849,overrun,A_leg2,4.754,-0.504,27.963,27.504,0.458,OVERRUN by 584.91s,1,0.0500,0,-1.4497,1,0.3000,0,-1.4497,0.000,0.300
629.876,overrun,A_leg2,4.754,-0.504,27.963,27.504,0.458,OVERRUN by 585.94s,1,0.0500,0,-1.4497,1,0.3000,0,-1.4497,0.000,0.300
630.909,overrun,A_leg2,4.754,-0.504,27.963,27.504,0.458,OVERRUN by 586.97s,1,0.0500,0,-1.4497,1,0.3000,0,-1.4497,0.000,0.300
631.939,overrun,A_leg2,4.754,-0.504,27.963,27.504,0.458,OVERRUN by 588.00s,1,0.0500,0,-1.4497,1,0.3000,0,-1.4497,0.000,0.300
632.956,overrun,A_leg2,4.754,-0.504,27.963,27.504,0.458,OVERRUN by 589.02s,1,0.0500,0,-1.4497,1,0.3000,0,-1.4497,0.000,0.300
633.984,overrun,A_leg2,4.754,-0.504,27.963,27.504,0.458,OVERRUN by 590.05s,1,0.0500,0,-1.4497,1,0.3000,0,-1.4497,0.000,0.300
635.016,overrun,A_leg2,4.754,-0.504,27.963,27.504,0.458,OVERRUN by 591.08s,1,0.0500,0,-1.4497,1,0.3000,0,-1.4497,0.000,0.300
636.041,overrun,A_leg2,4.754,-0.504,27.963,27.504,0.458,OVERRUN by 592.10s,1,0.0500,0,-1.4497,1,0.3000,0,-1.4497,0.000,0.300
637.071,overrun,A_leg2,4.754,-0.504,27.963,27.504,0.458,OVERRUN by 593.13s,1,0.0500,0,-1.4497,1,0.3000,0,-1.4497,0.000,0.300
638.106,overrun,A_leg2,4.754,-0.504,27.963,27.504,0.458,OVERRUN by 594.17s,1,0.0500,0,-1.4497,1,0.3000,0,-1.4497,0.000,0.300
639.143,overrun,A_leg2,4.754,-0.504,27.963,27.504,0.458,OVERRUN by 595.21s,1,0.0500,0,-1.4497,1,0.3000,0,-1.4497,0.000,0.300
640.177,overrun,A_leg2,4.754,-0.504,27.963,27.504,0.458,OVERRUN by 596.24s,1,0.0500,0,-1.4497,1,0.3000,0,-1.4497,0.000,0.300
641.208,overrun,A_leg2,4.754,-0.504,27.963,27.504,0.458,OVERRUN by 597.27s,1,0.0500,0,-1.4497,1,0.3000,0,-1.4497,0.000,0.300
642.225,overrun,A_leg2,4.754,-0.504,27.963,27.504,0.458,OVERRUN by 598.29s,1,0.0500,0,-1.4497,1,0.3000,0,-1.4497,0.000,0.300
643.250,overrun,A_leg2,4.754,-0.504,27.963,27.504,0.458,OVERRUN by 599.31s,1,0.0500,0,-1.4497,1,0.3000,0,-1.4497,0.000,0.300
644.291,overrun,A_leg2,4.754,-0.504,27.963,27.504,0.458,OVERRUN by 600.35s,1,0.0500,0,-1.4497,1,0.3000,0,-1.4497,0.000,0.300
645.325,overrun,A_leg2,4.754,-0.504,27.963,27.504,0.458,OVERRUN by 601.39s,1,0.0500,0,-1.4497,1,0.3000,0,-1.4497,0.000,0.300
646.352,overrun,A_leg2,4.754,-0.504,27.963,27.504,0.458,OVERRUN by 602.41s,1,0.0500,0,-1.4497,1,0.3000,0,-1.4497,0.000,0.300
647.378,overrun,A_leg2,4.754,-0.504,27.963,27.504,0.458,OVERRUN by 603.44s,1,0.0500,0,-1.4497,1,0.3000,0,-1.4497,0.000,0.300
648.403,overrun,A_leg2,4.754,-0.504,27.963,27.504,0.458,OVERRUN by 604.47s,1,0.0500,0,-1.4497,1,0.3000,0,-1.4497,0.000,0.300
649.436,overrun,A_leg2,4.754,-0.504,27.963,27.504,0.458,OVERRUN by 605.50s,1,0.0500,0,-1.4497,1,0.3000,0,-1.4497,0.000,0.300
650.464,overrun,A_leg2,4.754,-0.504,27.963,27.504,0.458,OVERRUN by 606.53s,1,0.0500,0,-1.4497,1,0.3000,0,-1.4497,0.000,0.300
651.502,overrun,A_leg2,4.754,-0.504,27.963,27.504,0.458,OVERRUN by 607.56s,1,0.0500,0,-1.4497,1,0.3000,0,-1.4497,0.000,0.300
652.532,overrun,A_leg2,4.754,-0.504,27.963,27.504,0.458,OVERRUN by 608.59s,1,0.0500,0,-1.4497,1,0.3000,0,-1.4497,0.000,0.300
653.571,overrun,A_leg2,4.754,-0.504,27.963,27.504,0.458,OVERRUN by 609.63s,1,0.0500,0,-1.4497,1,0.3000,0,-1.4497,0.000,0.300
654.592,overrun,A_leg2,4.754,-0.504,27.963,27.504,0.458,OVERRUN by 610.65s,1,0.0500,0,-1.4497,1,0.3000,0,-1.4497,0.000,0.300
655.616,overrun,A_leg2,4.754,-0.504,27.963,27.504,0.458,OVERRUN by 611.68s,1,0.0500,0,-1.4497,1,0.3000,0,-1.4497,0.000,0.300
656.637,overrun,A_leg2,4.754,-0.504,27.963,27.504,0.458,OVERRUN by 612.70s,1,0.0500,0,-1.4497,1,0.3000,0,-1.4497,0.000,0.300
657.663,overrun,A_leg2,4.754,-0.504,27.963,27.504,0.458,OVERRUN by 613.72s,1,0.0500,0,-1.4497,1,0.3000,0,-1.4497,0.000,0.300
658.701,overrun,A_leg2,4.754,-0.504,27.963,27.504,0.458,OVERRUN by 614.76s,1,0.0500,0,-1.4497,1,0.3000,0,-1.4497,0.000,0.300
659.740,overrun,A_leg2,4.754,-0.504,27.963,27.504,0.458,OVERRUN by 615.80s,1,0.0500,0,-1.4497,1,0.3000,0,-1.4497,0.000,0.300
660.771,overrun,A_leg2,4.754,-0.504,27.963,27.504,0.458,OVERRUN by 616.83s,1,0.0500,0,-1.4497,1,0.3000,0,-1.4497,0.000,0.300
661.798,overrun,A_leg2,4.754,-0.504,27.963,27.504,0.458,OVERRUN by 617.86s,1,0.0500,0,-1.4497,1,0.3000,0,-1.4497,0.000,0.300
662.830,overrun,A_leg2,4.754,-0.504,27.963,27.504,0.458,OVERRUN by 618.89s,1,0.0500,0,-1.4497,1,0.3000,0,-1.4497,0.000,0.300
663.862,overrun,A_leg2,4.754,-0.504,27.963,27.504,0.458,OVERRUN by 619.92s,1,0.0500,0,-1.4497,1,0.3000,0,-1.4497,0.000,0.300
664.892,overrun,A_leg2,4.754,-0.504,27.963,27.504,0.458,OVERRUN by 620.95s,1,0.0500,0,-1.4497,1,0.3000,0,-1.4497,0.000,0.300
665.913,overrun,A_leg2,4.754,-0.504,27.963,27.504,0.458,OVERRUN by 621.98s,1,0.0500,0,-1.4497,1,0.3000,0,-1.4497,0.000,0.300
666.948,overrun,A_leg2,4.754,-0.504,27.963,27.504,0.458,OVERRUN by 623.01s,1,0.0500,0,-1.4497,1,0.3000,0,-1.4497,0.000,0.300
667.981,overrun,A_leg2,4.754,-0.504,27.963,27.504,0.458,OVERRUN by 624.04s,1,0.0500,0,-1.4497,1,0.3000,0,-1.4497,0.000,0.300
668.996,overrun,A_leg2,4.754,-0.504,27.963,27.504,0.458,OVERRUN by 625.06s,1,0.0500,0,-1.4497,1,0.3000,0,-1.4497,0.000,0.300
670.024,overrun,A_leg2,4.754,-0.504,27.963,27.504,0.458,OVERRUN by 626.09s,1,0.0500,0,-1.4497,1,0.3000,0,-1.4497,0.000,0.300
671.065,overrun,A_leg2,4.754,-0.504,27.963,27.504,0.458,OVERRUN by 627.13s,1,0.0500,0,-1.4497,1,0.3000,0,-1.4497,0.000,0.300
672.091,overrun,A_leg2,4.754,-0.504,27.963,27.504,0.458,OVERRUN by 628.15s,1,0.0500,0,-1.4497,1,0.3000,0,-1.4497,0.000,0.300
673.133,overrun,A_leg2,4.754,-0.504,27.963,27.504,0.458,OVERRUN by 629.20s,1,0.0500,0,-1.4497,1,0.3000,0,-1.4497,0.000,0.300
674.153,overrun,A_leg2,4.754,-0.504,27.963,27.504,0.458,OVERRUN by 630.22s,1,0.0500,0,-1.4497,1,0.3000,0,-1.4497,0.000,0.300
675.175,overrun,A_leg2,4.754,-0.504,27.963,27.504,0.458,OVERRUN by 631.24s,1,0.0500,0,-1.4497,1,0.3000,0,-1.4497,0.000,0.300
676.205,overrun,A_leg2,4.754,-0.504,27.963,27.504,0.458,OVERRUN by 632.27s,1,0.0500,0,-1.4497,1,0.3000,0,-1.4497,0.000,0.300
677.248,overrun,A_leg2,4.754,-0.504,27.963,27.504,0.458,OVERRUN by 633.31s,1,0.0500,0,-1.4497,1,0.3000,0,-1.4497,0.000,0.300
678.294,overrun,A_leg2,4.754,-0.504,27.963,27.504,0.458,OVERRUN by 634.36s,1,0.0500,0,-1.4497,1,0.3000,0,-1.4497,0.000,0.300
679.340,overrun,A_leg2,4.754,-0.504,27.963,27.504,0.458,OVERRUN by 635.40s,1,0.0500,0,-1.4497,1,0.3000,0,-1.4497,0.000,0.300
680.377,overrun,A_leg2,4.754,-0.504,27.963,27.504,0.458,OVERRUN by 636.44s,1,0.0500,0,-1.4497,1,0.3000,0,-1.4497,0.000,0.300
681.423,overrun,A_leg2,4.754,-0.504,27.963,27.504,0.458,OVERRUN by 637.49s,1,0.0500,0,-1.4497,1,0.3000,0,-1.4497,0.000,0.300
682.439,overrun,A_leg2,4.754,-0.504,27.963,27.504,0.458,OVERRUN by 638.50s,1,0.0500,0,-1.4497,1,0.3000,0,-1.4497,0.000,0.300
683.475,overrun,A_leg2,4.754,-0.504,27.963,27.504,0.458,OVERRUN by 639.54s,1,0.0500,0,-1.4497,1,0.3000,0,-1.4497,0.000,0.300
684.514,overrun,A_leg2,4.754,-0.504,27.963,27.504,0.458,OVERRUN by 640.58s,1,0.0500,0,-1.4497,1,0.3000,0,-1.4497,0.000,0.300
685.541,overrun,A_leg2,4.754,-0.504,27.963,27.504,0.458,OVERRUN by 641.60s,1,0.0500,0,-1.4497,1,0.3000,0,-1.4497,0.000,0.300
686.541,overrun,A_leg2,4.754,-0.504,27.963,27.504,0.458,OVERRUN by 642.60s,1,0.0500,0,-1.4497,1,0.3000,0,-1.4497,0.000,0.300
687.544,overrun,A_leg2,4.754,-0.504,27.963,27.504,0.458,OVERRUN by 643.61s,1,0.0500,0,-1.4497,1,0.3000,0,-1.4497,0.000,0.300
688.600,overrun,A_leg2,4.754,-0.504,27.963,27.504,0.458,OVERRUN by 644.66s,1,0.0500,0,-1.4497,1,0.3000,0,-1.4497,0.000,0.300
689.627,overrun,A_leg2,4.754,-0.504,27.963,27.504,0.458,OVERRUN by 645.69s,1,0.0500,0,-1.4497,1,0.3000,0,-1.4497,0.000,0.300
690.655,overrun,A_leg2,4.754,-0.504,27.963,27.504,0.458,OVERRUN by 646.72s,1,0.0500,0,-1.4497,1,0.3000,0,-1.4497,0.000,0.300
691.678,overrun,A_leg2,4.754,-0.504,27.963,27.504,0.458,OVERRUN by 647.74s,1,0.0500,0,-1.4497,1,0.3000,0,-1.4497,0.000,0.300
692.703,overrun,A_leg2,4.754,-0.504,27.963,27.504,0.458,OVERRUN by 648.76s,1,0.0500,0,-1.4497,1,0.3000,0,-1.4497,0.000,0.300
693.724,overrun,A_leg2,4.754,-0.504,27.963,27.504,0.458,OVERRUN by 649.79s,1,0.0500,0,-1.4497,1,0.3000,0,-1.4497,0.000,0.300
694.771,overrun,A_leg2,4.754,-0.504,27.963,27.504,0.458,OVERRUN by 650.83s,1,0.0500,0,-1.4497,1,0.3000,0,-1.4497,0.000,0.300
695.806,overrun,A_leg2,4.754,-0.504,27.963,27.504,0.458,OVERRUN by 651.87s,1,0.0500,0,-1.4497,1,0.3000,0,-1.4497,0.000,0.300
696.863,overrun,A_leg2,4.754,-0.504,27.963,27.504,0.458,OVERRUN by 652.93s,1,0.0500,0,-1.4497,1,0.3000,0,-1.4497,0.000,0.300
697.901,overrun,A_leg2,4.754,-0.504,27.963,27.504,0.458,OVERRUN by 653.96s,1,0.0500,0,-1.4497,1,0.3000,0,-1.4497,0.000,0.300
698.938,overrun,A_leg2,4.754,-0.504,27.963,27.504,0.458,OVERRUN by 655.00s,1,0.0500,0,-1.4497,1,0.3000,0,-1.4497,0.000,0.300
699.979,overrun,A_leg2,4.754,-0.504,27.963,27.504,0.458,OVERRUN by 656.04s,1,0.0500,0,-1.4497,1,0.3000,0,-1.4497,0.000,0.300
701.015,overrun,A_leg2,4.754,-0.504,27.963,27.504,0.458,OVERRUN by 657.08s,1,0.0500,0,-1.4497,1,0.3000,0,-1.4497,0.000,0.300
702.034,overrun,A_leg2,4.754,-0.504,27.963,27.504,0.458,OVERRUN by 658.10s,1,0.0500,0,-1.4497,1,0.3000,0,-1.4497,0.000,0.300
703.038,overrun,A_leg2,4.754,-0.504,27.963,27.504,0.458,OVERRUN by 659.10s,1,0.0500,0,-1.4497,1,0.3000,0,-1.4497,0.000,0.300
704.094,overrun,A_leg2,4.754,-0.504,27.963,27.504,0.458,OVERRUN by 660.16s,1,0.0500,0,-1.4497,1,0.3000,0,-1.4497,0.000,0.300
705.099,overrun,A_leg2,4.754,-0.504,27.963,27.504,0.458,OVERRUN by 661.16s,1,0.0500,0,-1.4497,1,0.3000,0,-1.4497,0.000,0.300
706.142,overrun,A_leg2,4.754,-0.504,27.963,27.504,0.458,OVERRUN by 662.20s,1,0.0500,0,-1.4497,1,0.3000,0,-1.4497,0.000,0.300
707.185,overrun,A_leg2,4.754,-0.504,27.963,27.504,0.458,OVERRUN by 663.25s,1,0.0500,0,-1.4497,1,0.3000,0,-1.4497,0.000,0.300
708.212,overrun,A_leg2,4.754,-0.504,27.963,27.504,0.458,OVERRUN by 664.27s,1,0.0500,0,-1.4497,1,0.3000,0,-1.4497,0.000,0.300
709.261,overrun,A_leg2,4.754,-0.504,27.963,27.504,0.458,OVERRUN by 665.32s,1,0.0500,0,-1.4497,1,0.3000,0,-1.4497,0.000,0.300
710.267,overrun,A_leg2,4.754,-0.504,27.963,27.504,0.458,OVERRUN by 666.33s,1,0.0500,0,-1.4497,1,0.3000,0,-1.4497,0.000,0.300
711.308,overrun,A_leg2,4.754,-0.504,27.963,27.504,0.458,OVERRUN by 667.37s,1,0.0500,0,-1.4497,1,0.3000,0,-1.4497,0.000,0.300
712.352,overrun,A_leg2,4.754,-0.504,27.963,27.504,0.458,OVERRUN by 668.41s,1,0.0500,0,-1.4497,1,0.3000,0,-1.4497,0.000,0.300
713.358,overrun,A_leg2,4.754,-0.504,27.963,27.504,0.458,OVERRUN by 669.42s,1,0.0500,0,-1.4497,1,0.3000,0,-1.4497,0.000,0.300
714.370,overrun,A_leg2,4.754,-0.504,27.963,27.504,0.458,OVERRUN by 670.43s,1,0.0500,0,-1.4497,1,0.3000,0,-1.4497,0.000,0.300
715.384,overrun,A_leg2,4.754,-0.504,27.963,27.504,0.458,OVERRUN by 671.45s,1,0.0500,0,-1.4497,1,0.3000,0,-1.4497,0.000,0.300
716.406,overrun,A_leg2,4.754,-0.504,27.963,27.504,0.458,OVERRUN by 672.47s,1,0.0500,0,-1.4497,1,0.3000,0,-1.4497,0.000,0.300
717.444,overrun,A_leg2,4.754,-0.504,27.963,27.504,0.458,OVERRUN by 673.51s,1,0.0500,0,-1.4497,1,0.3000,0,-1.4497,0.000,0.300
718.450,overrun,A_leg2,4.754,-0.504,27.963,27.504,0.458,OVERRUN by 674.51s,1,0.0500,0,-1.4497,1,0.3000,0,-1.4497,0.000,0.300
719.506,overrun,A_leg2,4.754,-0.504,27.963,27.504,0.458,OVERRUN by 675.57s,1,0.0500,0,-1.4497,1,0.3000,0,-1.4497,0.000,0.300
720.550,overrun,A_leg2,4.754,-0.504,27.963,27.504,0.458,OVERRUN by 676.61s,1,0.0500,0,-1.4497,1,0.3000,0,-1.4497,0.000,0.300
721.565,overrun,A_leg2,4.754,-0.504,27.963,27.504,0.458,OVERRUN by 677.63s,1,0.0500,0,-1.4497,1,0.3000,0,-1.4497,0.000,0.300
722.573,overrun,A_leg2,4.754,-0.504,27.963,27.504,0.458,OVERRUN by 678.64s,1,0.0500,0,-1.4497,1,0.3000,0,-1.4497,0.000,0.300
723.606,overrun,A_leg2,4.754,-0.504,27.963,27.504,0.458,OVERRUN by 679.67s,1,0.0500,0,-1.4497,1,0.3000,0,-1.4497,0.000,0.300
724.650,overrun,A_leg2,4.754,-0.504,27.963,27.504,0.458,OVERRUN by 680.71s,1,0.0500,0,-1.4497,1,0.3000,0,-1.4497,0.000,0.300
725.681,overrun,A_leg2,4.754,-0.504,27.963,27.504,0.458,OVERRUN by 681.74s,1,0.0500,0,-1.4497,1,0.3000,0,-1.4497,0.000,0.300
726.719,overrun,A_leg2,4.754,-0.504,27.963,27.504,0.458,OVERRUN by 682.78s,1,0.0500,0,-1.4497,1,0.3000,0,-1.4497,0.000,0.300
727.725,overrun,A_leg2,4.754,-0.504,27.963,27.504,0.458,OVERRUN by 683.79s,1,0.0500,0,-1.4497,1,0.3000,0,-1.4497,0.000,0.300
728.759,overrun,A_leg2,4.754,-0.504,27.963,27.504,0.458,OVERRUN by 684.82s,1,0.0500,0,-1.4497,1,0.3000,0,-1.4497,0.000,0.300
729.798,overrun,A_leg2,4.754,-0.504,27.963,27.504,0.458,OVERRUN by 685.86s,1,0.0500,0,-1.4497,1,0.3000,0,-1.4497,0.000,0.300
730.834,overrun,A_leg2,4.754,-0.504,27.963,27.504,0.458,OVERRUN by 686.90s,1,0.0500,0,-1.4497,1,0.3000,0,-1.4497,0.000,0.300
731.870,overrun,A_leg2,4.754,-0.504,27.963,27.504,0.458,OVERRUN by 687.93s,1,0.0500,0,-1.4497,1,0.3000,0,-1.4497,0.000,0.300
732.871,overrun,A_leg2,4.754,-0.504,27.963,27.504,0.458,OVERRUN by 688.93s,1,0.0500,0,-1.4497,1,0.3000,0,-1.4497,0.000,0.300
733.886,overrun,A_leg2,4.754,-0.504,27.963,27.504,0.458,OVERRUN by 689.95s,1,0.0500,0,-1.4497,1,0.3000,0,-1.4497,0.000,0.300
734.897,overrun,A_leg2,4.754,-0.504,27.963,27.504,0.458,OVERRUN by 690.96s,1,0.0500,0,-1.4497,1,0.3000,0,-1.4497,0.000,0.300
735.954,overrun,A_leg2,4.754,-0.504,27.963,27.504,0.458,OVERRUN by 692.02s,1,0.0500,0,-1.4497,1,0.3000,0,-1.4497,0.000,0.300
736.989,overrun,A_leg2,4.754,-0.504,27.963,27.504,0.458,OVERRUN by 693.05s,1,0.0500,0,-1.4497,1,0.3000,0,-1.4497,0.000,0.300
737.991,overrun,A_leg2,4.754,-0.504,27.963,27.504,0.458,OVERRUN by 694.05s,1,0.0500,0,-1.4497,1,0.3000,0,-1.4497,0.000,0.300
739.011,overrun,A_leg2,4.754,-0.504,27.963,27.504,0.458,OVERRUN by 695.07s,1,0.0500,0,-1.4497,1,0.3000,0,-1.4497,0.000,0.300
740.038,overrun,A_leg2,4.754,-0.504,27.963,27.504,0.458,OVERRUN by 696.10s,1,0.0500,0,-1.4497,1,0.3000,0,-1.4497,0.000,0.300
741.043,overrun,A_leg2,4.754,-0.504,27.963,27.504,0.458,OVERRUN by 697.11s,1,0.0500,0,-1.4497,1,0.3000,0,-1.4497,0.000,0.300
742.047,overrun,A_leg2,4.754,-0.504,27.963,27.504,0.458,OVERRUN by 698.11s,1,0.0500,0,-1.4497,1,0.3000,0,-1.4497,0.000,0.300
743.204,overrun,A_leg2,4.754,-0.504,27.963,27.504,0.458,OVERRUN by 699.27s,1,0.0500,0,-1.4497,1,0.3000,0,-1.4497,0.000,0.300
744.231,overrun,A_leg2,4.754,-0.504,27.963,27.504,0.458,OVERRUN by 700.29s,1,0.0500,0,-1.4497,1,0.3000,0,-1.4497,0.000,0.300
745.269,overrun,A_leg2,4.754,-0.504,27.963,27.504,0.458,OVERRUN by 701.33s,1,0.0500,0,-1.4497,1,0.3000,0,-1.4497,0.000,0.300
746.307,overrun,A_leg2,4.754,-0.504,27.963,27.504,0.458,OVERRUN by 702.37s,1,0.0500,0,-1.4497,1,0.3000,0,-1.4497,0.000,0.300
747.349,overrun,A_leg2,4.754,-0.504,27.963,27.504,0.458,OVERRUN by 703.41s,1,0.0500,0,-1.4497,1,0.3000,0,-1.4497,0.000,0.300
748.409,overrun,A_leg2,4.754,-0.504,27.963,27.504,0.458,OVERRUN by 704.47s,1,0.0500,0,-1.4497,1,0.3000,0,-1.4497,0.000,0.300
749.463,overrun,A_leg2,4.754,-0.504,27.963,27.504,0.458,OVERRUN by 705.53s,1,0.0500,0,-1.4497,1,0.3000,0,-1.4497,0.000,0.300
750.515,overrun,A_leg2,4.754,-0.504,27.963,27.504,0.458,OVERRUN by 706.58s,1,0.0500,0,-1.4497,1,0.3000,0,-1.4497,0.000,0.300
751.558,overrun,A_leg2,4.754,-0.504,27.963,27.504,0.458,OVERRUN by 707.62s,1,0.0500,0,-1.4497,1,0.3000,0,-1.4497,0.000,0.300
752.575,overrun,A_leg2,4.754,-0.504,27.963,27.504,0.458,OVERRUN by 708.64s,1,0.0500,0,-1.4497,1,0.3000,0,-1.4497,0.000,0.300
753.628,overrun,A_leg2,4.754,-0.504,27.963,27.504,0.458,OVERRUN by 709.69s,1,0.0500,0,-1.4497,1,0.3000,0,-1.4497,0.000,0.300
754.670,overrun,A_leg2,4.754,-0.504,27.963,27.504,0.458,OVERRUN by 710.73s,1,0.0500,0,-1.4497,1,0.3000,0,-1.4497,0.000,0.300
755.712,overrun,A_leg2,4.754,-0.504,27.963,27.504,0.458,OVERRUN by 711.77s,1,0.0500,0,-1.4497,1,0.3000,0,-1.4497,0.000,0.300
756.728,overrun,A_leg2,4.754,-0.504,27.963,27.504,0.458,OVERRUN by 712.79s,1,0.0500,0,-1.4497,1,0.3000,0,-1.4497,0.000,0.300
757.774,overrun,A_leg2,4.754,-0.504,27.963,27.504,0.458,OVERRUN by 713.84s,1,0.0500,0,-1.4497,1,0.3000,0,-1.4497,0.000,0.300
758.791,overrun,A_leg2,4.754,-0.504,27.963,27.504,0.458,OVERRUN by 714.85s,1,0.0500,0,-1.4497,1,0.3000,0,-1.4497,0.000,0.300
759.837,overrun,A_leg2,4.754,-0.504,27.963,27.504,0.458,OVERRUN by 715.90s,1,0.0500,0,-1.4497,1,0.3000,0,-1.4497,0.000,0.300
760.839,overrun,A_leg2,4.754,-0.504,27.963,27.504,0.458,OVERRUN by 716.90s,1,0.0500,0,-1.4497,1,0.3000,0,-1.4497,0.000,0.300
761.862,overrun,A_leg2,4.754,-0.504,27.963,27.504,0.458,OVERRUN by 717.92s,1,0.0500,0,-1.4497,1,0.3000,0,-1.4497,0.000,0.300
762.890,overrun,A_leg2,4.754,-0.504,27.963,27.504,0.458,OVERRUN by 718.95s,1,0.0500,0,-1.4497,1,0.3000,0,-1.4497,0.000,0.300
763.933,overrun,A_leg2,4.754,-0.504,27.963,27.504,0.458,OVERRUN by 720.00s,1,0.0500,0,-1.4497,1,0.3000,0,-1.4497,0.000,0.300
764.991,overrun,A_leg2,4.754,-0.504,27.963,27.504,0.458,OVERRUN by 721.05s,1,0.0500,0,-1.4497,1,0.3000,0,-1.4497,0.000,0.300
766.034,overrun,A_leg2,4.754,-0.504,27.963,27.504,0.458,OVERRUN by 722.10s,1,0.0500,0,-1.4497,1,0.3000,0,-1.4497,0.000,0.300
767.083,overrun,A_leg2,4.754,-0.504,27.963,27.504,0.458,OVERRUN by 723.15s,1,0.0500,0,-1.4497,1,0.3000,0,-1.4497,0.000,0.300
768.115,overrun,A_leg2,4.754,-0.504,27.963,27.504,0.458,OVERRUN by 724.18s,1,0.0500,0,-1.4497,1,0.3000,0,-1.4497,0.000,0.300
769.142,overrun,A_leg2,4.754,-0.504,27.963,27.504,0.458,OVERRUN by 725.20s,1,0.0500,0,-1.4497,1,0.3000,0,-1.4497,0.000,0.300
770.175,overrun,A_leg2,4.754,-0.504,27.963,27.504,0.458,OVERRUN by 726.24s,1,0.0500,0,-1.4497,1,0.3000,0,-1.4497,0.000,0.300
771.220,overrun,A_leg2,4.754,-0.504,27.963,27.504,0.458,OVERRUN by 727.28s,1,0.0500,0,-1.4497,1,0.3000,0,-1.4497,0.000,0.300
772.223,overrun,A_leg2,4.754,-0.504,27.963,27.504,0.458,OVERRUN by 728.29s,1,0.0500,0,-1.4497,1,0.3000,0,-1.4497,0.000,0.300
773.273,overrun,A_leg2,4.754,-0.504,27.963,27.504,0.458,OVERRUN by 729.34s,1,0.0500,0,-1.4497,1,0.3000,0,-1.4497,0.000,0.300
774.322,overrun,A_leg2,4.754,-0.504,27.963,27.504,0.458,OVERRUN by 730.38s,1,0.0500,0,-1.4497,1,0.3000,0,-1.4497,0.000,0.300
775.323,overrun,A_leg2,4.754,-0.504,27.963,27.504,0.458,OVERRUN by 731.39s,1,0.0500,0,-1.4497,1,0.3000,0,-1.4497,0.000,0.300
776.371,overrun,A_leg2,4.754,-0.504,27.963,27.504,0.458,OVERRUN by 732.43s,1,0.0500,0,-1.4497,1,0.3000,0,-1.4497,0.000,0.300
777.404,overrun,A_leg2,4.754,-0.504,27.963,27.504,0.458,OVERRUN by 733.47s,1,0.0500,0,-1.4497,1,0.3000,0,-1.4497,0.000,0.300
778.460,overrun,A_leg2,4.754,-0.504,27.963,27.504,0.458,OVERRUN by 734.52s,1,0.0500,0,-1.4497,1,0.3000,0,-1.4497,0.000,0.300
779.484,overrun,A_leg2,4.754,-0.504,27.963,27.504,0.458,OVERRUN by 735.55s,1,0.0500,0,-1.4497,1,0.3000,0,-1.4497,0.000,0.300
780.519,overrun,A_leg2,4.754,-0.504,27.963,27.504,0.458,OVERRUN by 736.58s,1,0.0500,0,-1.4497,1,0.3000,0,-1.4497,0.000,0.300
781.542,overrun,A_leg2,4.754,-0.504,27.963,27.504,0.458,OVERRUN by 737.60s,1,0.0500,0,-1.4497,1,0.3000,0,-1.4497,0.000,0.300
782.573,overrun,A_leg2,4.754,-0.504,27.963,27.504,0.458,OVERRUN by 738.64s,1,0.0500,0,-1.4497,1,0.3000,0,-1.4497,0.000,0.300
783.608,overrun,A_leg2,4.754,-0.504,27.963,27.504,0.458,OVERRUN by 739.67s,1,0.0500,0,-1.4497,1,0.3000,0,-1.4497,0.000,0.300
784.658,overrun,A_leg2,4.754,-0.504,27.963,27.504,0.458,OVERRUN by 740.72s,1,0.0500,0,-1.4497,1,0.3000,0,-1.4497,0.000,0.300
785.660,overrun,A_leg2,4.754,-0.504,27.963,27.504,0.458,OVERRUN by 741.72s,1,0.0500,0,-1.4497,1,0.3000,0,-1.4497,0.000,0.300
786.691,overrun,A_leg2,4.754,-0.504,27.963,27.504,0.458,OVERRUN by 742.75s,1,0.0500,0,-1.4497,1,0.3000,0,-1.4497,0.000,0.300
787.696,overrun,A_leg2,4.754,-0.504,27.963,27.504,0.458,OVERRUN by 743.76s,1,0.0500,0,-1.4497,1,0.3000,0,-1.4497,0.000,0.300
788.724,overrun,A_leg2,4.754,-0.504,27.963,27.504,0.458,OVERRUN by 744.79s,1,0.0500,0,-1.4497,1,0.3000,0,-1.4497,0.000,0.300
789.777,overrun,A_leg2,4.754,-0.504,27.963,27.504,0.458,OVERRUN by 745.84s,1,0.0500,0,-1.4497,1,0.3000,0,-1.4497,0.000,0.300
790.828,overrun,A_leg2,4.754,-0.504,27.963,27.504,0.458,OVERRUN by 746.89s,1,0.0500,0,-1.4497,1,0.3000,0,-1.4497,0.000,0.300
791.870,overrun,A_leg2,4.754,-0.504,27.963,27.504,0.458,OVERRUN by 747.93s,1,0.0500,0,-1.4497,1,0.3000,0,-1.4497,0.000,0.300
792.919,overrun,A_leg2,4.754,-0.504,27.963,27.504,0.458,OVERRUN by 748.98s,1,0.0500,0,-1.4497,1,0.3000,0,-1.4497,0.000,0.300
793.934,overrun,A_leg2,4.754,-0.504,27.963,27.504,0.458,OVERRUN by 750.00s,1,0.0500,0,-1.4497,1,0.3000,0,-1.4497,0.000,0.300
794.982,overrun,A_leg2,4.754,-0.504,27.963,27.504,0.458,OVERRUN by 751.04s,1,0.0500,0,-1.4497,1,0.3000,0,-1.4497,0.000,0.300
795.983,overrun,A_leg2,4.754,-0.504,27.963,27.504,0.458,OVERRUN by 752.05s,1,0.0500,0,-1.4497,1,0.3000,0,-1.4497,0.000,0.300
797.025,overrun,A_leg2,4.754,-0.504,27.963,27.504,0.458,OVERRUN by 753.09s,1,0.0500,0,-1.4497,1,0.3000,0,-1.4497,0.000,0.300
798.079,overrun,A_leg2,4.754,-0.504,27.963,27.504,0.458,OVERRUN by 754.14s,1,0.0500,0,-1.4497,1,0.3000,0,-1.4497,0.000,0.300
799.131,overrun,A_leg2,4.754,-0.504,27.963,27.504,0.458,OVERRUN by 755.19s,1,0.0500,0,-1.4497,1,0.3000,0,-1.4497,0.000,0.300
800.132,overrun,A_leg2,4.754,-0.504,27.963,27.504,0.458,OVERRUN by 756.19s,1,0.0500,0,-1.4497,1,0.3000,0,-1.4497,0.000,0.300
801.159,overrun,A_leg2,4.754,-0.504,27.963,27.504,0.458,OVERRUN by 757.22s,1,0.0500,0,-1.4497,1,0.3000,0,-1.4497,0.000,0.300
802.215,overrun,A_leg2,4.754,-0.504,27.963,27.504,0.458,OVERRUN by 758.28s,1,0.0500,0,-1.4497,1,0.3000,0,-1.4497,0.000,0.300
803.247,overrun,A_leg2,4.754,-0.504,27.963,27.504,0.458,OVERRUN by 759.31s,1,0.0500,0,-1.4497,1,0.3000,0,-1.4497,0.000,0.300
804.290,overrun,A_leg2,4.754,-0.504,27.963,27.504,0.458,OVERRUN by 760.35s,1,0.0500,0,-1.4497,1,0.3000,0,-1.4497,0.000,0.300
805.344,overrun,A_leg2,4.754,-0.504,27.963,27.504,0.458,OVERRUN by 761.41s,1,0.0500,0,-1.4497,1,0.3000,0,-1.4497,0.000,0.300
806.399,overrun,A_leg2,4.754,-0.504,27.963,27.504,0.458,OVERRUN by 762.46s,1,0.0500,0,-1.4497,1,0.3000,0,-1.4497,0.000,0.300
807.439,overrun,A_leg2,4.754,-0.504,27.963,27.504,0.458,OVERRUN by 763.50s,1,0.0500,0,-1.4497,1,0.3000,0,-1.4497,0.000,0.300
808.472,overrun,A_leg2,4.754,-0.504,27.963,27.504,0.458,OVERRUN by 764.53s,1,0.0500,0,-1.4497,1,0.3000,0,-1.4497,0.000,0.300
809.490,overrun,A_leg2,4.754,-0.504,27.963,27.504,0.458,OVERRUN by 765.55s,1,0.0500,0,-1.4497,1,0.3000,0,-1.4497,0.000,0.300
810.538,overrun,A_leg2,4.754,-0.504,27.963,27.504,0.458,OVERRUN by 766.60s,1,0.0500,0,-1.4497,1,0.3000,0,-1.4497,0.000,0.300
811.552,overrun,A_leg2,4.754,-0.504,27.963,27.504,0.458,OVERRUN by 767.61s,1,0.0500,0,-1.4497,1,0.3000,0,-1.4497,0.000,0.300
812.574,overrun,A_leg2,4.754,-0.504,27.963,27.504,0.458,OVERRUN by 768.64s,1,0.0500,0,-1.4497,1,0.3000,0,-1.4497,0.000,0.300
813.616,overrun,A_leg2,4.754,-0.504,27.963,27.504,0.458,OVERRUN by 769.68s,1,0.0500,0,-1.4497,1,0.3000,0,-1.4497,0.000,0.300
814.653,overrun,A_leg2,4.754,-0.504,27.963,27.504,0.458,OVERRUN by 770.72s,1,0.0500,0,-1.4497,1,0.3000,0,-1.4497,0.000,0.300
815.708,overrun,A_leg2,4.754,-0.504,27.963,27.504,0.458,OVERRUN by 771.77s,1,0.0500,0,-1.4497,1,0.3000,0,-1.4497,0.000,0.300
816.762,overrun,A_leg2,4.754,-0.504,27.963,27.504,0.458,OVERRUN by 772.82s,1,0.0500,0,-1.4497,1,0.3000,0,-1.4497,0.000,0.300
817.771,overrun,A_leg2,4.754,-0.504,27.963,27.504,0.458,OVERRUN by 773.83s,1,0.0500,0,-1.4497,1,0.3000,0,-1.4497,0.000,0.300
818.801,overrun,A_leg2,4.754,-0.504,27.963,27.504,0.458,OVERRUN by 774.86s,1,0.0500,0,-1.4497,1,0.3000,0,-1.4497,0.000,0.300
819.842,overrun,A_leg2,4.754,-0.504,27.963,27.504,0.458,OVERRUN by 775.90s,1,0.0500,0,-1.4497,1,0.3000,0,-1.4497,0.000,0.300
820.873,overrun,A_leg2,4.754,-0.504,27.963,27.504,0.458,OVERRUN by 776.94s,1,0.0500,0,-1.4497,1,0.3000,0,-1.4497,0.000,0.300
821.929,overrun,A_leg2,4.754,-0.504,27.963,27.504,0.458,OVERRUN by 777.99s,1,0.0500,0,-1.4497,1,0.3000,0,-1.4497,0.000,0.300
822.950,overrun,A_leg2,4.754,-0.504,27.963,27.504,0.458,OVERRUN by 779.01s,1,0.0500,0,-1.4497,1,0.3000,0,-1.4497,0.000,0.300
824.006,overrun,A_leg2,4.754,-0.504,27.963,27.504,0.458,OVERRUN by 780.07s,1,0.0500,0,-1.4497,1,0.3000,0,-1.4497,0.000,0.300
825.045,overrun,A_leg2,4.754,-0.504,27.963,27.504,0.458,OVERRUN by 781.11s,1,0.0500,0,-1.4497,1,0.3000,0,-1.4497,0.000,0.300
826.051,overrun,A_leg2,4.754,-0.504,27.963,27.504,0.458,OVERRUN by 782.11s,1,0.0500,0,-1.4497,1,0.3000,0,-1.4497,0.000,0.300
827.068,overrun,A_leg2,4.754,-0.504,27.963,27.504,0.458,OVERRUN by 783.13s,1,0.0500,0,-1.4497,1,0.3000,0,-1.4497,0.000,0.300
828.109,overrun,A_leg2,4.754,-0.504,27.963,27.504,0.458,OVERRUN by 784.17s,1,0.0500,0,-1.4497,1,0.3000,0,-1.4497,0.000,0.300
829.128,overrun,A_leg2,4.754,-0.504,27.963,27.504,0.458,OVERRUN by 785.19s,1,0.0500,0,-1.4497,1,0.3000,0,-1.4497,0.000,0.300
830.185,overrun,A_leg2,4.754,-0.504,27.963,27.504,0.458,OVERRUN by 786.25s,1,0.0500,0,-1.4497,1,0.3000,0,-1.4497,0.000,0.300
831.227,overrun,A_leg2,4.754,-0.504,27.963,27.504,0.458,OVERRUN by 787.29s,1,0.0500,0,-1.4497,1,0.3000,0,-1.4497,0.000,0.300
832.273,overrun,A_leg2,4.754,-0.504,27.963,27.504,0.458,OVERRUN by 788.34s,1,0.0500,0,-1.4497,1,0.3000,0,-1.4497,0.000,0.300
833.322,overrun,A_leg2,4.754,-0.504,27.963,27.504,0.458,OVERRUN by 789.38s,1,0.0500,0,-1.4497,1,0.3000,0,-1.4497,0.000,0.300
834.356,overrun,A_leg2,4.754,-0.504,27.963,27.504,0.458,OVERRUN by 790.42s,1,0.0500,0,-1.4497,1,0.3000,0,-1.4497,0.000,0.300
835.375,overrun,A_leg2,4.754,-0.504,27.963,27.504,0.458,OVERRUN by 791.44s,1,0.0500,0,-1.4497,1,0.3000,0,-1.4497,0.000,0.300
836.412,overrun,A_leg2,4.754,-0.504,27.963,27.504,0.458,OVERRUN by 792.47s,1,0.0500,0,-1.4497,1,0.3000,0,-1.4497,0.000,0.300
837.459,overrun,A_leg2,4.754,-0.504,27.963,27.504,0.458,OVERRUN by 793.52s,1,0.0500,0,-1.4497,1,0.3000,0,-1.4497,0.000,0.300
838.495,overrun,A_leg2,4.754,-0.504,27.963,27.504,0.458,OVERRUN by 794.56s,1,0.0500,0,-1.4497,1,0.3000,0,-1.4497,0.000,0.300
839.591,overrun,A_leg2,4.754,-0.504,27.963,27.504,0.458,OVERRUN by 795.65s,1,0.0500,0,-1.4497,1,0.3000,0,-1.4497,0.000,0.300
840.623,overrun,A_leg2,4.754,-0.504,27.963,27.504,0.458,OVERRUN by 796.69s,1,0.0500,0,-1.4497,1,0.3000,0,-1.4497,0.000,0.300
841.660,overrun,A_leg2,4.754,-0.504,27.963,27.504,0.458,OVERRUN by 797.72s,1,0.0500,0,-1.4497,1,0.3000,0,-1.4497,0.000,0.300
842.710,overrun,A_leg2,4.754,-0.504,27.963,27.504,0.458,OVERRUN by 798.77s,1,0.0500,0,-1.4497,1,0.3000,0,-1.4497,0.000,0.300
843.758,overrun,A_leg2,4.754,-0.504,27.963,27.504,0.458,OVERRUN by 799.82s,1,0.0500,0,-1.4497,1,0.3000,0,-1.4497,0.000,0.300
844.804,overrun,A_leg2,4.754,-0.504,27.963,27.504,0.458,OVERRUN by 800.87s,1,0.0500,0,-1.4497,1,0.3000,0,-1.4497,0.000,0.300
845.851,overrun,A_leg2,4.754,-0.504,27.963,27.504,0.458,OVERRUN by 801.91s,1,0.0500,0,-1.4497,1,0.3000,0,-1.4497,0.000,0.300
846.863,overrun,A_leg2,4.754,-0.504,27.963,27.504,0.458,OVERRUN by 802.93s,1,0.0500,0,-1.4497,1,0.3000,0,-1.4497,0.000,0.300
847.903,overrun,A_leg2,4.754,-0.504,27.963,27.504,0.458,OVERRUN by 803.97s,1,0.0500,0,-1.4497,1,0.3000,0,-1.4497,0.000,0.300
848.961,overrun,A_leg2,4.754,-0.504,27.963,27.504,0.458,OVERRUN by 805.02s,1,0.0500,0,-1.4497,1,0.3000,0,-1.4497,0.000,0.300
849.990,overrun,A_leg2,4.754,-0.504,27.963,27.504,0.458,OVERRUN by 806.05s,1,0.0500,0,-1.4497,1,0.3000,0,-1.4497,0.000,0.300
851.023,overrun,A_leg2,4.754,-0.504,27.963,27.504,0.458,OVERRUN by 807.09s,1,0.0500,0,-1.4497,1,0.3000,0,-1.4497,0.000,0.300
852.055,overrun,A_leg2,4.754,-0.504,27.963,27.504,0.458,OVERRUN by 808.12s,1,0.0500,0,-1.4497,1,0.3000,0,-1.4497,0.000,0.300
853.096,overrun,A_leg2,4.754,-0.504,27.963,27.504,0.458,OVERRUN by 809.16s,1,0.0500,0,-1.4497,1,0.3000,0,-1.4497,0.000,0.300
854.123,overrun,A_leg2,4.754,-0.504,27.963,27.504,0.458,OVERRUN by 810.19s,1,0.0500,0,-1.4497,1,0.3000,0,-1.4497,0.000,0.300
855.165,overrun,A_leg2,4.754,-0.504,27.963,27.504,0.458,OVERRUN by 811.23s,1,0.0500,0,-1.4497,1,0.3000,0,-1.4497,0.000,0.300
856.176,overrun,A_leg2,4.754,-0.504,27.963,27.504,0.458,OVERRUN by 812.24s,1,0.0500,0,-1.4497,1,0.3000,0,-1.4497,0.000,0.300
857.219,overrun,A_leg2,4.754,-0.504,27.963,27.504,0.458,OVERRUN by 813.28s,1,0.0500,0,-1.4497,1,0.3000,0,-1.4497,0.000,0.300
858.259,overrun,A_leg2,4.754,-0.504,27.963,27.504,0.458,OVERRUN by 814.32s,1,0.0500,0,-1.4497,1,0.3000,0,-1.4497,0.000,0.300
859.315,overrun,A_leg2,4.754,-0.504,27.963,27.504,0.458,OVERRUN by 815.38s,1,0.0500,0,-1.4497,1,0.3000,0,-1.4497,0.000,0.300
860.337,overrun,A_leg2,4.754,-0.504,27.963,27.504,0.458,OVERRUN by 816.40s,1,0.0500,0,-1.4497,1,0.3000,0,-1.4497,0.000,0.300
861.379,overrun,A_leg2,4.754,-0.504,27.963,27.504,0.458,OVERRUN by 817.44s,1,0.0500,0,-1.4497,1,0.3000,0,-1.4497,0.000,0.300
862.416,overrun,A_leg2,4.754,-0.504,27.963,27.504,0.458,OVERRUN by 818.48s,1,0.0500,0,-1.4497,1,0.3000,0,-1.4497,0.000,0.300
863.423,overrun,A_leg2,4.754,-0.504,27.963,27.504,0.458,OVERRUN by 819.49s,1,0.0500,0,-1.4497,1,0.3000,0,-1.4497,0.000,0.300
864.429,overrun,A_leg2,4.754,-0.504,27.963,27.504,0.458,OVERRUN by 820.49s,1,0.0500,0,-1.4497,1,0.3000,0,-1.4497,0.000,0.300
865.458,overrun,A_leg2,4.754,-0.504,27.963,27.504,0.458,OVERRUN by 821.52s,1,0.0500,0,-1.4497,1,0.3000,0,-1.4497,0.000,0.300
866.490,overrun,A_leg2,4.754,-0.504,27.963,27.504,0.458,OVERRUN by 822.55s,1,0.0500,0,-1.4497,1,0.3000,0,-1.4497,0.000,0.300
867.516,overrun,A_leg2,4.754,-0.504,27.963,27.504,0.458,OVERRUN by 823.58s,1,0.0500,0,-1.4497,1,0.3000,0,-1.4497,0.000,0.300
868.547,overrun,A_leg2,4.754,-0.504,27.963,27.504,0.458,OVERRUN by 824.61s,1,0.0500,0,-1.4497,1,0.3000,0,-1.4497,0.000,0.300
869.567,overrun,A_leg2,4.754,-0.504,27.963,27.504,0.458,OVERRUN by 825.63s,1,0.0500,0,-1.4497,1,0.3000,0,-1.4497,0.000,0.300
870.581,overrun,A_leg2,4.754,-0.504,27.963,27.504,0.458,OVERRUN by 826.64s,1,0.0500,0,-1.4497,1,0.3000,0,-1.4497,0.000,0.300
871.582,overrun,A_leg2,4.754,-0.504,27.963,27.504,0.458,OVERRUN by 827.64s,1,0.0500,0,-1.4497,1,0.3000,0,-1.4497,0.000,0.300
872.630,overrun,A_leg2,4.754,-0.504,27.963,27.504,0.458,OVERRUN by 828.69s,1,0.0500,0,-1.4497,1,0.3000,0,-1.4497,0.000,0.300
873.677,overrun,A_leg2,4.754,-0.504,27.963,27.504,0.458,OVERRUN by 829.74s,1,0.0500,0,-1.4497,1,0.3000,0,-1.4497,0.000,0.300
874.716,overrun,A_leg2,4.754,-0.504,27.963,27.504,0.458,OVERRUN by 830.78s,1,0.0500,0,-1.4497,1,0.3000,0,-1.4497,0.000,0.300
875.753,overrun,A_leg2,4.754,-0.504,27.963,27.504,0.458,OVERRUN by 831.82s,1,0.0500,0,-1.4497,1,0.3000,0,-1.4497,0.000,0.300
876.805,overrun,A_leg2,4.754,-0.504,27.963,27.504,0.458,OVERRUN by 832.87s,1,0.0500,0,-1.4497,1,0.3000,0,-1.4497,0.000,0.300
877.862,overrun,A_leg2,4.754,-0.504,27.963,27.504,0.458,OVERRUN by 833.92s,1,0.0500,0,-1.4497,1,0.3000,0,-1.4497,0.000,0.300
878.907,overrun,A_leg2,4.754,-0.504,27.963,27.504,0.458,OVERRUN by 834.97s,1,0.0500,0,-1.4497,1,0.3000,0,-1.4497,0.000,0.300
879.913,overrun,A_leg2,4.754,-0.504,27.963,27.504,0.458,OVERRUN by 835.98s,1,0.0500,0,-1.4497,1,0.3000,0,-1.4497,0.000,0.300
880.972,overrun,A_leg2,4.754,-0.504,27.963,27.504,0.458,OVERRUN by 837.03s,1,0.0500,0,-1.4497,1,0.3000,0,-1.4497,0.000,0.300
882.010,overrun,A_leg2,4.754,-0.504,27.963,27.504,0.458,OVERRUN by 838.07s,1,0.0500,0,-1.4497,1,0.3000,0,-1.4497,0.000,0.300
883.049,overrun,A_leg2,4.754,-0.504,27.963,27.504,0.458,OVERRUN by 839.11s,1,0.0500,0,-1.4497,1,0.3000,0,-1.4497,0.000,0.300
884.105,overrun,A_leg2,4.754,-0.504,27.963,27.504,0.458,OVERRUN by 840.17s,1,0.0500,0,-1.4497,1,0.3000,0,-1.4497,0.000,0.300
885.123,overrun,A_leg2,4.754,-0.504,27.963,27.504,0.458,OVERRUN by 841.19s,1,0.0500,0,-1.4497,1,0.3000,0,-1.4497,0.000,0.300
886.142,overrun,A_leg2,4.754,-0.504,27.963,27.504,0.458,OVERRUN by 842.20s,1,0.0500,0,-1.4497,1,0.3000,0,-1.4497,0.000,0.300
887.145,overrun,A_leg2,4.754,-0.504,27.963,27.504,0.458,OVERRUN by 843.21s,1,0.0500,0,-1.4497,1,0.3000,0,-1.4497,0.000,0.300
888.170,overrun,A_leg2,4.754,-0.504,27.963,27.504,0.458,OVERRUN by 844.23s,1,0.0500,0,-1.4497,1,0.3000,0,-1.4497,0.000,0.300
889.217,overrun,A_leg2,4.754,-0.504,27.963,27.504,0.458,OVERRUN by 845.28s,1,0.0500,0,-1.4497,1,0.3000,0,-1.4497,0.000,0.300
890.262,overrun,A_leg2,4.754,-0.504,27.963,27.504,0.458,OVERRUN by 846.32s,1,0.0500,0,-1.4497,1,0.3000,0,-1.4497,0.000,0.300
891.318,overrun,A_leg2,4.754,-0.504,27.963,27.504,0.458,OVERRUN by 847.38s,1,0.0500,0,-1.4497,1,0.3000,0,-1.4497,0.000,0.300
892.332,overrun,A_leg2,4.754,-0.504,27.963,27.504,0.458,OVERRUN by 848.39s,1,0.0500,0,-1.4497,1,0.3000,0,-1.4497,0.000,0.300
893.352,overrun,A_leg2,4.754,-0.504,27.963,27.504,0.458,OVERRUN by 849.41s,1,0.0500,0,-1.4497,1,0.3000,0,-1.4497,0.000,0.300
894.406,overrun,A_leg2,4.754,-0.504,27.963,27.504,0.458,OVERRUN by 850.47s,1,0.0500,0,-1.4497,1,0.3000,0,-1.4497,0.000,0.300
895.429,overrun,A_leg2,4.754,-0.504,27.963,27.504,0.458,OVERRUN by 851.49s,1,0.0500,0,-1.4497,1,0.3000,0,-1.4497,0.000,0.300
896.461,overrun,A_leg2,4.754,-0.504,27.963,27.504,0.458,OVERRUN by 852.52s,1,0.0500,0,-1.4497,1,0.3000,0,-1.4497,0.000,0.300
897.480,overrun,A_leg2,4.754,-0.504,27.963,27.504,0.458,OVERRUN by 853.54s,1,0.0500,0,-1.4497,1,0.3000,0,-1.4497,0.000,0.300
898.497,overrun,A_leg2,4.754,-0.504,27.963,27.504,0.458,OVERRUN by 854.56s,1,0.0500,0,-1.4497,1,0.3000,0,-1.4497,0.000,0.300
899.546,overrun,A_leg2,4.754,-0.504,27.963,27.504,0.458,OVERRUN by 855.61s,1,0.0500,0,-1.4497,1,0.3000,0,-1.4497,0.000,0.300
900.547,overrun,A_leg2,4.754,-0.504,27.963,27.504,0.458,OVERRUN by 856.61s,1,0.0500,0,-1.4497,1,0.3000,0,-1.4497,0.000,0.300
901.593,overrun,A_leg2,4.754,-0.504,27.963,27.504,0.458,OVERRUN by 857.66s,1,0.0500,0,-1.4497,1,0.3000,0,-1.4497,0.000,0.300
902.618,overrun,A_leg2,4.754,-0.504,27.963,27.504,0.458,OVERRUN by 858.68s,1,0.0500,0,-1.4497,1,0.3000,0,-1.4497,0.000,0.300
903.667,overrun,A_leg2,4.754,-0.504,27.963,27.504,0.458,OVERRUN by 859.73s,1,0.0500,0,-1.4497,1,0.3000,0,-1.4497,0.000,0.300
904.709,overrun,A_leg2,4.754,-0.504,27.963,27.504,0.458,OVERRUN by 860.77s,1,0.0500,0,-1.4497,1,0.3000,0,-1.4497,0.000,0.300
905.745,overrun,A_leg2,4.754,-0.504,27.963,27.504,0.458,OVERRUN by 861.81s,1,0.0500,0,-1.4497,1,0.3000,0,-1.4497,0.000,0.300
906.784,overrun,A_leg2,4.754,-0.504,27.963,27.504,0.458,OVERRUN by 862.85s,1,0.0500,0,-1.4497,1,0.3000,0,-1.4497,0.000,0.300
907.810,overrun,A_leg2,4.754,-0.504,27.963,27.504,0.458,OVERRUN by 863.87s,1,0.0500,0,-1.4497,1,0.3000,0,-1.4497,0.000,0.300
908.849,overrun,A_leg2,4.754,-0.504,27.963,27.504,0.458,OVERRUN by 864.91s,1,0.0500,0,-1.4497,1,0.3000,0,-1.4497,0.000,0.300
909.901,overrun,A_leg2,4.754,-0.504,27.963,27.504,0.458,OVERRUN by 865.96s,1,0.0500,0,-1.4497,1,0.3000,0,-1.4497,0.000,0.300
910.927,overrun,A_leg2,4.754,-0.504,27.963,27.504,0.458,OVERRUN by 866.99s,1,0.0500,0,-1.4497,1,0.3000,0,-1.4497,0.000,0.300
911.976,overrun,A_leg2,4.754,-0.504,27.963,27.504,0.458,OVERRUN by 868.04s,1,0.0500,0,-1.4497,1,0.3000,0,-1.4497,0.000,0.300
913.022,overrun,A_leg2,4.754,-0.504,27.963,27.504,0.458,OVERRUN by 869.08s,1,0.0500,0,-1.4497,1,0.3000,0,-1.4497,0.000,0.300
914.063,overrun,A_leg2,4.754,-0.504,27.963,27.504,0.458,OVERRUN by 870.13s,1,0.0500,0,-1.4497,1,0.3000,0,-1.4497,0.000,0.300
915.108,overrun,A_leg2,4.754,-0.504,27.963,27.504,0.458,OVERRUN by 871.17s,1,0.0500,0,-1.4497,1,0.3000,0,-1.4497,0.000,0.300
916.159,overrun,A_leg2,4.754,-0.504,27.963,27.504,0.458,OVERRUN by 872.22s,1,0.0500,0,-1.4497,1,0.3000,0,-1.4497,0.000,0.300
917.182,overrun,A_leg2,4.754,-0.504,27.963,27.504,0.458,OVERRUN by 873.24s,1,0.0500,0,-1.4497,1,0.3000,0,-1.4497,0.000,0.300
918.192,overrun,A_leg2,4.754,-0.504,27.963,27.504,0.458,OVERRUN by 874.25s,1,0.0500,0,-1.4497,1,0.3000,0,-1.4497,0.000,0.300
919.213,overrun,A_leg2,4.754,-0.504,27.963,27.504,0.458,OVERRUN by 875.28s,1,0.0500,0,-1.4497,1,0.3000,0,-1.4497,0.000,0.300
920.219,overrun,A_leg2,4.754,-0.504,27.963,27.504,0.458,OVERRUN by 876.28s,1,0.0500,0,-1.4497,1,0.3000,0,-1.4497,0.000,0.300
921.253,overrun,A_leg2,4.754,-0.504,27.963,27.504,0.458,OVERRUN by 877.32s,1,0.0500,0,-1.4497,1,0.3000,0,-1.4497,0.000,0.300
922.298,overrun,A_leg2,4.754,-0.504,27.963,27.504,0.458,OVERRUN by 878.36s,1,0.0500,0,-1.4497,1,0.3000,0,-1.4497,0.000,0.300
923.320,overrun,A_leg2,4.754,-0.504,27.963,27.504,0.458,OVERRUN by 879.38s,1,0.0500,0,-1.4497,1,0.3000,0,-1.4497,0.000,0.300
924.335,overrun,A_leg2,4.754,-0.504,27.963,27.504,0.458,OVERRUN by 880.40s,1,0.0500,0,-1.4497,1,0.3000,0,-1.4497,0.000,0.300
925.356,overrun,A_leg2,4.754,-0.504,27.963,27.504,0.458,OVERRUN by 881.42s,1,0.0500,0,-1.4497,1,0.3000,0,-1.4497,0.000,0.300
926.380,overrun,A_leg2,4.754,-0.504,27.963,27.504,0.458,OVERRUN by 882.44s,1,0.0500,0,-1.4497,1,0.3000,0,-1.4497,0.000,0.300
927.397,overrun,A_leg2,4.754,-0.504,27.963,27.504,0.458,OVERRUN by 883.46s,1,0.0500,0,-1.4497,1,0.3000,0,-1.4497,0.000,0.300
928.420,overrun,A_leg2,4.754,-0.504,27.963,27.504,0.458,OVERRUN by 884.48s,1,0.0500,0,-1.4497,1,0.3000,0,-1.4497,0.000,0.300
929.442,overrun,A_leg2,4.754,-0.504,27.963,27.504,0.458,OVERRUN by 885.50s,1,0.0500,0,-1.4497,1,0.3000,0,-1.4497,0.000,0.300
930.471,overrun,A_leg2,4.754,-0.504,27.963,27.504,0.458,OVERRUN by 886.53s,1,0.0500,0,-1.4497,1,0.3000,0,-1.4497,0.000,0.300
931.487,overrun,A_leg2,4.754,-0.504,27.963,27.504,0.458,OVERRUN by 887.55s,1,0.0500,0,-1.4497,1,0.3000,0,-1.4497,0.000,0.300
932.507,overrun,A_leg2,4.754,-0.504,27.963,27.504,0.458,OVERRUN by 888.57s,1,0.0500,0,-1.4497,1,0.3000,0,-1.4497,0.000,0.300
933.528,overrun,A_leg2,4.754,-0.504,27.963,27.504,0.458,OVERRUN by 889.59s,1,0.0500,0,-1.4497,1,0.3000,0,-1.4497,0.000,0.300
934.541,overrun,A_leg2,4.754,-0.504,27.963,27.504,0.458,OVERRUN by 890.60s,1,0.0500,0,-1.4497,1,0.3000,0,-1.4497,0.000,0.300
935.566,overrun,A_leg2,4.754,-0.504,27.963,27.504,0.458,OVERRUN by 891.63s,1,0.0500,0,-1.4497,1,0.3000,0,-1.4497,0.000,0.300
936.591,overrun,A_leg2,4.754,-0.504,27.963,27.504,0.458,OVERRUN by 892.65s,1,0.0500,0,-1.4497,1,0.3000,0,-1.4497,0.000,0.300
937.615,overrun,A_leg2,4.754,-0.504,27.963,27.504,0.458,OVERRUN by 893.68s,1,0.0500,0,-1.4497,1,0.3000,0,-1.4497,0.000,0.300
938.636,overrun,A_leg2,4.754,-0.504,27.963,27.504,0.458,OVERRUN by 894.70s,1,0.0500,0,-1.4497,1,0.3000,0,-1.4497,0.000,0.300
939.663,overrun,A_leg2,4.754,-0.504,27.963,27.504,0.458,OVERRUN by 895.73s,1,0.0500,0,-1.4497,1,0.3000,0,-1.4497,0.000,0.300
940.680,overrun,A_leg2,4.754,-0.504,27.963,27.504,0.458,OVERRUN by 896.74s,1,0.0500,0,-1.4497,1,0.3000,0,-1.4497,0.000,0.300
941.695,overrun,A_leg2,4.754,-0.504,27.963,27.504,0.458,OVERRUN by 897.76s,1,0.0500,0,-1.4497,1,0.3000,0,-1.4497,0.000,0.300
942.719,overrun,A_leg2,4.754,-0.504,27.963,27.504,0.458,OVERRUN by 898.78s,1,0.0500,0,-1.4497,1,0.3000,0,-1.4497,0.000,0.300
943.737,overrun,A_leg2,4.754,-0.504,27.963,27.504,0.458,OVERRUN by 899.80s,1,0.0500,0,-1.4497,1,0.3000,0,-1.4497,0.000,0.300
944.763,overrun,A_leg2,4.754,-0.504,27.963,27.504,0.458,OVERRUN by 900.83s,1,0.0500,0,-1.4497,1,0.3000,0,-1.4497,0.000,0.300
945.780,overrun,A_leg2,4.754,-0.504,27.963,27.504,0.458,OVERRUN by 901.84s,1,0.0500,0,-1.4497,1,0.3000,0,-1.4497,0.000,0.300
946.806,overrun,A_leg2,4.754,-0.504,27.963,27.504,0.458,OVERRUN by 902.87s,1,0.0500,0,-1.4497,1,0.3000,0,-1.4497,0.000,0.300
947.839,overrun,A_leg2,4.754,-0.504,27.963,27.504,0.458,OVERRUN by 903.90s,1,0.0500,0,-1.4497,1,0.3000,0,-1.4497,0.000,0.300
948.847,overrun,A_leg2,4.754,-0.504,27.963,27.504,0.458,OVERRUN by 904.91s,1,0.0500,0,-1.4497,1,0.3000,0,-1.4497,0.000,0.300
949.856,overrun,A_leg2,4.754,-0.504,27.963,27.504,0.458,OVERRUN by 905.92s,1,0.0500,0,-1.4497,1,0.3000,0,-1.4497,0.000,0.300
950.868,overrun,A_leg2,4.754,-0.504,27.963,27.504,0.458,OVERRUN by 906.93s,1,0.0500,0,-1.4497,1,0.3000,0,-1.4497,0.000,0.300
951.887,overrun,A_leg2,4.754,-0.504,27.963,27.504,0.458,OVERRUN by 907.95s,1,0.0500,0,-1.4497,1,0.3000,0,-1.4497,0.000,0.300
952.906,overrun,A_leg2,4.754,-0.504,27.963,27.504,0.458,OVERRUN by 908.97s,1,0.0500,0,-1.4497,1,0.3000,0,-1.4497,0.000,0.300
953.929,overrun,A_leg2,4.754,-0.504,27.963,27.504,0.458,OVERRUN by 909.99s,1,0.0500,0,-1.4497,1,0.3000,0,-1.4497,0.000,0.300
954.959,overrun,A_leg2,4.754,-0.504,27.963,27.504,0.458,OVERRUN by 911.02s,1,0.0500,0,-1.4497,1,0.3000,0,-1.4497,0.000,0.300
955.975,overrun,A_leg2,4.754,-0.504,27.963,27.504,0.458,OVERRUN by 912.04s,1,0.0500,0,-1.4497,1,0.3000,0,-1.4497,0.000,0.300
956.999,overrun,A_leg2,4.754,-0.504,27.963,27.504,0.458,OVERRUN by 913.06s,1,0.0500,0,-1.4497,1,0.3000,0,-1.4497,0.000,0.300
958.016,overrun,A_leg2,4.754,-0.504,27.963,27.504,0.458,OVERRUN by 914.08s,1,0.0500,0,-1.4497,1,0.3000,0,-1.4497,0.000,0.300
959.046,overrun,A_leg2,4.754,-0.504,27.963,27.504,0.458,OVERRUN by 915.11s,1,0.0500,0,-1.4497,1,0.3000,0,-1.4497,0.000,0.300
960.082,overrun,A_leg2,4.754,-0.504,27.963,27.504,0.458,OVERRUN by 916.14s,1,0.0500,0,-1.4497,1,0.3000,0,-1.4497,0.000,0.300
961.099,overrun,A_leg2,4.754,-0.504,27.963,27.504,0.458,OVERRUN by 917.16s,1,0.0500,0,-1.4497,1,0.3000,0,-1.4497,0.000,0.300
962.124,overrun,A_leg2,4.754,-0.504,27.963,27.504,0.458,OVERRUN by 918.19s,1,0.0500,0,-1.4497,1,0.3000,0,-1.4497,0.000,0.300
963.145,overrun,A_leg2,4.754,-0.504,27.963,27.504,0.458,OVERRUN by 919.21s,1,0.0500,0,-1.4497,1,0.3000,0,-1.4497,0.000,0.300
964.164,overrun,A_leg2,4.754,-0.504,27.963,27.504,0.458,OVERRUN by 920.23s,1,0.0500,0,-1.4497,1,0.3000,0,-1.4497,0.000,0.300
965.185,overrun,A_leg2,4.754,-0.504,27.963,27.504,0.458,OVERRUN by 921.25s,1,0.0500,0,-1.4497,1,0.3000,0,-1.4497,0.000,0.300
966.197,overrun,A_leg2,4.754,-0.504,27.963,27.504,0.458,OVERRUN by 922.26s,1,0.0500,0,-1.4497,1,0.3000,0,-1.4497,0.000,0.300
967.226,overrun,A_leg2,4.754,-0.504,27.963,27.504,0.458,OVERRUN by 923.29s,1,0.0500,0,-1.4497,1,0.3000,0,-1.4497,0.000,0.300
968.251,overrun,A_leg2,4.754,-0.504,27.963,27.504,0.458,OVERRUN by 924.31s,1,0.0500,0,-1.4497,1,0.3000,0,-1.4497,0.000,0.300
969.268,overrun,A_leg2,4.754,-0.504,27.963,27.504,0.458,OVERRUN by 925.33s,1,0.0500,0,-1.4497,1,0.3000,0,-1.4497,0.000,0.300
970.281,overrun,A_leg2,4.754,-0.504,27.963,27.504,0.458,OVERRUN by 926.34s,1,0.0500,0,-1.4497,1,0.3000,0,-1.4497,0.000,0.300
971.290,overrun,A_leg2,4.754,-0.504,27.963,27.504,0.458,OVERRUN by 927.35s,1,0.0500,0,-1.4497,1,0.3000,0,-1.4497,0.000,0.300
972.309,overrun,A_leg2,4.754,-0.504,27.963,27.504,0.458,OVERRUN by 928.37s,1,0.0500,0,-1.4497,1,0.3000,0,-1.4497,0.000,0.300
973.332,overrun,A_leg2,4.754,-0.504,27.963,27.504,0.458,OVERRUN by 929.39s,1,0.0500,0,-1.4497,1,0.3000,0,-1.4497,0.000,0.300
974.344,overrun,A_leg2,4.754,-0.504,27.963,27.504,0.458,OVERRUN by 930.41s,1,0.0500,0,-1.4497,1,0.3000,0,-1.4497,0.000,0.300
975.368,overrun,A_leg2,4.754,-0.504,27.963,27.504,0.458,OVERRUN by 931.43s,1,0.0500,0,-1.4497,1,0.3000,0,-1.4497,0.000,0.300
976.392,overrun,A_leg2,4.754,-0.504,27.963,27.504,0.458,OVERRUN by 932.45s,1,0.0500,0,-1.4497,1,0.3000,0,-1.4497,0.000,0.300
977.412,overrun,A_leg2,4.754,-0.504,27.963,27.504,0.458,OVERRUN by 933.47s,1,0.0500,0,-1.4497,1,0.3000,0,-1.4497,0.000,0.300
978.429,overrun,A_leg2,4.754,-0.504,27.963,27.504,0.458,OVERRUN by 934.49s,1,0.0500,0,-1.4497,1,0.3000,0,-1.4497,0.000,0.300
979.431,overrun,A_leg2,4.754,-0.504,27.963,27.504,0.458,OVERRUN by 935.49s,1,0.0500,0,-1.4497,1,0.3000,0,-1.4497,0.000,0.300
980.453,overrun,A_leg2,4.754,-0.504,27.963,27.504,0.458,OVERRUN by 936.52s,1,0.0500,0,-1.4497,1,0.3000,0,-1.4497,0.000,0.300
981.460,overrun,A_leg2,4.754,-0.504,27.963,27.504,0.458,OVERRUN by 937.52s,1,0.0500,0,-1.4497,1,0.3000,0,-1.4497,0.000,0.300
982.490,overrun,A_leg2,4.754,-0.504,27.963,27.504,0.458,OVERRUN by 938.55s,1,0.0500,0,-1.4497,1,0.3000,0,-1.4497,0.000,0.300
983.510,overrun,A_leg2,4.754,-0.504,27.963,27.504,0.458,OVERRUN by 939.57s,1,0.0500,0,-1.4497,1,0.3000,0,-1.4497,0.000,0.300
984.534,overrun,A_leg2,4.754,-0.504,27.963,27.504,0.458,OVERRUN by 940.60s,1,0.0500,0,-1.4497,1,0.3000,0,-1.4497,0.000,0.300
985.551,overrun,A_leg2,4.754,-0.504,27.963,27.504,0.458,OVERRUN by 941.61s,1,0.0500,0,-1.4497,1,0.3000,0,-1.4497,0.000,0.300
986.572,overrun,A_leg2,4.754,-0.504,27.963,27.504,0.458,OVERRUN by 942.63s,1,0.0500,0,-1.4497,1,0.3000,0,-1.4497,0.000,0.300
987.600,overrun,A_leg2,4.754,-0.504,27.963,27.504,0.458,OVERRUN by 943.66s,1,0.0500,0,-1.4497,1,0.3000,0,-1.4497,0.000,0.300
988.626,overrun,A_leg2,4.754,-0.504,27.963,27.504,0.458,OVERRUN by 944.69s,1,0.0500,0,-1.4497,1,0.3000,0,-1.4497,0.000,0.300
989.653,overrun,A_leg2,4.754,-0.504,27.963,27.504,0.458,OVERRUN by 945.72s,1,0.0500,0,-1.4497,1,0.3000,0,-1.4497,0.000,0.300
990.683,overrun,A_leg2,4.754,-0.504,27.963,27.504,0.458,OVERRUN by 946.75s,1,0.0500,0,-1.4497,1,0.3000,0,-1.4497,0.000,0.300
991.701,overrun,A_leg2,4.754,-0.504,27.963,27.504,0.458,OVERRUN by 947.76s,1,0.0500,0,-1.4497,1,0.3000,0,-1.4497,0.000,0.300
992.736,overrun,A_leg2,4.754,-0.504,27.963,27.504,0.458,OVERRUN by 948.80s,1,0.0500,0,-1.4497,1,0.3000,0,-1.4497,0.000,0.300
993.763,overrun,A_leg2,4.754,-0.504,27.963,27.504,0.458,OVERRUN by 949.83s,1,0.0500,0,-1.4497,1,0.3000,0,-1.4497,0.000,0.300
994.782,overrun,A_leg2,4.754,-0.504,27.963,27.504,0.458,OVERRUN by 950.84s,1,0.0500,0,-1.4497,1,0.3000,0,-1.4497,0.000,0.300
995.807,overrun,A_leg2,4.754,-0.504,27.963,27.504,0.458,OVERRUN by 951.87s,1,0.0500,0,-1.4497,1,0.3000,0,-1.4497,0.000,0.300
996.816,overrun,A_leg2,4.754,-0.504,27.963,27.504,0.458,OVERRUN by 952.88s,1,0.0500,0,-1.4497,1,0.3000,0,-1.4497,0.000,0.300
997.843,overrun,A_leg2,4.754,-0.504,27.963,27.504,0.458,OVERRUN by 953.91s,1,0.0500,0,-1.4497,1,0.3000,0,-1.4497,0.000,0.300
998.866,overrun,A_leg2,4.754,-0.504,27.963,27.504,0.458,OVERRUN by 954.93s,1,0.0500,0,-1.4497,1,0.3000,0,-1.4497,0.000,0.300
999.887,overrun,A_leg2,4.754,-0.504,27.963,27.504,0.458,OVERRUN by 955.95s,1,0.0500,0,-1.4497,1,0.3000,0,-1.4497,0.000,0.300
1000.920,overrun,A_leg2,4.754,-0.504,27.963,27.504,0.458,OVERRUN by 956.98s,1,0.0500,0,-1.4497,1,0.3000,0,-1.4497,0.000,0.300
1001.943,overrun,A_leg2,4.754,-0.504,27.963,27.504,0.458,OVERRUN by 958.01s,1,0.0500,0,-1.4497,1,0.3000,0,-1.4497,0.000,0.300
1002.969,overrun,A_leg2,4.754,-0.504,27.963,27.504,0.458,OVERRUN by 959.03s,1,0.0500,0,-1.4497,1,0.3000,0,-1.4497,0.000,0.300
1003.996,overrun,A_leg2,4.754,-0.504,27.963,27.504,0.458,OVERRUN by 960.06s,1,0.0500,0,-1.4497,1,0.3000,0,-1.4497,0.000,0.300
1005.027,overrun,A_leg2,4.754,-0.504,27.963,27.504,0.458,OVERRUN by 961.09s,1,0.0500,0,-1.4497,1,0.3000,0,-1.4497,0.000,0.300
1006.058,overrun,A_leg2,4.754,-0.504,27.963,27.504,0.458,OVERRUN by 962.12s,1,0.0500,0,-1.4497,1,0.3000,0,-1.4497,0.000,0.300
1007.088,overrun,A_leg2,4.754,-0.504,27.963,27.504,0.458,OVERRUN by 963.15s,1,0.0500,0,-1.4497,1,0.3000,0,-1.4497,0.000,0.300
1008.113,overrun,A_leg2,4.754,-0.504,27.963,27.504,0.458,OVERRUN by 964.18s,1,0.0500,0,-1.4497,1,0.3000,0,-1.4497,0.000,0.300
1009.135,overrun,A_leg2,4.754,-0.504,27.963,27.504,0.458,OVERRUN by 965.20s,1,0.0500,0,-1.4497,1,0.3000,0,-1.4497,0.000,0.300
1010.161,overrun,A_leg2,4.754,-0.504,27.963,27.504,0.458,OVERRUN by 966.22s,1,0.0500,0,-1.4497,1,0.3000,0,-1.4497,0.000,0.300
1011.191,overrun,A_leg2,4.754,-0.504,27.963,27.504,0.458,OVERRUN by 967.25s,1,0.0500,0,-1.4497,1,0.3000,0,-1.4497,0.000,0.300
1012.214,overrun,A_leg2,4.754,-0.504,27.963,27.504,0.458,OVERRUN by 968.28s,1,0.0500,0,-1.4497,1,0.3000,0,-1.4497,0.000,0.300
1013.244,overrun,A_leg2,4.754,-0.504,27.963,27.504,0.458,OVERRUN by 969.31s,1,0.0500,0,-1.4497,1,0.3000,0,-1.4497,0.000,0.300
1014.267,overrun,A_leg2,4.754,-0.504,27.963,27.504,0.458,OVERRUN by 970.33s,1,0.0500,0,-1.4497,1,0.3000,0,-1.4497,0.000,0.300
1015.294,overrun,A_leg2,4.754,-0.504,27.963,27.504,0.458,OVERRUN by 971.36s,1,0.0500,0,-1.4497,1,0.3000,0,-1.4497,0.000,0.300
1016.329,overrun,A_leg2,4.754,-0.504,27.963,27.504,0.458,OVERRUN by 972.39s,1,0.0500,0,-1.4497,1,0.3000,0,-1.4497,0.000,0.300
1017.347,overrun,A_leg2,4.754,-0.504,27.963,27.504,0.458,OVERRUN by 973.41s,1,0.0500,0,-1.4497,1,0.3000,0,-1.4497,0.000,0.300
1018.368,overrun,A_leg2,4.754,-0.504,27.963,27.504,0.458,OVERRUN by 974.43s,1,0.0500,0,-1.4497,1,0.3000,0,-1.4497,0.000,0.300
1019.389,overrun,A_leg2,4.754,-0.504,27.963,27.504,0.458,OVERRUN by 975.45s,1,0.0500,0,-1.4497,1,0.3000,0,-1.4497,0.000,0.300
1020.413,overrun,A_leg2,4.754,-0.504,27.963,27.504,0.458,OVERRUN by 976.48s,1,0.0500,0,-1.4497,1,0.3000,0,-1.4497,0.000,0.300
1021.439,overrun,A_leg2,4.754,-0.504,27.963,27.504,0.458,OVERRUN by 977.50s,1,0.0500,0,-1.4497,1,0.3000,0,-1.4497,0.000,0.300
1022.455,overrun,A_leg2,4.754,-0.504,27.963,27.504,0.458,OVERRUN by 978.52s,1,0.0500,0,-1.4497,1,0.3000,0,-1.4497,0.000,0.300
1023.471,overrun,A_leg2,4.754,-0.504,27.963,27.504,0.458,OVERRUN by 979.53s,1,0.0500,0,-1.4497,1,0.3000,0,-1.4497,0.000,0.300
1024.497,overrun,A_leg2,4.754,-0.504,27.963,27.504,0.458,OVERRUN by 980.56s,1,0.0500,0,-1.4497,1,0.3000,0,-1.4497,0.000,0.300
1025.512,overrun,A_leg2,4.754,-0.504,27.963,27.504,0.458,OVERRUN by 981.57s,1,0.0500,0,-1.4497,1,0.3000,0,-1.4497,0.000,0.300
1026.526,overrun,A_leg2,4.754,-0.504,27.963,27.504,0.458,OVERRUN by 982.59s,1,0.0500,0,-1.4497,1,0.3000,0,-1.4497,0.000,0.300
1027.552,overrun,A_leg2,4.754,-0.504,27.963,27.504,0.458,OVERRUN by 983.61s,1,0.0500,0,-1.4497,1,0.3000,0,-1.4497,0.000,0.300
1028.584,overrun,A_leg2,4.754,-0.504,27.963,27.504,0.458,OVERRUN by 984.65s,1,0.0500,0,-1.4497,1,0.3000,0,-1.4497,0.000,0.300
1029.620,overrun,A_leg2,4.754,-0.504,27.963,27.504,0.458,OVERRUN by 985.68s,1,0.0500,0,-1.4497,1,0.3000,0,-1.4497,0.000,0.300
1030.648,overrun,A_leg2,4.754,-0.504,27.963,27.504,0.458,OVERRUN by 986.71s,1,0.0500,0,-1.4497,1,0.3000,0,-1.4497,0.000,0.300
1031.676,overrun,A_leg2,4.754,-0.504,27.963,27.504,0.458,OVERRUN by 987.74s,1,0.0500,0,-1.4497,1,0.3000,0,-1.4497,0.000,0.300
1032.696,overrun,A_leg2,4.754,-0.504,27.963,27.504,0.458,OVERRUN by 988.76s,1,0.0500,0,-1.4497,1,0.3000,0,-1.4497,0.000,0.300
1033.716,overrun,A_leg2,4.754,-0.504,27.963,27.504,0.458,OVERRUN by 989.78s,1,0.0500,0,-1.4497,1,0.3000,0,-1.4497,0.000,0.300
1034.748,overrun,A_leg2,4.754,-0.504,27.963,27.504,0.458,OVERRUN by 990.81s,1,0.0500,0,-1.4497,1,0.3000,0,-1.4497,0.000,0.300
1035.768,overrun,A_leg2,4.754,-0.504,27.963,27.504,0.458,OVERRUN by 991.83s,1,0.0500,0,-1.4497,1,0.3000,0,-1.4497,0.000,0.300
1036.793,overrun,A_leg2,4.754,-0.504,27.963,27.504,0.458,OVERRUN by 992.86s,1,0.0500,0,-1.4497,1,0.3000,0,-1.4497,0.000,0.300
1037.818,overrun,A_leg2,4.754,-0.504,27.963,27.504,0.458,OVERRUN by 993.88s,1,0.0500,0,-1.4497,1,0.3000,0,-1.4497,0.000,0.300
1038.842,overrun,A_leg2,4.754,-0.504,27.963,27.504,0.458,OVERRUN by 994.90s,1,0.0500,0,-1.4497,1,0.3000,0,-1.4497,0.000,0.300
1039.867,overrun,A_leg2,4.754,-0.504,27.963,27.504,0.458,OVERRUN by 995.93s,1,0.0500,0,-1.4497,1,0.3000,0,-1.4497,0.000,0.300
1040.897,overrun,A_leg2,4.754,-0.504,27.963,27.504,0.458,OVERRUN by 996.96s,1,0.0500,0,-1.4497,1,0.3000,0,-1.4497,0.000,0.300
1041.933,overrun,A_leg2,4.754,-0.504,27.963,27.504,0.458,OVERRUN by 998.00s,1,0.0500,0,-1.4497,1,0.3000,0,-1.4497,0.000,0.300
1042.967,overrun,A_leg2,4.754,-0.504,27.963,27.504,0.458,OVERRUN by 999.03s,1,0.0500,0,-1.4497,1,0.3000,0,-1.4497,0.000,0.300
1043.988,overrun,A_leg2,4.754,-0.504,27.963,27.504,0.458,OVERRUN by 1000.05s,1,0.0500,0,-1.4497,1,0.3000,0,-1.4497,0.000,0.300
1045.015,overrun,A_leg2,4.754,-0.504,27.963,27.504,0.458,OVERRUN by 1001.08s,1,0.0500,0,-1.4497,1,0.3000,0,-1.4497,0.000,0.300
1046.032,overrun,A_leg2,4.754,-0.504,27.963,27.504,0.458,OVERRUN by 1002.09s,1,0.0500,0,-1.4497,1,0.3000,0,-1.4497,0.000,0.300
1047.050,overrun,A_leg2,4.754,-0.504,27.963,27.504,0.458,OVERRUN by 1003.11s,1,0.0500,0,-1.4497,1,0.3000,0,-1.4497,0.000,0.300
1048.070,overrun,A_leg2,4.754,-0.504,27.963,27.504,0.458,OVERRUN by 1004.13s,1,0.0500,0,-1.4497,1,0.3000,0,-1.4497,0.000,0.300
1049.092,overrun,A_leg2,4.754,-0.504,27.963,27.504,0.458,OVERRUN by 1005.15s,1,0.0500,0,-1.4497,1,0.3000,0,-1.4497,0.000,0.300
1050.122,overrun,A_leg2,4.754,-0.504,27.963,27.504,0.458,OVERRUN by 1006.18s,1,0.0500,0,-1.4497,1,0.3000,0,-1.4497,0.000,0.300
1051.137,overrun,A_leg2,4.754,-0.504,27.963,27.504,0.458,OVERRUN by 1007.20s,1,0.0500,0,-1.4497,1,0.3000,0,-1.4497,0.000,0.300
1052.168,overrun,A_leg2,4.754,-0.504,27.963,27.504,0.458,OVERRUN by 1008.23s,1,0.0500,0,-1.4497,1,0.3000,0,-1.4497,0.000,0.300
1053.189,overrun,A_leg2,4.754,-0.504,27.963,27.504,0.458,OVERRUN by 1009.25s,1,0.0500,0,-1.4497,1,0.3000,0,-1.4497,0.000,0.300
1054.217,overrun,A_leg2,4.754,-0.504,27.963,27.504,0.458,OVERRUN by 1010.28s,1,0.0500,0,-1.4497,1,0.3000,0,-1.4497,0.000,0.300
1055.243,overrun,A_leg2,4.754,-0.504,27.963,27.504,0.458,OVERRUN by 1011.31s,1,0.0500,0,-1.4497,1,0.3000,0,-1.4497,0.000,0.300
1056.265,overrun,A_leg2,4.754,-0.504,27.963,27.504,0.458,OVERRUN by 1012.33s,1,0.0500,0,-1.4497,1,0.3000,0,-1.4497,0.000,0.300
1057.297,overrun,A_leg2,4.754,-0.504,27.963,27.504,0.458,OVERRUN by 1013.36s,1,0.0500,0,-1.4497,1,0.3000,0,-1.4497,0.000,0.300
1058.314,overrun,A_leg2,4.754,-0.504,27.963,27.504,0.458,OVERRUN by 1014.38s,1,0.0500,0,-1.4497,1,0.3000,0,-1.4497,0.000,0.300
1059.333,overrun,A_leg2,4.754,-0.504,27.963,27.504,0.458,OVERRUN by 1015.40s,1,0.0500,0,-1.4497,1,0.3000,0,-1.4497,0.000,0.300
1060.353,overrun,A_leg2,4.754,-0.504,27.963,27.504,0.458,OVERRUN by 1016.42s,1,0.0500,0,-1.4497,1,0.3000,0,-1.4497,0.000,0.300
1061.376,overrun,A_leg2,4.754,-0.504,27.963,27.504,0.458,OVERRUN by 1017.44s,1,0.0500,0,-1.4497,1,0.3000,0,-1.4497,0.000,0.300
1062.413,overrun,A_leg2,4.754,-0.504,27.963,27.504,0.458,OVERRUN by 1018.48s,1,0.0500,0,-1.4497,1,0.3000,0,-1.4497,0.000,0.300
1063.427,overrun,A_leg2,4.754,-0.504,27.963,27.504,0.458,OVERRUN by 1019.49s,1,0.0500,0,-1.4497,1,0.3000,0,-1.4497,0.000,0.300
1064.444,overrun,A_leg2,4.754,-0.504,27.963,27.504,0.458,OVERRUN by 1020.51s,1,0.0500,0,-1.4497,1,0.3000,0,-1.4497,0.000,0.300
1065.477,overrun,A_leg2,4.754,-0.504,27.963,27.504,0.458,OVERRUN by 1021.54s,1,0.0500,0,-1.4497,1,0.3000,0,-1.4497,0.000,0.300
1066.499,overrun,A_leg2,4.754,-0.504,27.963,27.504,0.458,OVERRUN by 1022.56s,1,0.0500,0,-1.4497,1,0.3000,0,-1.4497,0.000,0.300
1067.527,overrun,A_leg2,4.754,-0.504,27.963,27.504,0.458,OVERRUN by 1023.59s,1,0.0500,0,-1.4497,1,0.3000,0,-1.4497,0.000,0.300
1068.554,overrun,A_leg2,4.754,-0.504,27.963,27.504,0.458,OVERRUN by 1024.62s,1,0.0500,0,-1.4497,1,0.3000,0,-1.4497,0.000,0.300
1069.563,overrun,A_leg2,4.754,-0.504,27.963,27.504,0.458,OVERRUN by 1025.63s,1,0.0500,0,-1.4497,1,0.3000,0,-1.4497,0.000,0.300
1070.587,overrun,A_leg2,4.754,-0.504,27.963,27.504,0.458,OVERRUN by 1026.65s,1,0.0500,0,-1.4497,1,0.3000,0,-1.4497,0.000,0.300
1071.602,overrun,A_leg2,4.754,-0.504,27.963,27.504,0.458,OVERRUN by 1027.66s,1,0.0500,0,-1.4497,1,0.3000,0,-1.4497,0.000,0.300
1072.622,overrun,A_leg2,4.754,-0.504,27.963,27.504,0.458,OVERRUN by 1028.68s,1,0.0500,0,-1.4497,1,0.3000,0,-1.4497,0.000,0.300
1073.647,overrun,A_leg2,4.754,-0.504,27.963,27.504,0.458,OVERRUN by 1029.71s,1,0.0500,0,-1.4497,1,0.3000,0,-1.4497,0.000,0.300
1074.672,overrun,A_leg2,4.754,-0.504,27.963,27.504,0.458,OVERRUN by 1030.73s,1,0.0500,0,-1.4497,1,0.3000,0,-1.4497,0.000,0.300
1075.706,overrun,A_leg2,4.754,-0.504,27.963,27.504,0.458,OVERRUN by 1031.77s,1,0.0500,0,-1.4497,1,0.3000,0,-1.4497,0.000,0.300
1076.722,overrun,A_leg2,4.754,-0.504,27.963,27.504,0.458,OVERRUN by 1032.78s,1,0.0500,0,-1.4497,1,0.3000,0,-1.4497,0.000,0.300
1077.738,overrun,A_leg2,4.754,-0.504,27.963,27.504,0.458,OVERRUN by 1033.80s,1,0.0500,0,-1.4497,1,0.3000,0,-1.4497,0.000,0.300
1078.755,overrun,A_leg2,4.754,-0.504,27.963,27.504,0.458,OVERRUN by 1034.82s,1,0.0500,0,-1.4497,1,0.3000,0,-1.4497,0.000,0.300
1079.781,overrun,A_leg2,4.754,-0.504,27.963,27.504,0.458,OVERRUN by 1035.84s,1,0.0500,0,-1.4497,1,0.3000,0,-1.4497,0.000,0.300
1080.798,overrun,A_leg2,4.754,-0.504,27.963,27.504,0.458,OVERRUN by 1036.86s,1,0.0500,0,-1.4497,1,0.3000,0,-1.4497,0.000,0.300
1081.825,overrun,A_leg2,4.754,-0.504,27.963,27.504,0.458,OVERRUN by 1037.89s,1,0.0500,0,-1.4497,1,0.3000,0,-1.4497,0.000,0.300
1082.851,overrun,A_leg2,4.754,-0.504,27.963,27.504,0.458,OVERRUN by 1038.91s,1,0.0500,0,-1.4497,1,0.3000,0,-1.4497,0.000,0.300
1083.877,overrun,A_leg2,4.754,-0.504,27.963,27.504,0.458,OVERRUN by 1039.94s,1,0.0500,0,-1.4497,1,0.3000,0,-1.4497,0.000,0.300
1084.899,overrun,A_leg2,4.754,-0.504,27.963,27.504,0.458,OVERRUN by 1040.96s,1,0.0500,0,-1.4497,1,0.3000,0,-1.4497,0.000,0.300
1085.913,overrun,A_leg2,4.754,-0.504,27.963,27.504,0.458,OVERRUN by 1041.97s,1,0.0500,0,-1.4497,1,0.3000,0,-1.4497,0.000,0.300
1086.940,overrun,A_leg2,4.754,-0.504,27.963,27.504,0.458,OVERRUN by 1043.00s,1,0.0500,0,-1.4497,1,0.3000,0,-1.4497,0.000,0.300
1087.972,overrun,A_leg2,4.754,-0.504,27.963,27.504,0.458,OVERRUN by 1044.03s,1,0.0500,0,-1.4497,1,0.3000,0,-1.4497,0.000,0.300
1088.997,overrun,A_leg2,4.754,-0.504,27.963,27.504,0.458,OVERRUN by 1045.06s,1,0.0500,0,-1.4497,1,0.3000,0,-1.4497,0.000,0.300
1090.034,overrun,A_leg2,4.754,-0.504,27.963,27.504,0.458,OVERRUN by 1046.10s,1,0.0500,0,-1.4497,1,0.3000,0,-1.4497,0.000,0.300
1091.054,overrun,A_leg2,4.754,-0.504,27.963,27.504,0.458,OVERRUN by 1047.12s,1,0.0500,0,-1.4497,1,0.3000,0,-1.4497,0.000,0.300
1092.081,overrun,A_leg2,4.754,-0.504,27.963,27.504,0.458,OVERRUN by 1048.14s,1,0.0500,0,-1.4497,1,0.3000,0,-1.4497,0.000,0.300
1093.100,overrun,A_leg2,4.754,-0.504,27.963,27.504,0.458,OVERRUN by 1049.16s,1,0.0500,0,-1.4497,1,0.3000,0,-1.4497,0.000,0.300
1094.129,overrun,A_leg2,4.754,-0.504,27.963,27.504,0.458,OVERRUN by 1050.19s,1,0.0500,0,-1.4497,1,0.3000,0,-1.4497,0.000,0.300
1095.164,overrun,A_leg2,4.754,-0.504,27.963,27.504,0.458,OVERRUN by 1051.23s,1,0.0500,0,-1.4497,1,0.3000,0,-1.4497,0.000,0.300
1096.180,overrun,A_leg2,4.754,-0.504,27.963,27.504,0.458,OVERRUN by 1052.24s,1,0.0500,0,-1.4497,1,0.3000,0,-1.4497,0.000,0.300
1097.197,overrun,A_leg2,4.754,-0.504,27.963,27.504,0.458,OVERRUN by 1053.26s,1,0.0500,0,-1.4497,1,0.3000,0,-1.4497,0.000,0.300
1098.221,overrun,A_leg2,4.754,-0.504,27.963,27.504,0.458,OVERRUN by 1054.28s,1,0.0500,0,-1.4497,1,0.3000,0,-1.4497,0.000,0.300
1099.245,overrun,A_leg2,4.754,-0.504,27.963,27.504,0.458,OVERRUN by 1055.31s,1,0.0500,0,-1.4497,1,0.3000,0,-1.4497,0.000,0.300
1100.276,overrun,A_leg2,4.754,-0.504,27.963,27.504,0.458,OVERRUN by 1056.34s,1,0.0500,0,-1.4497,1,0.3000,0,-1.4497,0.000,0.300
1101.309,overrun,A_leg2,4.754,-0.504,27.963,27.504,0.458,OVERRUN by 1057.37s,1,0.0500,0,-1.4497,1,0.3000,0,-1.4497,0.000,0.300
1102.329,overrun,A_leg2,4.754,-0.504,27.963,27.504,0.458,OVERRUN by 1058.39s,1,0.0500,0,-1.4497,1,0.3000,0,-1.4497,0.000,0.300
1103.352,overrun,A_leg2,4.754,-0.504,27.963,27.504,0.458,OVERRUN by 1059.41s,1,0.0500,0,-1.4497,1,0.3000,0,-1.4497,0.000,0.300
1104.372,overrun,A_leg2,4.754,-0.504,27.963,27.504,0.458,OVERRUN by 1060.43s,1,0.0500,0,-1.4497,1,0.3000,0,-1.4497,0.000,0.300
1105.397,overrun,A_leg2,4.754,-0.504,27.963,27.504,0.458,OVERRUN by 1061.46s,1,0.0500,0,-1.4497,1,0.3000,0,-1.4497,0.000,0.300
1106.413,overrun,A_leg2,4.754,-0.504,27.963,27.504,0.458,OVERRUN by 1062.48s,1,0.0500,0,-1.4497,1,0.3000,0,-1.4497,0.000,0.300
1107.440,overrun,A_leg2,4.754,-0.504,27.963,27.504,0.458,OVERRUN by 1063.50s,1,0.0500,0,-1.4497,1,0.3000,0,-1.4497,0.000,0.300
1108.463,overrun,A_leg2,4.754,-0.504,27.963,27.504,0.458,OVERRUN by 1064.53s,1,0.0500,0,-1.4497,1,0.3000,0,-1.4497,0.000,0.300
1109.487,overrun,A_leg2,4.754,-0.504,27.963,27.504,0.458,OVERRUN by 1065.55s,1,0.0500,0,-1.4497,1,0.3000,0,-1.4497,0.000,0.300
1110.496,overrun,A_leg2,4.754,-0.504,27.963,27.504,0.458,OVERRUN by 1066.56s,1,0.0500,0,-1.4497,1,0.3000,0,-1.4497,0.000,0.300
1111.523,overrun,A_leg2,4.754,-0.504,27.963,27.504,0.458,OVERRUN by 1067.59s,1,0.0500,0,-1.4497,1,0.3000,0,-1.4497,0.000,0.300
1112.547,overrun,A_leg2,4.754,-0.504,27.963,27.504,0.458,OVERRUN by 1068.61s,1,0.0500,0,-1.4497,1,0.3000,0,-1.4497,0.000,0.300
1113.568,overrun,A_leg2,4.754,-0.504,27.963,27.504,0.458,OVERRUN by 1069.63s,1,0.0500,0,-1.4497,1,0.3000,0,-1.4497,0.000,0.300
1114.597,overrun,A_leg2,4.754,-0.504,27.963,27.504,0.458,OVERRUN by 1070.66s,1,0.0500,0,-1.4497,1,0.3000,0,-1.4497,0.000,0.300
1115.627,overrun,A_leg2,4.754,-0.504,27.963,27.504,0.458,OVERRUN by 1071.69s,1,0.0500,0,-1.4497,1,0.3000,0,-1.4497,0.000,0.300
1116.659,overrun,A_leg2,4.754,-0.504,27.963,27.504,0.458,OVERRUN by 1072.72s,1,0.0500,0,-1.4497,1,0.3000,0,-1.4497,0.000,0.300
1117.668,overrun,A_leg2,4.754,-0.504,27.963,27.504,0.458,OVERRUN by 1073.73s,1,0.0500,0,-1.4497,1,0.3000,0,-1.4497,0.000,0.300
1118.690,overrun,A_leg2,4.754,-0.504,27.963,27.504,0.458,OVERRUN by 1074.75s,1,0.0500,0,-1.4497,1,0.3000,0,-1.4497,0.000,0.300
1119.715,overrun,A_leg2,4.754,-0.504,27.963,27.504,0.458,OVERRUN by 1075.78s,1,0.0500,0,-1.4497,1,0.3000,0,-1.4497,0.000,0.300
1120.723,overrun,A_leg2,4.754,-0.504,27.963,27.504,0.458,OVERRUN by 1076.79s,1,0.0500,0,-1.4497,1,0.3000,0,-1.4497,0.000,0.300
1121.754,overrun,A_leg2,4.754,-0.504,27.963,27.504,0.458,OVERRUN by 1077.82s,1,0.0500,0,-1.4497,1,0.3000,0,-1.4497,0.000,0.300
1122.787,overrun,A_leg2,4.754,-0.504,27.963,27.504,0.458,OVERRUN by 1078.85s,1,0.0500,0,-1.4497,1,0.3000,0,-1.4497,0.000,0.300
1123.812,overrun,A_leg2,4.754,-0.504,27.963,27.504,0.458,OVERRUN by 1079.87s,1,0.0500,0,-1.4497,1,0.3000,0,-1.4497,0.000,0.300
1124.834,overrun,A_leg2,4.754,-0.504,27.963,27.504,0.458,OVERRUN by 1080.90s,1,0.0500,0,-1.4497,1,0.3000,0,-1.4497,0.000,0.300
1125.847,overrun,A_leg2,4.754,-0.504,27.963,27.504,0.458,OVERRUN by 1081.91s,1,0.0500,0,-1.4497,1,0.3000,0,-1.4497,0.000,0.300
1126.880,overrun,A_leg2,4.754,-0.504,27.963,27.504,0.458,OVERRUN by 1082.94s,1,0.0500,0,-1.4497,1,0.3000,0,-1.4497,0.000,0.300
1127.907,overrun,A_leg2,4.754,-0.504,27.963,27.504,0.458,OVERRUN by 1083.97s,1,0.0500,0,-1.4497,1,0.3000,0,-1.4497,0.000,0.300
1128.921,overrun,A_leg2,4.754,-0.504,27.963,27.504,0.458,OVERRUN by 1084.98s,1,0.0500,0,-1.4497,1,0.3000,0,-1.4497,0.000,0.300
1129.953,overrun,A_leg2,4.754,-0.504,27.963,27.504,0.458,OVERRUN by 1086.02s,1,0.0500,0,-1.4497,1,0.3000,0,-1.4497,0.000,0.300
1130.987,overrun,A_leg2,4.754,-0.504,27.963,27.504,0.458,OVERRUN by 1087.05s,1,0.0500,0,-1.4497,1,0.3000,0,-1.4497,0.000,0.300
1132.005,overrun,A_leg2,4.754,-0.504,27.963,27.504,0.458,OVERRUN by 1088.07s,1,0.0500,0,-1.4497,1,0.3000,0,-1.4497,0.000,0.300
1133.017,overrun,A_leg2,4.754,-0.504,27.963,27.504,0.458,OVERRUN by 1089.08s,1,0.0500,0,-1.4497,1,0.3000,0,-1.4497,0.000,0.300
1134.042,overrun,A_leg2,4.754,-0.504,27.963,27.504,0.458,OVERRUN by 1090.10s,1,0.0500,0,-1.4497,1,0.3000,0,-1.4497,0.000,0.300
1135.067,overrun,A_leg2,4.754,-0.504,27.963,27.504,0.458,OVERRUN by 1091.13s,1,0.0500,0,-1.4497,1,0.3000,0,-1.4497,0.000,0.300
1136.100,overrun,A_leg2,4.754,-0.504,27.963,27.504,0.458,OVERRUN by 1092.16s,1,0.0500,0,-1.4497,1,0.3000,0,-1.4497,0.000,0.300
1137.122,overrun,A_leg2,4.754,-0.504,27.963,27.504,0.458,OVERRUN by 1093.18s,1,0.0500,0,-1.4497,1,0.3000,0,-1.4497,0.000,0.300
1138.133,overrun,A_leg2,4.754,-0.504,27.963,27.504,0.458,OVERRUN by 1094.20s,1,0.0500,0,-1.4497,1,0.3000,0,-1.4497,0.000,0.300
1139.163,overrun,A_leg2,4.754,-0.504,27.963,27.504,0.458,OVERRUN by 1095.23s,1,0.0500,0,-1.4497,1,0.3000,0,-1.4497,0.000,0.300
1140.181,overrun,A_leg2,4.754,-0.504,27.963,27.504,0.458,OVERRUN by 1096.24s,1,0.0500,0,-1.4497,1,0.3000,0,-1.4497,0.000,0.300
1141.210,overrun,A_leg2,4.754,-0.504,27.963,27.504,0.458,OVERRUN by 1097.27s,1,0.0500,0,-1.4497,1,0.3000,0,-1.4497,0.000,0.300
1142.221,overrun,A_leg2,4.754,-0.504,27.963,27.504,0.458,OVERRUN by 1098.28s,1,0.0500,0,-1.4497,1,0.3000,0,-1.4497,0.000,0.300
1143.242,overrun,A_leg2,4.754,-0.504,27.963,27.504,0.458,OVERRUN by 1099.30s,1,0.0500,0,-1.4497,1,0.3000,0,-1.4497,0.000,0.300
1144.265,overrun,A_leg2,4.754,-0.504,27.963,27.504,0.458,OVERRUN by 1100.33s,1,0.0500,0,-1.4497,1,0.3000,0,-1.4497,0.000,0.300
1145.295,overrun,A_leg2,4.754,-0.504,27.963,27.504,0.458,OVERRUN by 1101.36s,1,0.0500,0,-1.4497,1,0.3000,0,-1.4497,0.000,0.300
1146.314,overrun,A_leg2,4.754,-0.504,27.963,27.504,0.458,OVERRUN by 1102.38s,1,0.0500,0,-1.4497,1,0.3000,0,-1.4497,0.000,0.300
1147.343,overrun,A_leg2,4.754,-0.504,27.963,27.504,0.458,OVERRUN by 1103.41s,1,0.0500,0,-1.4497,1,0.3000,0,-1.4497,0.000,0.300
1148.364,overrun,A_leg2,4.754,-0.504,27.963,27.504,0.458,OVERRUN by 1104.43s,1,0.0500,0,-1.4497,1,0.3000,0,-1.4497,0.000,0.300
1149.394,overrun,A_leg2,4.754,-0.504,27.963,27.504,0.458,OVERRUN by 1105.46s,1,0.0500,0,-1.4497,1,0.3000,0,-1.4497,0.000,0.300
1150.419,overrun,A_leg2,4.754,-0.504,27.963,27.504,0.458,OVERRUN by 1106.48s,1,0.0500,0,-1.4497,1,0.3000,0,-1.4497,0.000,0.300
1151.455,overrun,A_leg2,4.754,-0.504,27.963,27.504,0.458,OVERRUN by 1107.52s,1,0.0500,0,-1.4497,1,0.3000,0,-1.4497,0.000,0.300
1152.479,overrun,A_leg2,4.754,-0.504,27.963,27.504,0.458,OVERRUN by 1108.54s,1,0.0500,0,-1.4497,1,0.3000,0,-1.4497,0.000,0.300
1153.516,overrun,A_leg2,4.754,-0.504,27.963,27.504,0.458,OVERRUN by 1109.58s,1,0.0500,0,-1.4497,1,0.3000,0,-1.4497,0.000,0.300
1154.548,overrun,A_leg2,4.754,-0.504,27.963,27.504,0.458,OVERRUN by 1110.61s,1,0.0500,0,-1.4497,1,0.3000,0,-1.4497,0.000,0.300
1155.578,overrun,A_leg2,4.754,-0.504,27.963,27.504,0.458,OVERRUN by 1111.64s,1,0.0500,0,-1.4497,1,0.3000,0,-1.4497,0.000,0.300
1156.602,overrun,A_leg2,4.754,-0.504,27.963,27.504,0.458,OVERRUN by 1112.66s,1,0.0500,0,-1.4497,1,0.3000,0,-1.4497,0.000,0.300
1157.625,overrun,A_leg2,4.754,-0.504,27.963,27.504,0.458,OVERRUN by 1113.69s,1,0.0500,0,-1.4497,1,0.3000,0,-1.4497,0.000,0.300
1158.642,overrun,A_leg2,4.754,-0.504,27.963,27.504,0.458,OVERRUN by 1114.70s,1,0.0500,0,-1.4497,1,0.3000,0,-1.4497,0.000,0.300
1159.669,overrun,A_leg2,4.754,-0.504,27.963,27.504,0.458,OVERRUN by 1115.73s,1,0.0500,0,-1.4497,1,0.3000,0,-1.4497,0.000,0.300
1160.688,overrun,A_leg2,4.754,-0.504,27.963,27.504,0.458,OVERRUN by 1116.75s,1,0.0500,0,-1.4497,1,0.3000,0,-1.4497,0.000,0.300
1161.711,overrun,A_leg2,4.754,-0.504,27.963,27.504,0.458,OVERRUN by 1117.77s,1,0.0500,0,-1.4497,1,0.3000,0,-1.4497,0.000,0.300
1162.732,overrun,A_leg2,4.754,-0.504,27.963,27.504,0.458,OVERRUN by 1118.79s,1,0.0500,0,-1.4497,1,0.3000,0,-1.4497,0.000,0.300
1163.760,overrun,A_leg2,4.754,-0.504,27.963,27.504,0.458,OVERRUN by 1119.82s,1,0.0500,0,-1.4497,1,0.3000,0,-1.4497,0.000,0.300
1164.787,overrun,A_leg2,4.754,-0.504,27.963,27.504,0.458,OVERRUN by 1120.85s,1,0.0500,0,-1.4497,1,0.3000,0,-1.4497,0.000,0.300
1165.812,overrun,A_leg2,4.754,-0.504,27.963,27.504,0.458,OVERRUN by 1121.87s,1,0.0500,0,-1.4497,1,0.3000,0,-1.4497,0.000,0.300
1166.837,overrun,A_leg2,4.754,-0.504,27.963,27.504,0.458,OVERRUN by 1122.90s,1,0.0500,0,-1.4497,1,0.3000,0,-1.4497,0.000,0.300
1167.863,overrun,A_leg2,4.754,-0.504,27.963,27.504,0.458,OVERRUN by 1123.93s,1,0.0500,0,-1.4497,1,0.3000,0,-1.4497,0.000,0.300
1168.896,overrun,A_leg2,4.754,-0.504,27.963,27.504,0.458,OVERRUN by 1124.96s,1,0.0500,0,-1.4497,1,0.3000,0,-1.4497,0.000,0.300
1169.926,overrun,A_leg2,4.754,-0.504,27.963,27.504,0.458,OVERRUN by 1125.99s,1,0.0500,0,-1.4497,1,0.3000,0,-1.4497,0.000,0.300
1170.948,overrun,A_leg2,4.754,-0.504,27.963,27.504,0.458,OVERRUN by 1127.01s,1,0.0500,0,-1.4497,1,0.3000,0,-1.4497,0.000,0.300
1171.971,overrun,A_leg2,4.754,-0.504,27.963,27.504,0.458,OVERRUN by 1128.03s,1,0.0500,0,-1.4497,1,0.3000,0,-1.4497,0.000,0.300
1172.991,overrun,A_leg2,4.754,-0.504,27.963,27.504,0.458,OVERRUN by 1129.05s,1,0.0500,0,-1.4497,1,0.3000,0,-1.4497,0.000,0.300
1174.018,overrun,A_leg2,4.754,-0.504,27.963,27.504,0.458,OVERRUN by 1130.08s,1,0.0500,0,-1.4497,1,0.3000,0,-1.4497,0.000,0.300
1175.045,overrun,A_leg2,4.754,-0.504,27.963,27.504,0.458,OVERRUN by 1131.11s,1,0.0500,0,-1.4497,1,0.3000,0,-1.4497,0.000,0.300
1176.071,overrun,A_leg2,4.754,-0.504,27.963,27.504,0.458,OVERRUN by 1132.13s,1,0.0500,0,-1.4497,1,0.3000,0,-1.4497,0.000,0.300
1177.100,overrun,A_leg2,4.754,-0.504,27.963,27.504,0.458,OVERRUN by 1133.16s,1,0.0500,0,-1.4497,1,0.3000,0,-1.4497,0.000,0.300
1178.127,overrun,A_leg2,4.754,-0.504,27.963,27.504,0.458,OVERRUN by 1134.19s,1,0.0500,0,-1.4497,1,0.3000,0,-1.4497,0.000,0.300
1179.150,overrun,A_leg2,4.754,-0.504,27.963,27.504,0.458,OVERRUN by 1135.21s,1,0.0500,0,-1.4497,1,0.3000,0,-1.4497,0.000,0.300
1180.176,overrun,A_leg2,4.754,-0.504,27.963,27.504,0.458,OVERRUN by 1136.24s,1,0.0500,0,-1.4497,1,0.3000,0,-1.4497,0.000,0.300
1181.200,overrun,A_leg2,4.754,-0.504,27.963,27.504,0.458,OVERRUN by 1137.26s,1,0.0500,0,-1.4497,1,0.3000,0,-1.4497,0.000,0.300
1182.218,overrun,A_leg2,4.754,-0.504,27.963,27.504,0.458,OVERRUN by 1138.28s,1,0.0500,0,-1.4497,1,0.3000,0,-1.4497,0.000,0.300
1183.225,overrun,A_leg2,4.754,-0.504,27.963,27.504,0.458,OVERRUN by 1139.29s,1,0.0500,0,-1.4497,1,0.3000,0,-1.4497,0.000,0.300
1184.252,overrun,A_leg2,4.754,-0.504,27.963,27.504,0.458,OVERRUN by 1140.31s,1,0.0500,0,-1.4497,1,0.3000,0,-1.4497,0.000,0.300
1185.280,overrun,A_leg2,4.754,-0.504,27.963,27.504,0.458,OVERRUN by 1141.34s,1,0.0500,0,-1.4497,1,0.3000,0,-1.4497,0.000,0.300
1186.313,overrun,A_leg2,4.754,-0.504,27.963,27.504,0.458,OVERRUN by 1142.38s,1,0.0500,0,-1.4497,1,0.3000,0,-1.4497,0.000,0.300
1187.337,overrun,A_leg2,4.754,-0.504,27.963,27.504,0.458,OVERRUN by 1143.40s,1,0.0500,0,-1.4497,1,0.3000,0,-1.4497,0.000,0.300
1188.361,overrun,A_leg2,4.754,-0.504,27.963,27.504,0.458,OVERRUN by 1144.42s,1,0.0500,0,-1.4497,1,0.3000,0,-1.4497,0.000,0.300
1189.399,overrun,A_leg2,4.754,-0.504,27.963,27.504,0.458,OVERRUN by 1145.46s,1,0.0500,0,-1.4497,1,0.3000,0,-1.4497,0.000,0.300
1190.427,overrun,A_leg2,4.754,-0.504,27.963,27.504,0.458,OVERRUN by 1146.49s,1,0.0500,0,-1.4497,1,0.3000,0,-1.4497,0.000,0.300
1191.446,overrun,A_leg2,4.754,-0.504,27.963,27.504,0.458,OVERRUN by 1147.51s,1,0.0500,0,-1.4497,1,0.3000,0,-1.4497,0.000,0.300
1192.468,overrun,A_leg2,4.754,-0.504,27.963,27.504,0.458,OVERRUN by 1148.53s,1,0.0500,0,-1.4497,1,0.3000,0,-1.4497,0.000,0.300
1193.487,overrun,A_leg2,4.754,-0.504,27.963,27.504,0.458,OVERRUN by 1149.55s,1,0.0500,0,-1.4497,1,0.3000,0,-1.4497,0.000,0.300
1194.510,overrun,A_leg2,4.754,-0.504,27.963,27.504,0.458,OVERRUN by 1150.57s,1,0.0500,0,-1.4497,1,0.3000,0,-1.4497,0.000,0.300
1195.544,overrun,A_leg2,4.754,-0.504,27.963,27.504,0.458,OVERRUN by 1151.61s,1,0.0500,0,-1.4497,1,0.3000,0,-1.4497,0.000,0.300
1196.572,overrun,A_leg2,4.754,-0.504,27.963,27.504,0.458,OVERRUN by 1152.63s,1,0.0500,0,-1.4497,1,0.3000,0,-1.4497,0.000,0.300
1197.590,overrun,A_leg2,4.754,-0.504,27.963,27.504,0.458,OVERRUN by 1153.65s,1,0.0500,0,-1.4497,1,0.3000,0,-1.4497,0.000,0.300
1198.619,overrun,A_leg2,4.754,-0.504,27.963,27.504,0.458,OVERRUN by 1154.68s,1,0.0500,0,-1.4497,1,0.3000,0,-1.4497,0.000,0.300
1199.650,overrun,A_leg2,4.754,-0.504,27.963,27.504,0.458,OVERRUN by 1155.71s,1,0.0500,0,-1.4497,1,0.3000,0,-1.4497,0.000,0.300
1200.659,overrun,A_leg2,4.754,-0.504,27.963,27.504,0.458,OVERRUN by 1156.72s,1,0.0500,0,-1.4497,1,0.3000,0,-1.4497,0.000,0.300
1201.681,overrun,A_leg2,4.754,-0.504,27.963,27.504,0.458,OVERRUN by 1157.74s,1,0.0500,0,-1.4497,1,0.3000,0,-1.4497,0.000,0.300
1202.704,overrun,A_leg2,4.754,-0.504,27.963,27.504,0.458,OVERRUN by 1158.77s,1,0.0500,0,-1.4497,1,0.3000,0,-1.4497,0.000,0.300
1203.727,overrun,A_leg2,4.754,-0.504,27.963,27.504,0.458,OVERRUN by 1159.79s,1,0.0500,0,-1.4497,1,0.3000,0,-1.4497,0.000,0.300
1204.755,overrun,A_leg2,4.754,-0.504,27.963,27.504,0.458,OVERRUN by 1160.82s,1,0.0500,0,-1.4497,1,0.3000,0,-1.4497,0.000,0.300
1205.769,overrun,A_leg2,4.754,-0.504,27.963,27.504,0.458,OVERRUN by 1161.83s,1,0.0500,0,-1.4497,1,0.3000,0,-1.4497,0.000,0.300
1206.796,overrun,A_leg2,4.754,-0.504,27.963,27.504,0.458,OVERRUN by 1162.86s,1,0.0500,0,-1.4497,1,0.3000,0,-1.4497,0.000,0.300
1207.822,overrun,A_leg2,4.754,-0.504,27.963,27.504,0.458,OVERRUN by 1163.88s,1,0.0500,0,-1.4497,1,0.3000,0,-1.4497,0.000,0.300
1208.861,overrun,A_leg2,4.754,-0.504,27.963,27.504,0.458,OVERRUN by 1164.92s,1,0.0500,0,-1.4497,1,0.3000,0,-1.4497,0.000,0.300
1209.901,overrun,A_leg2,4.754,-0.504,27.963,27.504,0.458,OVERRUN by 1165.96s,1,0.0500,0,-1.4497,1,0.3000,0,-1.4497,0.000,0.300
1210.933,overrun,A_leg2,4.754,-0.504,27.963,27.504,0.458,OVERRUN by 1167.00s,1,0.0500,0,-1.4497,1,0.3000,0,-1.4497,0.000,0.300
1211.962,overrun,A_leg2,4.754,-0.504,27.963,27.504,0.458,OVERRUN by 1168.02s,1,0.0500,0,-1.4497,1,0.3000,0,-1.4497,0.000,0.300
1212.989,overrun,A_leg2,4.754,-0.504,27.963,27.504,0.458,OVERRUN by 1169.05s,1,0.0500,0,-1.4497,1,0.3000,0,-1.4497,0.000,0.300
1214.003,overrun,A_leg2,4.754,-0.504,27.963,27.504,0.458,OVERRUN by 1170.07s,1,0.0500,0,-1.4497,1,0.3000,0,-1.4497,0.000,0.300
1215.025,overrun,A_leg2,4.754,-0.504,27.963,27.504,0.458,OVERRUN by 1171.09s,1,0.0500,0,-1.4497,1,0.3000,0,-1.4497,0.000,0.300
1216.050,overrun,A_leg2,4.754,-0.504,27.963,27.504,0.458,OVERRUN by 1172.11s,1,0.0500,0,-1.4497,1,0.3000,0,-1.4497,0.000,0.300
1217.079,overrun,A_leg2,4.754,-0.504,27.963,27.504,0.458,OVERRUN by 1173.14s,1,0.0500,0,-1.4497,1,0.3000,0,-1.4497,0.000,0.300
1218.097,overrun,A_leg2,4.754,-0.504,27.963,27.504,0.458,OVERRUN by 1174.16s,1,0.0500,0,-1.4497,1,0.3000,0,-1.4497,0.000,0.300
1219.126,overrun,A_leg2,4.754,-0.504,27.963,27.504,0.458,OVERRUN by 1175.19s,1,0.0500,0,-1.4497,1,0.3000,0,-1.4497,0.000,0.300
1220.154,overrun,A_leg2,4.754,-0.504,27.963,27.504,0.458,OVERRUN by 1176.22s,1,0.0500,0,-1.4497,1,0.3000,0,-1.4497,0.000,0.300
1221.185,overrun,A_leg2,4.754,-0.504,27.963,27.504,0.458,OVERRUN by 1177.25s,1,0.0500,0,-1.4497,1,0.3000,0,-1.4497,0.000,0.300
1222.208,overrun,A_leg2,4.754,-0.504,27.963,27.504,0.458,OVERRUN by 1178.27s,1,0.0500,0,-1.4497,1,0.3000,0,-1.4497,0.000,0.300
1223.234,overrun,A_leg2,4.754,-0.504,27.963,27.504,0.458,OVERRUN by 1179.30s,1,0.0500,0,-1.4497,1,0.3000,0,-1.4497,0.000,0.300
1224.260,overrun,A_leg2,4.754,-0.504,27.963,27.504,0.458,OVERRUN by 1180.32s,1,0.0500,0,-1.4497,1,0.3000,0,-1.4497,0.000,0.300
1225.286,overrun,A_leg2,4.754,-0.504,27.963,27.504,0.458,OVERRUN by 1181.35s,1,0.0500,0,-1.4497,1,0.3000,0,-1.4497,0.000,0.300
1226.308,overrun,A_leg2,4.754,-0.504,27.963,27.504,0.458,OVERRUN by 1182.37s,1,0.0500,0,-1.4497,1,0.3000,0,-1.4497,0.000,0.300
1227.338,overrun,A_leg2,4.754,-0.504,27.963,27.504,0.458,OVERRUN by 1183.40s,1,0.0500,0,-1.4497,1,0.3000,0,-1.4497,0.000,0.300
1228.365,overrun,A_leg2,4.754,-0.504,27.963,27.504,0.458,OVERRUN by 1184.43s,1,0.0500,0,-1.4497,1,0.3000,0,-1.4497,0.000,0.300
1229.379,overrun,A_leg2,4.754,-0.504,27.963,27.504,0.458,OVERRUN by 1185.44s,1,0.0500,0,-1.4497,1,0.3000,0,-1.4497,0.000,0.300
1230.403,overrun,A_leg2,4.754,-0.504,27.963,27.504,0.458,OVERRUN by 1186.47s,1,0.0500,0,-1.4497,1,0.3000,0,-1.4497,0.000,0.300
1231.441,overrun,A_leg2,4.754,-0.504,27.963,27.504,0.458,OVERRUN by 1187.50s,1,0.0500,0,-1.4497,1,0.3000,0,-1.4497,0.000,0.300
1232.469,overrun,A_leg2,4.754,-0.504,27.963,27.504,0.458,OVERRUN by 1188.53s,1,0.0500,0,-1.4497,1,0.3000,0,-1.4497,0.000,0.300
1233.500,overrun,A_leg2,4.754,-0.504,27.963,27.504,0.458,OVERRUN by 1189.56s,1,0.0500,0,-1.4497,1,0.3000,0,-1.4497,0.000,0.300
1234.521,overrun,A_leg2,4.754,-0.504,27.963,27.504,0.458,OVERRUN by 1190.58s,1,0.0500,0,-1.4497,1,0.3000,0,-1.4497,0.000,0.300
1235.549,overrun,A_leg2,4.754,-0.504,27.963,27.504,0.458,OVERRUN by 1191.61s,1,0.0500,0,-1.4497,1,0.3000,0,-1.4497,0.000,0.300
1236.581,overrun,A_leg2,4.754,-0.504,27.963,27.504,0.458,OVERRUN by 1192.64s,1,0.0500,0,-1.4497,1,0.3000,0,-1.4497,0.000,0.300
1237.606,overrun,A_leg2,4.754,-0.504,27.963,27.504,0.458,OVERRUN by 1193.67s,1,0.0500,0,-1.4497,1,0.3000,0,-1.4497,0.000,0.300
1238.630,overrun,A_leg2,4.754,-0.504,27.963,27.504,0.458,OVERRUN by 1194.69s,1,0.0500,0,-1.4497,1,0.3000,0,-1.4497,0.000,0.300
1239.656,overrun,A_leg2,4.754,-0.504,27.963,27.504,0.458,OVERRUN by 1195.72s,1,0.0500,0,-1.4497,1,0.3000,0,-1.4497,0.000,0.300
1240.684,overrun,A_leg2,4.754,-0.504,27.963,27.504,0.458,OVERRUN by 1196.75s,1,0.0500,0,-1.4497,1,0.3000,0,-1.4497,0.000,0.300
1241.705,overrun,A_leg2,4.754,-0.504,27.963,27.504,0.458,OVERRUN by 1197.77s,1,0.0500,0,-1.4497,1,0.3000,0,-1.4497,0.000,0.300
1242.742,overrun,A_leg2,4.754,-0.504,27.963,27.504,0.458,OVERRUN by 1198.80s,1,0.0500,0,-1.4497,1,0.3000,0,-1.4497,0.000,0.300
1243.769,overrun,A_leg2,4.754,-0.504,27.963,27.504,0.458,OVERRUN by 1199.83s,1,0.0500,0,-1.4497,1,0.3000,0,-1.4497,0.000,0.300
1244.792,overrun,A_leg2,4.754,-0.504,27.963,27.504,0.458,OVERRUN by 1200.85s,1,0.0500,0,-1.4497,1,0.3000,0,-1.4497,0.000,0.300
1245.817,overrun,A_leg2,4.754,-0.504,27.963,27.504,0.458,OVERRUN by 1201.88s,1,0.0500,0,-1.4497,1,0.3000,0,-1.4497,0.000,0.300
1246.847,overrun,A_leg2,4.754,-0.504,27.963,27.504,0.458,OVERRUN by 1202.91s,1,0.0500,0,-1.4497,1,0.3000,0,-1.4497,0.000,0.300
1247.864,overrun,A_leg2,4.754,-0.504,27.963,27.504,0.458,OVERRUN by 1203.93s,1,0.0500,0,-1.4497,1,0.3000,0,-1.4497,0.000,0.300
1248.889,overrun,A_leg2,4.754,-0.504,27.963,27.504,0.458,OVERRUN by 1204.95s,1,0.0500,0,-1.4497,1,0.3000,0,-1.4497,0.000,0.300
1249.922,overrun,A_leg2,4.754,-0.504,27.963,27.504,0.458,OVERRUN by 1205.98s,1,0.0500,0,-1.4497,1,0.3000,0,-1.4497,0.000,0.300
1250.947,overrun,A_leg2,4.754,-0.504,27.963,27.504,0.458,OVERRUN by 1207.01s,1,0.0500,0,-1.4497,1,0.3000,0,-1.4497,0.000,0.300
1251.967,overrun,A_leg2,4.754,-0.504,27.963,27.504,0.458,OVERRUN by 1208.03s,1,0.0500,0,-1.4497,1,0.3000,0,-1.4497,0.000,0.300
1252.992,overrun,A_leg2,4.754,-0.504,27.963,27.504,0.458,OVERRUN by 1209.05s,1,0.0500,0,-1.4497,1,0.3000,0,-1.4497,0.000,0.300
1254.009,overrun,A_leg2,4.754,-0.504,27.963,27.504,0.458,OVERRUN by 1210.07s,1,0.0500,0,-1.4497,1,0.3000,0,-1.4497,0.000,0.300
1255.027,overrun,A_leg2,4.754,-0.504,27.963,27.504,0.458,OVERRUN by 1211.09s,1,0.0500,0,-1.4497,1,0.3000,0,-1.4497,0.000,0.300
1256.047,overrun,A_leg2,4.754,-0.504,27.963,27.504,0.458,OVERRUN by 1212.11s,1,0.0500,0,-1.4497,1,0.3000,0,-1.4497,0.000,0.300
1257.082,overrun,A_leg2,4.754,-0.504,27.963,27.504,0.458,OVERRUN by 1213.14s,1,0.0500,0,-1.4497,1,0.3000,0,-1.4497,0.000,0.300
1258.102,overrun,A_leg2,4.754,-0.504,27.963,27.504,0.458,OVERRUN by 1214.16s,1,0.0500,0,-1.4497,1,0.3000,0,-1.4497,0.000,0.300
1259.134,overrun,A_leg2,4.754,-0.504,27.963,27.504,0.458,OVERRUN by 1215.20s,1,0.0500,0,-1.4497,1,0.3000,0,-1.4497,0.000,0.300
1260.154,overrun,A_leg2,4.754,-0.504,27.963,27.504,0.458,OVERRUN by 1216.22s,1,0.0500,0,-1.4497,1,0.3000,0,-1.4497,0.000,0.300
1261.184,overrun,A_leg2,4.754,-0.504,27.963,27.504,0.458,OVERRUN by 1217.25s,1,0.0500,0,-1.4497,1,0.3000,0,-1.4497,0.000,0.300
1262.204,overrun,A_leg2,4.754,-0.504,27.963,27.504,0.458,OVERRUN by 1218.27s,1,0.0500,0,-1.4497,1,0.3000,0,-1.4497,0.000,0.300
1263.229,overrun,A_leg2,4.754,-0.504,27.963,27.504,0.458,OVERRUN by 1219.29s,1,0.0500,0,-1.4497,1,0.3000,0,-1.4497,0.000,0.300
1264.264,overrun,A_leg2,4.754,-0.504,27.963,27.504,0.458,OVERRUN by 1220.33s,1,0.0500,0,-1.4497,1,0.3000,0,-1.4497,0.000,0.300
1265.295,overrun,A_leg2,4.754,-0.504,27.963,27.504,0.458,OVERRUN by 1221.36s,1,0.0500,0,-1.4497,1,0.3000,0,-1.4497,0.000,0.300
1266.325,overrun,A_leg2,4.754,-0.504,27.963,27.504,0.458,OVERRUN by 1222.39s,1,0.0500,0,-1.4497,1,0.3000,0,-1.4497,0.000,0.300
1267.351,overrun,A_leg2,4.754,-0.504,27.963,27.504,0.458,OVERRUN by 1223.41s,1,0.0500,0,-1.4497,1,0.3000,0,-1.4497,0.000,0.300
1268.371,overrun,A_leg2,4.754,-0.504,27.963,27.504,0.458,OVERRUN by 1224.43s,1,0.0500,0,-1.4497,1,0.3000,0,-1.4497,0.000,0.300
1269.406,overrun,A_leg2,4.754,-0.504,27.963,27.504,0.458,OVERRUN by 1225.47s,1,0.0500,0,-1.4497,1,0.3000,0,-1.4497,0.000,0.300
1270.454,overrun,A_leg2,4.754,-0.504,27.963,27.504,0.458,OVERRUN by 1226.52s,1,0.0500,0,-1.4497,1,0.3000,0,-1.4497,0.000,0.300
1271.456,overrun,A_leg2,4.754,-0.504,27.963,27.504,0.458,OVERRUN by 1227.52s,1,0.0500,0,-1.4497,1,0.3000,0,-1.4497,0.000,0.300
1272.514,overrun,A_leg2,4.754,-0.504,27.963,27.504,0.458,OVERRUN by 1228.58s,1,0.0500,0,-1.4497,1,0.3000,0,-1.4497,0.000,0.300
1273.564,overrun,A_leg2,4.754,-0.504,27.963,27.504,0.458,OVERRUN by 1229.63s,1,0.0500,0,-1.4497,1,0.3000,0,-1.4497,0.000,0.300
1274.616,overrun,A_leg2,4.754,-0.504,27.963,27.504,0.458,OVERRUN by 1230.68s,1,0.0500,0,-1.4497,1,0.3000,0,-1.4497,0.000,0.300
1275.651,overrun,A_leg2,4.754,-0.504,27.963,27.504,0.458,OVERRUN by 1231.71s,1,0.0500,0,-1.4497,1,0.3000,0,-1.4497,0.000,0.300
1276.700,overrun,A_leg2,4.754,-0.504,27.963,27.504,0.458,OVERRUN by 1232.76s,1,0.0500,0,-1.4497,1,0.3000,0,-1.4497,0.000,0.300
1277.728,overrun,A_leg2,4.754,-0.504,27.963,27.504,0.458,OVERRUN by 1233.79s,1,0.0500,0,-1.4497,1,0.3000,0,-1.4497,0.000,0.300
1278.774,overrun,A_leg2,4.754,-0.504,27.963,27.504,0.458,OVERRUN by 1234.84s,1,0.0500,0,-1.4497,1,0.3000,0,-1.4497,0.000,0.300
1279.828,overrun,A_leg2,4.754,-0.504,27.963,27.504,0.458,OVERRUN by 1235.89s,1,0.0500,0,-1.4497,1,0.3000,0,-1.4497,0.000,0.300
1280.869,overrun,A_leg2,4.754,-0.504,27.963,27.504,0.458,OVERRUN by 1236.93s,1,0.0500,0,-1.4497,1,0.3000,0,-1.4497,0.000,0.300
1281.900,overrun,A_leg2,4.754,-0.504,27.963,27.504,0.458,OVERRUN by 1237.96s,1,0.0500,0,-1.4497,1,0.3000,0,-1.4497,0.000,0.300
1282.931,overrun,A_leg2,4.754,-0.504,27.963,27.504,0.458,OVERRUN by 1238.99s,1,0.0500,0,-1.4497,1,0.3000,0,-1.4497,0.000,0.300
1283.983,overrun,A_leg2,4.754,-0.504,27.963,27.504,0.458,OVERRUN by 1240.05s,1,0.0500,0,-1.4497,1,0.3000,0,-1.4497,0.000,0.300
1285.025,overrun,A_leg2,4.754,-0.504,27.963,27.504,0.458,OVERRUN by 1241.09s,1,0.0500,0,-1.4497,1,0.3000,0,-1.4497,0.000,0.300
1286.064,overrun,A_leg2,4.754,-0.504,27.963,27.504,0.458,OVERRUN by 1242.13s,1,0.0500,0,-1.4497,1,0.3000,0,-1.4497,0.000,0.300
1287.182,overrun,A_leg2,4.754,-0.504,27.963,27.504,0.458,OVERRUN by 1243.24s,1,0.0500,0,-1.4497,1,0.3000,0,-1.4497,0.000,0.300
1288.215,overrun,A_leg2,4.754,-0.504,27.963,27.504,0.458,OVERRUN by 1244.28s,1,0.0500,0,-1.4497,1,0.3000,0,-1.4497,0.000,0.300
1289.269,overrun,A_leg2,4.754,-0.504,27.963,27.504,0.458,OVERRUN by 1245.33s,1,0.0500,0,-1.4497,1,0.3000,0,-1.4497,0.000,0.300
1290.312,overrun,A_leg2,4.754,-0.504,27.963,27.504,0.458,OVERRUN by 1246.37s,1,0.0500,0,-1.4497,1,0.3000,0,-1.4497,0.000,0.300
1291.318,overrun,A_leg2,4.754,-0.504,27.963,27.504,0.458,OVERRUN by 1247.38s,1,0.0500,0,-1.4497,1,0.3000,0,-1.4497,0.000,0.300
1292.359,overrun,A_leg2,4.754,-0.504,27.963,27.504,0.458,OVERRUN by 1248.42s,1,0.0500,0,-1.4497,1,0.3000,0,-1.4497,0.000,0.300
1293.368,overrun,A_leg2,4.754,-0.504,27.963,27.504,0.458,OVERRUN by 1249.43s,1,0.0500,0,-1.4497,1,0.3000,0,-1.4497,0.000,0.300
1294.420,overrun,A_leg2,4.754,-0.504,27.963,27.504,0.458,OVERRUN by 1250.48s,1,0.0500,0,-1.4497,1,0.3000,0,-1.4497,0.000,0.300
1295.469,overrun,A_leg2,4.754,-0.504,27.963,27.504,0.458,OVERRUN by 1251.53s,1,0.0500,0,-1.4497,1,0.3000,0,-1.4497,0.000,0.300
1296.514,overrun,A_leg2,4.754,-0.504,27.963,27.504,0.458,OVERRUN by 1252.58s,1,0.0500,0,-1.4497,1,0.3000,0,-1.4497,0.000,0.300
1297.561,overrun,A_leg2,4.754,-0.504,27.963,27.504,0.458,OVERRUN by 1253.62s,1,0.0500,0,-1.4497,1,0.3000,0,-1.4497,0.000,0.300
1298.587,overrun,A_leg2,4.754,-0.504,27.963,27.504,0.458,OVERRUN by 1254.65s,1,0.0500,0,-1.4497,1,0.3000,0,-1.4497,0.000,0.300
1299.630,overrun,A_leg2,4.754,-0.504,27.963,27.504,0.458,OVERRUN by 1255.69s,1,0.0500,0,-1.4497,1,0.3000,0,-1.4497,0.000,0.300
1300.634,overrun,A_leg2,4.754,-0.504,27.963,27.504,0.458,OVERRUN by 1256.70s,1,0.0500,0,-1.4497,1,0.3000,0,-1.4497,0.000,0.300
1301.693,overrun,A_leg2,4.754,-0.504,27.963,27.504,0.458,OVERRUN by 1257.76s,1,0.0500,0,-1.4497,1,0.3000,0,-1.4497,0.000,0.300
1302.703,overrun,A_leg2,4.754,-0.504,27.963,27.504,0.458,OVERRUN by 1258.77s,1,0.0500,0,-1.4497,1,0.3000,0,-1.4497,0.000,0.300
1303.713,overrun,A_leg2,4.754,-0.504,27.963,27.504,0.458,OVERRUN by 1259.78s,1,0.0500,0,-1.4497,1,0.3000,0,-1.4497,0.000,0.300
1304.746,overrun,A_leg2,4.754,-0.504,27.963,27.504,0.458,OVERRUN by 1260.81s,1,0.0500,0,-1.4497,1,0.3000,0,-1.4497,0.000,0.300
1305.795,overrun,A_leg2,4.754,-0.504,27.963,27.504,0.458,OVERRUN by 1261.86s,1,0.0500,0,-1.4497,1,0.3000,0,-1.4497,0.000,0.300
1306.830,overrun,A_leg2,4.754,-0.504,27.963,27.504,0.458,OVERRUN by 1262.89s,1,0.0500,0,-1.4497,1,0.3000,0,-1.4497,0.000,0.300
1307.885,overrun,A_leg2,4.754,-0.504,27.963,27.504,0.458,OVERRUN by 1263.95s,1,0.0500,0,-1.4497,1,0.3000,0,-1.4497,0.000,0.300
1308.934,overrun,A_leg2,4.754,-0.504,27.963,27.504,0.458,OVERRUN by 1265.00s,1,0.0500,0,-1.4497,1,0.3000,0,-1.4497,0.000,0.300
1309.965,overrun,A_leg2,4.754,-0.504,27.963,27.504,0.458,OVERRUN by 1266.03s,1,0.0500,0,-1.4497,1,0.3000,0,-1.4497,0.000,0.300
1311.016,overrun,A_leg2,4.754,-0.504,27.963,27.504,0.458,OVERRUN by 1267.08s,1,0.0500,0,-1.4497,1,0.3000,0,-1.4497,0.000,0.300
1312.062,overrun,A_leg2,4.754,-0.504,27.963,27.504,0.458,OVERRUN by 1268.12s,1,0.0500,0,-1.4497,1,0.3000,0,-1.4497,0.000,0.300
1313.100,overrun,A_leg2,4.754,-0.504,27.963,27.504,0.458,OVERRUN by 1269.16s,1,0.0500,0,-1.4497,1,0.3000,0,-1.4497,0.000,0.300
1314.156,overrun,A_leg2,4.754,-0.504,27.963,27.504,0.458,OVERRUN by 1270.22s,1,0.0500,0,-1.4497,1,0.3000,0,-1.4497,0.000,0.300
1315.163,overrun,A_leg2,4.754,-0.504,27.963,27.504,0.458,OVERRUN by 1271.23s,1,0.0500,0,-1.4497,1,0.3000,0,-1.4497,0.000,0.300
1316.188,overrun,A_leg2,4.754,-0.504,27.963,27.504,0.458,OVERRUN by 1272.25s,1,0.0500,0,-1.4497,1,0.3000,0,-1.4497,0.000,0.300
1317.212,overrun,A_leg2,4.754,-0.504,27.963,27.504,0.458,OVERRUN by 1273.27s,1,0.0500,0,-1.4497,1,0.3000,0,-1.4497,0.000,0.300
1318.249,overrun,A_leg2,4.754,-0.504,27.963,27.504,0.458,OVERRUN by 1274.31s,1,0.0500,0,-1.4497,1,0.3000,0,-1.4497,0.000,0.300
1319.295,overrun,A_leg2,4.754,-0.504,27.963,27.504,0.458,OVERRUN by 1275.36s,1,0.0500,0,-1.4497,1,0.3000,0,-1.4497,0.000,0.300
1320.340,overrun,A_leg2,4.754,-0.504,27.963,27.504,0.458,OVERRUN by 1276.40s,1,0.0500,0,-1.4497,1,0.3000,0,-1.4497,0.000,0.300
1321.463,overrun,A_leg2,4.754,-0.504,27.963,27.504,0.458,OVERRUN by 1277.53s,1,0.0500,0,-1.4497,1,0.3000,0,-1.4497,0.000,0.300
1322.498,overrun,A_leg2,4.754,-0.504,27.963,27.504,0.458,OVERRUN by 1278.56s,1,0.0500,0,-1.4497,1,0.3000,0,-1.4497,0.000,0.300
1323.544,overrun,A_leg2,4.754,-0.504,27.963,27.504,0.458,OVERRUN by 1279.61s,1,0.0500,0,-1.4497,1,0.3000,0,-1.4497,0.000,0.300
1324.581,overrun,A_leg2,4.754,-0.504,27.963,27.504,0.458,OVERRUN by 1280.64s,1,0.0500,0,-1.4497,1,0.3000,0,-1.4497,0.000,0.300
1325.584,overrun,A_leg2,4.754,-0.504,27.963,27.504,0.458,OVERRUN by 1281.65s,1,0.0500,0,-1.4497,1,0.3000,0,-1.4497,0.000,0.300
1326.630,overrun,A_leg2,4.754,-0.504,27.963,27.504,0.458,OVERRUN by 1282.69s,1,0.0500,0,-1.4497,1,0.3000,0,-1.4497,0.000,0.300
1327.673,overrun,A_leg2,4.754,-0.504,27.963,27.504,0.458,OVERRUN by 1283.74s,1,0.0500,0,-1.4497,1,0.3000,0,-1.4497,0.000,0.300
1328.701,overrun,A_leg2,4.754,-0.504,27.963,27.504,0.458,OVERRUN by 1284.76s,1,0.0500,0,-1.4497,1,0.3000,0,-1.4497,0.000,0.300
1329.724,overrun,A_leg2,4.754,-0.504,27.963,27.504,0.458,OVERRUN by 1285.79s,1,0.0500,0,-1.4497,1,0.3000,0,-1.4497,0.000,0.300
1330.757,overrun,A_leg2,4.754,-0.504,27.963,27.504,0.458,OVERRUN by 1286.82s,1,0.0500,0,-1.4497,1,0.3000,0,-1.4497,0.000,0.300
1331.770,overrun,A_leg2,4.754,-0.504,27.963,27.504,0.458,OVERRUN by 1287.83s,1,0.0500,0,-1.4497,1,0.3000,0,-1.4497,0.000,0.300
1332.791,overrun,A_leg2,4.754,-0.504,27.963,27.504,0.458,OVERRUN by 1288.85s,1,0.0500,0,-1.4497,1,0.3000,0,-1.4497,0.000,0.300
1333.811,overrun,A_leg2,4.754,-0.504,27.963,27.504,0.458,OVERRUN by 1289.87s,1,0.0500,0,-1.4497,1,0.3000,0,-1.4497,0.000,0.300
1334.842,overrun,A_leg2,4.754,-0.504,27.963,27.504,0.458,OVERRUN by 1290.90s,1,0.0500,0,-1.4497,1,0.3000,0,-1.4497,0.000,0.300
1335.863,overrun,A_leg2,4.754,-0.504,27.963,27.504,0.458,OVERRUN by 1291.93s,1,0.0500,0,-1.4497,1,0.3000,0,-1.4497,0.000,0.300
1336.885,overrun,A_leg2,4.754,-0.504,27.963,27.504,0.458,OVERRUN by 1292.95s,1,0.0500,0,-1.4497,1,0.3000,0,-1.4497,0.000,0.300
1337.905,overrun,A_leg2,4.754,-0.504,27.963,27.504,0.458,OVERRUN by 1293.97s,1,0.0500,0,-1.4497,1,0.3000,0,-1.4497,0.000,0.300
1338.926,overrun,A_leg2,4.754,-0.504,27.963,27.504,0.458,OVERRUN by 1294.99s,1,0.0500,0,-1.4497,1,0.3000,0,-1.4497,0.000,0.300
1339.933,overrun,A_leg2,4.754,-0.504,27.963,27.504,0.458,OVERRUN by 1296.00s,1,0.0500,0,-1.4497,1,0.3000,0,-1.4497,0.000,0.300
1340.957,overrun,A_leg2,4.754,-0.504,27.963,27.504,0.458,OVERRUN by 1297.02s,1,0.0500,0,-1.4497,1,0.3000,0,-1.4497,0.000,0.300
1341.989,overrun,A_leg2,4.754,-0.504,27.963,27.504,0.458,OVERRUN by 1298.05s,1,0.0500,0,-1.4497,1,0.3000,0,-1.4497,0.000,0.300
1343.008,overrun,A_leg2,4.754,-0.504,27.963,27.504,0.458,OVERRUN by 1299.07s,1,0.0500,0,-1.4497,1,0.3000,0,-1.4497,0.000,0.300
1344.036,overrun,A_leg2,4.754,-0.504,27.963,27.504,0.458,OVERRUN by 1300.10s,1,0.0500,0,-1.4497,1,0.3000,0,-1.4497,0.000,0.300
1345.072,overrun,A_leg2,4.754,-0.504,27.963,27.504,0.458,OVERRUN by 1301.13s,1,0.0500,0,-1.4497,1,0.3000,0,-1.4497,0.000,0.300
1346.098,overrun,A_leg2,4.754,-0.504,27.963,27.504,0.458,OVERRUN by 1302.16s,1,0.0500,0,-1.4497,1,0.3000,0,-1.4497,0.000,0.300
1347.130,overrun,A_leg2,4.754,-0.504,27.963,27.504,0.458,OVERRUN by 1303.19s,1,0.0500,0,-1.4497,1,0.3000,0,-1.4497,0.000,0.300
1348.135,overrun,A_leg2,4.754,-0.504,27.963,27.504,0.458,OVERRUN by 1304.20s,1,0.0500,0,-1.4497,1,0.3000,0,-1.4497,0.000,0.300
1349.165,overrun,A_leg2,4.754,-0.504,27.963,27.504,0.458,OVERRUN by 1305.23s,1,0.0500,0,-1.4497,1,0.3000,0,-1.4497,0.000,0.300
1350.191,overrun,A_leg2,4.754,-0.504,27.963,27.504,0.458,OVERRUN by 1306.25s,1,0.0500,0,-1.4497,1,0.3000,0,-1.4497,0.000,0.300
1351.222,overrun,A_leg2,4.754,-0.504,27.963,27.504,0.458,OVERRUN by 1307.28s,1,0.0500,0,-1.4497,1,0.3000,0,-1.4497,0.000,0.300
1352.248,overrun,A_leg2,4.754,-0.504,27.963,27.504,0.458,OVERRUN by 1308.31s,1,0.0500,0,-1.4497,1,0.3000,0,-1.4497,0.000,0.300
1353.281,overrun,A_leg2,4.754,-0.504,27.963,27.504,0.458,OVERRUN by 1309.34s,1,0.0500,0,-1.4497,1,0.3000,0,-1.4497,0.000,0.300
1354.303,overrun,A_leg2,4.754,-0.504,27.963,27.504,0.458,OVERRUN by 1310.37s,1,0.0500,0,-1.4497,1,0.3000,0,-1.4497,0.000,0.300
1355.330,overrun,A_leg2,4.754,-0.504,27.963,27.504,0.458,OVERRUN by 1311.39s,1,0.0500,0,-1.4497,1,0.3000,0,-1.4497,0.000,0.300
1356.360,overrun,A_leg2,4.754,-0.504,27.963,27.504,0.458,OVERRUN by 1312.42s,1,0.0500,0,-1.4497,1,0.3000,0,-1.4497,0.000,0.300
1357.382,overrun,A_leg2,4.754,-0.504,27.963,27.504,0.458,OVERRUN by 1313.44s,1,0.0500,0,-1.4497,1,0.3000,0,-1.4497,0.000,0.300
1358.416,overrun,A_leg2,4.754,-0.504,27.963,27.504,0.458,OVERRUN by 1314.48s,1,0.0500,0,-1.4497,1,0.3000,0,-1.4497,0.000,0.300
1359.433,overrun,A_leg2,4.754,-0.504,27.963,27.504,0.458,OVERRUN by 1315.50s,1,0.0500,0,-1.4497,1,0.3000,0,-1.4497,0.000,0.300
1360.449,overrun,A_leg2,4.754,-0.504,27.963,27.504,0.458,OVERRUN by 1316.51s,1,0.0500,0,-1.4497,1,0.3000,0,-1.4497,0.000,0.300
1361.485,overrun,A_leg2,4.754,-0.504,27.963,27.504,0.458,OVERRUN by 1317.55s,1,0.0500,0,-1.4497,1,0.3000,0,-1.4497,0.000,0.300
1362.518,overrun,A_leg2,4.754,-0.504,27.963,27.504,0.458,OVERRUN by 1318.58s,1,0.0500,0,-1.4497,1,0.3000,0,-1.4497,0.000,0.300
1363.538,overrun,A_leg2,4.754,-0.504,27.963,27.504,0.458,OVERRUN by 1319.60s,1,0.0500,0,-1.4497,1,0.3000,0,-1.4497,0.000,0.300
1364.572,overrun,A_leg2,4.754,-0.504,27.963,27.504,0.458,OVERRUN by 1320.63s,1,0.0500,0,-1.4497,1,0.3000,0,-1.4497,0.000,0.300
1365.591,overrun,A_leg2,4.754,-0.504,27.963,27.504,0.458,OVERRUN by 1321.65s,1,0.0500,0,-1.4497,1,0.3000,0,-1.4497,0.000,0.300
1366.613,overrun,A_leg2,4.754,-0.504,27.963,27.504,0.458,OVERRUN by 1322.68s,1,0.0500,0,-1.4497,1,0.3000,0,-1.4497,0.000,0.300
1367.629,overrun,A_leg2,4.754,-0.504,27.963,27.504,0.458,OVERRUN by 1323.69s,1,0.0500,0,-1.4497,1,0.3000,0,-1.4497,0.000,0.300
1368.653,overrun,A_leg2,4.754,-0.504,27.963,27.504,0.458,OVERRUN by 1324.72s,1,0.0500,0,-1.4497,1,0.3000,0,-1.4497,0.000,0.300
1369.669,overrun,A_leg2,4.754,-0.504,27.963,27.504,0.458,OVERRUN by 1325.73s,1,0.0500,0,-1.4497,1,0.3000,0,-1.4497,0.000,0.300
1370.696,overrun,A_leg2,4.754,-0.504,27.963,27.504,0.458,OVERRUN by 1326.76s,1,0.0500,0,-1.4497,1,0.3000,0,-1.4497,0.000,0.300
1371.718,overrun,A_leg2,4.754,-0.504,27.963,27.504,0.458,OVERRUN by 1327.78s,1,0.0500,0,-1.4497,1,0.3000,0,-1.4497,0.000,0.300
1372.745,overrun,A_leg2,4.754,-0.504,27.963,27.504,0.458,OVERRUN by 1328.81s,1,0.0500,0,-1.4497,1,0.3000,0,-1.4497,0.000,0.300
1373.770,overrun,A_leg2,4.754,-0.504,27.963,27.504,0.458,OVERRUN by 1329.83s,1,0.0500,0,-1.4497,1,0.3000,0,-1.4497,0.000,0.300
1374.791,overrun,A_leg2,4.754,-0.504,27.963,27.504,0.458,OVERRUN by 1330.85s,1,0.0500,0,-1.4497,1,0.3000,0,-1.4497,0.000,0.300
1375.828,overrun,A_leg2,4.754,-0.504,27.963,27.504,0.458,OVERRUN by 1331.89s,1,0.0500,0,-1.4497,1,0.3000,0,-1.4497,0.000,0.300
1376.854,overrun,A_leg2,4.754,-0.504,27.963,27.504,0.458,OVERRUN by 1332.92s,1,0.0500,0,-1.4497,1,0.3000,0,-1.4497,0.000,0.300
1377.878,overrun,A_leg2,4.754,-0.504,27.963,27.504,0.458,OVERRUN by 1333.94s,1,0.0500,0,-1.4497,1,0.3000,0,-1.4497,0.000,0.300
1378.891,overrun,A_leg2,4.754,-0.504,27.963,27.504,0.458,OVERRUN by 1334.95s,1,0.0500,0,-1.4497,1,0.3000,0,-1.4497,0.000,0.300
1379.912,overrun,A_leg2,4.754,-0.504,27.963,27.504,0.458,OVERRUN by 1335.97s,1,0.0500,0,-1.4497,1,0.3000,0,-1.4497,0.000,0.300
1380.939,overrun,A_leg2,4.754,-0.504,27.963,27.504,0.458,OVERRUN by 1337.00s,1,0.0500,0,-1.4497,1,0.3000,0,-1.4497,0.000,0.300
1381.964,overrun,A_leg2,4.754,-0.504,27.963,27.504,0.458,OVERRUN by 1338.03s,1,0.0500,0,-1.4497,1,0.3000,0,-1.4497,0.000,0.300
1382.979,overrun,A_leg2,4.754,-0.504,27.963,27.504,0.458,OVERRUN by 1339.04s,1,0.0500,0,-1.4497,1,0.3000,0,-1.4497,0.000,0.300
1383.997,overrun,A_leg2,4.754,-0.504,27.963,27.504,0.458,OVERRUN by 1340.06s,1,0.0500,0,-1.4497,1,0.3000,0,-1.4497,0.000,0.300
1385.034,overrun,A_leg2,4.754,-0.504,27.963,27.504,0.458,OVERRUN by 1341.10s,1,0.0500,0,-1.4497,1,0.3000,0,-1.4497,0.000,0.300
1386.048,overrun,A_leg2,4.754,-0.504,27.963,27.504,0.458,OVERRUN by 1342.11s,1,0.0500,0,-1.4497,1,0.3000,0,-1.4497,0.000,0.300
1387.084,overrun,A_leg2,4.754,-0.504,27.963,27.504,0.458,OVERRUN by 1343.15s,1,0.0500,0,-1.4497,1,0.3000,0,-1.4497,0.000,0.300
1388.116,overrun,A_leg2,4.754,-0.504,27.963,27.504,0.458,OVERRUN by 1344.18s,1,0.0500,0,-1.4497,1,0.3000,0,-1.4497,0.000,0.300
1389.141,overrun,A_leg2,4.754,-0.504,27.963,27.504,0.458,OVERRUN by 1345.20s,1,0.0500,0,-1.4497,1,0.3000,0,-1.4497,0.000,0.300
1390.173,overrun,A_leg2,4.754,-0.504,27.963,27.504,0.458,OVERRUN by 1346.24s,1,0.0500,0,-1.4497,1,0.3000,0,-1.4497,0.000,0.300
1391.201,overrun,A_leg2,4.754,-0.504,27.963,27.504,0.458,OVERRUN by 1347.26s,1,0.0500,0,-1.4497,1,0.3000,0,-1.4497,0.000,0.300
1392.222,overrun,A_leg2,4.754,-0.504,27.963,27.504,0.458,OVERRUN by 1348.28s,1,0.0500,0,-1.4497,1,0.3000,0,-1.4497,0.000,0.300
1393.249,overrun,A_leg2,4.754,-0.504,27.963,27.504,0.458,OVERRUN by 1349.31s,1,0.0500,0,-1.4497,1,0.3000,0,-1.4497,0.000,0.300
1394.288,overrun,A_leg2,4.754,-0.504,27.963,27.504,0.458,OVERRUN by 1350.35s,1,0.0500,0,-1.4497,1,0.3000,0,-1.4497,0.000,0.300
1395.306,overrun,A_leg2,4.754,-0.504,27.963,27.504,0.458,OVERRUN by 1351.37s,1,0.0500,0,-1.4497,1,0.3000,0,-1.4497,0.000,0.300
1396.334,overrun,A_leg2,4.754,-0.504,27.963,27.504,0.458,OVERRUN by 1352.40s,1,0.0500,0,-1.4497,1,0.3000,0,-1.4497,0.000,0.300
1397.370,overrun,A_leg2,4.754,-0.504,27.963,27.504,0.458,OVERRUN by 1353.43s,1,0.0500,0,-1.4497,1,0.3000,0,-1.4497,0.000,0.300
1398.383,overrun,A_leg2,4.754,-0.504,27.963,27.504,0.458,OVERRUN by 1354.45s,1,0.0500,0,-1.4497,1,0.3000,0,-1.4497,0.000,0.300
1399.415,overrun,A_leg2,4.754,-0.504,27.963,27.504,0.458,OVERRUN by 1355.48s,1,0.0500,0,-1.4497,1,0.3000,0,-1.4497,0.000,0.300
1400.432,overrun,A_leg2,4.754,-0.504,27.963,27.504,0.458,OVERRUN by 1356.49s,1,0.0500,0,-1.4497,1,0.3000,0,-1.4497,0.000,0.300
1401.462,overrun,A_leg2,4.754,-0.504,27.963,27.504,0.458,OVERRUN by 1357.52s,1,0.0500,0,-1.4497,1,0.3000,0,-1.4497,0.000,0.300
1402.487,overrun,A_leg2,4.754,-0.504,27.963,27.504,0.458,OVERRUN by 1358.55s,1,0.0500,0,-1.4497,1,0.3000,0,-1.4497,0.000,0.300
1403.524,overrun,A_leg2,4.754,-0.504,27.963,27.504,0.458,OVERRUN by 1359.59s,1,0.0500,0,-1.4497,1,0.3000,0,-1.4497,0.000,0.300
1404.540,overrun,A_leg2,4.754,-0.504,27.963,27.504,0.458,OVERRUN by 1360.60s,1,0.0500,0,-1.4497,1,0.3000,0,-1.4497,0.000,0.300
1405.561,overrun,A_leg2,4.754,-0.504,27.963,27.504,0.458,OVERRUN by 1361.62s,1,0.0500,0,-1.4497,1,0.3000,0,-1.4497,0.000,0.300
1406.578,overrun,A_leg2,4.754,-0.504,27.963,27.504,0.458,OVERRUN by 1362.64s,1,0.0500,0,-1.4497,1,0.3000,0,-1.4497,0.000,0.300
1407.614,overrun,A_leg2,4.754,-0.504,27.963,27.504,0.458,OVERRUN by 1363.68s,1,0.0500,0,-1.4497,1,0.3000,0,-1.4497,0.000,0.300
1408.638,overrun,A_leg2,4.754,-0.504,27.963,27.504,0.458,OVERRUN by 1364.70s,1,0.0500,0,-1.4497,1,0.3000,0,-1.4497,0.000,0.300
1409.658,overrun,A_leg2,4.754,-0.504,27.963,27.504,0.458,OVERRUN by 1365.72s,1,0.0500,0,-1.4497,1,0.3000,0,-1.4497,0.000,0.300
1410.673,overrun,A_leg2,4.754,-0.504,27.963,27.504,0.458,OVERRUN by 1366.74s,1,0.0500,0,-1.4497,1,0.3000,0,-1.4497,0.000,0.300
1411.700,overrun,A_leg2,4.754,-0.504,27.963,27.504,0.458,OVERRUN by 1367.76s,1,0.0500,0,-1.4497,1,0.3000,0,-1.4497,0.000,0.300
1412.716,overrun,A_leg2,4.754,-0.504,27.963,27.504,0.458,OVERRUN by 1368.78s,1,0.0500,0,-1.4497,1,0.3000,0,-1.4497,0.000,0.300
1413.736,overrun,A_leg2,4.754,-0.504,27.963,27.504,0.458,OVERRUN by 1369.80s,1,0.0500,0,-1.4497,1,0.3000,0,-1.4497,0.000,0.300
1414.757,overrun,A_leg2,4.754,-0.504,27.963,27.504,0.458,OVERRUN by 1370.82s,1,0.0500,0,-1.4497,1,0.3000,0,-1.4497,0.000,0.300
1415.770,overrun,A_leg2,4.754,-0.504,27.963,27.504,0.458,OVERRUN by 1371.83s,1,0.0500,0,-1.4497,1,0.3000,0,-1.4497,0.000,0.300
1416.798,overrun,A_leg2,4.754,-0.504,27.963,27.504,0.458,OVERRUN by 1372.86s,1,0.0500,0,-1.4497,1,0.3000,0,-1.4497,0.000,0.300
1417.817,overrun,A_leg2,4.754,-0.504,27.963,27.504,0.458,OVERRUN by 1373.88s,1,0.0500,0,-1.4497,1,0.3000,0,-1.4497,0.000,0.300
1418.838,overrun,A_leg2,4.754,-0.504,27.963,27.504,0.458,OVERRUN by 1374.90s,1,0.0500,0,-1.4497,1,0.3000,0,-1.4497,0.000,0.300
1419.868,overrun,A_leg2,4.754,-0.504,27.963,27.504,0.458,OVERRUN by 1375.93s,1,0.0500,0,-1.4497,1,0.3000,0,-1.4497,0.000,0.300
1420.896,overrun,A_leg2,4.754,-0.504,27.963,27.504,0.458,OVERRUN by 1376.96s,1,0.0500,0,-1.4497,1,0.3000,0,-1.4497,0.000,0.300
1421.921,overrun,A_leg2,4.754,-0.504,27.963,27.504,0.458,OVERRUN by 1377.98s,1,0.0500,0,-1.4497,1,0.3000,0,-1.4497,0.000,0.300
1422.943,overrun,A_leg2,4.754,-0.504,27.963,27.504,0.458,OVERRUN by 1379.01s,1,0.0500,0,-1.4497,1,0.3000,0,-1.4497,0.000,0.300
1423.960,overrun,A_leg2,4.754,-0.504,27.963,27.504,0.458,OVERRUN by 1380.02s,1,0.0500,0,-1.4497,1,0.3000,0,-1.4497,0.000,0.300
1424.982,overrun,A_leg2,4.754,-0.504,27.963,27.504,0.458,OVERRUN by 1381.04s,1,0.0500,0,-1.4497,1,0.3000,0,-1.4497,0.000,0.300
1426.004,overrun,A_leg2,4.754,-0.504,27.963,27.504,0.458,OVERRUN by 1382.07s,1,0.0500,0,-1.4497,1,0.3000,0,-1.4497,0.000,0.300
1427.030,overrun,A_leg2,4.754,-0.504,27.963,27.504,0.458,OVERRUN by 1383.09s,1,0.0500,0,-1.4497,1,0.3000,0,-1.4497,0.000,0.300
1428.064,overrun,A_leg2,4.754,-0.504,27.963,27.504,0.458,OVERRUN by 1384.13s,1,0.0500,0,-1.4497,1,0.3000,0,-1.4497,0.000,0.300
1429.095,overrun,A_leg2,4.754,-0.504,27.963,27.504,0.458,OVERRUN by 1385.16s,1,0.0500,0,-1.4497,1,0.3000,0,-1.4497,0.000,0.300
1430.123,overrun,A_leg2,4.754,-0.504,27.963,27.504,0.458,OVERRUN by 1386.19s,1,0.0500,0,-1.4497,1,0.3000,0,-1.4497,0.000,0.300
1431.139,overrun,A_leg2,4.754,-0.504,27.963,27.504,0.458,OVERRUN by 1387.20s,1,0.0500,0,-1.4497,1,0.3000,0,-1.4497,0.000,0.300
1432.163,overrun,A_leg2,4.754,-0.504,27.963,27.504,0.458,OVERRUN by 1388.23s,1,0.0500,0,-1.4497,1,0.3000,0,-1.4497,0.000,0.300
1433.171,overrun,A_leg2,4.754,-0.504,27.963,27.504,0.458,OVERRUN by 1389.23s,1,0.0500,0,-1.4497,1,0.3000,0,-1.4497,0.000,0.300
1434.193,overrun,A_leg2,4.754,-0.504,27.963,27.504,0.458,OVERRUN by 1390.26s,1,0.0500,0,-1.4497,1,0.3000,0,-1.4497,0.000,0.300
1435.206,overrun,A_leg2,4.754,-0.504,27.963,27.504,0.458,OVERRUN by 1391.27s,1,0.0500,0,-1.4497,1,0.3000,0,-1.4497,0.000,0.300
1436.221,overrun,A_leg2,4.754,-0.504,27.963,27.504,0.458,OVERRUN by 1392.28s,1,0.0500,0,-1.4497,1,0.3000,0,-1.4497,0.000,0.300
1437.235,overrun,A_leg2,4.754,-0.504,27.963,27.504,0.458,OVERRUN by 1393.30s,1,0.0500,0,-1.4497,1,0.3000,0,-1.4497,0.000,0.300
1438.261,overrun,A_leg2,4.754,-0.504,27.963,27.504,0.458,OVERRUN by 1394.32s,1,0.0500,0,-1.4497,1,0.3000,0,-1.4497,0.000,0.300
1439.297,overrun,A_leg2,4.754,-0.504,27.963,27.504,0.458,OVERRUN by 1395.36s,1,0.0500,0,-1.4497,1,0.3000,0,-1.4497,0.000,0.300
1440.323,overrun,A_leg2,4.754,-0.504,27.963,27.504,0.458,OVERRUN by 1396.39s,1,0.0500,0,-1.4497,1,0.3000,0,-1.4497,0.000,0.300
1441.344,overrun,A_leg2,4.754,-0.504,27.963,27.504,0.458,OVERRUN by 1397.41s,1,0.0500,0,-1.4497,1,0.3000,0,-1.4497,0.000,0.300
1442.364,overrun,A_leg2,4.754,-0.504,27.963,27.504,0.458,OVERRUN by 1398.43s,1,0.0500,0,-1.4497,1,0.3000,0,-1.4497,0.000,0.300
1443.385,overrun,A_leg2,4.754,-0.504,27.963,27.504,0.458,OVERRUN by 1399.45s,1,0.0500,0,-1.4497,1,0.3000,0,-1.4497,0.000,0.300
1444.400,overrun,A_leg2,4.754,-0.504,27.963,27.504,0.458,OVERRUN by 1400.46s,1,0.0500,0,-1.4497,1,0.3000,0,-1.4497,0.000,0.300
1445.424,overrun,A_leg2,4.754,-0.504,27.963,27.504,0.458,OVERRUN by 1401.49s,1,0.0500,0,-1.4497,1,0.3000,0,-1.4497,0.000,0.300
1446.443,overrun,A_leg2,4.754,-0.504,27.963,27.504,0.458,OVERRUN by 1402.51s,1,0.0500,0,-1.4497,1,0.3000,0,-1.4497,0.000,0.300
1447.467,overrun,A_leg2,4.754,-0.504,27.963,27.504,0.458,OVERRUN by 1403.53s,1,0.0500,0,-1.4497,1,0.3000,0,-1.4497,0.000,0.300
1448.476,overrun,A_leg2,4.754,-0.504,27.963,27.504,0.458,OVERRUN by 1404.54s,1,0.0500,0,-1.4497,1,0.3000,0,-1.4497,0.000,0.300
1449.495,overrun,A_leg2,4.754,-0.504,27.963,27.504,0.458,OVERRUN by 1405.56s,1,0.0500,0,-1.4497,1,0.3000,0,-1.4497,0.000,0.300
1450.523,overrun,A_leg2,4.754,-0.504,27.963,27.504,0.458,OVERRUN by 1406.59s,1,0.0500,0,-1.4497,1,0.3000,0,-1.4497,0.000,0.300
1451.552,overrun,A_leg2,4.754,-0.504,27.963,27.504,0.458,OVERRUN by 1407.61s,1,0.0500,0,-1.4497,1,0.3000,0,-1.4497,0.000,0.300
1452.571,overrun,A_leg2,4.754,-0.504,27.963,27.504,0.458,OVERRUN by 1408.63s,1,0.0500,0,-1.4497,1,0.3000,0,-1.4497,0.000,0.300
1453.599,overrun,A_leg2,4.754,-0.504,27.963,27.504,0.458,OVERRUN by 1409.66s,1,0.0500,0,-1.4497,1,0.3000,0,-1.4497,0.000,0.300
1454.613,overrun,A_leg2,4.754,-0.504,27.963,27.504,0.458,OVERRUN by 1410.68s,1,0.0500,0,-1.4497,1,0.3000,0,-1.4497,0.000,0.300
1455.654,overrun,A_leg2,4.754,-0.504,27.963,27.504,0.458,OVERRUN by 1411.72s,1,0.0500,0,-1.4497,1,0.3000,0,-1.4497,0.000,0.300
1456.683,overrun,A_leg2,4.754,-0.504,27.963,27.504,0.458,OVERRUN by 1412.75s,1,0.0500,0,-1.4497,1,0.3000,0,-1.4497,0.000,0.300
1457.718,overrun,A_leg2,4.754,-0.504,27.963,27.504,0.458,OVERRUN by 1413.78s,1,0.0500,0,-1.4497,1,0.3000,0,-1.4497,0.000,0.300
1458.735,overrun,A_leg2,4.754,-0.504,27.963,27.504,0.458,OVERRUN by 1414.80s,1,0.0500,0,-1.4497,1,0.3000,0,-1.4497,0.000,0.300
1459.770,overrun,A_leg2,4.754,-0.504,27.963,27.504,0.458,OVERRUN by 1415.83s,1,0.0500,0,-1.4497,1,0.3000,0,-1.4497,0.000,0.300
1460.795,overrun,A_leg2,4.754,-0.504,27.963,27.504,0.458,OVERRUN by 1416.86s,1,0.0500,0,-1.4497,1,0.3000,0,-1.4497,0.000,0.300
1461.827,overrun,A_leg2,4.754,-0.504,27.963,27.504,0.458,OVERRUN by 1417.89s,1,0.0500,0,-1.4497,1,0.3000,0,-1.4497,0.000,0.300
1462.854,overrun,A_leg2,4.754,-0.504,27.963,27.504,0.458,OVERRUN by 1418.92s,1,0.0500,0,-1.4497,1,0.3000,0,-1.4497,0.000,0.300
1463.886,overrun,A_leg2,4.754,-0.504,27.963,27.504,0.458,OVERRUN by 1419.95s,1,0.0500,0,-1.4497,1,0.3000,0,-1.4497,0.000,0.300
1464.917,overrun,A_leg2,4.754,-0.504,27.963,27.504,0.458,OVERRUN by 1420.98s,1,0.0500,0,-1.4497,1,0.3000,0,-1.4497,0.000,0.300
1465.953,overrun,A_leg2,4.754,-0.504,27.963,27.504,0.458,OVERRUN by 1422.02s,1,0.0500,0,-1.4497,1,0.3000,0,-1.4497,0.000,0.300
1466.990,overrun,A_leg2,4.754,-0.504,27.963,27.504,0.458,OVERRUN by 1423.05s,1,0.0500,0,-1.4497,1,0.3000,0,-1.4497,0.000,0.300
1468.012,overrun,A_leg2,4.754,-0.504,27.963,27.504,0.458,OVERRUN by 1424.07s,1,0.0500,0,-1.4497,1,0.3000,0,-1.4497,0.000,0.300
1469.020,overrun,A_leg2,4.754,-0.504,27.963,27.504,0.458,OVERRUN by 1425.08s,1,0.0500,0,-1.4497,1,0.3000,0,-1.4497,0.000,0.300
1470.042,overrun,A_leg2,4.754,-0.504,27.963,27.504,0.458,OVERRUN by 1426.10s,1,0.0500,0,-1.4497,1,0.3000,0,-1.4497,0.000,0.300
1471.064,overrun,A_leg2,4.754,-0.504,27.963,27.504,0.458,OVERRUN by 1427.13s,1,0.0500,0,-1.4497,1,0.3000,0,-1.4497,0.000,0.300
1472.084,overrun,A_leg2,4.754,-0.504,27.963,27.504,0.458,OVERRUN by 1428.15s,1,0.0500,0,-1.4497,1,0.3000,0,-1.4497,0.000,0.300
1473.109,overrun,A_leg2,4.754,-0.504,27.963,27.504,0.458,OVERRUN by 1429.17s,1,0.0500,0,-1.4497,1,0.3000,0,-1.4497,0.000,0.300
1474.137,overrun,A_leg2,4.754,-0.504,27.963,27.504,0.458,OVERRUN by 1430.20s,1,0.0500,0,-1.4497,1,0.3000,0,-1.4497,0.000,0.300
1475.149,overrun,A_leg2,4.754,-0.504,27.963,27.504,0.458,OVERRUN by 1431.21s,1,0.0500,0,-1.4497,1,0.3000,0,-1.4497,0.000,0.300
1476.174,overrun,A_leg2,4.754,-0.504,27.963,27.504,0.458,OVERRUN by 1432.24s,1,0.0500,0,-1.4497,1,0.3000,0,-1.4497,0.000,0.300
1477.212,overrun,A_leg2,4.754,-0.504,27.963,27.504,0.458,OVERRUN by 1433.27s,1,0.0500,0,-1.4497,1,0.3000,0,-1.4497,0.000,0.300
1478.236,overrun,A_leg2,4.754,-0.504,27.963,27.504,0.458,OVERRUN by 1434.30s,1,0.0500,0,-1.4497,1,0.3000,0,-1.4497,0.000,0.300
1479.267,overrun,A_leg2,4.754,-0.504,27.963,27.504,0.458,OVERRUN by 1435.33s,1,0.0500,0,-1.4497,1,0.3000,0,-1.4497,0.000,0.300
1480.290,overrun,A_leg2,4.754,-0.504,27.963,27.504,0.458,OVERRUN by 1436.35s,1,0.0500,0,-1.4497,1,0.3000,0,-1.4497,0.000,0.300
1481.319,overrun,A_leg2,4.754,-0.504,27.963,27.504,0.458,OVERRUN by 1437.38s,1,0.0500,0,-1.4497,1,0.3000,0,-1.4497,0.000,0.300
1482.343,overrun,A_leg2,4.754,-0.504,27.963,27.504,0.458,OVERRUN by 1438.41s,1,0.0500,0,-1.4497,1,0.3000,0,-1.4497,0.000,0.300
1483.365,overrun,A_leg2,4.754,-0.504,27.963,27.504,0.458,OVERRUN by 1439.43s,1,0.0500,0,-1.4497,1,0.3000,0,-1.4497,0.000,0.300
1484.396,overrun,A_leg2,4.754,-0.504,27.963,27.504,0.458,OVERRUN by 1440.46s,1,0.0500,0,-1.4497,1,0.3000,0,-1.4497,0.000,0.300
1485.424,overrun,A_leg2,4.754,-0.504,27.963,27.504,0.458,OVERRUN by 1441.49s,1,0.0500,0,-1.4497,1,0.3000,0,-1.4497,0.000,0.300
1486.456,overrun,A_leg2,4.754,-0.504,27.963,27.504,0.458,OVERRUN by 1442.52s,1,0.0500,0,-1.4497,1,0.3000,0,-1.4497,0.000,0.300
1487.478,overrun,A_leg2,4.754,-0.504,27.963,27.504,0.458,OVERRUN by 1443.54s,1,0.0500,0,-1.4497,1,0.3000,0,-1.4497,0.000,0.300
1488.505,overrun,A_leg2,4.754,-0.504,27.963,27.504,0.458,OVERRUN by 1444.57s,1,0.0500,0,-1.4497,1,0.3000,0,-1.4497,0.000,0.300
1489.539,overrun,A_leg2,4.754,-0.504,27.963,27.504,0.458,OVERRUN by 1445.60s,1,0.0500,0,-1.4497,1,0.3000,0,-1.4497,0.000,0.300
1490.566,overrun,A_leg2,4.754,-0.504,27.963,27.504,0.458,OVERRUN by 1446.63s,1,0.0500,0,-1.4497,1,0.3000,0,-1.4497,0.000,0.300
1491.592,overrun,A_leg2,4.754,-0.504,27.963,27.504,0.458,OVERRUN by 1447.65s,1,0.0500,0,-1.4497,1,0.3000,0,-1.4497,0.000,0.300
1492.619,overrun,A_leg2,4.754,-0.504,27.963,27.504,0.458,OVERRUN by 1448.68s,1,0.0500,0,-1.4497,1,0.3000,0,-1.4497,0.000,0.300
1493.655,overrun,A_leg2,4.754,-0.504,27.963,27.504,0.458,OVERRUN by 1449.72s,1,0.0500,0,-1.4497,1,0.3000,0,-1.4497,0.000,0.300
1494.691,overrun,A_leg2,4.754,-0.504,27.963,27.504,0.458,OVERRUN by 1450.75s,1,0.0500,0,-1.4497,1,0.3000,0,-1.4497,0.000,0.300
1495.728,overrun,A_leg2,4.754,-0.504,27.963,27.504,0.458,OVERRUN by 1451.79s,1,0.0500,0,-1.4497,1,0.3000,0,-1.4497,0.000,0.300
1496.756,overrun,A_leg2,4.754,-0.504,27.963,27.504,0.458,OVERRUN by 1452.82s,1,0.0500,0,-1.4497,1,0.3000,0,-1.4497,0.000,0.300
1497.783,overrun,A_leg2,4.754,-0.504,27.963,27.504,0.458,OVERRUN by 1453.85s,1,0.0500,0,-1.4497,1,0.3000,0,-1.4497,0.000,0.300
1498.813,overrun,A_leg2,4.754,-0.504,27.963,27.504,0.458,OVERRUN by 1454.88s,1,0.0500,0,-1.4497,1,0.3000,0,-1.4497,0.000,0.300
1499.844,overrun,A_leg2,4.754,-0.504,27.963,27.504,0.458,OVERRUN by 1455.91s,1,0.0500,0,-1.4497,1,0.3000,0,-1.4497,0.000,0.300
1500.870,overrun,A_leg2,4.754,-0.504,27.963,27.504,0.458,OVERRUN by 1456.93s,1,0.0500,0,-1.4497,1,0.3000,0,-1.4497,0.000,0.300
1501.901,overrun,A_leg2,4.754,-0.504,27.963,27.504,0.458,OVERRUN by 1457.96s,1,0.0500,0,-1.4497,1,0.3000,0,-1.4497,0.000,0.300
1502.927,overrun,A_leg2,4.754,-0.504,27.963,27.504,0.458,OVERRUN by 1458.99s,1,0.0500,0,-1.4497,1,0.3000,0,-1.4497,0.000,0.300
1503.956,overrun,A_leg2,4.754,-0.504,27.963,27.504,0.458,OVERRUN by 1460.02s,1,0.0500,0,-1.4497,1,0.3000,0,-1.4497,0.000,0.300
1504.974,overrun,A_leg2,4.754,-0.504,27.963,27.504,0.458,OVERRUN by 1461.04s,1,0.0500,0,-1.4497,1,0.3000,0,-1.4497,0.000,0.300
1506.001,overrun,A_leg2,4.754,-0.504,27.963,27.504,0.458,OVERRUN by 1462.06s,1,0.0500,0,-1.4497,1,0.3000,0,-1.4497,0.000,0.300
1507.027,overrun,A_leg2,4.754,-0.504,27.963,27.504,0.458,OVERRUN by 1463.09s,1,0.0500,0,-1.4497,1,0.3000,0,-1.4497,0.000,0.300
1508.047,overrun,A_leg2,4.754,-0.504,27.963,27.504,0.458,OVERRUN by 1464.11s,1,0.0500,0,-1.4497,1,0.3000,0,-1.4497,0.000,0.300
1509.083,overrun,A_leg2,4.754,-0.504,27.963,27.504,0.458,OVERRUN by 1465.15s,1,0.0500,0,-1.4497,1,0.3000,0,-1.4497,0.000,0.300
1510.115,overrun,A_leg2,4.754,-0.504,27.963,27.504,0.458,OVERRUN by 1466.18s,1,0.0500,0,-1.4497,1,0.3000,0,-1.4497,0.000,0.300
1511.148,overrun,A_leg2,4.754,-0.504,27.963,27.504,0.458,OVERRUN by 1467.21s,1,0.0500,0,-1.4497,1,0.3000,0,-1.4497,0.000,0.300
1512.179,overrun,A_leg2,4.754,-0.504,27.963,27.504,0.458,OVERRUN by 1468.24s,1,0.0500,0,-1.4497,1,0.3000,0,-1.4497,0.000,0.300
1513.221,overrun,A_leg2,4.754,-0.504,27.963,27.504,0.458,OVERRUN by 1469.28s,1,0.0500,0,-1.4497,1,0.3000,0,-1.4497,0.000,0.300
1514.256,overrun,A_leg2,4.754,-0.504,27.963,27.504,0.458,OVERRUN by 1470.32s,1,0.0500,0,-1.4497,1,0.3000,0,-1.4497,0.000,0.300
1515.291,overrun,A_leg2,4.754,-0.504,27.963,27.504,0.458,OVERRUN by 1471.35s,1,0.0500,0,-1.4497,1,0.3000,0,-1.4497,0.000,0.300
1516.317,overrun,A_leg2,4.754,-0.504,27.963,27.504,0.458,OVERRUN by 1472.38s,1,0.0500,0,-1.4497,1,0.3000,0,-1.4497,0.000,0.300
1517.337,overrun,A_leg2,4.754,-0.504,27.963,27.504,0.458,OVERRUN by 1473.40s,1,0.0500,0,-1.4497,1,0.3000,0,-1.4497,0.000,0.300
1518.370,overrun,A_leg2,4.754,-0.504,27.963,27.504,0.458,OVERRUN by 1474.43s,1,0.0500,0,-1.4497,1,0.3000,0,-1.4497,0.000,0.300
1519.397,overrun,A_leg2,4.754,-0.504,27.963,27.504,0.458,OVERRUN by 1475.46s,1,0.0500,0,-1.4497,1,0.3000,0,-1.4497,0.000,0.300
1520.431,overrun,A_leg2,4.754,-0.504,27.963,27.504,0.458,OVERRUN by 1476.49s,1,0.0500,0,-1.4497,1,0.3000,0,-1.4497,0.000,0.300
1521.451,overrun,A_leg2,4.754,-0.504,27.963,27.504,0.458,OVERRUN by 1477.51s,1,0.0500,0,-1.4497,1,0.3000,0,-1.4497,0.000,0.300
1522.463,overrun,A_leg2,4.754,-0.504,27.963,27.504,0.458,OVERRUN by 1478.53s,1,0.0500,0,-1.4497,1,0.3000,0,-1.4497,0.000,0.300
1523.485,overrun,A_leg2,4.754,-0.504,27.963,27.504,0.458,OVERRUN by 1479.55s,1,0.0500,0,-1.4497,1,0.3000,0,-1.4497,0.000,0.300
1524.514,overrun,A_leg2,4.754,-0.504,27.963,27.504,0.458,OVERRUN by 1480.58s,1,0.0500,0,-1.4497,1,0.3000,0,-1.4497,0.000,0.300
1525.533,overrun,A_leg2,4.754,-0.504,27.963,27.504,0.458,OVERRUN by 1481.60s,1,0.0500,0,-1.4497,1,0.3000,0,-1.4497,0.000,0.300
1526.566,overrun,A_leg2,4.754,-0.504,27.963,27.504,0.458,OVERRUN by 1482.63s,1,0.0500,0,-1.4497,1,0.3000,0,-1.4497,0.000,0.300
1527.593,overrun,A_leg2,4.754,-0.504,27.963,27.504,0.458,OVERRUN by 1483.66s,1,0.0500,0,-1.4497,1,0.3000,0,-1.4497,0.000,0.300
1528.624,overrun,A_leg2,4.754,-0.504,27.963,27.504,0.458,OVERRUN by 1484.69s,1,0.0500,0,-1.4497,1,0.3000,0,-1.4497,0.000,0.300
1529.654,overrun,A_leg2,4.754,-0.504,27.963,27.504,0.458,OVERRUN by 1485.72s,1,0.0500,0,-1.4497,1,0.3000,0,-1.4497,0.000,0.300
1530.680,overrun,A_leg2,4.754,-0.504,27.963,27.504,0.458,OVERRUN by 1486.74s,1,0.0500,0,-1.4497,1,0.3000,0,-1.4497,0.000,0.300
1531.702,overrun,A_leg2,4.754,-0.504,27.963,27.504,0.458,OVERRUN by 1487.76s,1,0.0500,0,-1.4497,1,0.3000,0,-1.4497,0.000,0.300
1532.728,overrun,A_leg2,4.754,-0.504,27.963,27.504,0.458,OVERRUN by 1488.79s,1,0.0500,0,-1.4497,1,0.3000,0,-1.4497,0.000,0.300
1533.753,overrun,A_leg2,4.754,-0.504,27.963,27.504,0.458,OVERRUN by 1489.82s,1,0.0500,0,-1.4497,1,0.3000,0,-1.4497,0.000,0.300
1534.788,overrun,A_leg2,4.754,-0.504,27.963,27.504,0.458,OVERRUN by 1490.85s,1,0.0500,0,-1.4497,1,0.3000,0,-1.4497,0.000,0.300
1535.811,overrun,A_leg2,4.754,-0.504,27.963,27.504,0.458,OVERRUN by 1491.87s,1,0.0500,0,-1.4497,1,0.3000,0,-1.4497,0.000,0.300
1536.838,overrun,A_leg2,4.754,-0.504,27.963,27.504,0.458,OVERRUN by 1492.90s,1,0.0500,0,-1.4497,1,0.3000,0,-1.4497,0.000,0.300
1537.858,overrun,A_leg2,4.754,-0.504,27.963,27.504,0.458,OVERRUN by 1493.92s,1,0.0500,0,-1.4497,1,0.3000,0,-1.4497,0.000,0.300
1538.890,overrun,A_leg2,4.754,-0.504,27.963,27.504,0.458,OVERRUN by 1494.95s,1,0.0500,0,-1.4497,1,0.3000,0,-1.4497,0.000,0.300
1539.924,overrun,A_leg2,4.754,-0.504,27.963,27.504,0.458,OVERRUN by 1495.99s,1,0.0500,0,-1.4497,1,0.3000,0,-1.4497,0.000,0.300
1540.952,overrun,A_leg2,4.754,-0.504,27.963,27.504,0.458,OVERRUN by 1497.01s,1,0.0500,0,-1.4497,1,0.3000,0,-1.4497,0.000,0.300
1541.984,overrun,A_leg2,4.754,-0.504,27.963,27.504,0.458,OVERRUN by 1498.05s,1,0.0500,0,-1.4497,1,0.3000,0,-1.4497,0.000,0.300
1543.020,overrun,A_leg2,4.754,-0.504,27.963,27.504,0.458,OVERRUN by 1499.08s,1,0.0500,0,-1.4497,1,0.3000,0,-1.4497,0.000,0.300
1544.036,overrun,A_leg2,4.754,-0.504,27.963,27.504,0.458,OVERRUN by 1500.10s,1,0.0500,0,-1.4497,1,0.3000,0,-1.4497,0.000,0.300
1545.054,overrun,A_leg2,4.754,-0.504,27.963,27.504,0.458,OVERRUN by 1501.12s,1,0.0500,0,-1.4497,1,0.3000,0,-1.4497,0.000,0.300
1546.076,overrun,A_leg2,4.754,-0.504,27.963,27.504,0.458,OVERRUN by 1502.14s,1,0.0500,0,-1.4497,1,0.3000,0,-1.4497,0.000,0.300
1547.098,overrun,A_leg2,4.754,-0.504,27.963,27.504,0.458,OVERRUN by 1503.16s,1,0.0500,0,-1.4497,1,0.3000,0,-1.4497,0.000,0.300
1548.118,overrun,A_leg2,4.754,-0.504,27.963,27.504,0.458,OVERRUN by 1504.18s,1,0.0500,0,-1.4497,1,0.3000,0,-1.4497,0.000,0.300
1549.152,overrun,A_leg2,4.754,-0.504,27.963,27.504,0.458,OVERRUN by 1505.21s,1,0.0500,0,-1.4497,1,0.3000,0,-1.4497,0.000,0.300
1550.170,overrun,A_leg2,4.754,-0.504,27.963,27.504,0.458,OVERRUN by 1506.23s,1,0.0500,0,-1.4497,1,0.3000,0,-1.4497,0.000,0.300
1551.197,overrun,A_leg2,4.754,-0.504,27.963,27.504,0.458,OVERRUN by 1507.26s,1,0.0500,0,-1.4497,1,0.3000,0,-1.4497,0.000,0.300
1552.228,overrun,A_leg2,4.754,-0.504,27.963,27.504,0.458,OVERRUN by 1508.29s,1,0.0500,0,-1.4497,1,0.3000,0,-1.4497,0.000,0.300
1553.245,overrun,A_leg2,4.754,-0.504,27.963,27.504,0.458,OVERRUN by 1509.31s,1,0.0500,0,-1.4497,1,0.3000,0,-1.4497,0.000,0.300
1554.279,overrun,A_leg2,4.754,-0.504,27.963,27.504,0.458,OVERRUN by 1510.34s,1,0.0500,0,-1.4497,1,0.3000,0,-1.4497,0.000,0.300
1555.297,overrun,A_leg2,4.754,-0.504,27.963,27.504,0.458,OVERRUN by 1511.36s,1,0.0500,0,-1.4497,1,0.3000,0,-1.4497,0.000,0.300
1556.334,overrun,A_leg2,4.754,-0.504,27.963,27.504,0.458,OVERRUN by 1512.40s,1,0.0500,0,-1.4497,1,0.3000,0,-1.4497,0.000,0.300
1557.364,overrun,A_leg2,4.754,-0.504,27.963,27.504,0.458,OVERRUN by 1513.43s,1,0.0500,0,-1.4497,1,0.3000,0,-1.4497,0.000,0.300
1558.398,overrun,A_leg2,4.754,-0.504,27.963,27.504,0.458,OVERRUN by 1514.46s,1,0.0500,0,-1.4497,1,0.3000,0,-1.4497,0.000,0.300
1559.419,overrun,A_leg2,4.754,-0.504,27.963,27.504,0.458,OVERRUN by 1515.48s,1,0.0500,0,-1.4497,1,0.3000,0,-1.4497,0.000,0.300
1560.445,overrun,A_leg2,4.754,-0.504,27.963,27.504,0.458,OVERRUN by 1516.51s,1,0.0500,0,-1.4497,1,0.3000,0,-1.4497,0.000,0.300
1561.468,overrun,A_leg2,4.754,-0.504,27.963,27.504,0.458,OVERRUN by 1517.53s,1,0.0500,0,-1.4497,1,0.3000,0,-1.4497,0.000,0.300
1562.498,overrun,A_leg2,4.754,-0.504,27.963,27.504,0.458,OVERRUN by 1518.56s,1,0.0500,0,-1.4497,1,0.3000,0,-1.4497,0.000,0.300
1563.540,overrun,A_leg2,4.754,-0.504,27.963,27.504,0.458,OVERRUN by 1519.60s,1,0.0500,0,-1.4497,1,0.3000,0,-1.4497,0.000,0.300
1564.554,overrun,A_leg2,4.754,-0.504,27.963,27.504,0.458,OVERRUN by 1520.62s,1,0.0500,0,-1.4497,1,0.3000,0,-1.4497,0.000,0.300
1565.583,overrun,A_leg2,4.754,-0.504,27.963,27.504,0.458,OVERRUN by 1521.65s,1,0.0500,0,-1.4497,1,0.3000,0,-1.4497,0.000,0.300
1566.615,overrun,A_leg2,4.754,-0.504,27.963,27.504,0.458,OVERRUN by 1522.68s,1,0.0500,0,-1.4497,1,0.3000,0,-1.4497,0.000,0.300
1567.633,overrun,A_leg2,4.754,-0.504,27.963,27.504,0.458,OVERRUN by 1523.70s,1,0.0500,0,-1.4497,1,0.3000,0,-1.4497,0.000,0.300
1568.666,overrun,A_leg2,4.754,-0.504,27.963,27.504,0.458,OVERRUN by 1524.73s,1,0.0500,0,-1.4497,1,0.3000,0,-1.4497,0.000,0.300
1569.689,overrun,A_leg2,4.754,-0.504,27.963,27.504,0.458,OVERRUN by 1525.75s,1,0.0500,0,-1.4497,1,0.3000,0,-1.4497,0.000,0.300
1570.714,overrun,A_leg2,4.754,-0.504,27.963,27.504,0.458,OVERRUN by 1526.78s,1,0.0500,0,-1.4497,1,0.3000,0,-1.4497,0.000,0.300
1571.735,overrun,A_leg2,4.754,-0.504,27.963,27.504,0.458,OVERRUN by 1527.80s,1,0.0500,0,-1.4497,1,0.3000,0,-1.4497,0.000,0.300
1572.769,overrun,A_leg2,4.754,-0.504,27.963,27.504,0.458,OVERRUN by 1528.83s,1,0.0500,0,-1.4497,1,0.3000,0,-1.4497,0.000,0.300
1573.799,overrun,A_leg2,4.754,-0.504,27.963,27.504,0.458,OVERRUN by 1529.86s,1,0.0500,0,-1.4497,1,0.3000,0,-1.4497,0.000,0.300
1574.817,overrun,A_leg2,4.754,-0.504,27.963,27.504,0.458,OVERRUN by 1530.88s,1,0.0500,0,-1.4497,1,0.3000,0,-1.4497,0.000,0.300
1575.851,overrun,A_leg2,4.754,-0.504,27.963,27.504,0.458,OVERRUN by 1531.91s,1,0.0500,0,-1.4497,1,0.3000,0,-1.4497,0.000,0.300
1576.882,overrun,A_leg2,4.754,-0.504,27.963,27.504,0.458,OVERRUN by 1532.94s,1,0.0500,0,-1.4497,1,0.3000,0,-1.4497,0.000,0.300
1577.913,overrun,A_leg2,4.754,-0.504,27.963,27.504,0.458,OVERRUN by 1533.98s,1,0.0500,0,-1.4497,1,0.3000,0,-1.4497,0.000,0.300
1578.948,overrun,A_leg2,4.754,-0.504,27.963,27.504,0.458,OVERRUN by 1535.01s,1,0.0500,0,-1.4497,1,0.3000,0,-1.4497,0.000,0.300
1579.968,overrun,A_leg2,4.754,-0.504,27.963,27.504,0.458,OVERRUN by 1536.03s,1,0.0500,0,-1.4497,1,0.3000,0,-1.4497,0.000,0.300
1581.000,overrun,A_leg2,4.754,-0.504,27.963,27.504,0.458,OVERRUN by 1537.06s,1,0.0500,0,-1.4497,1,0.3000,0,-1.4497,0.000,0.300
1582.010,overrun,A_leg2,4.754,-0.504,27.963,27.504,0.458,OVERRUN by 1538.07s,1,0.0500,0,-1.4497,1,0.3000,0,-1.4497,0.000,0.300
1583.032,overrun,A_leg2,4.754,-0.504,27.963,27.504,0.458,OVERRUN by 1539.09s,1,0.0500,0,-1.4497,1,0.3000,0,-1.4497,0.000,0.300
1584.063,overrun,A_leg2,4.754,-0.504,27.963,27.504,0.458,OVERRUN by 1540.13s,1,0.0500,0,-1.4497,1,0.3000,0,-1.4497,0.000,0.300
1585.089,overrun,A_leg2,4.754,-0.504,27.963,27.504,0.458,OVERRUN by 1541.15s,1,0.0500,0,-1.4497,1,0.3000,0,-1.4497,0.000,0.300
1586.112,overrun,A_leg2,4.754,-0.504,27.963,27.504,0.458,OVERRUN by 1542.17s,1,0.0500,0,-1.4497,1,0.3000,0,-1.4497,0.000,0.300
1587.130,overrun,A_leg2,4.754,-0.504,27.963,27.504,0.458,OVERRUN by 1543.19s,1,0.0500,0,-1.4497,1,0.3000,0,-1.4497,0.000,0.300
1588.149,overrun,A_leg2,4.754,-0.504,27.963,27.504,0.458,OVERRUN by 1544.21s,1,0.0500,0,-1.4497,1,0.3000,0,-1.4497,0.000,0.300
1589.182,overrun,A_leg2,4.754,-0.504,27.963,27.504,0.458,OVERRUN by 1545.24s,1,0.0500,0,-1.4497,1,0.3000,0,-1.4497,0.000,0.300
1590.207,overrun,A_leg2,4.754,-0.504,27.963,27.504,0.458,OVERRUN by 1546.27s,1,0.0500,0,-1.4497,1,0.3000,0,-1.4497,0.000,0.300
1591.243,overrun,A_leg2,4.754,-0.504,27.963,27.504,0.458,OVERRUN by 1547.30s,1,0.0500,0,-1.4497,1,0.3000,0,-1.4497,0.000,0.300
1592.267,overrun,A_leg2,4.754,-0.504,27.963,27.504,0.458,OVERRUN by 1548.33s,1,0.0500,0,-1.4497,1,0.3000,0,-1.4497,0.000,0.300
1593.300,overrun,A_leg2,4.754,-0.504,27.963,27.504,0.458,OVERRUN by 1549.36s,1,0.0500,0,-1.4497,1,0.3000,0,-1.4497,0.000,0.300
1594.316,overrun,A_leg2,4.754,-0.504,27.963,27.504,0.458,OVERRUN by 1550.38s,1,0.0500,0,-1.4497,1,0.3000,0,-1.4497,0.000,0.300
1595.345,overrun,A_leg2,4.754,-0.504,27.963,27.504,0.458,OVERRUN by 1551.41s,1,0.0500,0,-1.4497,1,0.3000,0,-1.4497,0.000,0.300
1596.370,overrun,A_leg2,4.754,-0.504,27.963,27.504,0.458,OVERRUN by 1552.43s,1,0.0500,0,-1.4497,1,0.3000,0,-1.4497,0.000,0.300
1597.397,overrun,A_leg2,4.754,-0.504,27.963,27.504,0.458,OVERRUN by 1553.46s,1,0.0500,0,-1.4497,1,0.3000,0,-1.4497,0.000,0.300
1598.427,overrun,A_leg2,4.754,-0.504,27.963,27.504,0.458,OVERRUN by 1554.49s,1,0.0500,0,-1.4497,1,0.3000,0,-1.4497,0.000,0.300
1599.439,overrun,A_leg2,4.754,-0.504,27.963,27.504,0.458,OVERRUN by 1555.50s,1,0.0500,0,-1.4497,1,0.3000,0,-1.4497,0.000,0.300
1600.472,overrun,A_leg2,4.754,-0.504,27.963,27.504,0.458,OVERRUN by 1556.53s,1,0.0500,0,-1.4497,1,0.3000,0,-1.4497,0.000,0.300
1601.488,overrun,A_leg2,4.754,-0.504,27.963,27.504,0.458,OVERRUN by 1557.55s,1,0.0500,0,-1.4497,1,0.3000,0,-1.4497,0.000,0.300
1602.520,overrun,A_leg2,4.754,-0.504,27.963,27.504,0.458,OVERRUN by 1558.58s,1,0.0500,0,-1.4497,1,0.3000,0,-1.4497,0.000,0.300
1603.538,overrun,A_leg2,4.754,-0.504,27.963,27.504,0.458,OVERRUN by 1559.60s,1,0.0500,0,-1.4497,1,0.3000,0,-1.4497,0.000,0.300
1604.566,overrun,A_leg2,4.754,-0.504,27.963,27.504,0.458,OVERRUN by 1560.63s,1,0.0500,0,-1.4497,1,0.3000,0,-1.4497,0.000,0.300
1605.592,overrun,A_leg2,4.754,-0.504,27.963,27.504,0.458,OVERRUN by 1561.65s,1,0.0500,0,-1.4497,1,0.3000,0,-1.4497,0.000,0.300
1606.617,overrun,A_leg2,4.754,-0.504,27.963,27.504,0.458,OVERRUN by 1562.68s,1,0.0500,0,-1.4497,1,0.3000,0,-1.4497,0.000,0.300
1607.641,overrun,A_leg2,4.754,-0.504,27.963,27.504,0.458,OVERRUN by 1563.70s,1,0.0500,0,-1.4497,1,0.3000,0,-1.4497,0.000,0.300
1608.679,overrun,A_leg2,4.754,-0.504,27.963,27.504,0.458,OVERRUN by 1564.74s,1,0.0500,0,-1.4497,1,0.3000,0,-1.4497,0.000,0.300
1609.706,overrun,A_leg2,4.754,-0.504,27.963,27.504,0.458,OVERRUN by 1565.77s,1,0.0500,0,-1.4497,1,0.3000,0,-1.4497,0.000,0.300
1610.729,overrun,A_leg2,4.754,-0.504,27.963,27.504,0.458,OVERRUN by 1566.79s,1,0.0500,0,-1.4497,1,0.3000,0,-1.4497,0.000,0.300
1611.745,overrun,A_leg2,4.754,-0.504,27.963,27.504,0.458,OVERRUN by 1567.81s,1,0.0500,0,-1.4497,1,0.3000,0,-1.4497,0.000,0.300
1612.777,overrun,A_leg2,4.754,-0.504,27.963,27.504,0.458,OVERRUN by 1568.84s,1,0.0500,0,-1.4497,1,0.3000,0,-1.4497,0.000,0.300
1613.800,overrun,A_leg2,4.754,-0.504,27.963,27.504,0.458,OVERRUN by 1569.86s,1,0.0500,0,-1.4497,1,0.3000,0,-1.4497,0.000,0.300
1614.818,overrun,A_leg2,4.754,-0.504,27.963,27.504,0.458,OVERRUN by 1570.88s,1,0.0500,0,-1.4497,1,0.3000,0,-1.4497,0.000,0.300
1615.840,overrun,A_leg2,4.754,-0.504,27.963,27.504,0.458,OVERRUN by 1571.90s,1,0.0500,0,-1.4497,1,0.3000,0,-1.4497,0.000,0.300
1616.863,overrun,A_leg2,4.754,-0.504,27.963,27.504,0.458,OVERRUN by 1572.93s,1,0.0500,0,-1.4497,1,0.3000,0,-1.4497,0.000,0.300
1617.888,overrun,A_leg2,4.754,-0.504,27.963,27.504,0.458,OVERRUN by 1573.95s,1,0.0500,0,-1.4497,1,0.3000,0,-1.4497,0.000,0.300
1618.919,overrun,A_leg2,4.754,-0.504,27.963,27.504,0.458,OVERRUN by 1574.98s,1,0.0500,0,-1.4497,1,0.3000,0,-1.4497,0.000,0.300
1619.945,overrun,A_leg2,4.754,-0.504,27.963,27.504,0.458,OVERRUN by 1576.01s,1,0.0500,0,-1.4497,1,0.3000,0,-1.4497,0.000,0.300
1620.972,overrun,A_leg2,4.754,-0.504,27.963,27.504,0.458,OVERRUN by 1577.03s,1,0.0500,0,-1.4497,1,0.3000,0,-1.4497,0.000,0.300
1621.992,overrun,A_leg2,4.754,-0.504,27.963,27.504,0.458,OVERRUN by 1578.05s,1,0.0500,0,-1.4497,1,0.3000,0,-1.4497,0.000,0.300
1623.024,overrun,A_leg2,4.754,-0.504,27.963,27.504,0.458,OVERRUN by 1579.09s,1,0.0500,0,-1.4497,1,0.3000,0,-1.4497,0.000,0.300
1624.053,overrun,A_leg2,4.754,-0.504,27.963,27.504,0.458,OVERRUN by 1580.12s,1,0.0500,0,-1.4497,1,0.3000,0,-1.4497,0.000,0.300
1625.080,overrun,A_leg2,4.754,-0.504,27.963,27.504,0.458,OVERRUN by 1581.14s,1,0.0500,0,-1.4497,1,0.3000,0,-1.4497,0.000,0.300
1626.103,overrun,A_leg2,4.754,-0.504,27.963,27.504,0.458,OVERRUN by 1582.17s,1,0.0500,0,-1.4497,1,0.3000,0,-1.4497,0.000,0.300
1627.136,overrun,A_leg2,4.754,-0.504,27.963,27.504,0.458,OVERRUN by 1583.20s,1,0.0500,0,-1.4497,1,0.3000,0,-1.4497,0.000,0.300
1628.173,overrun,A_leg2,4.754,-0.504,27.963,27.504,0.458,OVERRUN by 1584.24s,1,0.0500,0,-1.4497,1,0.3000,0,-1.4497,0.000,0.300
1629.200,overrun,A_leg2,4.754,-0.504,27.963,27.504,0.458,OVERRUN by 1585.26s,1,0.0500,0,-1.4497,1,0.3000,0,-1.4497,0.000,0.300
1630.231,overrun,A_leg2,4.754,-0.504,27.963,27.504,0.458,OVERRUN by 1586.29s,1,0.0500,0,-1.4497,1,0.3000,0,-1.4497,0.000,0.300
1631.244,overrun,A_leg2,4.754,-0.504,27.963,27.504,0.458,OVERRUN by 1587.31s,1,0.0500,0,-1.4497,1,0.3000,0,-1.4497,0.000,0.300
1632.259,overrun,A_leg2,4.754,-0.504,27.963,27.504,0.458,OVERRUN by 1588.32s,1,0.0500,0,-1.4497,1,0.3000,0,-1.4497,0.000,0.300
1633.276,overrun,A_leg2,4.754,-0.504,27.963,27.504,0.458,OVERRUN by 1589.34s,1,0.0500,0,-1.4497,1,0.3000,0,-1.4497,0.000,0.300
1634.308,overrun,A_leg2,4.754,-0.504,27.963,27.504,0.458,OVERRUN by 1590.37s,1,0.0500,0,-1.4497,1,0.3000,0,-1.4497,0.000,0.300
1635.332,overrun,A_leg2,4.754,-0.504,27.963,27.504,0.458,OVERRUN by 1591.39s,1,0.0500,0,-1.4497,1,0.3000,0,-1.4497,0.000,0.300
1636.363,overrun,A_leg2,4.754,-0.504,27.963,27.504,0.458,OVERRUN by 1592.43s,1,0.0500,0,-1.4497,1,0.3000,0,-1.4497,0.000,0.300
1637.378,overrun,A_leg2,4.754,-0.504,27.963,27.504,0.458,OVERRUN by 1593.44s,1,0.0500,0,-1.4497,1,0.3000,0,-1.4497,0.000,0.300
1638.403,overrun,A_leg2,4.754,-0.504,27.963,27.504,0.458,OVERRUN by 1594.47s,1,0.0500,0,-1.4497,1,0.3000,0,-1.4497,0.000,0.300
1639.425,overrun,A_leg2,4.754,-0.504,27.963,27.504,0.458,OVERRUN by 1595.49s,1,0.0500,0,-1.4497,1,0.3000,0,-1.4497,0.000,0.300
1640.443,overrun,A_leg2,4.754,-0.504,27.963,27.504,0.458,OVERRUN by 1596.51s,1,0.0500,0,-1.4497,1,0.3000,0,-1.4497,0.000,0.300
1641.475,overrun,A_leg2,4.754,-0.504,27.963,27.504,0.458,OVERRUN by 1597.54s,1,0.0500,0,-1.4497,1,0.3000,0,-1.4497,0.000,0.300
1642.503,overrun,A_leg2,4.754,-0.504,27.963,27.504,0.458,OVERRUN by 1598.56s,1,0.0500,0,-1.4497,1,0.3000,0,-1.4497,0.000,0.300
1643.540,overrun,A_leg2,4.754,-0.504,27.963,27.504,0.458,OVERRUN by 1599.60s,1,0.0500,0,-1.4497,1,0.3000,0,-1.4497,0.000,0.300
1644.573,overrun,A_leg2,4.754,-0.504,27.963,27.504,0.458,OVERRUN by 1600.64s,1,0.0500,0,-1.4497,1,0.3000,0,-1.4497,0.000,0.300
1645.590,overrun,A_leg2,4.754,-0.504,27.963,27.504,0.458,OVERRUN by 1601.65s,1,0.0500,0,-1.4497,1,0.3000,0,-1.4497,0.000,0.300
1646.620,overrun,A_leg2,4.754,-0.504,27.963,27.504,0.458,OVERRUN by 1602.68s,1,0.0500,0,-1.4497,1,0.3000,0,-1.4497,0.000,0.300
1647.637,overrun,A_leg2,4.754,-0.504,27.963,27.504,0.458,OVERRUN by 1603.70s,1,0.0500,0,-1.4497,1,0.3000,0,-1.4497,0.000,0.300
1648.657,overrun,A_leg2,4.754,-0.504,27.963,27.504,0.458,OVERRUN by 1604.72s,1,0.0500,0,-1.4497,1,0.3000,0,-1.4497,0.000,0.300
1649.682,overrun,A_leg2,4.754,-0.504,27.963,27.504,0.458,OVERRUN by 1605.74s,1,0.0500,0,-1.4497,1,0.3000,0,-1.4497,0.000,0.300
1650.702,overrun,A_leg2,4.754,-0.504,27.963,27.504,0.458,OVERRUN by 1606.76s,1,0.0500,0,-1.4497,1,0.3000,0,-1.4497,0.000,0.300
1651.724,overrun,A_leg2,4.754,-0.504,27.963,27.504,0.458,OVERRUN by 1607.79s,1,0.0500,0,-1.4497,1,0.3000,0,-1.4497,0.000,0.300
1652.752,overrun,A_leg2,4.754,-0.504,27.963,27.504,0.458,OVERRUN by 1608.81s,1,0.0500,0,-1.4497,1,0.3000,0,-1.4497,0.000,0.300
1653.780,overrun,A_leg2,4.754,-0.504,27.963,27.504,0.458,OVERRUN by 1609.84s,1,0.0500,0,-1.4497,1,0.3000,0,-1.4497,0.000,0.300
1654.807,overrun,A_leg2,4.754,-0.504,27.963,27.504,0.458,OVERRUN by 1610.87s,1,0.0500,0,-1.4497,1,0.3000,0,-1.4497,0.000,0.300
1655.829,overrun,A_leg2,4.754,-0.504,27.963,27.504,0.458,OVERRUN by 1611.89s,1,0.0500,0,-1.4497,1,0.3000,0,-1.4497,0.000,0.300
1656.841,overrun,A_leg2,4.754,-0.504,27.963,27.504,0.458,OVERRUN by 1612.90s,1,0.0500,0,-1.4497,1,0.3000,0,-1.4497,0.000,0.300
1657.865,overrun,A_leg2,4.754,-0.504,27.963,27.504,0.458,OVERRUN by 1613.93s,1,0.0500,0,-1.4497,1,0.3000,0,-1.4497,0.000,0.300
1658.891,overrun,A_leg2,4.754,-0.504,27.963,27.504,0.458,OVERRUN by 1614.95s,1,0.0500,0,-1.4497,1,0.3000,0,-1.4497,0.000,0.300
1659.906,overrun,A_leg2,4.754,-0.504,27.963,27.504,0.458,OVERRUN by 1615.97s,1,0.0500,0,-1.4497,1,0.3000,0,-1.4497,0.000,0.300
1660.940,overrun,A_leg2,4.754,-0.504,27.963,27.504,0.458,OVERRUN by 1617.00s,1,0.0500,0,-1.4497,1,0.3000,0,-1.4497,0.000,0.300
1661.965,overrun,A_leg2,4.754,-0.504,27.963,27.504,0.458,OVERRUN by 1618.03s,1,0.0500,0,-1.4497,1,0.3000,0,-1.4497,0.000,0.300
1662.994,overrun,A_leg2,4.754,-0.504,27.963,27.504,0.458,OVERRUN by 1619.06s,1,0.0500,0,-1.4497,1,0.3000,0,-1.4497,0.000,0.300
1664.027,overrun,A_leg2,4.754,-0.504,27.963,27.504,0.458,OVERRUN by 1620.09s,1,0.0500,0,-1.4497,1,0.3000,0,-1.4497,0.000,0.300
1665.058,overrun,A_leg2,4.754,-0.504,27.963,27.504,0.458,OVERRUN by 1621.12s,1,0.0500,0,-1.4497,1,0.3000,0,-1.4497,0.000,0.300
1666.096,overrun,A_leg2,4.754,-0.504,27.963,27.504,0.458,OVERRUN by 1622.16s,1,0.0500,0,-1.4497,1,0.3000,0,-1.4497,0.000,0.300
1667.124,overrun,A_leg2,4.754,-0.504,27.963,27.504,0.458,OVERRUN by 1623.19s,1,0.0500,0,-1.4497,1,0.3000,0,-1.4497,0.000,0.300
1668.161,overrun,A_leg2,4.754,-0.504,27.963,27.504,0.458,OVERRUN by 1624.22s,1,0.0500,0,-1.4497,1,0.3000,0,-1.4497,0.000,0.300
1669.190,overrun,A_leg2,4.754,-0.504,27.963,27.504,0.458,OVERRUN by 1625.25s,1,0.0500,0,-1.4497,1,0.3000,0,-1.4497,0.000,0.300
1670.217,overrun,A_leg2,4.754,-0.504,27.963,27.504,0.458,OVERRUN by 1626.28s,1,0.0500,0,-1.4497,1,0.3000,0,-1.4497,0.000,0.300
1671.231,overrun,A_leg2,4.754,-0.504,27.963,27.504,0.458,OVERRUN by 1627.29s,1,0.0500,0,-1.4497,1,0.3000,0,-1.4497,0.000,0.300
1672.258,overrun,A_leg2,4.754,-0.504,27.963,27.504,0.458,OVERRUN by 1628.32s,1,0.0500,0,-1.4497,1,0.3000,0,-1.4497,0.000,0.300
1673.280,overrun,A_leg2,4.754,-0.504,27.963,27.504,0.458,OVERRUN by 1629.34s,1,0.0500,0,-1.4497,1,0.3000,0,-1.4497,0.000,0.300
1674.312,overrun,A_leg2,4.754,-0.504,27.963,27.504,0.458,OVERRUN by 1630.37s,1,0.0500,0,-1.4497,1,0.3000,0,-1.4497,0.000,0.300
1675.343,overrun,A_leg2,4.754,-0.504,27.963,27.504,0.458,OVERRUN by 1631.41s,1,0.0500,0,-1.4497,1,0.3000,0,-1.4497,0.000,0.300
1676.369,overrun,A_leg2,4.754,-0.504,27.963,27.504,0.458,OVERRUN by 1632.43s,1,0.0500,0,-1.4497,1,0.3000,0,-1.4497,0.000,0.300
1677.395,overrun,A_leg2,4.754,-0.504,27.963,27.504,0.458,OVERRUN by 1633.46s,1,0.0500,0,-1.4497,1,0.3000,0,-1.4497,0.000,0.300
1678.423,overrun,A_leg2,4.754,-0.504,27.963,27.504,0.458,OVERRUN by 1634.49s,1,0.0500,0,-1.4497,1,0.3000,0,-1.4497,0.000,0.300
1679.444,overrun,A_leg2,4.754,-0.504,27.963,27.504,0.458,OVERRUN by 1635.51s,1,0.0500,0,-1.4497,1,0.3000,0,-1.4497,0.000,0.300
1680.469,overrun,A_leg2,4.754,-0.504,27.963,27.504,0.458,OVERRUN by 1636.53s,1,0.0500,0,-1.4497,1,0.3000,0,-1.4497,0.000,0.300
1681.493,overrun,A_leg2,4.754,-0.504,27.963,27.504,0.458,OVERRUN by 1637.56s,1,0.0500,0,-1.4497,1,0.3000,0,-1.4497,0.000,0.300
1682.515,overrun,A_leg2,4.754,-0.504,27.963,27.504,0.458,OVERRUN by 1638.58s,1,0.0500,0,-1.4497,1,0.3000,0,-1.4497,0.000,0.300
1683.547,overrun,A_leg2,4.754,-0.504,27.963,27.504,0.458,OVERRUN by 1639.61s,1,0.0500,0,-1.4497,1,0.3000,0,-1.4497,0.000,0.300
1684.566,overrun,A_leg2,4.754,-0.504,27.963,27.504,0.458,OVERRUN by 1640.63s,1,0.0500,0,-1.4497,1,0.3000,0,-1.4497,0.000,0.300
1685.588,overrun,A_leg2,4.754,-0.504,27.963,27.504,0.458,OVERRUN by 1641.65s,1,0.0500,0,-1.4497,1,0.3000,0,-1.4497,0.000,0.300
1686.619,overrun,A_leg2,4.754,-0.504,27.963,27.504,0.458,OVERRUN by 1642.68s,1,0.0500,0,-1.4497,1,0.3000,0,-1.4497,0.000,0.300
1687.650,overrun,A_leg2,4.754,-0.504,27.963,27.504,0.458,OVERRUN by 1643.71s,1,0.0500,0,-1.4497,1,0.3000,0,-1.4497,0.000,0.300
1688.677,overrun,A_leg2,4.754,-0.504,27.963,27.504,0.458,OVERRUN by 1644.74s,1,0.0500,0,-1.4497,1,0.3000,0,-1.4497,0.000,0.300
1689.697,overrun,A_leg2,4.754,-0.504,27.963,27.504,0.458,OVERRUN by 1645.76s,1,0.0500,0,-1.4497,1,0.3000,0,-1.4497,0.000,0.300
1690.723,overrun,A_leg2,4.754,-0.504,27.963,27.504,0.458,OVERRUN by 1646.79s,1,0.0500,0,-1.4497,1,0.3000,0,-1.4497,0.000,0.300
1691.749,overrun,A_leg2,4.754,-0.504,27.963,27.504,0.458,OVERRUN by 1647.81s,1,0.0500,0,-1.4497,1,0.3000,0,-1.4497,0.000,0.300
1692.773,overrun,A_leg2,4.754,-0.504,27.963,27.504,0.458,OVERRUN by 1648.84s,1,0.0500,0,-1.4497,1,0.3000,0,-1.4497,0.000,0.300
1693.789,overrun,A_leg2,4.754,-0.504,27.963,27.504,0.458,OVERRUN by 1649.85s,1,0.0500,0,-1.4497,1,0.3000,0,-1.4497,0.000,0.300
1694.816,overrun,A_leg2,4.754,-0.504,27.963,27.504,0.458,OVERRUN by 1650.88s,1,0.0500,0,-1.4497,1,0.3000,0,-1.4497,0.000,0.300
1695.837,overrun,A_leg2,4.754,-0.504,27.963,27.504,0.458,OVERRUN by 1651.90s,1,0.0500,0,-1.4497,1,0.3000,0,-1.4497,0.000,0.300
1696.866,overrun,A_leg2,4.754,-0.504,27.963,27.504,0.458,OVERRUN by 1652.93s,1,0.0500,0,-1.4497,1,0.3000,0,-1.4497,0.000,0.300
1697.901,overrun,A_leg2,4.754,-0.504,27.963,27.504,0.458,OVERRUN by 1653.96s,1,0.0500,0,-1.4497,1,0.3000,0,-1.4497,0.000,0.300
1698.940,overrun,A_leg2,4.754,-0.504,27.963,27.504,0.458,OVERRUN by 1655.00s,1,0.0500,0,-1.4497,1,0.3000,0,-1.4497,0.000,0.300
1699.964,overrun,A_leg2,4.754,-0.504,27.963,27.504,0.458,OVERRUN by 1656.03s,1,0.0500,0,-1.4497,1,0.3000,0,-1.4497,0.000,0.300
1700.995,overrun,A_leg2,4.754,-0.504,27.963,27.504,0.458,OVERRUN by 1657.06s,1,0.0500,0,-1.4497,1,0.3000,0,-1.4497,0.000,0.300
1702.025,overrun,A_leg2,4.754,-0.504,27.963,27.504,0.458,OVERRUN by 1658.09s,1,0.0500,0,-1.4497,1,0.3000,0,-1.4497,0.000,0.300
1703.053,overrun,A_leg2,4.754,-0.504,27.963,27.504,0.458,OVERRUN by 1659.12s,1,0.0500,0,-1.4497,1,0.3000,0,-1.4497,0.000,0.300
1704.074,overrun,A_leg2,4.754,-0.504,27.963,27.504,0.458,OVERRUN by 1660.14s,1,0.0500,0,-1.4497,1,0.3000,0,-1.4497,0.000,0.300
1705.100,overrun,A_leg2,4.754,-0.504,27.963,27.504,0.458,OVERRUN by 1661.16s,1,0.0500,0,-1.4497,1,0.3000,0,-1.4497,0.000,0.300
1706.116,overrun,A_leg2,4.754,-0.504,27.963,27.504,0.458,OVERRUN by 1662.18s,1,0.0500,0,-1.4497,1,0.3000,0,-1.4497,0.000,0.300
1707.135,overrun,A_leg2,4.754,-0.504,27.963,27.504,0.458,OVERRUN by 1663.20s,1,0.0500,0,-1.4497,1,0.3000,0,-1.4497,0.000,0.300
1708.172,overrun,A_leg2,4.754,-0.504,27.963,27.504,0.458,OVERRUN by 1664.23s,1,0.0500,0,-1.4497,1,0.3000,0,-1.4497,0.000,0.300
1709.192,overrun,A_leg2,4.754,-0.504,27.963,27.504,0.458,OVERRUN by 1665.25s,1,0.0500,0,-1.4497,1,0.3000,0,-1.4497,0.000,0.300
1710.216,overrun,A_leg2,4.754,-0.504,27.963,27.504,0.458,OVERRUN by 1666.28s,1,0.0500,0,-1.4497,1,0.3000,0,-1.4497,0.000,0.300
1711.237,overrun,A_leg2,4.754,-0.504,27.963,27.504,0.458,OVERRUN by 1667.30s,1,0.0500,0,-1.4497,1,0.3000,0,-1.4497,0.000,0.300
1712.266,overrun,A_leg2,4.754,-0.504,27.963,27.504,0.458,OVERRUN by 1668.33s,1,0.0500,0,-1.4497,1,0.3000,0,-1.4497,0.000,0.300
1713.277,overrun,A_leg2,4.754,-0.504,27.963,27.504,0.458,OVERRUN by 1669.34s,1,0.0500,0,-1.4497,1,0.3000,0,-1.4497,0.000,0.300
1714.310,overrun,A_leg2,4.754,-0.504,27.963,27.504,0.458,OVERRUN by 1670.37s,1,0.0500,0,-1.4497,1,0.3000,0,-1.4497,0.000,0.300
1715.342,overrun,A_leg2,4.754,-0.504,27.963,27.504,0.458,OVERRUN by 1671.40s,1,0.0500,0,-1.4497,1,0.3000,0,-1.4497,0.000,0.300
1716.374,overrun,A_leg2,4.754,-0.504,27.963,27.504,0.458,OVERRUN by 1672.44s,1,0.0500,0,-1.4497,1,0.3000,0,-1.4497,0.000,0.300
1717.405,overrun,A_leg2,4.754,-0.504,27.963,27.504,0.458,OVERRUN by 1673.47s,1,0.0500,0,-1.4497,1,0.3000,0,-1.4497,0.000,0.300
1718.431,overrun,A_leg2,4.754,-0.504,27.963,27.504,0.458,OVERRUN by 1674.49s,1,0.0500,0,-1.4497,1,0.3000,0,-1.4497,0.000,0.300
1719.454,overrun,A_leg2,4.754,-0.504,27.963,27.504,0.458,OVERRUN by 1675.52s,1,0.0500,0,-1.4497,1,0.3000,0,-1.4497,0.000,0.300
1720.473,overrun,A_leg2,4.754,-0.504,27.963,27.504,0.458,OVERRUN by 1676.54s,1,0.0500,0,-1.4497,1,0.3000,0,-1.4497,0.000,0.300
1721.502,overrun,A_leg2,4.754,-0.504,27.963,27.504,0.458,OVERRUN by 1677.56s,1,0.0500,0,-1.4497,1,0.3000,0,-1.4497,0.000,0.300
1722.528,overrun,A_leg2,4.754,-0.504,27.963,27.504,0.458,OVERRUN by 1678.59s,1,0.0500,0,-1.4497,1,0.3000,0,-1.4497,0.000,0.300
1723.564,overrun,A_leg2,4.754,-0.504,27.963,27.504,0.458,OVERRUN by 1679.63s,1,0.0500,0,-1.4497,1,0.3000,0,-1.4497,0.000,0.300
1724.589,overrun,A_leg2,4.754,-0.504,27.963,27.504,0.458,OVERRUN by 1680.65s,1,0.0500,0,-1.4497,1,0.3000,0,-1.4497,0.000,0.300
1725.607,overrun,A_leg2,4.754,-0.504,27.963,27.504,0.458,OVERRUN by 1681.67s,1,0.0500,0,-1.4497,1,0.3000,0,-1.4497,0.000,0.300
1726.633,overrun,A_leg2,4.754,-0.504,27.963,27.504,0.458,OVERRUN by 1682.70s,1,0.0500,0,-1.4497,1,0.3000,0,-1.4497,0.000,0.300
1727.657,overrun,A_leg2,4.754,-0.504,27.963,27.504,0.458,OVERRUN by 1683.72s,1,0.0500,0,-1.4497,1,0.3000,0,-1.4497,0.000,0.300
1728.684,overrun,A_leg2,4.754,-0.504,27.963,27.504,0.458,OVERRUN by 1684.75s,1,0.0500,0,-1.4497,1,0.3000,0,-1.4497,0.000,0.300
1729.715,overrun,A_leg2,4.754,-0.504,27.963,27.504,0.458,OVERRUN by 1685.78s,1,0.0500,0,-1.4497,1,0.3000,0,-1.4497,0.000,0.300
1730.745,overrun,A_leg2,4.754,-0.504,27.963,27.504,0.458,OVERRUN by 1686.81s,1,0.0500,0,-1.4497,1,0.3000,0,-1.4497,0.000,0.300
1731.762,overrun,A_leg2,4.754,-0.504,27.963,27.504,0.458,OVERRUN by 1687.82s,1,0.0500,0,-1.4497,1,0.3000,0,-1.4497,0.000,0.300
1732.790,overrun,A_leg2,4.754,-0.504,27.963,27.504,0.458,OVERRUN by 1688.85s,1,0.0500,0,-1.4497,1,0.3000,0,-1.4497,0.000,0.300
1733.827,overrun,A_leg2,4.754,-0.504,27.963,27.504,0.458,OVERRUN by 1689.89s,1,0.0500,0,-1.4497,1,0.3000,0,-1.4497,0.000,0.300
1734.853,overrun,A_leg2,4.754,-0.504,27.963,27.504,0.458,OVERRUN by 1690.92s,1,0.0500,0,-1.4497,1,0.3000,0,-1.4497,0.000,0.300
1735.875,overrun,A_leg2,4.754,-0.504,27.963,27.504,0.458,OVERRUN by 1691.94s,1,0.0500,0,-1.4497,1,0.3000,0,-1.4497,0.000,0.300
1736.911,overrun,A_leg2,4.754,-0.504,27.963,27.504,0.458,OVERRUN by 1692.97s,1,0.0500,0,-1.4497,1,0.3000,0,-1.4497,0.000,0.300
1737.932,overrun,A_leg2,4.754,-0.504,27.963,27.504,0.458,OVERRUN by 1693.99s,1,0.0500,0,-1.4497,1,0.3000,0,-1.4497,0.000,0.300
1738.958,overrun,A_leg2,4.754,-0.504,27.963,27.504,0.458,OVERRUN by 1695.02s,1,0.0500,0,-1.4497,1,0.3000,0,-1.4497,0.000,0.300
1739.997,overrun,A_leg2,4.754,-0.504,27.963,27.504,0.458,OVERRUN by 1696.06s,1,0.0500,0,-1.4497,1,0.3000,0,-1.4497,0.000,0.300
1741.029,overrun,A_leg2,4.754,-0.504,27.963,27.504,0.458,OVERRUN by 1697.09s,1,0.0500,0,-1.4497,1,0.3000,0,-1.4497,0.000,0.300
1742.060,overrun,A_leg2,4.754,-0.504,27.963,27.504,0.458,OVERRUN by 1698.12s,1,0.0500,0,-1.4497,1,0.3000,0,-1.4497,0.000,0.300
1743.082,overrun,A_leg2,4.754,-0.504,27.963,27.504,0.458,OVERRUN by 1699.14s,1,0.0500,0,-1.4497,1,0.3000,0,-1.4497,0.000,0.300
1744.112,overrun,A_leg2,4.754,-0.504,27.963,27.504,0.458,OVERRUN by 1700.17s,1,0.0500,0,-1.4497,1,0.3000,0,-1.4497,0.000,0.300
1745.135,overrun,A_leg2,4.754,-0.504,27.963,27.504,0.458,OVERRUN by 1701.20s,1,0.0500,0,-1.4497,1,0.3000,0,-1.4497,0.000,0.300
1746.158,overrun,A_leg2,4.754,-0.504,27.963,27.504,0.458,OVERRUN by 1702.22s,1,0.0500,0,-1.4497,1,0.3000,0,-1.4497,0.000,0.300
1747.178,overrun,A_leg2,4.754,-0.504,27.963,27.504,0.458,OVERRUN by 1703.24s,1,0.0500,0,-1.4497,1,0.3000,0,-1.4497,0.000,0.300
1748.199,overrun,A_leg2,4.754,-0.504,27.963,27.504,0.458,OVERRUN by 1704.26s,1,0.0500,0,-1.4497,1,0.3000,0,-1.4497,0.000,0.300
1749.225,overrun,A_leg2,4.754,-0.504,27.963,27.504,0.458,OVERRUN by 1705.29s,1,0.0500,0,-1.4497,1,0.3000,0,-1.4497,0.000,0.300
1750.241,overrun,A_leg2,4.754,-0.504,27.963,27.504,0.458,OVERRUN by 1706.30s,1,0.0500,0,-1.4497,1,0.3000,0,-1.4497,0.000,0.300
1751.269,overrun,A_leg2,4.754,-0.504,27.963,27.504,0.458,OVERRUN by 1707.33s,1,0.0500,0,-1.4497,1,0.3000,0,-1.4497,0.000,0.300
1752.284,overrun,A_leg2,4.754,-0.504,27.963,27.504,0.458,OVERRUN by 1708.35s,1,0.0500,0,-1.4497,1,0.3000,0,-1.4497,0.000,0.300
1753.310,overrun,A_leg2,4.754,-0.504,27.963,27.504,0.458,OVERRUN by 1709.37s,1,0.0500,0,-1.4497,1,0.3000,0,-1.4497,0.000,0.300
1754.313,overrun,A_leg2,4.754,-0.504,27.963,27.504,0.458,OVERRUN by 1710.38s,1,0.0500,0,-1.4497,1,0.3000,0,-1.4497,0.000,0.300
1755.328,overrun,A_leg2,4.754,-0.504,27.963,27.504,0.458,OVERRUN by 1711.39s,1,0.0500,0,-1.4497,1,0.3000,0,-1.4497,0.000,0.300
1756.355,overrun,A_leg2,4.754,-0.504,27.963,27.504,0.458,OVERRUN by 1712.42s,1,0.0500,0,-1.4497,1,0.3000,0,-1.4497,0.000,0.300
1757.371,overrun,A_leg2,4.754,-0.504,27.963,27.504,0.458,OVERRUN by 1713.43s,1,0.0500,0,-1.4497,1,0.3000,0,-1.4497,0.000,0.300
1757.929,end,,,,,,,Execution complete,,,,,,,,,,
