t,event,task,x,y,scheduled_start,actual_start,schedule_deviation,note,phi1_bool,phi1_rob,phi2_bool,phi2_rob,phi3_bool,phi3_rob,phi_all_bool,phi_all_rob,speed,vmax
0.000,start,,,,,,,Schedule-following execution with STL,,,,,,,,,,
0.000,task_start,A_leg0,0.000,0.000,0.013,0.000,0.013,Deviation: 0.013s,1,0.0500,0,-inf,1,0.4000,0,-inf,0.000,0.400
1.022,pose,A_leg0,0.380,0.000,0.013,0.000,0.013,,1,0.0500,0,-1.4700,1,0.0023,0,-1.4700,0.390,0.400
2.038,pose,A_leg0,0.760,0.000,0.013,0.000,0.013,,1,0.0500,0,-1.0900,1,0.0036,0,-1.0900,0.393,0.400
3.060,pose,A_leg0,1.140,0.000,0.013,0.000,0.013,,1,0.0500,0,-0.7100,1,0.0074,0,-0.7100,0.363,0.400
4.097,pose,A_leg0,1.520,0.000,0.013,0.000,0.013,,1,0.0500,0,-0.3300,1,0.0366,0,-0.3300,0.363,0.400
5.018,task_complete,A_leg0,1.860,0.000,0.013,0.000,0.013,Completed in 5.02s (scheduled: 13.36s),1,0.0500,1,0.0100,1,0.0055,1,0.0055,0.394,0.400
5.124,waiting,A_leg1,1.860,0.000,13.369,,,Waiting 8.2s until scheduled start,1,0.0500,1,0.0100,1,0.0055,1,0.0055,0.000,0.400
6.157,waiting,A_leg1,1.860,0.000,13.369,,,Waiting 7.2s until scheduled start,1,0.0500,1,0.0100,1,0.4000,1,0.0100,0.000,0.400
7.185,waiting,A_leg1,1.860,0.000,13.369,,,Waiting 6.2s until scheduled start,1,0.0500,1,0.0100,1,0.4000,1,0.0100,0.000,0.400
8.215,waiting,A_leg1,1.860,0.000,13.369,,,Waiting 5.2s until scheduled start,1,0.0500,1,0.0100,1,0.4000,1,0.0100,0.000,0.400
9.242,waiting,A_leg1,1.860,0.000,13.369,,,Waiting 4.1s until scheduled start,1,0.0500,1,0.0100,1,0.4000,1,0.0100,0.000,0.400
10.263,waiting,A_leg1,1.860,0.000,13.369,,,Waiting 3.1s until scheduled start,1,0.0500,1,0.0100,1,0.2000,1,0.0100,0.000,0.200
11.288,waiting,A_leg1,1.860,0.000,13.369,,,Waiting 2.1s until scheduled start,1,0.0500,0,-1000000.0000,1,0.2000,0,-1000000.0000,0.000,0.200
12.317,waiting,A_leg1,1.860,0.000,13.369,,,Waiting 1.1s until scheduled start,1,0.0500,0,-1000000.0000,1,0.2000,0,-1000000.0000,0.000,0.200
12.917,task_start,A_leg1,1.860,0.000,13.369,12.917,0.452,Deviation: 0.452s,1,0.0500,0,-inf,1,0.2000,0,-inf,0.000,0.200
13.354,pose,A_leg1,1.939,-0.013,13.369,12.917,0.452,,1,0.0500,0,-2.1355,1,0.0172,0,-2.1355,0.183,0.200
14.382,pose,A_leg1,2.116,-0.081,13.369,12.917,0.452,,1,0.0500,0,-1.9463,1,0.0017,0,-1.9463,0.184,0.200
15.408,pose,A_leg1,2.288,-0.162,13.369,12.917,0.452,,1,0.0500,0,-1.7563,1,0.0021,0,-1.7563,0.181,0.200
16.439,pose,A_leg1,2.458,-0.246,13.369,12.917,0.452,,1,0.0500,0,-1.5663,1,0.0124,0,-1.5663,0.181,0.200
17.467,pose,A_leg1,2.629,-0.329,13.369,12.917,0.452,,1,0.0500,0,-1.3763,1,0.0015,0,-1.3763,0.182,0.200
18.496,pose,A_leg1,2.800,-0.413,13.369,12.917,0.452,,1,0.0500,0,-1.1863,1,0.0069,0,-1.1863,0.189,0.200
19.520,pose,A_leg1,2.970,-0.496,13.369,12.917,0.452,,1,0.0500,0,-0.9963,1,0.0008,0,-0.9963,0.181,0.200
20.534,pose,A_leg1,3.181,-0.599,13.369,12.917,0.452,,1,0.0500,0,-0.7613,1,0.0038,0,-0.7613,0.272,0.300
21.561,pose,A_leg1,3.437,-0.725,13.369,12.917,0.452,,1,0.0500,0,-0.4763,1,0.0028,0,-0.4763,0.272,0.300
22.601,pose,A_leg1,3.693,-0.850,13.369,12.917,0.452,,1,0.0500,0,-0.1913,1,0.0275,0,-0.1913,0.272,0.300
23.303,task_complete,A_leg1,3.869,-0.936,13.369,12.917,0.452,Completed in 10.39s (scheduled: 14.59s),1,0.0500,1,0.0037,1,0.0143,1,0.0037,0.272,0.300
23.626,waiting,A_leg2,3.869,-0.936,27.961,,,Waiting 4.3s until scheduled start,1,0.0500,1,0.0037,1,0.3000,1,0.0037,0.000,0.300
24.654,waiting,A_leg2,3.869,-0.936,27.961,,,Waiting 3.3s until scheduled start,1,0.0500,1,0.0037,1,0.3000,1,0.0037,0.000,0.300
25.677,waiting,A_leg2,3.869,-0.936,27.961,,,Waiting 2.3s until scheduled start,1,0.0500,1,0.0037,1,0.3000,1,0.0037,0.000,0.300
26.704,waiting,A_leg2,3.869,-0.936,27.961,,,Waiting 1.3s until scheduled start,1,0.0500,1,0.0037,1,0.3000,1,0.0037,0.000,0.300
27.513,task_start,A_leg2,3.869,-0.936,27.961,27.513,0.448,Deviation: 0.448s,1,0.0500,0,-inf,1,0.3000,0,-inf,0.000,0.300
27.734,pose,A_leg2,3.925,-0.956,27.961,27.513,0.448,,1,0.0500,0,-2.3848,1,0.0276,0,-2.3848,0.272,0.300
28.763,pose,A_leg2,4.200,-0.913,27.961,27.513,0.448,,1,0.0500,0,-2.1384,1,0.0045,0,-2.1384,0.295,0.300
29.796,pose,A_leg2,4.436,-0.755,27.961,27.513,0.448,,1,0.0500,0,-1.8546,1,0.0254,0,-1.8546,0.275,0.300
30.824,pose,A_leg2,4.661,-0.579,27.961,27.513,0.448,,1,0.0500,0,-1.5697,1,0.0078,0,-1.5697,0.281,0.300
31.843,pose,A_leg2,4.754,-0.504,27.961,27.513,0.448,FENCE: blocked entry to danger zone,1,0.0500,0,-1.4497,1,0.3000,0,-1.4497,0.000,0.300
32.872,pose,A_leg2,4.754,-0.504,27.961,27.513,0.448,FENCE: blocked entry to danger zone,1,0.0500,0,-1.4497,1,0.3000,0,-1.4497,0.000,0.300
33.904,pose,A_leg2,4.754,-0.504,27.961,27.513,0.448,FENCE: blocked entry to danger zone,1,0.0500,0,-1.4497,1,0.3000,0,-1.4497,0.000,0.300
34.939,pose,A_leg2,4.754,-0.504,27.961,27.513,0.448,FENCE: blocked entry to danger zone,1,0.0500,0,-1.4497,1,0.3000,0,-1.4497,0.000,0.300
35.965,pose,A_leg2,4.754,-0.504,27.961,27.513,0.448,FENCE: blocked entry to danger zone,1,0.0500,0,-1.4497,1,0.3000,0,-1.4497,0.000,0.300
36.992,pose,A_leg2,4.754,-0.504,27.961,27.513,0.448,FENCE: blocked entry to danger zone,1,0.0500,0,-1.4497,1,0.3000,0,-1.4497,0.000,0.300
38.016,pose,A_leg2,4.754,-0.504,27.961,27.513,0.448,FENCE: blocked entry to danger zone,1,0.0500,0,-1.4497,1,0.3000,0,-1.4497,0.000,0.300
39.051,pose,A_leg2,4.754,-0.504,27.961,27.513,0.448,FENCE: blocked entry to danger zone,1,0.0500,0,-1.4497,1,0.3000,0,-1.4497,0.000,0.300
40.074,pose,A_leg2,4.754,-0.504,27.961,27.513,0.448,FENCE: blocked entry to danger zone,1,0.0500,0,-1.4497,1,0.3000,0,-1.4497,0.000,0.300
41.111,pose,A_leg2,4.754,-0.504,27.961,27.513,0.448,FENCE: blocked entry to danger zone,1,0.0500,0,-1.4497,1,0.3000,0,-1.4497,0.000,0.300
42.148,pose,A_leg2,4.754,-0.504,27.961,27.513,0.448,FENCE: blocked entry to danger zone,1,0.0500,0,-1.4497,1,0.3000,0,-1.4497,0.000,0.300
43.179,pose,A_leg2,4.754,-0.504,27.961,27.513,0.448,FENCE: blocked entry to danger zone,1,0.0500,0,-1.4497,1,0.3000,0,-1.4497,0.000,0.300
44.209,overrun,A_leg2,4.754,-0.504,27.961,27.513,0.448,OVERRUN by 0.27s,1,0.0500,0,-1.4497,1,0.3000,0,-1.4497,0.000,0.300
45.234,overrun,A_leg2,4.754,-0.504,27.961,27.513,0.448,OVERRUN by 1.30s,1,0.0500,0,-1.4497,1,0.3000,0,-1.4497,0.000,0.300
46.274,overrun,A_leg2,4.754,-0.504,27.961,27.513,0.448,OVERRUN by 2.34s,1,0.0500,0,-1.4497,1,0.3000,0,-1.4497,0.000,0.300
47.302,overrun,A_leg2,4.754,-0.504,27.961,27.513,0.448,OVERRUN by 3.37s,1,0.0500,0,-1.4497,1,0.3000,0,-1.4497,0.000,0.300
48.333,overrun,A_leg2,4.754,-0.504,27.961,27.513,0.448,OVERRUN by 4.40s,1,0.0500,0,-1.4497,1,0.3000,0,-1.4497,0.000,0.300
49.352,overrun,A_leg2,4.754,-0.504,27.961,27.513,0.448,OVERRUN by 5.42s,1,0.0500,0,-1.4497,1,0.3000,0,-1.4497,0.000,0.300
50.379,overrun,A_leg2,4.754,-0.504,27.961,27.513,0.448,OVERRUN by 6.44s,1,0.0500,0,-1.4497,1,0.3000,0,-1.4497,0.000,0.300
51.411,overrun,A_leg2,4.754,-0.504,27.961,27.513,0.448,OVERRUN by 7.47s,1,0.0500,0,-1.4497,1,0.3000,0,-1.4497,0.000,0.300
52.437,overrun,A_leg2,4.754,-0.504,27.961,27.513,0.448,OVERRUN by 8.50s,1,0.0500,0,-1.4497,1,0.3000,0,-1.4497,0.000,0.300
53.476,overrun,A_leg2,4.754,-0.504,27.961,27.513,0.448,OVERRUN by 9.54s,1,0.0500,0,-1.4497,1,0.3000,0,-1.4497,0.000,0.300
54.501,overrun,A_leg2,4.754,-0.504,27.961,27.513,0.448,OVERRUN by 10.56s,1,0.0500,0,-1.4497,1,0.3000,0,-1.4497,0.000,0.300
55.537,overrun,A_leg2,4.754,-0.504,27.961,27.513,0.448,OVERRUN by 11.60s,1,0.0500,0,-1.4497,1,0.3000,0,-1.4497,0.000,0.300
56.562,overrun,A_leg2,4.754,-0.504,27.961,27.513,0.448,OVERRUN by 12.63s,1,0.0500,0,-1.4497,1,0.3000,0,-1.4497,0.000,0.300
57.584,overrun,A_leg2,4.754,-0.504,27.961,27.513,0.448,OVERRUN by 13.65s,1,0.0500,0,-1.4497,1,0.3000,0,-1.4497,0.000,0.300
58.617,overrun,A_leg2,4.754,-0.504,27.961,27.513,0.448,OVERRUN by 14.68s,1,0.0500,0,-1.4497,1,0.3000,0,-1.4497,0.000,0.300
59.638,overrun,A_leg2,4.754,-0.504,27.961,27.513,0.448,OVERRUN by 15.70s,1,0.0500,0,-1.4497,1,0.3000,0,-1.4497,0.000,0.300
60.662,overrun,A_leg2,4.754,-0.504,27.961,27.513,0.448,OVERRUN by 16.73s,1,0.0500,0,-1.4497,1,0.3000,0,-1.4497,0.000,0.300
61.691,overrun,A_leg2,4.754,-0.504,27.961,27.513,0.448,OVERRUN by 17.76s,1,0.0500,0,-1.4497,1,0.3000,0,-1.4497,0.000,0.300
62.708,overrun,A_leg2,4.754,-0.504,27.961,27.513,0.448,OVERRUN by 18.77s,1,0.0500,0,-1.4497,1,0.3000,0,-1.4497,0.000,0.300
63.743,overrun,A_leg2,4.754,-0.504,27.961,27.513,0.448,OVERRUN by 19.81s,1,0.0500,0,-1.4497,1,0.3000,0,-1.4497,0.000,0.300
64.776,overrun,A_leg2,4.754,-0.504,27.961,27.513,0.448,OVERRUN by 20.84s,1,0.0500,0,-1.4497,1,0.3000,0,-1.4497,0.000,0.300
65.802,overrun,A_leg2,4.754,-0.504,27.961,27.513,0.448,OVERRUN by 21.87s,1,0.0500,0,-1.4497,1,0.3000,0,-1.4497,0.000,0.300
66.831,overrun,A_leg2,4.754,-0.504,27.961,27.513,0.448,OVERRUN by 22.89s,1,0.0500,0,-1.4497,1,0.3000,0,-1.4497,0.000,0.300
67.856,overrun,A_leg2,4.754,-0.504,27.961,27.513,0.448,OVERRUN by 23.92s,1,0.0500,0,-1.4497,1,0.3000,0,-1.4497,0.000,0.300
68.880,overrun,A_leg2,4.754,-0.504,27.961,27.513,0.448,OVERRUN by 24.94s,1,0.0500,0,-1.4497,1,0.3000,0,-1.4497,0.000,0.300
69.905,overrun,A_leg2,4.754,-0.504,27.961,27.513,0.448,OVERRUN by 25.97s,1,0.0500,0,-1.4497,1,0.3000,0,-1.4497,0.000,0.300
70.933,overrun,A_leg2,4.754,-0.504,27.961,27.513,0.448,OVERRUN by 27.00s,1,0.0500,0,-1.4497,1,0.3000,0,-1.4497,0.000,0.300
71.957,overrun,A_leg2,4.754,-0.504,27.961,27.513,0.448,OVERRUN by 28.02s,1,0.0500,0,-1.4497,1,0.3000,0,-1.4497,0.000,0.300
72.991,overrun,A_leg2,4.754,-0.504,27.961,27.513,0.448,OVERRUN by 29.05s,1,0.0500,0,-1.4497,1,0.3000,0,-1.4497,0.000,0.300
74.022,overrun,A_leg2,4.754,-0.504,27.961,27.513,0.448,OVERRUN by 30.09s,1,0.0500,0,-1.4497,1,0.3000,0,-1.4497,0.000,0.300
75.044,overrun,A_leg2,4.754,-0.504,27.961,27.513,0.448,OVERRUN by 31.11s,1,0.0500,0,-1.4497,1,0.3000,0,-1.4497,0.000,0.300
76.080,overrun,A_leg2,4.754,-0.504,27.961,27.513,0.448,OVERRUN by 32.14s,1,0.0500,0,-1.4497,1,0.3000,0,-1.4497,0.000,0.300
77.106,overrun,A_leg2,4.754,-0.504,27.961,27.513,0.448,OVERRUN by 33.17s,1,0.0500,0,-1.4497,1,0.3000,0,-1.4497,0.000,0.300
78.139,overrun,A_leg2,4.754,-0.504,27.961,27.513,0.448,OVERRUN by 34.20s,1,0.0500,0,-1.4497,1,0.3000,0,-1.4497,0.000,0.300
79.139,overrun,A_leg2,4.754,-0.504,27.961,27.513,0.448,OVERRUN by 35.20s,1,0.0500,0,-1.4497,1,0.3000,0,-1.4497,0.000,0.300
80.166,overrun,A_leg2,4.754,-0.504,27.961,27.513,0.448,OVERRUN by 36.23s,1,0.0500,0,-1.4497,1,0.3000,0,-1.4497,0.000,0.300
81.184,overrun,A_leg2,4.754,-0.504,27.961,27.513,0.448,OVERRUN by 37.25s,1,0.0500,0,-1.4497,1,0.3000,0,-1.4497,0.000,0.300
82.214,overrun,A_leg2,4.754,-0.504,27.961,27.513,0.448,OVERRUN by 38.28s,1,0.0500,0,-1.4497,1,0.3000,0,-1.4497,0.000,0.300
83.246,overrun,A_leg2,4.754,-0.504,27.961,27.513,0.448,OVERRUN by 39.31s,1,0.0500,0,-1.4497,1,0.3000,0,-1.4497,0.000,0.300
84.284,overrun,A_leg2,4.754,-0.504,27.961,27.513,0.448,OVERRUN by 40.35s,1,0.0500,0,-1.4497,1,0.3000,0,-1.4497,0.000,0.300
85.310,overrun,A_leg2,4.754,-0.504,27.961,27.513,0.448,OVERRUN by 41.37s,1,0.0500,0,-1.4497,1,0.3000,0,-1.4497,0.000,0.300
86.343,overrun,A_leg2,4.754,-0.504,27.961,27.513,0.448,OVERRUN by 42.41s,1,0.0500,0,-1.4497,1,0.3000,0,-1.4497,0.000,0.300
87.372,overrun,A_leg2,4.754,-0.504,27.961,27.513,0.448,OVERRUN by 43.44s,1,0.0500,0,-1.4497,1,0.3000,0,-1.4497,0.000,0.300
88.402,overrun,A_leg2,4.754,-0.504,27.961,27.513,0.448,OVERRUN by 44.47s,1,0.0500,0,-1.4497,1,0.3000,0,-1.4497,0.000,0.300
89.433,overrun,A_leg2,4.754,-0.504,27.961,27.513,0.448,OVERRUN by 45.50s,1,0.0500,0,-1.4497,1,0.3000,0,-1.4497,0.000,0.300
90.458,overrun,A_leg2,4.754,-0.504,27.961,27.513,0.448,OVERRUN by 46.52s,1,0.0500,0,-1.4497,1,0.3000,0,-1.4497,0.000,0.300
91.482,overrun,A_leg2,4.754,-0.504,27.961,27.513,0.448,OVERRUN by 47.55s,1,0.0500,0,-1.4497,1,0.3000,0,-1.4497,0.000,0.300
92.506,overrun,A_leg2,4.754,-0.504,27.961,27.513,0.448,OVERRUN by 48.57s,1,0.0500,0,-1.4497,1,0.3000,0,-1.4497,0.000,0.300
93.541,overrun,A_leg2,4.754,-0.504,27.961,27.513,0.448,OVERRUN by 49.60s,1,0.0500,0,-1.4497,1,0.3000,0,-1.4497,0.000,0.300
94.574,overrun,A_leg2,4.754,-0.504,27.961,27.513,0.448,OVERRUN by 50.64s,1,0.0500,0,-1.4497,1,0.3000,0,-1.4497,0.000,0.300
95.600,overrun,A_leg2,4.754,-0.504,27.961,27.513,0.448,OVERRUN by 51.66s,1,0.0500,0,-1.4497,1,0.3000,0,-1.4497,0.000,0.300
96.625,overrun,A_leg2,4.754,-0.504,27.961,27.513,0.448,OVERRUN by 52.69s,1,0.0500,0,-1.4497,1,0.3000,0,-1.4497,0.000,0.300
97.656,overrun,A_leg2,4.754,-0.504,27.961,27.513,0.448,OVERRUN by 53.72s,1,0.0500,0,-1.4497,1,0.3000,0,-1.4497,0.000,0.300
98.675,overrun,A_leg2,4.754,-0.504,27.961,27.513,0.448,OVERRUN by 54.74s,1,0.0500,0,-1.4497,1,0.3000,0,-1.4497,0.000,0.300
99.702,overrun,A_leg2,4.754,-0.504,27.961,27.513,0.448,OVERRUN by 55.77s,1,0.0500,0,-1.4497,1,0.3000,0,-1.4497,0.000,0.300
100.728,overrun,A_leg2,4.754,-0.504,27.961,27.513,0.448,OVERRUN by 56.79s,1,0.0500,0,-1.4497,1,0.3000,0,-1.4497,0.000,0.300
101.751,overrun,A_leg2,4.754,-0.504,27.961,27.513,0.448,OVERRUN by 57.81s,1,0.0500,0,-1.4497,1,0.3000,0,-1.4497,0.000,0.300
102.781,overrun,A_leg2,4.754,-0.504,27.961,27.513,0.448,OVERRUN by 58.84s,1,0.0500,0,-1.4497,1,0.3000,0,-1.4497,0.000,0.300
103.807,overrun,A_leg2,4.754,-0.504,27.961,27.513,0.448,OVERRUN by 59.87s,1,0.0500,0,-1.4497,1,0.3000,0,-1.4497,0.000,0.300
104.837,overrun,A_leg2,4.754,-0.504,27.961,27.513,0.448,OVERRUN by 60.90s,1,0.0500,0,-1.4497,1,0.3000,0,-1.4497,0.000,0.300
105.865,overrun,A_leg2,4.754,-0.504,27.961,27.513,0.448,OVERRUN by 61.93s,1,0.0500,0,-1.4497,1,0.3000,0,-1.4497,0.000,0.300
106.894,overrun,A_leg2,4.754,-0.504,27.961,27.513,0.448,OVERRUN by 62.96s,1,0.0500,0,-1.4497,1,0.3000,0,-1.4497,0.000,0.300
107.925,overrun,A_leg2,4.754,-0.504,27.961,27.513,0.448,OVERRUN by 63.99s,1,0.0500,0,-1.4497,1,0.3000,0,-1.4497,0.000,0.300
108.954,overrun,A_leg2,4.754,-0.504,27.961,27.513,0.448,OVERRUN by 65.02s,1,0.0500,0,-1.4497,1,0.3000,0,-1.4497,0.000,0.300
109.982,overrun,A_leg2,4.754,-0.504,27.961,27.513,0.448,OVERRUN by 66.05s,1,0.0500,0,-1.4497,1,0.3000,0,-1.4497,0.000,0.300
111.016,overrun,A_leg2,4.754,-0.504,27.961,27.513,0.448,OVERRUN by 67.08s,1,0.0500,0,-1.4497,1,0.3000,0,-1.4497,0.000,0.300
112.058,overrun,A_leg2,4.754,-0.504,27.961,27.513,0.448,OVERRUN by 68.12s,1,0.0500,0,-1.4497,1,0.3000,0,-1.4497,0.000,0.300
113.089,overrun,A_leg2,4.754,-0.504,27.961,27.513,0.448,OVERRUN by 69.15s,1,0.0500,0,-1.4497,1,0.3000,0,-1.4497,0.000,0.300
114.111,overrun,A_leg2,4.754,-0.504,27.961,27.513,0.448,OVERRUN by 70.17s,1,0.0500,0,-1.4497,1,0.3000,0,-1.4497,0.000,0.300
115.145,overrun,A_leg2,4.754,-0.504,27.961,27.513,0.448,OVERRUN by 71.21s,1,0.0500,0,-1.4497,1,0.3000,0,-1.4497,0.000,0.300
116.171,overrun,A_leg2,4.754,-0.504,27.961,27.513,0.448,OVERRUN by 72.23s,1,0.0500,0,-1.4497,1,0.3000,0,-1.4497,0.000,0.300
117.202,overrun,A_leg2,4.754,-0.504,27.961,27.513,0.448,OVERRUN by 73.27s,1,0.0500,0,-1.4497,1,0.3000,0,-1.4497,0.000,0.300
118.217,overrun,A_leg2,4.754,-0.504,27.961,27.513,0.448,OVERRUN by 74.28s,1,0.0500,0,-1.4497,1,0.3000,0,-1.4497,0.000,0.300
119.245,overrun,A_leg2,4.754,-0.504,27.961,27.513,0.448,OVERRUN by 75.31s,1,0.0500,0,-1.4497,1,0.3000,0,-1.4497,0.000,0.300
120.270,overrun,A_leg2,4.754,-0.504,27.961,27.513,0.448,OVERRUN by 76.33s,1,0.0500,0,-1.4497,1,0.3000,0,-1.4497,0.000,0.300
121.296,overrun,A_leg2,4.754,-0.504,27.961,27.513,0.448,OVERRUN by 77.36s,1,0.0500,0,-1.4497,1,0.3000,0,-1.4497,0.000,0.300
122.318,overrun,A_leg2,4.754,-0.504,27.961,27.513,0.448,OVERRUN by 78.38s,1,0.0500,0,-1.4497,1,0.3000,0,-1.4497,0.000,0.300
123.358,overrun,A_leg2,4.754,-0.504,27.961,27.513,0.448,OVERRUN by 79.42s,1,0.0500,0,-1.4497,1,0.3000,0,-1.4497,0.000,0.300
124.393,overrun,A_leg2,4.754,-0.504,27.961,27.513,0.448,OVERRUN by 80.46s,1,0.0500,0,-1.4497,1,0.3000,0,-1.4497,0.000,0.300
125.434,overrun,A_leg2,4.754,-0.504,27.961,27.513,0.448,OVERRUN by 81.50s,1,0.0500,0,-1.4497,1,0.3000,0,-1.4497,0.000,0.300
126.470,overrun,A_leg2,4.754,-0.504,27.961,27.513,0.448,OVERRUN by 82.53s,1,0.0500,0,-1.4497,1,0.3000,0,-1.4497,0.000,0.300
127.505,overrun,A_leg2,4.754,-0.504,27.961,27.513,0.448,OVERRUN by 83.57s,1,0.0500,0,-1.4497,1,0.3000,0,-1.4497,0.000,0.300
128.526,overrun,A_leg2,4.754,-0.504,27.961,27.513,0.448,OVERRUN by 84.59s,1,0.0500,0,-1.4497,1,0.3000,0,-1.4497,0.000,0.300
129.555,overrun,A_leg2,4.754,-0.504,27.961,27.513,0.448,OVERRUN by 85.62s,1,0.0500,0,-1.4497,1,0.3000,0,-1.4497,0.000,0.300
130.576,overrun,A_leg2,4.754,-0.504,27.961,27.513,0.448,OVERRUN by 86.64s,1,0.0500,0,-1.4497,1,0.3000,0,-1.4497,0.000,0.300
131.604,overrun,A_leg2,4.754,-0.504,27.961,27.513,0.448,OVERRUN by 87.67s,1,0.0500,0,-1.4497,1,0.3000,0,-1.4497,0.000,0.300
132.625,overrun,A_leg2,4.754,-0.504,27.961,27.513,0.448,OVERRUN by 88.69s,1,0.0500,0,-1.4497,1,0.3000,0,-1.4497,0.000,0.300
133.655,overrun,A_leg2,4.754,-0.504,27.961,27.513,0.448,OVERRUN by 89.72s,1,0.0500,0,-1.4497,1,0.3000,0,-1.4497,0.000,0.300
134.676,overrun,A_leg2,4.754,-0.504,27.961,27.513,0.448,OVERRUN by 90.74s,1,0.0500,0,-1.4497,1,0.3000,0,-1.4497,0.000,0.300
135.692,overrun,A_leg2,4.754,-0.504,27.961,27.513,0.448,OVERRUN by 91.76s,1,0.0500,0,-1.4497,1,0.3000,0,-1.4497,0.000,0.300
136.732,overrun,A_leg2,4.754,-0.504,27.961,27.513,0.448,OVERRUN by 92.80s,1,0.0500,0,-1.4497,1,0.3000,0,-1.4497,0.000,0.300
137.762,overrun,A_leg2,4.754,-0.504,27.961,27.513,0.448,OVERRUN by 93.83s,1,0.0500,0,-1.4497,1,0.3000,0,-1.4497,0.000,0.300
138.792,overrun,A_leg2,4.754,-0.504,27.961,27.513,0.448,OVERRUN by 94.86s,1,0.0500,0,-1.4497,1,0.3000,0,-1.4497,0.000,0.300
139.817,overrun,A_leg2,4.754,-0.504,27.961,27.513,0.448,OVERRUN by 95.88s,1,0.0500,0,-1.4497,1,0.3000,0,-1.4497,0.000,0.300
140.847,overrun,A_leg2,4.754,-0.504,27.961,27.513,0.448,OVERRUN by 96.91s,1,0.0500,0,-1.4497,1,0.3000,0,-1.4497,0.000,0.300
141.870,overrun,A_leg2,4.754,-0.504,27.961,27.513,0.448,OVERRUN by 97.93s,1,0.0500,0,-1.4497,1,0.3000,0,-1.4497,0.000,0.300
142.908,overrun,A_leg2,4.754,-0.504,27.961,27.513,0.448,OVERRUN by 98.97s,1,0.0500,0,-1.4497,1,0.3000,0,-1.4497,0.000,0.300
143.942,overrun,A_leg2,4.754,-0.504,27.961,27.513,0.448,OVERRUN by 100.01s,1,0.0500,0,-1.4497,1,0.3000,0,-1.4497,0.000,0.300
144.959,overrun,A_leg2,4.754,-0.504,27.961,27.513,0.448,OVERRUN by 101.02s,1,0.0500,0,-1.4497,1,0.3000,0,-1.4497,0.000,0.300
145.995,overrun,A_leg2,4.754,-0.504,27.961,27.513,0.448,OVERRUN by 102.06s,1,0.0500,0,-1.4497,1,0.3000,0,-1.4497,0.000,0.300
147.017,overrun,A_leg2,4.754,-0.504,27.961,27.513,0.448,OVERRUN by 103.08s,1,0.0500,0,-1.4497,1,0.3000,0,-1.4497,0.000,0.300
148.049,overrun,A_leg2,4.754,-0.504,27.961,27.513,0.448,OVERRUN by 104.11s,1,0.0500,0,-1.4497,1,0.3000,0,-1.4497,0.000,0.300
149.079,overrun,A_leg2,4.754,-0.504,27.961,27.513,0.448,OVERRUN by 105.14s,1,0.0500,0,-1.4497,1,0.3000,0,-1.4497,0.000,0.300
150.116,overrun,A_leg2,4.754,-0.504,27.961,27.513,0.448,OVERRUN by 106.18s,1,0.0500,0,-1.4497,1,0.3000,0,-1.4497,0.000,0.300
151.153,overrun,A_leg2,4.754,-0.504,27.961,27.513,0.448,OVERRUN by 107.22s,1,0.0500,0,-1.4497,1,0.3000,0,-1.4497,0.000,0.300
152.175,overrun,A_leg2,4.754,-0.504,27.961,27.513,0.448,OVERRUN by 108.24s,1,0.0500,0,-1.4497,1,0.3000,0,-1.4497,0.000,0.300
153.207,overrun,A_leg2,4.754,-0.504,27.961,27.513,0.448,OVERRUN by 109.27s,1,0.0500,0,-1.4497,1,0.3000,0,-1.4497,0.000,0.300
154.241,overrun,A_leg2,4.754,-0.504,27.961,27.513,0.448,OVERRUN by 110.30s,1,0.0500,0,-1.4497,1,0.3000,0,-1.4497,0.000,0.300
155.280,overrun,A_leg2,4.754,-0.504,27.961,27.513,0.448,OVERRUN by 111.34s,1,0.0500,0,-1.4497,1,0.3000,0,-1.4497,0.000,0.300
156.316,overrun,A_leg2,4.754,-0.504,27.961,27.513,0.448,OVERRUN by 112.38s,1,0.0500,0,-1.4497,1,0.3000,0,-1.4497,0.000,0.300
157.346,overrun,A_leg2,4.754,-0.504,27.961,27.513,0.448,OVERRUN by 113.41s,1,0.0500,0,-1.4497,1,0.3000,0,-1.4497,0.000,0.300
158.366,overrun,A_leg2,4.754,-0.504,27.961,27.513,0.448,OVERRUN by 114.43s,1,0.0500,0,-1.4497,1,0.3000,0,-1.4497,0.000,0.300
159.399,overrun,A_leg2,4.754,-0.504,27.961,27.513,0.448,OVERRUN by 115.46s,1,0.0500,0,-1.4497,1,0.3000,0,-1.4497,0.000,0.300
160.429,overrun,A_leg2,4.754,-0.504,27.961,27.513,0.448,OVERRUN by 116.49s,1,0.0500,0,-1.4497,1,0.3000,0,-1.4497,0.000,0.300
161.450,overrun,A_leg2,4.754,-0.504,27.961,27.513,0.448,OVERRUN by 117.51s,1,0.0500,0,-1.4497,1,0.3000,0,-1.4497,0.000,0.300
162.462,overrun,A_leg2,4.754,-0.504,27.961,27.513,0.448,OVERRUN by 118.53s,1,0.0500,0,-1.4497,1,0.3000,0,-1.4497,0.000,0.300
163.496,overrun,A_leg2,4.754,-0.504,27.961,27.513,0.448,OVERRUN by 119.56s,1,0.0500,0,-1.4497,1,0.3000,0,-1.4497,0.000,0.300
164.525,overrun,A_leg2,4.754,-0.504,27.961,27.513,0.448,OVERRUN by 120.59s,1,0.0500,0,-1.4497,1,0.3000,0,-1.4497,0.000,0.300
165.551,overrun,A_leg2,4.754,-0.504,27.961,27.513,0.448,OVERRUN by 121.61s,1,0.0500,0,-1.4497,1,0.3000,0,-1.4497,0.000,0.300
166.578,overrun,A_leg2,4.754,-0.504,27.961,27.513,0.448,OVERRUN by 122.64s,1,0.0500,0,-1.4497,1,0.3000,0,-1.4497,0.000,0.300
167.616,overrun,A_leg2,4.754,-0.504,27.961,27.513,0.448,OVERRUN by 123.68s,1,0.0500,0,-1.4497,1,0.3000,0,-1.4497,0.000,0.300
168.649,overrun,A_leg2,4.754,-0.504,27.961,27.513,0.448,OVERRUN by 124.71s,1,0.0500,0,-1.4497,1,0.3000,0,-1.4497,0.000,0.300
169.684,overrun,A_leg2,4.754,-0.504,27.961,27.513,0.448,OVERRUN by 125.75s,1,0.0500,0,-1.4497,1,0.3000,0,-1.4497,0.000,0.300
170.711,overrun,A_leg2,4.754,-0.504,27.961,27.513,0.448,OVERRUN by 126.77s,1,0.0500,0,-1.4497,1,0.3000,0,-1.4497,0.000,0.300
171.741,overrun,A_leg2,4.754,-0.504,27.961,27.513,0.448,OVERRUN by 127.81s,1,0.0500,0,-1.4497,1,0.3000,0,-1.4497,0.000,0.300
172.771,overrun,A_leg2,4.754,-0.504,27.961,27.513,0.448,OVERRUN by 128.83s,1,0.0500,0,-1.4497,1,0.3000,0,-1.4497,0.000,0.300
173.799,overrun,A_leg2,4.754,-0.504,27.961,27.513,0.448,OVERRUN by 129.86s,1,0.0500,0,-1.4497,1,0.3000,0,-1.4497,0.000,0.300
174.830,overrun,A_leg2,4.754,-0.504,27.961,27.513,0.448,OVERRUN by 130.89s,1,0.0500,0,-1.4497,1,0.3000,0,-1.4497,0.000,0.300
175.851,overrun,A_leg2,4.754,-0.504,27.961,27.513,0.448,OVERRUN by 131.91s,1,0.0500,0,-1.4497,1,0.3000,0,-1.4497,0.000,0.300
176.883,overrun,A_leg2,4.754,-0.504,27.961,27.513,0.448,OVERRUN by 132.95s,1,0.0500,0,-1.4497,1,0.3000,0,-1.4497,0.000,0.300
177.898,overrun,A_leg2,4.754,-0.504,27.961,27.513,0.448,OVERRUN by 133.96s,1,0.0500,0,-1.4497,1,0.3000,0,-1.4497,0.000,0.300
178.926,overrun,A_leg2,4.754,-0.504,27.961,27.513,0.448,OVERRUN by 134.99s,1,0.0500,0,-1.4497,1,0.3000,0,-1.4497,0.000,0.300
179.962,overrun,A_leg2,4.754,-0.504,27.961,27.513,0.448,OVERRUN by 136.03s,1,0.0500,0,-1.4497,1,0.3000,0,-1.4497,0.000,0.300
180.995,overrun,A_leg2,4.754,-0.504,27.961,27.513,0.448,OVERRUN by 137.06s,1,0.0500,0,-1.4497,1,0.3000,0,-1.4497,0.000,0.300
182.027,overrun,A_leg2,4.754,-0.504,27.961,27.513,0.448,OVERRUN by 138.09s,1,0.0500,0,-1.4497,1,0.3000,0,-1.4497,0.000,0.300
183.056,overrun,A_leg2,4.754,-0.504,27.961,27.513,0.448,OVERRUN by 139.12s,1,0.0500,0,-1.4497,1,0.3000,0,-1.4497,0.000,0.300
184.087,overrun,A_leg2,4.754,-0.504,27.961,27.513,0.448,OVERRUN by 140.15s,1,0.0500,0,-1.4497,1,0.3000,0,-1.4497,0.000,0.300
185.124,overrun,A_leg2,4.754,-0.504,27.961,27.513,0.448,OVERRUN by 141.19s,1,0.0500,0,-1.4497,1,0.3000,0,-1.4497,0.000,0.300
186.153,overrun,A_leg2,4.754,-0.504,27.961,27.513,0.448,OVERRUN by 142.22s,1,0.0500,0,-1.4497,1,0.3000,0,-1.4497,0.000,0.300
187.192,overrun,A_leg2,4.754,-0.504,27.961,27.513,0.448,OVERRUN by 143.26s,1,0.0500,0,-1.4497,1,0.3000,0,-1.4497,0.000,0.300
188.217,overrun,A_leg2,4.754,-0.504,27.961,27.513,0.448,OVERRUN by 144.28s,1,0.0500,0,-1.4497,1,0.3000,0,-1.4497,0.000,0.300
189.249,overrun,A_leg2,4.754,-0.504,27.961,27.513,0.448,OVERRUN by 145.31s,1,0.0500,0,-1.4497,1,0.3000,0,-1.4497,0.000,0.300
190.275,overrun,A_leg2,4.754,-0.504,27.961,27.513,0.448,OVERRUN by 146.34s,1,0.0500,0,-1.4497,1,0.3000,0,-1.4497,0.000,0.300
191.294,overrun,A_leg2,4.754,-0.504,27.961,27.513,0.448,OVERRUN by 147.36s,1,0.0500,0,-1.4497,1,0.3000,0,-1.4497,0.000,0.300
192.327,overrun,A_leg2,4.754,-0.504,27.961,27.513,0.448,OVERRUN by 148.39s,1,0.0500,0,-1.4497,1,0.3000,0,-1.4497,0.000,0.300
193.360,overrun,A_leg2,4.754,-0.504,27.961,27.513,0.448,OVERRUN by 149.42s,1,0.0500,0,-1.4497,1,0.3000,0,-1.4497,0.000,0.300
194.375,overrun,A_leg2,4.754,-0.504,27.961,27.513,0.448,OVERRUN by 150.44s,1,0.0500,0,-1.4497,1,0.3000,0,-1.4497,0.000,0.300
195.404,overrun,A_leg2,4.754,-0.504,27.961,27.513,0.448,OVERRUN by 151.47s,1,0.0500,0,-1.4497,1,0.3000,0,-1.4497,0.000,0.300
196.428,overrun,A_leg2,4.754,-0.504,27.961,27.513,0.448,OVERRUN by 152.49s,1,0.0500,0,-1.4497,1,0.3000,0,-1.4497,0.000,0.300
197.450,overrun,A_leg2,4.754,-0.504,27.961,27.513,0.448,OVERRUN by 153.51s,1,0.0500,0,-1.4497,1,0.3000,0,-1.4497,0.000,0.300
198.480,overrun,A_leg2,4.754,-0.504,27.961,27.513,0.448,OVERRUN by 154.54s,1,0.0500,0,-1.4497,1,0.3000,0,-1.4497,0.000,0.300
199.504,overrun,A_leg2,4.754,-0.504,27.961,27.513,0.448,OVERRUN by 155.57s,1,0.0500,0,-1.4497,1,0.3000,0,-1.4497,0.000,0.300
200.526,overrun,A_leg2,4.754,-0.504,27.961,27.513,0.448,OVERRUN by 156.59s,1,0.0500,0,-1.4497,1,0.3000,0,-1.4497,0.000,0.300
201.551,overrun,A_leg2,4.754,-0.504,27.961,27.513,0.448,OVERRUN by 157.61s,1,0.0500,0,-1.4497,1,0.3000,0,-1.4497,0.000,0.300
202.582,overrun,A_leg2,4.754,-0.504,27.961,27.513,0.448,OVERRUN by 158.65s,1,0.0500,0,-1.4497,1,0.3000,0,-1.4497,0.000,0.300
203.613,overrun,A_leg2,4.754,-0.504,27.961,27.513,0.448,OVERRUN by 159.68s,1,0.0500,0,-1.4497,1,0.3000,0,-1.4497,0.000,0.300
204.642,overrun,A_leg2,4.754,-0.504,27.961,27.513,0.448,OVERRUN by 160.71s,1,0.0500,0,-1.4497,1,0.3000,0,-1.4497,0.000,0.300
205.667,overrun,A_leg2,4.754,-0.504,27.961,27.513,0.448,OVERRUN by 161.73s,1,0.0500,0,-1.4497,1,0.3000,0,-1.4497,0.000,0.300
206.691,overrun,A_leg2,4.754,-0.504,27.961,27.513,0.448,OVERRUN by 162.75s,1,0.0500,0,-1.4497,1,0.3000,0,-1.4497,0.000,0.300
207.716,overrun,A_leg2,4.754,-0.504,27.961,27.513,0.448,OVERRUN by 163.78s,1,0.0500,0,-1.4497,1,0.3000,0,-1.4497,0.000,0.300
208.737,overrun,A_leg2,4.754,-0.504,27.961,27.513,0.448,OVERRUN by 164.80s,1,0.0500,0,-1.4497,1,0.3000,0,-1.4497,0.000,0.300
209.764,overrun,A_leg2,4.754,-0.504,27.961,27.513,0.448,OVERRUN by 165.83s,1,0.0500,0,-1.4497,1,0.3000,0,-1.4497,0.000,0.300
210.782,overrun,A_leg2,4.754,-0.504,27.961,27.513,0.448,OVERRUN by 166.85s,1,0.0500,0,-1.4497,1,0.3000,0,-1.4497,0.000,0.300
211.820,overrun,A_leg2,4.754,-0.504,27.961,27.513,0.448,OVERRUN by 167.88s,1,0.0500,0,-1.4497,1,0.3000,0,-1.4497,0.000,0.300
212.850,overrun,A_leg2,4.754,-0.504,27.961,27.513,0.448,OVERRUN by 168.91s,1,0.0500,0,-1.4497,1,0.3000,0,-1.4497,0.000,0.300
213.886,overrun,A_leg2,4.754,-0.504,27.961,27.513,0.448,OVERRUN by 169.95s,1,0.0500,0,-1.4497,1,0.3000,0,-1.4497,0.000,0.300
214.910,overrun,A_leg2,4.754,-0.504,27.961,27.513,0.448,OVERRUN by 170.97s,1,0.0500,0,-1.4497,1,0.3000,0,-1.4497,0.000,0.300
215.938,overrun,A_leg2,4.754,-0.504,27.961,27.513,0.448,OVERRUN by 172.00s,1,0.0500,0,-1.4497,1,0.3000,0,-1.4497,0.000,0.300
216.965,overrun,A_leg2,4.754,-0.504,27.961,27.513,0.448,OVERRUN by 173.03s,1,0.0500,0,-1.4497,1,0.3000,0,-1.4497,0.000,0.300
217.992,overrun,A_leg2,4.754,-0.504,27.961,27.513,0.448,OVERRUN by 174.06s,1,0.0500,0,-1.4497,1,0.3000,0,-1.4497,0.000,0.300
219.025,overrun,A_leg2,4.754,-0.504,27.961,27.513,0.448,OVERRUN by 175.09s,1,0.0500,0,-1.4497,1,0.3000,0,-1.4497,0.000,0.300
220.053,overrun,A_leg2,4.754,-0.504,27.961,27.513,0.448,OVERRUN by 176.12s,1,0.0500,0,-1.4497,1,0.3000,0,-1.4497,0.000,0.300
221.090,overrun,A_leg2,4.754,-0.504,27.961,27.513,0.448,OVERRUN by 177.15s,1,0.0500,0,-1.4497,1,0.3000,0,-1.4497,0.000,0.300
222.119,overrun,A_leg2,4.754,-0.504,27.961,27.513,0.448,OVERRUN by 178.18s,1,0.0500,0,-1.4497,1,0.3000,0,-1.4497,0.000,0.300
223.142,overrun,A_leg2,4.754,-0.504,27.961,27.513,0.448,OVERRUN by 179.21s,1,0.0500,0,-1.4497,1,0.3000,0,-1.4497,0.000,0.300
224.169,overrun,A_leg2,4.754,-0.504,27.961,27.513,0.448,OVERRUN by 180.23s,1,0.0500,0,-1.4497,1,0.3000,0,-1.4497,0.000,0.300
225.196,overrun,A_leg2,4.754,-0.504,27.961,27.513,0.448,OVERRUN by 181.26s,1,0.0500,0,-1.4497,1,0.3000,0,-1.4497,0.000,0.300
226.226,overrun,A_leg2,4.754,-0.504,27.961,27.513,0.448,OVERRUN by 182.29s,1,0.0500,0,-1.4497,1,0.3000,0,-1.4497,0.000,0.300
227.257,overrun,A_leg2,4.754,-0.504,27.961,27.513,0.448,OVERRUN by 183.32s,1,0.0500,0,-1.4497,1,0.3000,0,-1.4497,0.000,0.300
228.289,overrun,A_leg2,4.754,-0.504,27.961,27.513,0.448,OVERRUN by 184.35s,1,0.0500,0,-1.4497,1,0.3000,0,-1.4497,0.000,0.300
229.325,overrun,A_leg2,4.754,-0.504,27.961,27.513,0.448,OVERRUN by 185.39s,1,0.0500,0,-1.4497,1,0.3000,0,-1.4497,0.000,0.300
230.350,overrun,A_leg2,4.754,-0.504,27.961,27.513,0.448,OVERRUN by 186.41s,1,0.0500,0,-1.4497,1,0.3000,0,-1.4497,0.000,0.300
231.367,overrun,A_leg2,4.754,-0.504,27.961,27.513,0.448,OVERRUN by 187.43s,1,0.0500,0,-1.4497,1,0.3000,0,-1.4497,0.000,0.300
232.397,overrun,A_leg2,4.754,-0.504,27.961,27.513,0.448,OVERRUN by 188.46s,1,0.0500,0,-1.4497,1,0.3000,0,-1.4497,0.000,0.300
233.422,overrun,A_leg2,4.754,-0.504,27.961,27.513,0.448,OVERRUN by 189.49s,1,0.0500,0,-1.4497,1,0.3000,0,-1.4497,0.000,0.300
234.463,overrun,A_leg2,4.754,-0.504,27.961,27.513,0.448,OVERRUN by 190.53s,1,0.0500,0,-1.4497,1,0.3000,0,-1.4497,0.000,0.300
235.497,overrun,A_leg2,4.754,-0.504,27.961,27.513,0.448,OVERRUN by 191.56s,1,0.0500,0,-1.4497,1,0.3000,0,-1.4497,0.000,0.300
236.512,overrun,A_leg2,4.754,-0.504,27.961,27.513,0.448,OVERRUN by 192.58s,1,0.0500,0,-1.4497,1,0.3000,0,-1.4497,0.000,0.300
237.545,overrun,A_leg2,4.754,-0.504,27.961,27.513,0.448,OVERRUN by 193.61s,1,0.0500,0,-1.4497,1,0.3000,0,-1.4497,0.000,0.300
238.581,overrun,A_leg2,4.754,-0.504,27.961,27.513,0.448,OVERRUN by 194.64s,1,0.0500,0,-1.4497,1,0.3000,0,-1.4497,0.000,0.300
239.617,overrun,A_leg2,4.754,-0.504,27.961,27.513,0.448,OVERRUN by 195.68s,1,0.0500,0,-1.4497,1,0.3000,0,-1.4497,0.000,0.300
240.649,overrun,A_leg2,4.754,-0.504,27.961,27.513,0.448,OVERRUN by 196.71s,1,0.0500,0,-1.4497,1,0.3000,0,-1.4497,0.000,0.300
241.683,overrun,A_leg2,4.754,-0.504,27.961,27.513,0.448,OVERRUN by 197.75s,1,0.0500,0,-1.4497,1,0.3000,0,-1.4497,0.000,0.300
242.703,overrun,A_leg2,4.754,-0.504,27.961,27.513,0.448,OVERRUN by 198.77s,1,0.0500,0,-1.4497,1,0.3000,0,-1.4497,0.000,0.300
243.745,overrun,A_leg2,4.754,-0.504,27.961,27.513,0.448,OVERRUN by 199.81s,1,0.0500,0,-1.4497,1,0.3000,0,-1.4497,0.000,0.300
244.783,overrun,A_leg2,4.754,-0.504,27.961,27.513,0.448,OVERRUN by 200.85s,1,0.0500,0,-1.4497,1,0.3000,0,-1.4497,0.000,0.300
245.818,overrun,A_leg2,4.754,-0.504,27.961,27.513,0.448,OVERRUN by 201.88s,1,0.0500,0,-1.4497,1,0.3000,0,-1.4497,0.000,0.300
246.850,overrun,A_leg2,4.754,-0.504,27.961,27.513,0.448,OVERRUN by 202.91s,1,0.0500,0,-1.4497,1,0.3000,0,-1.4497,0.000,0.300
247.873,overrun,A_leg2,4.754,-0.504,27.961,27.513,0.448,OVERRUN by 203.94s,1,0.0500,0,-1.4497,1,0.3000,0,-1.4497,0.000,0.300
248.904,overrun,A_leg2,4.754,-0.504,27.961,27.513,0.448,OVERRUN by 204.97s,1,0.0500,0,-1.4497,1,0.3000,0,-1.4497,0.000,0.300
249.944,overrun,A_leg2,4.754,-0.504,27.961,27.513,0.448,OVERRUN by 206.01s,1,0.0500,0,-1.4497,1,0.3000,0,-1.4497,0.000,0.300
250.968,overrun,A_leg2,4.754,-0.504,27.961,27.513,0.448,OVERRUN by 207.03s,1,0.0500,0,-1.4497,1,0.3000,0,-1.4497,0.000,0.300
251.995,overrun,A_leg2,4.754,-0.504,27.961,27.513,0.448,OVERRUN by 208.06s,1,0.0500,0,-1.4497,1,0.3000,0,-1.4497,0.000,0.300
253.036,overrun,A_leg2,4.754,-0.504,27.961,27.513,0.448,OVERRUN by 209.10s,1,0.0500,0,-1.4497,1,0.3000,0,-1.4497,0.000,0.300
254.068,overrun,A_leg2,4.754,-0.504,27.961,27.513,0.448,OVERRUN by 210.13s,1,0.0500,0,-1.4497,1,0.3000,0,-1.4497,0.000,0.300
255.103,overrun,A_leg2,4.754,-0.504,27.961,27.513,0.448,OVERRUN by 211.17s,1,0.0500,0,-1.4497,1,0.3000,0,-1.4497,0.000,0.300
256.136,overrun,A_leg2,4.754,-0.504,27.961,27.513,0.448,OVERRUN by 212.20s,1,0.0500,0,-1.4497,1,0.3000,0,-1.4497,0.000,0.300
257.167,overrun,A_leg2,4.754,-0.504,27.961,27.513,0.448,OVERRUN by 213.23s,1,0.0500,0,-1.4497,1,0.3000,0,-1.4497,0.000,0.300
258.190,overrun,A_leg2,4.754,-0.504,27.961,27.513,0.448,OVERRUN by 214.25s,1,0.0500,0,-1.4497,1,0.3000,0,-1.4497,0.000,0.300
259.219,overrun,A_leg2,4.754,-0.504,27.961,27.513,0.448,OVERRUN by 215.28s,1,0.0500,0,-1.4497,1,0.3000,0,-1.4497,0.000,0.300
260.240,overrun,A_leg2,4.754,-0.504,27.961,27.513,0.448,OVERRUN by 216.30s,1,0.0500,0,-1.4497,1,0.3000,0,-1.4497,0.000,0.300
261.262,overrun,A_leg2,4.754,-0.504,27.961,27.513,0.448,OVERRUN by 217.33s,1,0.0500,0,-1.4497,1,0.3000,0,-1.4497,0.000,0.300
262.285,overrun,A_leg2,4.754,-0.504,27.961,27.513,0.448,OVERRUN by 218.35s,1,0.0500,0,-1.4497,1,0.3000,0,-1.4497,0.000,0.300
263.308,overrun,A_leg2,4.754,-0.504,27.961,27.513,0.448,OVERRUN by 219.37s,1,0.0500,0,-1.4497,1,0.3000,0,-1.4497,0.000,0.300
264.343,overrun,A_leg2,4.754,-0.504,27.961,27.513,0.448,OVERRUN by 220.41s,1,0.0500,0,-1.4497,1,0.3000,0,-1.4497,0.000,0.300
265.370,overrun,A_leg2,4.754,-0.504,27.961,27.513,0.448,OVERRUN by 221.43s,1,0.0500,0,-1.4497,1,0.3000,0,-1.4497,0.000,0.300
266.395,overrun,A_leg2,4.754,-0.504,27.961,27.513,0.448,OVERRUN by 222.46s,1,0.0500,0,-1.4497,1,0.3000,0,-1.4497,0.000,0.300
267.424,overrun,A_leg2,4.754,-0.504,27.961,27.513,0.448,OVERRUN by 223.49s,1,0.0500,0,-1.4497,1,0.3000,0,-1.4497,0.000,0.300
268.455,overrun,A_leg2,4.754,-0.504,27.961,27.513,0.448,OVERRUN by 224.52s,1,0.0500,0,-1.4497,1,0.3000,0,-1.4497,0.000,0.300
269.484,overrun,A_leg2,4.754,-0.504,27.961,27.513,0.448,OVERRUN by 225.55s,1,0.0500,0,-1.4497,1,0.3000,0,-1.4497,0.000,0.300
270.520,overrun,A_leg2,4.754,-0.504,27.961,27.513,0.448,OVERRUN by 226.58s,1,0.0500,0,-1.4497,1,0.3000,0,-1.4497,0.000,0.300
271.548,overrun,A_leg2,4.754,-0.504,27.961,27.513,0.448,OVERRUN by 227.61s,1,0.0500,0,-1.4497,1,0.3000,0,-1.4497,0.000,0.300
272.572,overrun,A_leg2,4.754,-0.504,27.961,27.513,0.448,OVERRUN by 228.64s,1,0.0500,0,-1.4497,1,0.3000,0,-1.4497,0.000,0.300
273.603,overrun,A_leg2,4.754,-0.504,27.961,27.513,0.448,OVERRUN by 229.67s,1,0.0500,0,-1.4497,1,0.3000,0,-1.4497,0.000,0.300
274.636,overrun,A_leg2,4.754,-0.504,27.961,27.513,0.448,OVERRUN by 230.70s,1,0.0500,0,-1.4497,1,0.3000,0,-1.4497,0.000,0.300
275.663,overrun,A_leg2,4.754,-0.504,27.961,27.513,0.448,OVERRUN by 231.73s,1,0.0500,0,-1.4497,1,0.3000,0,-1.4497,0.000,0.300
276.688,overrun,A_leg2,4.754,-0.504,27.961,27.513,0.448,OVERRUN by 232.75s,1,0.0500,0,-1.4497,1,0.3000,0,-1.4497,0.000,0.300
277.721,overrun,A_leg2,4.754,-0.504,27.961,27.513,0.448,OVERRUN by 233.79s,1,0.0500,0,-1.4497,1,0.3000,0,-1.4497,0.000,0.300
278.757,overrun,A_leg2,4.754,-0.504,27.961,27.513,0.448,OVERRUN by 234.82s,1,0.0500,0,-1.4497,1,0.3000,0,-1.4497,0.000,0.300
279.787,overrun,A_leg2,4.754,-0.504,27.961,27.513,0.448,OVERRUN by 235.85s,1,0.0500,0,-1.4497,1,0.3000,0,-1.4497,0.000,0.300
280.822,overrun,A_leg2,4.754,-0.504,27.961,27.513,0.448,OVERRUN by 236.89s,1,0.0500,0,-1.4497,1,0.3000,0,-1.4497,0.000,0.300
281.841,overrun,A_leg2,4.754,-0.504,27.961,27.513,0.448,OVERRUN by 237.91s,1,0.0500,0,-1.4497,1,0.3000,0,-1.4497,0.000,0.300
282.863,overrun,A_leg2,4.754,-0.504,27.961,27.513,0.448,OVERRUN by 238.93s,1,0.0500,0,-1.4497,1,0.3000,0,-1.4497,0.000,0.300
283.892,overrun,A_leg2,4.754,-0.504,27.961,27.513,0.448,OVERRUN by 239.96s,1,0.0500,0,-1.4497,1,0.3000,0,-1.4497,0.000,0.300
284.926,overrun,A_leg2,4.754,-0.504,27.961,27.513,0.448,OVERRUN by 240.99s,1,0.0500,0,-1.4497,1,0.3000,0,-1.4497,0.000,0.300
285.955,overrun,A_leg2,4.754,-0.504,27.961,27.513,0.448,OVERRUN by 242.02s,1,0.0500,0,-1.4497,1,0.3000,0,-1.4497,0.000,0.300
286.982,overrun,A_leg2,4.754,-0.504,27.961,27.513,0.448,OVERRUN by 243.05s,1,0.0500,0,-1.4497,1,0.3000,0,-1.4497,0.000,0.300
288.020,overrun,A_leg2,4.754,-0.504,27.961,27.513,0.448,OVERRUN by 244.08s,1,0.0500,0,-1.4497,1,0.3000,0,-1.4497,0.000,0.300
289.045,overrun,A_leg2,4.754,-0.504,27.961,27.513,0.448,OVERRUN by 245.11s,1,0.0500,0,-1.4497,1,0.3000,0,-1.4497,0.000,0.300
290.080,overrun,A_leg2,4.754,-0.504,27.961,27.513,0.448,OVERRUN by 246.14s,1,0.0500,0,-1.4497,1,0.3000,0,-1.4497,0.000,0.300
291.116,overrun,A_leg2,4.754,-0.504,27.961,27.513,0.448,OVERRUN by 247.18s,1,0.0500,0,-1.4497,1,0.3000,0,-1.4497,0.000,0.300
292.143,overrun,A_leg2,4.754,-0.504,27.961,27.513,0.448,OVERRUN by 248.21s,1,0.0500,0,-1.4497,1,0.3000,0,-1.4497,0.000,0.300
293.164,overrun,A_leg2,4.754,-0.504,27.961,27.513,0.448,OVERRUN by 249.23s,1,0.0500,0,-1.4497,1,0.3000,0,-1.4497,0.000,0.300
294.198,overrun,A_leg2,4.754,-0.504,27.961,27.513,0.448,OVERRUN by 250.26s,1,0.0500,0,-1.4497,1,0.3000,0,-1.4497,0.000,0.300
295.219,overrun,A_leg2,4.754,-0.504,27.961,27.513,0.448,OVERRUN by 251.28s,1,0.0500,0,-1.4497,1,0.3000,0,-1.4497,0.000,0.300
296.236,overrun,A_leg2,4.754,-0.504,27.961,27.513,0.448,OVERRUN by 252.30s,1,0.0500,0,-1.4497,1,0.3000,0,-1.4497,0.000,0.300
297.265,overrun,A_leg2,4.754,-0.504,27.961,27.513,0.448,OVERRUN by 253.33s,1,0.0500,0,-1.4497,1,0.3000,0,-1.4497,0.000,0.300
298.297,overrun,A_leg2,4.754,-0.504,27.961,27.513,0.448,OVERRUN by 254.36s,1,0.0500,0,-1.4497,1,0.3000,0,-1.4497,0.000,0.300
299.320,overrun,A_leg2,4.754,-0.504,27.961,27.513,0.448,OVERRUN by 255.38s,1,0.0500,0,-1.4497,1,0.3000,0,-1.4497,0.000,0.300
300.354,overrun,A_leg2,4.754,-0.504,27.961,27.513,0.448,OVERRUN by 256.42s,1,0.0500,0,-1.4497,1,0.3000,0,-1.4497,0.000,0.300
301.374,overrun,A_leg2,4.754,-0.504,27.961,27.513,0.448,OVERRUN by 257.44s,1,0.0500,0,-1.4497,1,0.3000,0,-1.4497,0.000,0.300
302.398,overrun,A_leg2,4.754,-0.504,27.961,27.513,0.448,OVERRUN by 258.46s,1,0.0500,0,-1.4497,1,0.3000,0,-1.4497,0.000,0.300
303.420,overrun,A_leg2,4.754,-0.504,27.961,27.513,0.448,OVERRUN by 259.48s,1,0.0500,0,-1.4497,1,0.3000,0,-1.4497,0.000,0.300
304.444,overrun,A_leg2,4.754,-0.504,27.961,27.513,0.448,OVERRUN by 260.51s,1,0.0500,0,-1.4497,1,0.3000,0,-1.4497,0.000,0.300
305.476,overrun,A_leg2,4.754,-0.504,27.961,27.513,0.448,OVERRUN by 261.54s,1,0.0500,0,-1.4497,1,0.3000,0,-1.4497,0.000,0.300
306.503,overrun,A_leg2,4.754,-0.504,27.961,27.513,0.448,OVERRUN by 262.57s,1,0.0500,0,-1.4497,1,0.3000,0,-1.4497,0.000,0.300
307.527,overrun,A_leg2,4.754,-0.504,27.961,27.513,0.448,OVERRUN by 263.59s,1,0.0500,0,-1.4497,1,0.3000,0,-1.4497,0.000,0.300
308.548,overrun,A_leg2,4.754,-0.504,27.961,27.513,0.448,OVERRUN by 264.61s,1,0.0500,0,-1.4497,1,0.3000,0,-1.4497,0.000,0.300
309.580,overrun,A_leg2,4.754,-0.504,27.961,27.513,0.448,OVERRUN by 265.64s,1,0.0500,0,-1.4497,1,0.3000,0,-1.4497,0.000,0.300
310.612,overrun,A_leg2,4.754,-0.504,27.961,27.513,0.448,OVERRUN by 266.68s,1,0.0500,0,-1.4497,1,0.3000,0,-1.4497,0.000,0.300
311.636,overrun,A_leg2,4.754,-0.504,27.961,27.513,0.448,OVERRUN by 267.70s,1,0.0500,0,-1.4497,1,0.3000,0,-1.4497,0.000,0.300
312.666,overrun,A_leg2,4.754,-0.504,27.961,27.513,0.448,OVERRUN by 268.73s,1,0.0500,0,-1.4497,1,0.3000,0,-1.4497,0.000,0.300
313.692,overrun,A_leg2,4.754,-0.504,27.961,27.513,0.448,OVERRUN by 269.76s,1,0.0500,0,-1.4497,1,0.3000,0,-1.4497,0.000,0.300
314.715,overrun,A_leg2,4.754,-0.504,27.961,27.513,0.448,OVERRUN by 270.78s,1,0.0500,0,-1.4497,1,0.3000,0,-1.4497,0.000,0.300
315.749,overrun,A_leg2,4.754,-0.504,27.961,27.513,0.448,OVERRUN by 271.81s,1,0.0500,0,-1.4497,1,0.3000,0,-1.4497,0.000,0.300
316.766,overrun,A_leg2,4.754,-0.504,27.961,27.513,0.448,OVERRUN by 272.83s,1,0.0500,0,-1.4497,1,0.3000,0,-1.4497,0.000,0.300
317.788,overrun,A_leg2,4.754,-0.504,27.961,27.513,0.448,OVERRUN by 273.85s,1,0.0500,0,-1.4497,1,0.3000,0,-1.4497,0.000,0.300
318.821,overrun,A_leg2,4.754,-0.504,27.961,27.513,0.448,OVERRUN by 274.89s,1,0.0500,0,-1.4497,1,0.3000,0,-1.4497,0.000,0.300
319.846,overrun,A_leg2,4.754,-0.504,27.961,27.513,0.448,OVERRUN by 275.91s,1,0.0500,0,-1.4497,1,0.3000,0,-1.4497,0.000,0.300
320.885,overrun,A_leg2,4.754,-0.504,27.961,27.513,0.448,OVERRUN by 276.95s,1,0.0500,0,-1.4497,1,0.3000,0,-1.4497,0.000,0.300
321.916,overrun,A_leg2,4.754,-0.504,27.961,27.513,0.448,OVERRUN by 277.98s,1,0.0500,0,-1.4497,1,0.3000,0,-1.4497,0.000,0.300
322.947,overrun,A_leg2,4.754,-0.504,27.961,27.513,0.448,OVERRUN by 279.01s,1,0.0500,0,-1.4497,1,0.3000,0,-1.4497,0.000,0.300
323.975,overrun,A_leg2,4.754,-0.504,27.961,27.513,0.448,OVERRUN by 280.04s,1,0.0500,0,-1.4497,1,0.3000,0,-1.4497,0.000,0.300
325.008,overrun,A_leg2,4.754,-0.504,27.961,27.513,0.448,OVERRUN by 281.07s,1,0.0500,0,-1.4497,1,0.3000,0,-1.4497,0.000,0.300
326.028,overrun,A_leg2,4.754,-0.504,27.961,27.513,0.448,OVERRUN by 282.09s,1,0.0500,0,-1.4497,1,0.3000,0,-1.4497,0.000,0.300
327.067,overrun,A_leg2,4.754,-0.504,27.961,27.513,0.448,OVERRUN by 283.13s,1,0.0500,0,-1.4497,1,0.3000,0,-1.4497,0.000,0.300
328.083,overrun,A_leg2,4.754,-0.504,27.961,27.513,0.448,OVERRUN by 284.15s,1,0.0500,0,-1.4497,1,0.3000,0,-1.4497,0.000,0.300
329.119,overrun,A_leg2,4.754,-0.504,27.961,27.513,0.448,OVERRUN by 285.18s,1,0.0500,0,-1.4497,1,0.3000,0,-1.4497,0.000,0.300
330.140,overrun,A_leg2,4.754,-0.504,27.961,27.513,0.448,OVERRUN by 286.20s,1,0.0500,0,-1.4497,1,0.3000,0,-1.4497,0.000,0.300
331.166,overrun,A_leg2,4.754,-0.504,27.961,27.513,0.448,OVERRUN by 287.23s,1,0.0500,0,-1.4497,1,0.3000,0,-1.4497,0.000,0.300
332.189,overrun,A_leg2,4.754,-0.504,27.961,27.513,0.448,OVERRUN by 288.25s,1,0.0500,0,-1.4497,1,0.3000,0,-1.4497,0.000,0.300
333.226,overrun,A_leg2,4.754,-0.504,27.961,27.513,0.448,OVERRUN by 289.29s,1,0.0500,0,-1.4497,1,0.3000,0,-1.4497,0.000,0.300
334.253,overrun,A_leg2,4.754,-0.504,27.961,27.513,0.448,OVERRUN by 290.32s,1,0.0500,0,-1.4497,1,0.3000,0,-1.4497,0.000,0.300
335.276,overrun,A_leg2,4.754,-0.504,27.961,27.513,0.448,OVERRUN by 291.34s,1,0.0500,0,-1.4497,1,0.3000,0,-1.4497,0.000,0.300
336.299,overrun,A_leg2,4.754,-0.504,27.961,27.513,0.448,OVERRUN by 292.36s,1,0.0500,0,-1.4497,1,0.3000,0,-1.4497,0.000,0.300
337.327,overrun,A_leg2,4.754,-0.504,27.961,27.513,0.448,OVERRUN by 293.39s,1,0.0500,0,-1.4497,1,0.3000,0,-1.4497,0.000,0.300
338.347,overrun,A_leg2,4.754,-0.504,27.961,27.513,0.448,OVERRUN by 294.41s,1,0.0500,0,-1.4497,1,0.3000,0,-1.4497,0.000,0.300
339.366,overrun,A_leg2,4.754,-0.504,27.961,27.513,0.448,OVERRUN by 295.43s,1,0.0500,0,-1.4497,1,0.3000,0,-1.4497,0.000,0.300
340.385,overrun,A_leg2,4.754,-0.504,27.961,27.513,0.448,OVERRUN by 296.45s,1,0.0500,0,-1.4497,1,0.3000,0,-1.4497,0.000,0.300
341.411,overrun,A_leg2,4.754,-0.504,27.961,27.513,0.448,OVERRUN by 297.47s,1,0.0500,0,-1.4497,1,0.3000,0,-1.4497,0.000,0.300
342.451,overrun,A_leg2,4.754,-0.504,27.961,27.513,0.448,OVERRUN by 298.51s,1,0.0500,0,-1.4497,1,0.3000,0,-1.4497,0.000,0.300
343.483,overrun,A_leg2,4.754,-0.504,27.961,27.513,0.448,OVERRUN by 299.55s,1,0.0500,0,-1.4497,1,0.3000,0,-1.4497,0.000,0.300
344.516,overrun,A_leg2,4.754,-0.504,27.961,27.513,0.448,OVERRUN by 300.58s,1,0.0500,0,-1.4497,1,0.3000,0,-1.4497,0.000,0.300
345.543,overrun,A_leg2,4.754,-0.504,27.961,27.513,0.448,OVERRUN by 301.61s,1,0.0500,0,-1.4497,1,0.3000,0,-1.4497,0.000,0.300
346.567,overrun,A_leg2,4.754,-0.504,27.961,27.513,0.448,OVERRUN by 302.63s,1,0.0500,0,-1.4497,1,0.3000,0,-1.4497,0.000,0.300
347.592,overrun,A_leg2,4.754,-0.504,27.961,27.513,0.448,OVERRUN by 303.66s,1,0.0500,0,-1.4497,1,0.3000,0,-1.4497,0.000,0.300
348.624,overrun,A_leg2,4.754,-0.504,27.961,27.513,0.448,OVERRUN by 304.69s,1,0.0500,0,-1.4497,1,0.3000,0,-1.4497,0.000,0.300
349.641,overrun,A_leg2,4.754,-0.504,27.961,27.513,0.448,OVERRUN by 305.70s,1,0.0500,0,-1.4497,1,0.3000,0,-1.4497,0.000,0.300
350.673,overrun,A_leg2,4.754,-0.504,27.961,27.513,0.448,OVERRUN by 306.74s,1,0.0500,0,-1.4497,1,0.3000,0,-1.4497,0.000,0.300
351.703,overrun,A_leg2,4.754,-0.504,27.961,27.513,0.448,OVERRUN by 307.77s,1,0.0500,0,-1.4497,1,0.3000,0,-1.4497,0.000,0.300
352.730,overrun,A_leg2,4.754,-0.504,27.961,27.513,0.448,OVERRUN by 308.79s,1,0.0500,0,-1.4497,1,0.3000,0,-1.4497,0.000,0.300
353.743,overrun,A_leg2,4.754,-0.504,27.961,27.513,0.448,OVERRUN by 309.81s,1,0.0500,0,-1.4497,1,0.3000,0,-1.4497,0.000,0.300
354.777,overrun,A_leg2,4.754,-0.504,27.961,27.513,0.448,OVERRUN by 310.84s,1,0.0500,0,-1.4497,1,0.3000,0,-1.4497,0.000,0.300
355.813,overrun,A_leg2,4.754,-0.504,27.961,27.513,0.448,OVERRUN by 311.88s,1,0.0500,0,-1.4497,1,0.3000,0,-1.4497,0.000,0.300
356.842,overrun,A_leg2,4.754,-0.504,27.961,27.513,0.448,OVERRUN by 312.91s,1,0.0500,0,-1.4497,1,0.3000,0,-1.4497,0.000,0.300
357.857,overrun,A_leg2,4.754,-0.504,27.961,27.513,0.448,OVERRUN by 313.92s,1,0.0500,0,-1.4497,1,0.3000,0,-1.4497,0.000,0.300
358.890,overrun,A_leg2,4.754,-0.504,27.961,27.513,0.448,OVERRUN by 314.95s,1,0.0500,0,-1.4497,1,0.3000,0,-1.4497,0.000,0.300
359.909,overrun,A_leg2,4.754,-0.504,27.961,27.513,0.448,OVERRUN by 315.97s,1,0.0500,0,-1.4497,1,0.3000,0,-1.4497,0.000,0.300
360.932,overrun,A_leg2,4.754,-0.504,27.961,27.513,0.448,OVERRUN by 317.00s,1,0.0500,0,-1.4497,1,0.3000,0,-1.4497,0.000,0.300
361.962,overrun,A_leg2,4.754,-0.504,27.961,27.513,0.448,OVERRUN by 318.03s,1,0.0500,0,-1.4497,1,0.3000,0,-1.4497,0.000,0.300
362.982,overrun,A_leg2,4.754,-0.504,27.961,27.513,0.448,OVERRUN by 319.05s,1,0.0500,0,-1.4497,1,0.3000,0,-1.4497,0.000,0.300
363.999,overrun,A_leg2,4.754,-0.504,27.961,27.513,0.448,OVERRUN by 320.06s,1,0.0500,0,-1.4497,1,0.3000,0,-1.4497,0.000,0.300
365.025,overrun,A_leg2,4.754,-0.504,27.961,27.513,0.448,OVERRUN by 321.09s,1,0.0500,0,-1.4497,1,0.3000,0,-1.4497,0.000,0.300
366.043,overrun,A_leg2,4.754,-0.504,27.961,27.513,0.448,OVERRUN by 322.11s,1,0.0500,0,-1.4497,1,0.3000,0,-1.4497,0.000,0.300
367.082,overrun,A_leg2,4.754,-0.504,27.961,27.513,0.448,OVERRUN by 323.15s,1,0.0500,0,-1.4497,1,0.3000,0,-1.4497,0.000,0.300
368.107,overrun,A_leg2,4.754,-0.504,27.961,27.513,0.448,OVERRUN by 324.17s,1,0.0500,0,-1.4497,1,0.3000,0,-1.4497,0.000,0.300
369.137,overrun,A_leg2,4.754,-0.504,27.961,27.513,0.448,OVERRUN by 325.20s,1,0.0500,0,-1.4497,1,0.3000,0,-1.4497,0.000,0.300
370.140,overrun,A_leg2,4.754,-0.504,27.961,27.513,0.448,OVERRUN by 326.20s,1,0.0500,0,-1.4497,1,0.3000,0,-1.4497,0.000,0.300
371.164,overrun,A_leg2,4.754,-0.504,27.961,27.513,0.448,OVERRUN by 327.23s,1,0.0500,0,-1.4497,1,0.3000,0,-1.4497,0.000,0.300
372.192,overrun,A_leg2,4.754,-0.504,27.961,27.513,0.448,OVERRUN by 328.26s,1,0.0500,0,-1.4497,1,0.3000,0,-1.4497,0.000,0.300
373.222,overrun,A_leg2,4.754,-0.504,27.961,27.513,0.448,OVERRUN by 329.29s,1,0.0500,0,-1.4497,1,0.3000,0,-1.4497,0.000,0.300
374.254,overrun,A_leg2,4.754,-0.504,27.961,27.513,0.448,OVERRUN by 330.32s,1,0.0500,0,-1.4497,1,0.3000,0,-1.4497,0.000,0.300
375.287,overrun,A_leg2,4.754,-0.504,27.961,27.513,0.448,OVERRUN by 331.35s,1,0.0500,0,-1.4497,1,0.3000,0,-1.4497,0.000,0.300
376.307,overrun,A_leg2,4.754,-0.504,27.961,27.513,0.448,OVERRUN by 332.37s,1,0.0500,0,-1.4497,1,0.3000,0,-1.4497,0.000,0.300
377.337,overrun,A_leg2,4.754,-0.504,27.961,27.513,0.448,OVERRUN by 333.40s,1,0.0500,0,-1.4497,1,0.3000,0,-1.4497,0.000,0.300
378.361,overrun,A_leg2,4.754,-0.504,27.961,27.513,0.448,OVERRUN by 334.42s,1,0.0500,0,-1.4497,1,0.3000,0,-1.4497,0.000,0.300
379.382,overrun,A_leg2,4.754,-0.504,27.961,27.513,0.448,OVERRUN by 335.45s,1,0.0500,0,-1.4497,1,0.3000,0,-1.4497,0.000,0.300
380.414,overrun,A_leg2,4.754,-0.504,27.961,27.513,0.448,OVERRUN by 336.48s,1,0.0500,0,-1.4497,1,0.3000,0,-1.4497,0.000,0.300
381.437,overrun,A_leg2,4.754,-0.504,27.961,27.513,0.448,OVERRUN by 337.50s,1,0.0500,0,-1.4497,1,0.3000,0,-1.4497,0.000,0.300
382.456,overrun,A_leg2,4.754,-0.504,27.961,27.513,0.448,OVERRUN by 338.52s,1,0.0500,0,-1.4497,1,0.3000,0,-1.4497,0.000,0.300
383.474,overrun,A_leg2,4.754,-0.504,27.961,27.513,0.448,OVERRUN by 339.54s,1,0.0500,0,-1.4497,1,0.3000,0,-1.4497,0.000,0.300
384.499,overrun,A_leg2,4.754,-0.504,27.961,27.513,0.448,OVERRUN by 340.56s,1,0.0500,0,-1.4497,1,0.3000,0,-1.4497,0.000,0.300
385.521,overrun,A_leg2,4.754,-0.504,27.961,27.513,0.448,OVERRUN by 341.58s,1,0.0500,0,-1.4497,1,0.3000,0,-1.4497,0.000,0.300
386.546,overrun,A_leg2,4.754,-0.504,27.961,27.513,0.448,OVERRUN by 342.61s,1,0.0500,0,-1.4497,1,0.3000,0,-1.4497,0.000,0.300
387.576,overrun,A_leg2,4.754,-0.504,27.961,27.513,0.448,OVERRUN by 343.64s,1,0.0500,0,-1.4497,1,0.3000,0,-1.4497,0.000,0.300
388.598,overrun,A_leg2,4.754,-0.504,27.961,27.513,0.448,OVERRUN by 344.66s,1,0.0500,0,-1.4497,1,0.3000,0,-1.4497,0.000,0.300
389.629,overrun,A_leg2,4.754,-0.504,27.961,27.513,0.448,OVERRUN by 345.69s,1,0.0500,0,-1.4497,1,0.3000,0,-1.4497,0.000,0.300
390.652,overrun,A_leg2,4.754,-0.504,27.961,27.513,0.448,OVERRUN by 346.72s,1,0.0500,0,-1.4497,1,0.3000,0,-1.4497,0.000,0.300
391.676,overrun,A_leg2,4.754,-0.504,27.961,27.513,0.448,OVERRUN by 347.74s,1,0.0500,0,-1.4497,1,0.3000,0,-1.4497,0.000,0.300
392.705,overrun,A_leg2,4.754,-0.504,27.961,27.513,0.448,OVERRUN by 348.77s,1,0.0500,0,-1.4497,1,0.3000,0,-1.4497,0.000,0.300
393.732,overrun,A_leg2,4.754,-0.504,27.961,27.513,0.448,OVERRUN by 349.80s,1,0.0500,0,-1.4497,1,0.3000,0,-1.4497,0.000,0.300
394.748,overrun,A_leg2,4.754,-0.504,27.961,27.513,0.448,OVERRUN by 350.81s,1,0.0500,0,-1.4497,1,0.3000,0,-1.4497,0.000,0.300
395.762,overrun,A_leg2,4.754,-0.504,27.961,27.513,0.448,OVERRUN by 351.83s,1,0.0500,0,-1.4497,1,0.3000,0,-1.4497,0.000,0.300
396.792,overrun,A_leg2,4.754,-0.504,27.961,27.513,0.448,OVERRUN by 352.86s,1,0.0500,0,-1.4497,1,0.3000,0,-1.4497,0.000,0.300
397.820,overrun,A_leg2,4.754,-0.504,27.961,27.513,0.448,OVERRUN by 353.88s,1,0.0500,0,-1.4497,1,0.3000,0,-1.4497,0.000,0.300
398.848,overrun,A_leg2,4.754,-0.504,27.961,27.513,0.448,OVERRUN by 354.91s,1,0.0500,0,-1.4497,1,0.3000,0,-1.4497,0.000,0.300
399.889,overrun,A_leg2,4.754,-0.504,27.961,27.513,0.448,OVERRUN by 355.95s,1,0.0500,0,-1.4497,1,0.3000,0,-1.4497,0.000,0.300
400.912,overrun,A_leg2,4.754,-0.504,27.961,27.513,0.448,OVERRUN by 356.98s,1,0.0500,0,-1.4497,1,0.3000,0,-1.4497,0.000,0.300
401.946,overrun,A_leg2,4.754,-0.504,27.961,27.513,0.448,OVERRUN by 358.01s,1,0.0500,0,-1.4497,1,0.3000,0,-1.4497,0.000,0.300
402.979,overrun,A_leg2,4.754,-0.504,27.961,27.513,0.448,OVERRUN by 359.04s,1,0.0500,0,-1.4497,1,0.3000,0,-1.4497,0.000,0.300
404.012,overrun,A_leg2,4.754,-0.504,27.961,27.513,0.448,OVERRUN by 360.08s,1,0.0500,0,-1.4497,1,0.3000,0,-1.4497,0.000,0.300
405.043,overrun,A_leg2,4.754,-0.504,27.961,27.513,0.448,OVERRUN by 361.11s,1,0.0500,0,-1.4497,1,0.3000,0,-1.4497,0.000,0.300
406.066,overrun,A_leg2,4.754,-0.504,27.961,27.513,0.448,OVERRUN by 362.13s,1,0.0500,0,-1.4497,1,0.3000,0,-1.4497,0.000,0.300
407.090,overrun,A_leg2,4.754,-0.504,27.961,27.513,0.448,OVERRUN by 363.15s,1,0.0500,0,-1.4497,1,0.3000,0,-1.4497,0.000,0.300
408.108,overrun,A_leg2,4.754,-0.504,27.961,27.513,0.448,OVERRUN by 364.17s,1,0.0500,0,-1.4497,1,0.3000,0,-1.4497,0.000,0.300
409.134,overrun,A_leg2,4.754,-0.504,27.961,27.513,0.448,OVERRUN by 365.20s,1,0.0500,0,-1.4497,1,0.3000,0,-1.4497,0.000,0.300
410.158,overrun,A_leg2,4.754,-0.504,27.961,27.513,0.448,OVERRUN by 366.22s,1,0.0500,0,-1.4497,1,0.3000,0,-1.4497,0.000,0.300
411.182,overrun,A_leg2,4.754,-0.504,27.961,27.513,0.448,OVERRUN by 367.25s,1,0.0500,0,-1.4497,1,0.3000,0,-1.4497,0.000,0.300
412.203,overrun,A_leg2,4.754,-0.504,27.961,27.513,0.448,OVERRUN by 368.27s,1,0.0500,0,-1.4497,1,0.3000,0,-1.4497,0.000,0.300
413.233,overrun,A_leg2,4.754,-0.504,27.961,27.513,0.448,OVERRUN by 369.30s,1,0.0500,0,-1.4497,1,0.3000,0,-1.4497,0.000,0.300
414.261,overrun,A_leg2,4.754,-0.504,27.961,27.513,0.448,OVERRUN by 370.33s,1,0.0500,0,-1.4497,1,0.3000,0,-1.4497,0.000,0.300
415.297,overrun,A_leg2,4.754,-0.504,27.961,27.513,0.448,OVERRUN by 371.36s,1,0.0500,0,-1.4497,1,0.3000,0,-1.4497,0.000,0.300
416.322,overrun,A_leg2,4.754,-0.504,27.961,27.513,0.448,OVERRUN by 372.39s,1,0.0500,0,-1.4497,1,0.3000,0,-1.4497,0.000,0.300
417.348,overrun,A_leg2,4.754,-0.504,27.961,27.513,0.448,OVERRUN by 373.41s,1,0.0500,0,-1.4497,1,0.3000,0,-1.4497,0.000,0.300
418.367,overrun,A_leg2,4.754,-0.504,27.961,27.513,0.448,OVERRUN by 374.43s,1,0.0500,0,-1.4497,1,0.3000,0,-1.4497,0.000,0.300
419.382,overrun,A_leg2,4.754,-0.504,27.961,27.513,0.448,OVERRUN by 375.45s,1,0.0500,0,-1.4497,1,0.3000,0,-1.4497,0.000,0.300
420.409,overrun,A_leg2,4.754,-0.504,27.961,27.513,0.448,OVERRUN by 376.47s,1,0.0500,0,-1.4497,1,0.3000,0,-1.4497,0.000,0.300
421.437,overrun,A_leg2,4.754,-0.504,27.961,27.513,0.448,OVERRUN by 377.50s,1,0.0500,0,-1.4497,1,0.3000,0,-1.4497,0.000,0.300
422.462,overrun,A_leg2,4.754,-0.504,27.961,27.513,0.448,OVERRUN by 378.53s,1,0.0500,0,-1.4497,1,0.3000,0,-1.4497,0.000,0.300
423.490,overrun,A_leg2,4.754,-0.504,27.961,27.513,0.448,OVERRUN by 379.55s,1,0.0500,0,-1.4497,1,0.3000,0,-1.4497,0.000,0.300
424.512,overrun,A_leg2,4.754,-0.504,27.961,27.513,0.448,OVERRUN by 380.58s,1,0.0500,0,-1.4497,1,0.3000,0,-1.4497,0.000,0.300
425.532,overrun,A_leg2,4.754,-0.504,27.961,27.513,0.448,OVERRUN by 381.60s,1,0.0500,0,-1.4497,1,0.3000,0,-1.4497,0.000,0.300
426.567,overrun,A_leg2,4.754,-0.504,27.961,27.513,0.448,OVERRUN by 382.63s,1,0.0500,0,-1.4497,1,0.3000,0,-1.4497,0.000,0.300
427.587,overrun,A_leg2,4.754,-0.504,27.961,27.513,0.448,OVERRUN by 383.65s,1,0.0500,0,-1.4497,1,0.3000,0,-1.4497,0.000,0.300
428.603,overrun,A_leg2,4.754,-0.504,27.961,27.513,0.448,OVERRUN by 384.67s,1,0.0500,0,-1.4497,1,0.3000,0,-1.4497,0.000,0.300
429.632,overrun,A_leg2,4.754,-0.504,27.961,27.513,0.448,OVERRUN by 385.70s,1,0.0500,0,-1.4497,1,0.3000,0,-1.4497,0.000,0.300
430.651,overrun,A_leg2,4.754,-0.504,27.961,27.513,0.448,OVERRUN by 386.71s,1,0.0500,0,-1.4497,1,0.3000,0,-1.4497,0.000,0.300
431.670,overrun,A_leg2,4.754,-0.504,27.961,27.513,0.448,OVERRUN by 387.73s,1,0.0500,0,-1.4497,1,0.3000,0,-1.4497,0.000,0.300
432.689,overrun,A_leg2,4.754,-0.504,27.961,27.513,0.448,OVERRUN by 388.75s,1,0.0500,0,-1.4497,1,0.3000,0,-1.4497,0.000,0.300
433.715,overrun,A_leg2,4.754,-0.504,27.961,27.513,0.448,OVERRUN by 389.78s,1,0.0500,0,-1.4497,1,0.3000,0,-1.4497,0.000,0.300
434.742,overrun,A_leg2,4.754,-0.504,27.961,27.513,0.448,OVERRUN by 390.81s,1,0.0500,0,-1.4497,1,0.3000,0,-1.4497,0.000,0.300
435.775,overrun,A_leg2,4.754,-0.504,27.961,27.513,0.448,OVERRUN by 391.84s,1,0.0500,0,-1.4497,1,0.3000,0,-1.4497,0.000,0.300
436.804,overrun,A_leg2,4.754,-0.504,27.961,27.513,0.448,OVERRUN by 392.87s,1,0.0500,0,-1.4497,1,0.3000,0,-1.4497,0.000,0.300
437.830,overrun,A_leg2,4.754,-0.504,27.961,27.513,0.448,OVERRUN by 393.89s,1,0.0500,0,-1.4497,1,0.3000,0,-1.4497,0.000,0.300
438.846,overrun,A_leg2,4.754,-0.504,27.961,27.513,0.448,OVERRUN by 394.91s,1,0.0500,0,-1.4497,1,0.3000,0,-1.4497,0.000,0.300
439.888,overrun,A_leg2,4.754,-0.504,27.961,27.513,0.448,OVERRUN by 395.95s,1,0.0500,0,-1.4497,1,0.3000,0,-1.4497,0.000,0.300
440.912,overrun,A_leg2,4.754,-0.504,27.961,27.513,0.448,OVERRUN by 396.98s,1,0.0500,0,-1.4497,1,0.3000,0,-1.4497,0.000,0.300
441.937,overrun,A_leg2,4.754,-0.504,27.961,27.513,0.448,OVERRUN by 398.00s,1,0.0500,0,-1.4497,1,0.3000,0,-1.4497,0.000,0.300
442.966,overrun,A_leg2,4.754,-0.504,27.961,27.513,0.448,OVERRUN by 399.03s,1,0.0500,0,-1.4497,1,0.3000,0,-1.4497,0.000,0.300
443.992,overrun,A_leg2,4.754,-0.504,27.961,27.513,0.448,OVERRUN by 400.06s,1,0.0500,0,-1.4497,1,0.3000,0,-1.4497,0.000,0.300
445.015,overrun,A_leg2,4.754,-0.504,27.961,27.513,0.448,OVERRUN by 401.08s,1,0.0500,0,-1.4497,1,0.3000,0,-1.4497,0.000,0.300
446.044,overrun,A_leg2,4.754,-0.504,27.961,27.513,0.448,OVERRUN by 402.11s,1,0.0500,0,-1.4497,1,0.3000,0,-1.4497,0.000,0.300
447.075,overrun,A_leg2,4.754,-0.504,27.961,27.513,0.448,OVERRUN by 403.14s,1,0.0500,0,-1.4497,1,0.3000,0,-1.4497,0.000,0.300
448.104,overrun,A_leg2,4.754,-0.504,27.961,27.513,0.448,OVERRUN by 404.17s,1,0.0500,0,-1.4497,1,0.3000,0,-1.4497,0.000,0.300
449.131,overrun,A_leg2,4.754,-0.504,27.961,27.513,0.448,OVERRUN by 405.19s,1,0.0500,0,-1.4497,1,0.3000,0,-1.4497,0.000,0.300
450.147,overrun,A_leg2,4.754,-0.504,27.961,27.513,0.448,OVERRUN by 406.21s,1,0.0500,0,-1.4497,1,0.3000,0,-1.4497,0.000,0.300
451.173,overrun,A_leg2,4.754,-0.504,27.961,27.513,0.448,OVERRUN by 407.24s,1,0.0500,0,-1.4497,1,0.3000,0,-1.4497,0.000,0.300
452.206,overrun,A_leg2,4.754,-0.504,27.961,27.513,0.448,OVERRUN by 408.27s,1,0.0500,0,-1.4497,1,0.3000,0,-1.4497,0.000,0.300
453.233,overrun,A_leg2,4.754,-0.504,27.961,27.513,0.448,OVERRUN by 409.30s,1,0.0500,0,-1.4497,1,0.3000,0,-1.4497,0.000,0.300
454.263,overrun,A_leg2,4.754,-0.504,27.961,27.513,0.448,OVERRUN by 410.33s,1,0.0500,0,-1.4497,1,0.3000,0,-1.4497,0.000,0.300
455.294,overrun,A_leg2,4.754,-0.504,27.961,27.513,0.448,OVERRUN by 411.36s,1,0.0500,0,-1.4497,1,0.3000,0,-1.4497,0.000,0.300
456.322,overrun,A_leg2,4.754,-0.504,27.961,27.513,0.448,OVERRUN by 412.39s,1,0.0500,0,-1.4497,1,0.3000,0,-1.4497,0.000,0.300
457.342,overrun,A_leg2,4.754,-0.504,27.961,27.513,0.448,OVERRUN by 413.41s,1,0.0500,0,-1.4497,1,0.3000,0,-1.4497,0.000,0.300
458.363,overrun,A_leg2,4.754,-0.504,27.961,27.513,0.448,OVERRUN by 414.43s,1,0.0500,0,-1.4497,1,0.3000,0,-1.4497,0.000,0.300
459.387,overrun,A_leg2,4.754,-0.504,27.961,27.513,0.448,OVERRUN by 415.45s,1,0.0500,0,-1.4497,1,0.3000,0,-1.4497,0.000,0.300
460.420,overrun,A_leg2,4.754,-0.504,27.961,27.513,0.448,OVERRUN by 416.48s,1,0.0500,0,-1.4497,1,0.3000,0,-1.4497,0.000,0.300
461.450,overrun,A_leg2,4.754,-0.504,27.961,27.513,0.448,OVERRUN by 417.51s,1,0.0500,0,-1.4497,1,0.3000,0,-1.4497,0.000,0.300
462.478,overrun,A_leg2,4.754,-0.504,27.961,27.513,0.448,OVERRUN by 418.54s,1,0.0500,0,-1.4497,1,0.3000,0,-1.4497,0.000,0.300
463.498,overrun,A_leg2,4.754,-0.504,27.961,27.513,0.448,OVERRUN by 419.56s,1,0.0500,0,-1.4497,1,0.3000,0,-1.4497,0.000,0.300
464.515,overrun,A_leg2,4.754,-0.504,27.961,27.513,0.448,OVERRUN by 420.58s,1,0.0500,0,-1.4497,1,0.3000,0,-1.4497,0.000,0.300
465.540,overrun,A_leg2,4.754,-0.504,27.961,27.513,0.448,OVERRUN by 421.60s,1,0.0500,0,-1.4497,1,0.3000,0,-1.4497,0.000,0.300
466.566,overrun,A_leg2,4.754,-0.504,27.961,27.513,0.448,OVERRUN by 422.63s,1,0.0500,0,-1.4497,1,0.3000,0,-1.4497,0.000,0.300
467.583,overrun,A_leg2,4.754,-0.504,27.961,27.513,0.448,OVERRUN by 423.65s,1,0.0500,0,-1.4497,1,0.3000,0,-1.4497,0.000,0.300
468.610,overrun,A_leg2,4.754,-0.504,27.961,27.513,0.448,OVERRUN by 424.67s,1,0.0500,0,-1.4497,1,0.3000,0,-1.4497,0.000,0.300
469.630,overrun,A_leg2,4.754,-0.504,27.961,27.513,0.448,OVERRUN by 425.69s,1,0.0500,0,-1.4497,1,0.3000,0,-1.4497,0.000,0.300
470.651,overrun,A_leg2,4.754,-0.504,27.961,27.513,0.448,OVERRUN by 426.72s,1,0.0500,0,-1.4497,1,0.3000,0,-1.4497,0.000,0.300
471.677,overrun,A_leg2,4.754,-0.504,27.961,27.513,0.448,OVERRUN by 427.74s,1,0.0500,0,-1.4497,1,0.3000,0,-1.4497,0.000,0.300
472.698,overrun,A_leg2,4.754,-0.504,27.961,27.513,0.448,OVERRUN by 428.76s,1,0.0500,0,-1.4497,1,0.3000,0,-1.4497,0.000,0.300
473.726,overrun,A_leg2,4.754,-0.504,27.961,27.513,0.448,OVERRUN by 429.79s,1,0.0500,0,-1.4497,1,0.3000,0,-1.4497,0.000,0.300
474.748,overrun,A_leg2,4.754,-0.504,27.961,27.513,0.448,OVERRUN by 430.81s,1,0.0500,0,-1.4497,1,0.3000,0,-1.4497,0.000,0.300
475.781,overrun,A_leg2,4.754,-0.504,27.961,27.513,0.448,OVERRUN by 431.85s,1,0.0500,0,-1.4497,1,0.3000,0,-1.4497,0.000,0.300
476.814,overrun,A_leg2,4.754,-0.504,27.961,27.513,0.448,OVERRUN by 432.88s,1,0.0500,0,-1.4497,1,0.3000,0,-1.4497,0.000,0.300
477.831,overrun,A_leg2,4.754,-0.504,27.961,27.513,0.448,OVERRUN by 433.90s,1,0.0500,0,-1.4497,1,0.3000,0,-1.4497,0.000,0.300
478.864,overrun,A_leg2,4.754,-0.504,27.961,27.513,0.448,OVERRUN by 434.93s,1,0.0500,0,-1.4497,1,0.3000,0,-1.4497,0.000,0.300
479.885,overrun,A_leg2,4.754,-0.504,27.961,27.513,0.448,OVERRUN by 435.95s,1,0.0500,0,-1.4497,1,0.3000,0,-1.4497,0.000,0.300
480.915,overrun,A_leg2,4.754,-0.504,27.961,27.513,0.448,OVERRUN by 436.98s,1,0.0500,0,-1.4497,1,0.3000,0,-1.4497,0.000,0.300
481.945,overrun,A_leg2,4.754,-0.504,27.961,27.513,0.448,OVERRUN by 438.01s,1,0.0500,0,-1.4497,1,0.3000,0,-1.4497,0.000,0.300
482.971,overrun,A_leg2,4.754,-0.504,27.961,27.513,0.448,OVERRUN by 439.04s,1,0.0500,0,-1.4497,1,0.3000,0,-1.4497,0.000,0.300
483.987,overrun,A_leg2,4.754,-0.504,27.961,27.513,0.448,OVERRUN by 440.05s,1,0.0500,0,-1.4497,1,0.3000,0,-1.4497,0.000,0.300
485.009,overrun,A_leg2,4.754,-0.504,27.961,27.513,0.448,OVERRUN by 441.07s,1,0.0500,0,-1.4497,1,0.3000,0,-1.4497,0.000,0.300
486.042,overrun,A_leg2,4.754,-0.504,27.961,27.513,0.448,OVERRUN by 442.11s,1,0.0500,0,-1.4497,1,0.3000,0,-1.4497,0.000,0.300
487.062,overrun,A_leg2,4.754,-0.504,27.961,27.513,0.448,OVERRUN by 443.13s,1,0.0500,0,-1.4497,1,0.3000,0,-1.4497,0.000,0.300
488.088,overrun,A_leg2,4.754,-0.504,27.961,27.513,0.448,OVERRUN by 444.15s,1,0.0500,0,-1.4497,1,0.3000,0,-1.4497,0.000,0.300
489.110,overrun,A_leg2,4.754,-0.504,27.961,27.513,0.448,OVERRUN by 445.17s,1,0.0500,0,-1.4497,1,0.3000,0,-1.4497,0.000,0.300
490.132,overrun,A_leg2,4.754,-0.504,27.961,27.513,0.448,OVERRUN by 446.20s,1,0.0500,0,-1.4497,1,0.3000,0,-1.4497,0.000,0.300
491.156,overrun,A_leg2,4.754,-0.504,27.961,27.513,0.448,OVERRUN by 447.22s,1,0.0500,0,-1.4497,1,0.3000,0,-1.4497,0.000,0.300
492.177,overrun,A_leg2,4.754,-0.504,27.961,27.513,0.448,OVERRUN by 448.24s,1,0.0500,0,-1.4497,1,0.3000,0,-1.4497,0.000,0.300
493.203,overrun,A_leg2,4.754,-0.504,27.961,27.513,0.448,OVERRUN by 449.27s,1,0.0500,0,-1.4497,1,0.3000,0,-1.4497,0.000,0.300
494.214,overrun,A_leg2,4.754,-0.504,27.961,27.513,0.448,OVERRUN by 450.28s,1,0.0500,0,-1.4497,1,0.3000,0,-1.4497,0.000,0.300
495.243,overrun,A_leg2,4.754,-0.504,27.961,27.513,0.448,OVERRUN by 451.31s,1,0.0500,0,-1.4497,1,0.3000,0,-1.4497,0.000,0.300
496.253,overrun,A_leg2,4.754,-0.504,27.961,27.513,0.448,OVERRUN by 452.32s,1,0.0500,0,-1.4497,1,0.3000,0,-1.4497,0.000,0.300
497.269,overrun,A_leg2,4.754,-0.504,27.961,27.513,0.448,OVERRUN by 453.33s,1,0.0500,0,-1.4497,1,0.3000,0,-1.4497,0.000,0.300
498.291,overrun,A_leg2,4.754,-0.504,27.961,27.513,0.448,OVERRUN by 454.35s,1,0.0500,0,-1.4497,1,0.3000,0,-1.4497,0.000,0.300
499.308,overrun,A_leg2,4.754,-0.504,27.961,27.513,0.448,OVERRUN by 455.37s,1,0.0500,0,-1.4497,1,0.3000,0,-1.4497,0.000,0.300
500.327,overrun,A_leg2,4.754,-0.504,27.961,27.513,0.448,OVERRUN by 456.39s,1,0.0500,0,-1.4497,1,0.3000,0,-1.4497,0.000,0.300
501.358,overrun,A_leg2,4.754,-0.504,27.961,27.513,0.448,OVERRUN by 457.42s,1,0.0500,0,-1.4497,1,0.3000,0,-1.4497,0.000,0.300
502.387,overrun,A_leg2,4.754,-0.504,27.961,27.513,0.448,OVERRUN by 458.45s,1,0.0500,0,-1.4497,1,0.3000,0,-1.4497,0.000,0.300
503.418,overrun,A_leg2,4.754,-0.504,27.961,27.513,0.448,OVERRUN by 459.48s,1,0.0500,0,-1.4497,1,0.3000,0,-1.4497,0.000,0.300
504.442,overrun,A_leg2,4.754,-0.504,27.961,27.513,0.448,OVERRUN by 460.51s,1,0.0500,0,-1.4497,1,0.3000,0,-1.4497,0.000,0.300
505.473,overrun,A_leg2,4.754,-0.504,27.961,27.513,0.448,OVERRUN by 461.54s,1,0.0500,0,-1.4497,1,0.3000,0,-1.4497,0.000,0.300
506.503,overrun,A_leg2,4.754,-0.504,27.961,27.513,0.448,OVERRUN by 462.57s,1,0.0500,0,-1.4497,1,0.3000,0,-1.4497,0.000,0.300
507.540,overrun,A_leg2,4.754,-0.504,27.961,27.513,0.448,OVERRUN by 463.60s,1,0.0500,0,-1.4497,1,0.3000,0,-1.4497,0.000,0.300
508.568,overrun,A_leg2,4.754,-0.504,27.961,27.513,0.448,OVERRUN by 464.63s,1,0.0500,0,-1.4497,1,0.3000,0,-1.4497,0.000,0.300
509.595,overrun,A_leg2,4.754,-0.504,27.961,27.513,0.448,OVERRUN by 465.66s,1,0.0500,0,-1.4497,1,0.3000,0,-1.4497,0.000,0.300
510.623,overrun,A_leg2,4.754,-0.504,27.961,27.513,0.448,OVERRUN by 466.69s,1,0.0500,0,-1.4497,1,0.3000,0,-1.4497,0.000,0.300
511.655,overrun,A_leg2,4.754,-0.504,27.961,27.513,0.448,OVERRUN by 467.72s,1,0.0500,0,-1.4497,1,0.3000,0,-1.4497,0.000,0.300
512.674,overrun,A_leg2,4.754,-0.504,27.961,27.513,0.448,OVERRUN by 468.74s,1,0.0500,0,-1.4497,1,0.3000,0,-1.4497,0.000,0.300
513.706,overrun,A_leg2,4.754,-0.504,27.961,27.513,0.448,OVERRUN by 469.77s,1,0.0500,0,-1.4497,1,0.3000,0,-1.4497,0.000,0.300
514.731,overrun,A_leg2,4.754,-0.504,27.961,27.513,0.448,OVERRUN by 470.79s,1,0.0500,0,-1.4497,1,0.3000,0,-1.4497,0.000,0.300
515.758,overrun,A_leg2,4.754,-0.504,27.961,27.513,0.448,OVERRUN by 471.82s,1,0.0500,0,-1.4497,1,0.3000,0,-1.4497,0.000,0.300
516.786,overrun,A_leg2,4.754,-0.504,27.961,27.513,0.448,OVERRUN by 472.85s,1,0.0500,0,-1.4497,1,0.3000,0,-1.4497,0.000,0.300
517.813,overrun,A_leg2,4.754,-0.504,27.961,27.513,0.448,OVERRUN by 473.88s,1,0.0500,0,-1.4497,1,0.3000,0,-1.4497,0.000,0.300
518.843,overrun,A_leg2,4.754,-0.504,27.961,27.513,0.448,OVERRUN by 474.91s,1,0.0500,0,-1.4497,1,0.3000,0,-1.4497,0.000,0.300
519.870,overrun,A_leg2,4.754,-0.504,27.961,27.513,0.448,OVERRUN by 475.93s,1,0.0500,0,-1.4497,1,0.3000,0,-1.4497,0.000,0.300
520.900,overrun,A_leg2,4.754,-0.504,27.961,27.513,0.448,OVERRUN by 476.96s,1,0.0500,0,-1.4497,1,0.3000,0,-1.4497,0.000,0.300
521.923,overrun,A_leg2,4.754,-0.504,27.961,27.513,0.448,OVERRUN by 477.99s,1,0.0500,0,-1.4497,1,0.3000,0,-1.4497,0.000,0.300
522.949,overrun,A_leg2,4.754,-0.504,27.961,27.513,0.448,OVERRUN by 479.01s,1,0.0500,0,-1.4497,1,0.3000,0,-1.4497,0.000,0.300
523.976,overrun,A_leg2,4.754,-0.504,27.961,27.513,0.448,OVERRUN by 480.04s,1,0.0500,0,-1.4497,1,0.3000,0,-1.4497,0.000,0.300
525.011,overrun,A_leg2,4.754,-0.504,27.961,27.513,0.448,OVERRUN by 481.08s,1,0.0500,0,-1.4497,1,0.3000,0,-1.4497,0.000,0.300
526.035,overrun,A_leg2,4.754,-0.504,27.961,27.513,0.448,OVERRUN by 482.10s,1,0.0500,0,-1.4497,1,0.3000,0,-1.4497,0.000,0.300
527.066,overrun,A_leg2,4.754,-0.504,27.961,27.513,0.448,OVERRUN by 483.13s,1,0.0500,0,-1.4497,1,0.3000,0,-1.4497,0.000,0.300
528.098,overrun,A_leg2,4.754,-0.504,27.961,27.513,0.448,OVERRUN by 484.16s,1,0.0500,0,-1.4497,1,0.3000,0,-1.4497,0.000,0.300
529.131,overrun,A_leg2,4.754,-0.504,27.961,27.513,0.448,OVERRUN by 485.19s,1,0.0500,0,-1.4497,1,0.3000,0,-1.4497,0.000,0.300
530.156,overrun,A_leg2,4.754,-0.504,27.961,27.513,0.448,OVERRUN by 486.22s,1,0.0500,0,-1.4497,1,0.3000,0,-1.4497,0.000,0.300
531.179,overrun,A_leg2,4.754,-0.504,27.961,27.513,0.448,OVERRUN by 487.24s,1,0.0500,0,-1.4497,1,0.3000,0,-1.4497,0.000,0.300
532.206,overrun,A_leg2,4.754,-0.504,27.961,27.513,0.448,OVERRUN by 488.27s,1,0.0500,0,-1.4497,1,0.3000,0,-1.4497,0.000,0.300
533.239,overrun,A_leg2,4.754,-0.504,27.961,27.513,0.448,OVERRUN by 489.30s,1,0.0500,0,-1.4497,1,0.3000,0,-1.4497,0.000,0.300
534.266,overrun,A_leg2,4.754,-0.504,27.961,27.513,0.448,OVERRUN by 490.33s,1,0.0500,0,-1.4497,1,0.3000,0,-1.4497,0.000,0.300
535.281,overrun,A_leg2,4.754,-0.504,27.961,27.513,0.448,OVERRUN by 491.34s,1,0.0500,0,-1.4497,1,0.3000,0,-1.4497,0.000,0.300
536.316,overrun,A_leg2,4.754,-0.504,27.961,27.513,0.448,OVERRUN by 492.38s,1,0.0500,0,-1.4497,1,0.3000,0,-1.4497,0.000,0.300
537.348,overrun,A_leg2,4.754,-0.504,27.961,27.513,0.448,OVERRUN by 493.41s,1,0.0500,0,-1.4497,1,0.3000,0,-1.4497,0.000,0.300
538.366,overrun,A_leg2,4.754,-0.504,27.961,27.513,0.448,OVERRUN by 494.43s,1,0.0500,0,-1.4497,1,0.3000,0,-1.4497,0.000,0.300
539.388,overrun,A_leg2,4.754,-0.504,27.961,27.513,0.448,OVERRUN by 495.45s,1,0.0500,0,-1.4497,1,0.3000,0,-1.4497,0.000,0.300
540.409,overrun,A_leg2,4.754,-0.504,27.961,27.513,0.448,OVERRUN by 496.47s,1,0.0500,0,-1.4497,1,0.3000,0,-1.4497,0.000,0.300
541.445,overrun,A_leg2,4.754,-0.504,27.961,27.513,0.448,OVERRUN by 497.51s,1,0.0500,0,-1.4497,1,0.3000,0,-1.4497,0.000,0.300
542.471,overrun,A_leg2,4.754,-0.504,27.961,27.513,0.448,OVERRUN by 498.53s,1,0.0500,0,-1.4497,1,0.3000,0,-1.4497,0.000,0.300
543.502,overrun,A_leg2,4.754,-0.504,27.961,27.513,0.448,OVERRUN by 499.57s,1,0.0500,0,-1.4497,1,0.3000,0,-1.4497,0.000,0.300
544.528,overrun,A_leg2,4.754,-0.504,27.961,27.513,0.448,OVERRUN by 500.59s,1,0.0500,0,-1.4497,1,0.3000,0,-1.4497,0.000,0.300
545.555,overrun,A_leg2,4.754,-0.504,27.961,27.513,0.448,OVERRUN by 501.62s,1,0.0500,0,-1.4497,1,0.3000,0,-1.4497,0.000,0.300
546.589,overrun,A_leg2,4.754,-0.504,27.961,27.513,0.448,OVERRUN by 502.65s,1,0.0500,0,-1.4497,1,0.3000,0,-1.4497,0.000,0.300
547.620,overrun,A_leg2,4.754,-0.504,27.961,27.513,0.448,OVERRUN by 503.68s,1,0.0500,0,-1.4497,1,0.3000,0,-1.4497,0.000,0.300
548.648,overrun,A_leg2,4.754,-0.504,27.961,27.513,0.448,OVERRUN by 504.71s,1,0.0500,0,-1.4497,1,0.3000,0,-1.4497,0.000,0.300
549.669,overrun,A_leg2,4.754,-0.504,27.961,27.513,0.448,OVERRUN by 505.73s,1,0.0500,0,-1.4497,1,0.3000,0,-1.4497,0.000,0.300
550.696,overrun,A_leg2,4.754,-0.504,27.961,27.513,0.448,OVERRUN by 506.76s,1,0.0500,0,-1.4497,1,0.3000,0,-1.4497,0.000,0.300
551.727,overrun,A_leg2,4.754,-0.504,27.961,27.513,0.448,OVERRUN by 507.79s,1,0.0500,0,-1.4497,1,0.3000,0,-1.4497,0.000,0.300
552.751,overrun,A_leg2,4.754,-0.504,27.961,27.513,0.448,OVERRUN by 508.81s,1,0.0500,0,-1.4497,1,0.3000,0,-1.4497,0.000,0.300
553.786,overrun,A_leg2,4.754,-0.504,27.961,27.513,0.448,OVERRUN by 509.85s,1,0.0500,0,-1.4497,1,0.3000,0,-1.4497,0.000,0.300
554.808,overrun,A_leg2,4.754,-0.504,27.961,27.513,0.448,OVERRUN by 510.87s,1,0.0500,0,-1.4497,1,0.3000,0,-1.4497,0.000,0.300
555.839,overrun,A_leg2,4.754,-0.504,27.961,27.513,0.448,OVERRUN by 511.90s,1,0.0500,0,-1.4497,1,0.3000,0,-1.4497,0.000,0.300
556.872,overrun,A_leg2,4.754,-0.504,27.961,27.513,0.448,OVERRUN by 512.94s,1,0.0500,0,-1.4497,1,0.3000,0,-1.4497,0.000,0.300
557.889,overrun,A_leg2,4.754,-0.504,27.961,27.513,0.448,OVERRUN by 513.95s,1,0.0500,0,-1.4497,1,0.3000,0,-1.4497,0.000,0.300
558.906,overrun,A_leg2,4.754,-0.504,27.961,27.513,0.448,OVERRUN by 514.97s,1,0.0500,0,-1.4497,1,0.3000,0,-1.4497,0.000,0.300
559.927,overrun,A_leg2,4.754,-0.504,27.961,27.513,0.448,OVERRUN by 515.99s,1,0.0500,0,-1.4497,1,0.3000,0,-1.4497,0.000,0.300
560.963,overrun,A_leg2,4.754,-0.504,27.961,27.513,0.448,OVERRUN by 517.03s,1,0.0500,0,-1.4497,1,0.3000,0,-1.4497,0.000,0.300
561.998,overrun,A_leg2,4.754,-0.504,27.961,27.513,0.448,OVERRUN by 518.06s,1,0.0500,0,-1.4497,1,0.3000,0,-1.4497,0.000,0.300
563.032,overrun,A_leg2,4.754,-0.504,27.961,27.513,0.448,OVERRUN by 519.10s,1,0.0500,0,-1.4497,1,0.3000,0,-1.4497,0.000,0.300
564.060,overrun,A_leg2,4.754,-0.504,27.961,27.513,0.448,OVERRUN by 520.12s,1,0.0500,0,-1.4497,1,0.3000,0,-1.4497,0.000,0.300
565.094,overrun,A_leg2,4.754,-0.504,27.961,27.513,0.448,OVERRUN by 521.16s,1,0.0500,0,-1.4497,1,0.3000,0,-1.4497,0.000,0.300
566.112,overrun,A_leg2,4.754,-0.504,27.961,27.513,0.448,OVERRUN by 522.18s,1,0.0500,0,-1.4497,1,0.3000,0,-1.4497,0.000,0.300
567.133,overrun,A_leg2,4.754,-0.504,27.961,27.513,0.448,OVERRUN by 523.20s,1,0.0500,0,-1.4497,1,0.3000,0,-1.4497,0.000,0.300
568.162,overrun,A_leg2,4.754,-0.504,27.961,27.513,0.448,OVERRUN by 524.23s,1,0.0500,0,-1.4497,1,0.3000,0,-1.4497,0.000,0.300
569.182,overrun,A_leg2,4.754,-0.504,27.961,27.513,0.448,OVERRUN by 525.25s,1,0.0500,0,-1.4497,1,0.3000,0,-1.4497,0.000,0.300
570.211,overrun,A_leg2,4.754,-0.504,27.961,27.513,0.448,OVERRUN by 526.28s,1,0.0500,0,-1.4497,1,0.3000,0,-1.4497,0.000,0.300
571.240,overrun,A_leg2,4.754,-0.504,27.961,27.513,0.448,OVERRUN by 527.30s,1,0.0500,0,-1.4497,1,0.3000,0,-1.4497,0.000,0.300
572.259,overrun,A_leg2,4.754,-0.504,27.961,27.513,0.448,OVERRUN by 528.32s,1,0.0500,0,-1.4497,1,0.3000,0,-1.4497,0.000,0.300
573.289,overrun,A_leg2,4.754,-0.504,27.961,27.513,0.448,OVERRUN by 529.35s,1,0.0500,0,-1.4497,1,0.3000,0,-1.4497,0.000,0.300
574.310,overrun,A_leg2,4.754,-0.504,27.961,27.513,0.448,OVERRUN by 530.37s,1,0.0500,0,-1.4497,1,0.3000,0,-1.4497,0.000,0.300
575.328,overrun,A_leg2,4.754,-0.504,27.961,27.513,0.448,OVERRUN by 531.39s,1,0.0500,0,-1.4497,1,0.3000,0,-1.4497,0.000,0.300
576.349,overrun,A_leg2,4.754,-0.504,27.961,27.513,0.448,OVERRUN by 532.41s,1,0.0500,0,-1.4497,1,0.3000,0,-1.4497,0.000,0.300
577.371,overrun,A_leg2,4.754,-0.504,27.961,27.513,0.448,OVERRUN by 533.43s,1,0.0500,0,-1.4497,1,0.3000,0,-1.4497,0.000,0.300
578.402,overrun,A_leg2,4.754,-0.504,27.961,27.513,0.448,OVERRUN by 534.47s,1,0.0500,0,-1.4497,1,0.3000,0,-1.4497,0.000,0.300
579.433,overrun,A_leg2,4.754,-0.504,27.961,27.513,0.448,OVERRUN by 535.50s,1,0.0500,0,-1.4497,1,0.3000,0,-1.4497,0.000,0.300
580.458,overrun,A_leg2,4.754,-0.504,27.961,27.513,0.448,OVERRUN by 536.52s,1,0.0500,0,-1.4497,1,0.3000,0,-1.4497,0.000,0.300
581.493,overrun,A_leg2,4.754,-0.504,27.961,27.513,0.448,OVERRUN by 537.56s,1,0.0500,0,-1.4497,1,0.3000,0,-1.4497,0.000,0.300
582.519,overrun,A_leg2,4.754,-0.504,27.961,27.513,0.448,OVERRUN by 538.58s,1,0.0500,0,-1.4497,1,0.3000,0,-1.4497,0.000,0.300
583.547,overrun,A_leg2,4.754,-0.504,27.961,27.513,0.448,OVERRUN by 539.61s,1,0.0500,0,-1.4497,1,0.3000,0,-1.4497,0.000,0.300
584.581,overrun,A_leg2,4.754,-0.504,27.961,27.513,0.448,OVERRUN by 540.64s,1,0.0500,0,-1.4497,1,0.3000,0,-1.4497,0.000,0.300
585.612,overrun,A_leg2,4.754,-0.504,27.961,27.513,0.448,OVERRUN by 541.68s,1,0.0500,0,-1.4497,1,0.3000,0,-1.4497,0.000,0.300
586.628,overrun,A_leg2,4.754,-0.504,27.961,27.513,0.448,OVERRUN by 542.69s,1,0.0500,0,-1.4497,1,0.3000,0,-1.4497,0.000,0.300
587.653,overrun,A_leg2,4.754,-0.504,27.961,27.513,0.448,OVERRUN by 543.72s,1,0.0500,0,-1.4497,1,0.3000,0,-1.4497,0.000,0.300
588.679,overrun,A_leg2,4.754,-0.504,27.961,27.513,0.448,OVERRUN by 544.74s,1,0.0500,0,-1.4497,1,0.3000,0,-1.4497,0.000,0.300
589.697,overrun,A_leg2,4.754,-0.504,27.961,27.513,0.448,OVERRUN by 545.76s,1,0.0500,0,-1.4497,1,0.3000,0,-1.4497,0.000,0.300
590.731,overrun,A_leg2,4.754,-0.504,27.961,27.513,0.448,OVERRUN by 546.79s,1,0.0500,0,-1.4497,1,0.3000,0,-1.4497,0.000,0.300
591.757,overrun,A_leg2,4.754,-0.504,27.961,27.513,0.448,OVERRUN by 547.82s,1,0.0500,0,-1.4497,1,0.3000,0,-1.4497,0.000,0.300
592.787,overrun,A_leg2,4.754,-0.504,27.961,27.513,0.448,OVERRUN by 548.85s,1,0.0500,0,-1.4497,1,0.3000,0,-1.4497,0.000,0.300
593.812,overrun,A_leg2,4.754,-0.504,27.961,27.513,0.448,OVERRUN by 549.88s,1,0.0500,0,-1.4497,1,0.3000,0,-1.4497,0.000,0.300
594.830,overrun,A_leg2,4.754,-0.504,27.961,27.513,0.448,OVERRUN by 550.89s,1,0.0500,0,-1.4497,1,0.3000,0,-1.4497,0.000,0.300
595.853,overrun,A_leg2,4.754,-0.504,27.961,27.513,0.448,OVERRUN by 551.92s,1,0.0500,0,-1.4497,1,0.3000,0,-1.4497,0.000,0.300
596.889,overrun,A_leg2,4.754,-0.504,27.961,27.513,0.448,OVERRUN by 552.95s,1,0.0500,0,-1.4497,1,0.3000,0,-1.4497,0.000,0.300
597.915,overrun,A_leg2,4.754,-0.504,27.961,27.513,0.448,OVERRUN by 553.98s,1,0.0500,0,-1.4497,1,0.3000,0,-1.4497,0.000,0.300
598.932,overrun,A_leg2,4.754,-0.504,27.961,27.513,0.448,OVERRUN by 555.00s,1,0.0500,0,-1.4497,1,0.3000,0,-1.4497,0.000,0.300
599.969,overrun,A_leg2,4.754,-0.504,27.961,27.513,0.448,OVERRUN by 556.03s,1,0.0500,0,-1.4497,1,0.3000,0,-1.4497,0.000,0.300
600.998,overrun,A_leg2,4.754,-0.504,27.961,27.513,0.448,OVERRUN by 557.06s,1,0.0500,0,-1.4497,1,0.3000,0,-1.4497,0.000,0.300
602.034,overrun,A_leg2,4.754,-0.504,27.961,27.513,0.448,OVERRUN by 558.10s,1,0.0500,0,-1.4497,1,0.3000,0,-1.4497,0.000,0.300
603.064,overrun,A_leg2,4.754,-0.504,27.961,27.513,0.448,OVERRUN by 559.13s,1,0.0500,0,-1.4497,1,0.3000,0,-1.4497,0.000,0.300
604.089,overrun,A_leg2,4.754,-0.504,27.961,27.513,0.448,OVERRUN by 560.15s,1,0.0500,0,-1.4497,1,0.3000,0,-1.4497,0.000,0.300
605.111,overrun,A_leg2,4.754,-0.504,27.961,27.513,0.448,OVERRUN by 561.17s,1,0.0500,0,-1.4497,1,0.3000,0,-1.4497,0.000,0.300
606.144,overrun,A_leg2,4.754,-0.504,27.961,27.513,0.448,OVERRUN by 562.21s,1,0.0500,0,-1.4497,1,0.3000,0,-1.4497,0.000,0.300
607.158,overrun,A_leg2,4.754,-0.504,27.961,27.513,0.448,OVERRUN by 563.22s,1,0.0500,0,-1.4497,1,0.3000,0,-1.4497,0.000,0.300
608.193,overrun,A_leg2,4.754,-0.504,27.961,27.513,0.448,OVERRUN by 564.26s,1,0.0500,0,-1.4497,1,0.3000,0,-1.4497,0.000,0.300
609.222,overrun,A_leg2,4.754,-0.504,27.961,27.513,0.448,OVERRUN by 565.29s,1,0.0500,0,-1.4497,1,0.3000,0,-1.4497,0.000,0.300
610.246,overrun,A_leg2,4.754,-0.504,27.961,27.513,0.448,OVERRUN by 566.31s,1,0.0500,0,-1.4497,1,0.3000,0,-1.4497,0.000,0.300
611.274,overrun,A_leg2,4.754,-0.504,27.961,27.513,0.448,OVERRUN by 567.34s,1,0.0500,0,-1.4497,1,0.3000,0,-1.4497,0.000,0.300
612.286,overrun,A_leg2,4.754,-0.504,27.961,27.513,0.448,OVERRUN by 568.35s,1,0.0500,0,-1.4497,1,0.3000,0,-1.4497,0.000,0.300
613.312,overrun,A_leg2,4.754,-0.504,27.961,27.513,0.448,OVERRUN by 569.38s,1,0.0500,0,-1.4497,1,0.3000,0,-1.4497,0.000,0.300
614.329,overrun,A_leg2,4.754,-0.504,27.961,27.513,0.448,OVERRUN by 570.39s,1,0.0500,0,-1.4497,1,0.3000,0,-1.4497,0.000,0.300
615.372,overrun,A_leg2,4.754,-0.504,27.961,27.513,0.448,OVERRUN by 571.44s,1,0.0500,0,-1.4497,1,0.3000,0,-1.4497,0.000,0.300
616.405,overrun,A_leg2,4.754,-0.504,27.961,27.513,0.448,OVERRUN by 572.47s,1,0.0500,0,-1.4497,1,0.3000,0,-1.4497,0.000,0.300
617.440,overrun,A_leg2,4.754,-0.504,27.961,27.513,0.448,OVERRUN by 573.50s,1,0.0500,0,-1.4497,1,0.3000,0,-1.4497,0.000,0.300
618.465,overrun,A_leg2,4.754,-0.504,27.961,27.513,0.448,OVERRUN by 574.53s,1,0.0500,0,-1.4497,1,0.3000,0,-1.4497,0.000,0.300
619.494,overrun,A_leg2,4.754,-0.504,27.961,27.513,0.448,OVERRUN by 575.56s,1,0.0500,0,-1.4497,1,0.3000,0,-1.4497,0.000,0.300
620.511,overrun,A_leg2,4.754,-0.504,27.961,27.513,0.448,OVERRUN by 576.57s,1,0.0500,0,-1.4497,1,0.3000,0,-1.4497,0.000,0.300
621.544,overrun,A_leg2,4.754,-0.504,27.961,27.513,0.448,OVERRUN by 577.61s,1,0.0500,0,-1.4497,1,0.3000,0,-1.4497,0.000,0.300
622.569,overrun,A_leg2,4.754,-0.504,27.961,27.513,0.448,OVERRUN by 578.63s,1,0.0500,0,-1.4497,1,0.3000,0,-1.4497,0.000,0.300
623.597,overrun,A_leg2,4.754,-0.504,27.961,27.513,0.448,OVERRUN by 579.66s,1,0.0500,0,-1.4497,1,0.3000,0,-1.4497,0.000,0.300
624.599,overrun,A_leg2,4.754,-0.504,27.961,27.513,0.448,OVERRUN by 580.66s,1,0.0500,0,-1.4497,1,0.3000,0,-1.4497,0.000,0.300
625.631,overrun,A_leg2,4.754,-0.504,27.961,27.513,0.448,OVERRUN by 581.69s,1,0.0500,0,-1.4497,1,0.3000,0,-1.4497,0.000,0.300
626.662,overrun,A_leg2,4.754,-0.504,27.961,27.513,0.448,OVERRUN by 582.73s,1,0.0500,0,-1.4497,1,0.3000,0,-1.4497,0.000,0.300
627.677,overrun,A_leg2,4.754,-0.504,27.961,27.513,0.448,OVERRUN by 583.74s,1,0.0500,0,-1.4497,1,0.3000,0,-1.4497,0.000,0.300
628.714,overrun,A_leg2,4.754,-0.504,27.961,27.513,0.448,OVERRUN by 584.78s,1,0.0500,0,-1.4497,1,0.3000,0,-1.4497,0.000,0.300
629.742,overrun,A_leg2,4.754,-0.504,27.961,27.513,0.448,OVERRUN by 585.81s,1,0.0500,0,-1.4497,1,0.3000,0,-1.4497,0.000,0.300
630.775,overrun,A_leg2,4.754,-0.504,27.961,27.513,0.448,OVERRUN by 586.84s,1,0.0500,0,-1.4497,1,0.3000,0,-1.4497,0.000,0.300
631.802,overrun,A_leg2,4.754,-0.504,27.961,27.513,0.448,OVERRUN by 587.87s,1,0.0500,0,-1.4497,1,0.3000,0,-1.4497,0.000,0.300
632.827,overrun,A_leg2,4.754,-0.504,27.961,27.513,0.448,OVERRUN by 588.89s,1,0.0500,0,-1.4497,1,0.3000,0,-1.4497,0.000,0.300
633.854,overrun,A_leg2,4.754,-0.504,27.961,27.513,0.448,OVERRUN by 589.92s,1,0.0500,0,-1.4497,1,0.3000,0,-1.4497,0.000,0.300
634.884,overrun,A_leg2,4.754,-0.504,27.961,27.513,0.448,OVERRUN by 590.95s,1,0.0500,0,-1.4497,1,0.3000,0,-1.4497,0.000,0.300
635.913,overrun,A_leg2,4.754,-0.504,27.961,27.513,0.448,OVERRUN by 591.98s,1,0.0500,0,-1.4497,1,0.3000,0,-1.4497,0.000,0.300
636.948,overrun,A_leg2,4.754,-0.504,27.961,27.513,0.448,OVERRUN by 593.01s,1,0.0500,0,-1.4497,1,0.3000,0,-1.4497,0.000,0.300
637.973,overrun,A_leg2,4.754,-0.504,27.961,27.513,0.448,OVERRUN by 594.04s,1,0.0500,0,-1.4497,1,0.3000,0,-1.4497,0.000,0.300
639.007,overrun,A_leg2,4.754,-0.504,27.961,27.513,0.448,OVERRUN by 595.07s,1,0.0500,0,-1.4497,1,0.3000,0,-1.4497,0.000,0.300
640.030,overrun,A_leg2,4.754,-0.504,27.961,27.513,0.448,OVERRUN by 596.09s,1,0.0500,0,-1.4497,1,0.3000,0,-1.4497,0.000,0.300
641.058,overrun,A_leg2,4.754,-0.504,27.961,27.513,0.448,OVERRUN by 597.12s,1,0.0500,0,-1.4497,1,0.3000,0,-1.4497,0.000,0.300
642.077,overrun,A_leg2,4.754,-0.504,27.961,27.513,0.448,OVERRUN by 598.14s,1,0.0500,0,-1.4497,1,0.3000,0,-1.4497,0.000,0.300
643.107,overrun,A_leg2,4.754,-0.504,27.961,27.513,0.448,OVERRUN by 599.17s,1,0.0500,0,-1.4497,1,0.3000,0,-1.4497,0.000,0.300
644.123,overrun,A_leg2,4.754,-0.504,27.961,27.513,0.448,OVERRUN by 600.19s,1,0.0500,0,-1.4497,1,0.3000,0,-1.4497,0.000,0.300
645.147,overrun,A_leg2,4.754,-0.504,27.961,27.513,0.448,OVERRUN by 601.21s,1,0.0500,0,-1.4497,1,0.3000,0,-1.4497,0.000,0.300
646.185,overrun,A_leg2,4.754,-0.504,27.961,27.513,0.448,OVERRUN by 602.25s,1,0.0500,0,-1.4497,1,0.3000,0,-1.4497,0.000,0.300
647.211,overrun,A_leg2,4.754,-0.504,27.961,27.513,0.448,OVERRUN by 603.27s,1,0.0500,0,-1.4497,1,0.3000,0,-1.4497,0.000,0.300
648.243,overrun,A_leg2,4.754,-0.504,27.961,27.513,0.448,OVERRUN by 604.31s,1,0.0500,0,-1.4497,1,0.3000,0,-1.4497,0.000,0.300
649.269,overrun,A_leg2,4.754,-0.504,27.961,27.513,0.448,OVERRUN by 605.33s,1,0.0500,0,-1.4497,1,0.3000,0,-1.4497,0.000,0.300
650.294,overrun,A_leg2,4.754,-0.504,27.961,27.513,0.448,OVERRUN by 606.36s,1,0.0500,0,-1.4497,1,0.3000,0,-1.4497,0.000,0.300
651.320,overrun,A_leg2,4.754,-0.504,27.961,27.513,0.448,OVERRUN by 607.38s,1,0.0500,0,-1.4497,1,0.3000,0,-1.4497,0.000,0.300
652.347,overrun,A_leg2,4.754,-0.504,27.961,27.513,0.448,OVERRUN by 608.41s,1,0.0500,0,-1.4497,1,0.3000,0,-1.4497,0.000,0.300
653.374,overrun,A_leg2,4.754,-0.504,27.961,27.513,0.448,OVERRUN by 609.44s,1,0.0500,0,-1.4497,1,0.3000,0,-1.4497,0.000,0.300
654.411,overrun,A_leg2,4.754,-0.504,27.961,27.513,0.448,OVERRUN by 610.47s,1,0.0500,0,-1.4497,1,0.3000,0,-1.4497,0.000,0.300
655.443,overrun,A_leg2,4.754,-0.504,27.961,27.513,0.448,OVERRUN by 611.51s,1,0.0500,0,-1.4497,1,0.3000,0,-1.4497,0.000,0.300
656.463,overrun,A_leg2,4.754,-0.504,27.961,27.513,0.448,OVERRUN by 612.53s,1,0.0500,0,-1.4497,1,0.3000,0,-1.4497,0.000,0.300
657.498,overrun,A_leg2,4.754,-0.504,27.961,27.513,0.448,OVERRUN by 613.56s,1,0.0500,0,-1.4497,1,0.3000,0,-1.4497,0.000,0.300
658.523,overrun,A_leg2,4.754,-0.504,27.961,27.513,0.448,OVERRUN by 614.59s,1,0.0500,0,-1.4497,1,0.3000,0,-1.4497,0.000,0.300
659.548,overrun,A_leg2,4.754,-0.504,27.961,27.513,0.448,OVERRUN by 615.61s,1,0.0500,0,-1.4497,1,0.3000,0,-1.4497,0.000,0.300
660.570,overrun,A_leg2,4.754,-0.504,27.961,27.513,0.448,OVERRUN by 616.63s,1,0.0500,0,-1.4497,1,0.3000,0,-1.4497,0.000,0.300
661.601,overrun,A_leg2,4.754,-0.504,27.961,27.513,0.448,OVERRUN by 617.66s,1,0.0500,0,-1.4497,1,0.3000,0,-1.4497,0.000,0.300
662.628,overrun,A_leg2,4.754,-0.504,27.961,27.513,0.448,OVERRUN by 618.69s,1,0.0500,0,-1.4497,1,0.3000,0,-1.4497,0.000,0.300
663.668,overrun,A_leg2,4.754,-0.504,27.961,27.513,0.448,OVERRUN by 619.73s,1,0.0500,0,-1.4497,1,0.3000,0,-1.4497,0.000,0.300
664.702,overrun,A_leg2,4.754,-0.504,27.961,27.513,0.448,OVERRUN by 620.77s,1,0.0500,0,-1.4497,1,0.3000,0,-1.4497,0.000,0.300
665.740,overrun,A_leg2,4.754,-0.504,27.961,27.513,0.448,OVERRUN by 621.80s,1,0.0500,0,-1.4497,1,0.3000,0,-1.4497,0.000,0.300
666.769,overrun,A_leg2,4.754,-0.504,27.961,27.513,0.448,OVERRUN by 622.83s,1,0.0500,0,-1.4497,1,0.3000,0,-1.4497,0.000,0.300
667.799,overrun,A_leg2,4.754,-0.504,27.961,27.513,0.448,OVERRUN by 623.86s,1,0.0500,0,-1.4497,1,0.3000,0,-1.4497,0.000,0.300
668.833,overrun,A_leg2,4.754,-0.504,27.961,27.513,0.448,OVERRUN by 624.90s,1,0.0500,0,-1.4497,1,0.3000,0,-1.4497,0.000,0.300
669.855,overrun,A_leg2,4.754,-0.504,27.961,27.513,0.448,OVERRUN by 625.92s,1,0.0500,0,-1.4497,1,0.3000,0,-1.4497,0.000,0.300
670.888,overrun,A_leg2,4.754,-0.504,27.961,27.513,0.448,OVERRUN by 626.95s,1,0.0500,0,-1.4497,1,0.3000,0,-1.4497,0.000,0.300
671.911,overrun,A_leg2,4.754,-0.504,27.961,27.513,0.448,OVERRUN by 627.97s,1,0.0500,0,-1.4497,1,0.3000,0,-1.4497,0.000,0.300
672.949,overrun,A_leg2,4.754,-0.504,27.961,27.513,0.448,OVERRUN by 629.01s,1,0.0500,0,-1.4497,1,0.3000,0,-1.4497,0.000,0.300
673.984,overrun,A_leg2,4.754,-0.504,27.961,27.513,0.448,OVERRUN by 630.05s,1,0.0500,0,-1.4497,1,0.3000,0,-1.4497,0.000,0.300
675.024,overrun,A_leg2,4.754,-0.504,27.961,27.513,0.448,OVERRUN by 631.09s,1,0.0500,0,-1.4497,1,0.3000,0,-1.4497,0.000,0.300
676.059,overrun,A_leg2,4.754,-0.504,27.961,27.513,0.448,OVERRUN by 632.12s,1,0.0500,0,-1.4497,1,0.3000,0,-1.4497,0.000,0.300
677.083,overrun,A_leg2,4.754,-0.504,27.961,27.513,0.448,OVERRUN by 633.15s,1,0.0500,0,-1.4497,1,0.3000,0,-1.4497,0.000,0.300
678.114,overrun,A_leg2,4.754,-0.504,27.961,27.513,0.448,OVERRUN by 634.18s,1,0.0500,0,-1.4497,1,0.3000,0,-1.4497,0.000,0.300
679.134,overrun,A_leg2,4.754,-0.504,27.961,27.513,0.448,OVERRUN by 635.20s,1,0.0500,0,-1.4497,1,0.3000,0,-1.4497,0.000,0.300
680.155,overrun,A_leg2,4.754,-0.504,27.961,27.513,0.448,OVERRUN by 636.22s,1,0.0500,0,-1.4497,1,0.3000,0,-1.4497,0.000,0.300
681.177,overrun,A_leg2,4.754,-0.504,27.961,27.513,0.448,OVERRUN by 637.24s,1,0.0500,0,-1.4497,1,0.3000,0,-1.4497,0.000,0.300
682.202,overrun,A_leg2,4.754,-0.504,27.961,27.513,0.448,OVERRUN by 638.27s,1,0.0500,0,-1.4497,1,0.3000,0,-1.4497,0.000,0.300
683.223,overrun,A_leg2,4.754,-0.504,27.961,27.513,0.448,OVERRUN by 639.29s,1,0.0500,0,-1.4497,1,0.3000,0,-1.4497,0.000,0.300
684.250,overrun,A_leg2,4.754,-0.504,27.961,27.513,0.448,OVERRUN by 640.31s,1,0.0500,0,-1.4497,1,0.3000,0,-1.4497,0.000,0.300
685.276,overrun,A_leg2,4.754,-0.504,27.961,27.513,0.448,OVERRUN by 641.34s,1,0.0500,0,-1.4497,1,0.3000,0,-1.4497,0.000,0.300
686.308,overrun,A_leg2,4.754,-0.504,27.961,27.513,0.448,OVERRUN by 642.37s,1,0.0500,0,-1.4497,1,0.3000,0,-1.4497,0.000,0.300
687.326,overrun,A_leg2,4.754,-0.504,27.961,27.513,0.448,OVERRUN by 643.39s,1,0.0500,0,-1.4497,1,0.3000,0,-1.4497,0.000,0.300
688.358,overrun,A_leg2,4.754,-0.504,27.961,27.513,0.448,OVERRUN by 644.42s,1,0.0500,0,-1.4497,1,0.3000,0,-1.4497,0.000,0.300
689.392,overrun,A_leg2,4.754,-0.504,27.961,27.513,0.448,OVERRUN by 645.46s,1,0.0500,0,-1.4497,1,0.3000,0,-1.4497,0.000,0.300
690.418,overrun,A_leg2,4.754,-0.504,27.961,27.513,0.448,OVERRUN by 646.48s,1,0.0500,0,-1.4497,1,0.3000,0,-1.4497,0.000,0.300
691.453,overrun,A_leg2,4.754,-0.504,27.961,27.513,0.448,OVERRUN by 647.52s,1,0.0500,0,-1.4497,1,0.3000,0,-1.4497,0.000,0.300
692.478,overrun,A_leg2,4.754,-0.504,27.961,27.513,0.448,OVERRUN by 648.54s,1,0.0500,0,-1.4497,1,0.3000,0,-1.4497,0.000,0.300
693.499,overrun,A_leg2,4.754,-0.504,27.961,27.513,0.448,OVERRUN by 649.56s,1,0.0500,0,-1.4497,1,0.3000,0,-1.4497,0.000,0.300
694.527,overrun,A_leg2,4.754,-0.504,27.961,27.513,0.448,OVERRUN by 650.59s,1,0.0500,0,-1.4497,1,0.3000,0,-1.4497,0.000,0.300
695.562,overrun,A_leg2,4.754,-0.504,27.961,27.513,0.448,OVERRUN by 651.63s,1,0.0500,0,-1.4497,1,0.3000,0,-1.4497,0.000,0.300
696.590,overrun,A_leg2,4.754,-0.504,27.961,27.513,0.448,OVERRUN by 652.65s,1,0.0500,0,-1.4497,1,0.3000,0,-1.4497,0.000,0.300
697.618,overrun,A_leg2,4.754,-0.504,27.961,27.513,0.448,OVERRUN by 653.68s,1,0.0500,0,-1.4497,1,0.3000,0,-1.4497,0.000,0.300
698.652,overrun,A_leg2,4.754,-0.504,27.961,27.513,0.448,OVERRUN by 654.72s,1,0.0500,0,-1.4497,1,0.3000,0,-1.4497,0.000,0.300
699.678,overrun,A_leg2,4.754,-0.504,27.961,27.513,0.448,OVERRUN by 655.74s,1,0.0500,0,-1.4497,1,0.3000,0,-1.4497,0.000,0.300
700.712,overrun,A_leg2,4.754,-0.504,27.961,27.513,0.448,OVERRUN by 656.78s,1,0.0500,0,-1.4497,1,0.3000,0,-1.4497,0.000,0.300
701.738,overrun,A_leg2,4.754,-0.504,27.961,27.513,0.448,OVERRUN by 657.80s,1,0.0500,0,-1.4497,1,0.3000,0,-1.4497,0.000,0.300
702.762,overrun,A_leg2,4.754,-0.504,27.961,27.513,0.448,OVERRUN by 658.83s,1,0.0500,0,-1.4497,1,0.3000,0,-1.4497,0.000,0.300
703.797,overrun,A_leg2,4.754,-0.504,27.961,27.513,0.448,OVERRUN by 659.86s,1,0.0500,0,-1.4497,1,0.3000,0,-1.4497,0.000,0.300
704.823,overrun,A_leg2,4.754,-0.504,27.961,27.513,0.448,OVERRUN by 660.89s,1,0.0500,0,-1.4497,1,0.3000,0,-1.4497,0.000,0.300
705.850,overrun,A_leg2,4.754,-0.504,27.961,27.513,0.448,OVERRUN by 661.91s,1,0.0500,0,-1.4497,1,0.3000,0,-1.4497,0.000,0.300
706.884,overrun,A_leg2,4.754,-0.504,27.961,27.513,0.448,OVERRUN by 662.95s,1,0.0500,0,-1.4497,1,0.3000,0,-1.4497,0.000,0.300
707.913,overrun,A_leg2,4.754,-0.504,27.961,27.513,0.448,OVERRUN by 663.98s,1,0.0500,0,-1.4497,1,0.3000,0,-1.4497,0.000,0.300
708.945,overrun,A_leg2,4.754,-0.504,27.961,27.513,0.448,OVERRUN by 665.01s,1,0.0500,0,-1.4497,1,0.3000,0,-1.4497,0.000,0.300
709.974,overrun,A_leg2,4.754,-0.504,27.961,27.513,0.448,OVERRUN by 666.04s,1,0.0500,0,-1.4497,1,0.3000,0,-1.4497,0.000,0.300
711.004,overrun,A_leg2,4.754,-0.504,27.961,27.513,0.448,OVERRUN by 667.07s,1,0.0500,0,-1.4497,1,0.3000,0,-1.4497,0.000,0.300
712.037,overrun,A_leg2,4.754,-0.504,27.961,27.513,0.448,OVERRUN by 668.10s,1,0.0500,0,-1.4497,1,0.3000,0,-1.4497,0.000,0.300
713.073,overrun,A_leg2,4.754,-0.504,27.961,27.513,0.448,OVERRUN by 669.14s,1,0.0500,0,-1.4497,1,0.3000,0,-1.4497,0.000,0.300
714.106,overrun,A_leg2,4.754,-0.504,27.961,27.513,0.448,OVERRUN by 670.17s,1,0.0500,0,-1.4497,1,0.3000,0,-1.4497,0.000,0.300
715.138,overrun,A_leg2,4.754,-0.504,27.961,27.513,0.448,OVERRUN by 671.20s,1,0.0500,0,-1.4497,1,0.3000,0,-1.4497,0.000,0.300
716.172,overrun,A_leg2,4.754,-0.504,27.961,27.513,0.448,OVERRUN by 672.24s,1,0.0500,0,-1.4497,1,0.3000,0,-1.4497,0.000,0.300
717.203,overrun,A_leg2,4.754,-0.504,27.961,27.513,0.448,OVERRUN by 673.27s,1,0.0500,0,-1.4497,1,0.3000,0,-1.4497,0.000,0.300
718.237,overrun,A_leg2,4.754,-0.504,27.961,27.513,0.448,OVERRUN by 674.30s,1,0.0500,0,-1.4497,1,0.3000,0,-1.4497,0.000,0.300
719.263,overrun,A_leg2,4.754,-0.504,27.961,27.513,0.448,OVERRUN by 675.33s,1,0.0500,0,-1.4497,1,0.3000,0,-1.4497,0.000,0.300
720.279,overrun,A_leg2,4.754,-0.504,27.961,27.513,0.448,OVERRUN by 676.34s,1,0.0500,0,-1.4497,1,0.3000,0,-1.4497,0.000,0.300
721.302,overrun,A_leg2,4.754,-0.504,27.961,27.513,0.448,OVERRUN by 677.37s,1,0.0500,0,-1.4497,1,0.3000,0,-1.4497,0.000,0.300
722.330,overrun,A_leg2,4.754,-0.504,27.961,27.513,0.448,OVERRUN by 678.39s,1,0.0500,0,-1.4497,1,0.3000,0,-1.4497,0.000,0.300
723.359,overrun,A_leg2,4.754,-0.504,27.961,27.513,0.448,OVERRUN by 679.42s,1,0.0500,0,-1.4497,1,0.3000,0,-1.4497,0.000,0.300
724.386,overrun,A_leg2,4.754,-0.504,27.961,27.513,0.448,OVERRUN by 680.45s,1,0.0500,0,-1.4497,1,0.3000,0,-1.4497,0.000,0.300
725.416,overrun,A_leg2,4.754,-0.504,27.961,27.513,0.448,OVERRUN by 681.48s,1,0.0500,0,-1.4497,1,0.3000,0,-1.4497,0.000,0.300
726.437,overrun,A_leg2,4.754,-0.504,27.961,27.513,0.448,OVERRUN by 682.50s,1,0.0500,0,-1.4497,1,0.3000,0,-1.4497,0.000,0.300
727.464,overrun,A_leg2,4.754,-0.504,27.961,27.513,0.448,OVERRUN by 683.53s,1,0.0500,0,-1.4497,1,0.3000,0,-1.4497,0.000,0.300
728.494,overrun,A_leg2,4.754,-0.504,27.961,27.513,0.448,OVERRUN by 684.56s,1,0.0500,0,-1.4497,1,0.3000,0,-1.4497,0.000,0.300
729.515,overrun,A_leg2,4.754,-0.504,27.961,27.513,0.448,OVERRUN by 685.58s,1,0.0500,0,-1.4497,1,0.3000,0,-1.4497,0.000,0.300
730.527,overrun,A_leg2,4.754,-0.504,27.961,27.513,0.448,OVERRUN by 686.59s,1,0.0500,0,-1.4497,1,0.3000,0,-1.4497,0.000,0.300
731.546,overrun,A_leg2,4.754,-0.504,27.961,27.513,0.448,OVERRUN by 687.61s,1,0.0500,0,-1.4497,1,0.3000,0,-1.4497,0.000,0.300
732.569,overrun,A_leg2,4.754,-0.504,27.961,27.513,0.448,OVERRUN by 688.63s,1,0.0500,0,-1.4497,1,0.3000,0,-1.4497,0.000,0.300
733.598,overrun,A_leg2,4.754,-0.504,27.961,27.513,0.448,OVERRUN by 689.66s,1,0.0500,0,-1.4497,1,0.3000,0,-1.4497,0.000,0.300
734.626,overrun,A_leg2,4.754,-0.504,27.961,27.513,0.448,OVERRUN by 690.69s,1,0.0500,0,-1.4497,1,0.3000,0,-1.4497,0.000,0.300
735.655,overrun,A_leg2,4.754,-0.504,27.961,27.513,0.448,OVERRUN by 691.72s,1,0.0500,0,-1.4497,1,0.3000,0,-1.4497,0.000,0.300
736.680,overrun,A_leg2,4.754,-0.504,27.961,27.513,0.448,OVERRUN by 692.74s,1,0.0500,0,-1.4497,1,0.3000,0,-1.4497,0.000,0.300
737.709,overrun,A_leg2,4.754,-0.504,27.961,27.513,0.448,OVERRUN by 693.77s,1,0.0500,0,-1.4497,1,0.3000,0,-1.4497,0.000,0.300
738.740,overrun,A_leg2,4.754,-0.504,27.961,27.513,0.448,OVERRUN by 694.80s,1,0.0500,0,-1.4497,1,0.3000,0,-1.4497,0.000,0.300
739.775,overrun,A_leg2,4.754,-0.504,27.961,27.513,0.448,OVERRUN by 695.84s,1,0.0500,0,-1.4497,1,0.3000,0,-1.4497,0.000,0.300
740.787,overrun,A_leg2,4.754,-0.504,27.961,27.513,0.448,OVERRUN by 696.85s,1,0.0500,0,-1.4497,1,0.3000,0,-1.4497,0.000,0.300
741.821,overrun,A_leg2,4.754,-0.504,27.961,27.513,0.448,OVERRUN by 697.88s,1,0.0500,0,-1.4497,1,0.3000,0,-1.4497,0.000,0.300
742.858,overrun,A_leg2,4.754,-0.504,27.961,27.513,0.448,OVERRUN by 698.92s,1,0.0500,0,-1.4497,1,0.3000,0,-1.4497,0.000,0.300
743.890,overrun,A_leg2,4.754,-0.504,27.961,27.513,0.448,OVERRUN by 699.95s,1,0.0500,0,-1.4497,1,0.3000,0,-1.4497,0.000,0.300
744.919,overrun,A_leg2,4.754,-0.504,27.961,27.513,0.448,OVERRUN by 700.98s,1,0.0500,0,-1.4497,1,0.3000,0,-1.4497,0.000,0.300
745.952,overrun,A_leg2,4.754,-0.504,27.961,27.513,0.448,OVERRUN by 702.02s,1,0.0500,0,-1.4497,1,0.3000,0,-1.4497,0.000,0.300
746.976,overrun,A_leg2,4.754,-0.504,27.961,27.513,0.448,OVERRUN by 703.04s,1,0.0500,0,-1.4497,1,0.3000,0,-1.4497,0.000,0.300
748.002,overrun,A_leg2,4.754,-0.504,27.961,27.513,0.448,OVERRUN by 704.07s,1,0.0500,0,-1.4497,1,0.3000,0,-1.4497,0.000,0.300
749.032,overrun,A_leg2,4.754,-0.504,27.961,27.513,0.448,OVERRUN by 705.10s,1,0.0500,0,-1.4497,1,0.3000,0,-1.4497,0.000,0.300
750.060,overrun,A_leg2,4.754,-0.504,27.961,27.513,0.448,OVERRUN by 706.12s,1,0.0500,0,-1.4497,1,0.3000,0,-1.4497,0.000,0.300
751.091,overrun,A_leg2,4.754,-0.504,27.961,27.513,0.448,OVERRUN by 707.15s,1,0.0500,0,-1.4497,1,0.3000,0,-1.4497,0.000,0.300
752.109,overrun,A_leg2,4.754,-0.504,27.961,27.513,0.448,OVERRUN by 708.17s,1,0.0500,0,-1.4497,1,0.3000,0,-1.4497,0.000,0.300
753.143,overrun,A_leg2,4.754,-0.504,27.961,27.513,0.448,OVERRUN by 709.21s,1,0.0500,0,-1.4497,1,0.3000,0,-1.4497,0.000,0.300
754.170,overrun,A_leg2,4.754,-0.504,27.961,27.513,0.448,OVERRUN by 710.23s,1,0.0500,0,-1.4497,1,0.3000,0,-1.4497,0.000,0.300
755.203,overrun,A_leg2,4.754,-0.504,27.961,27.513,0.448,OVERRUN by 711.27s,1,0.0500,0,-1.4497,1,0.3000,0,-1.4497,0.000,0.300
756.227,overrun,A_leg2,4.754,-0.504,27.961,27.513,0.448,OVERRUN by 712.29s,1,0.0500,0,-1.4497,1,0.3000,0,-1.4497,0.000,0.300
757.250,overrun,A_leg2,4.754,-0.504,27.961,27.513,0.448,OVERRUN by 713.31s,1,0.0500,0,-1.4497,1,0.3000,0,-1.4497,0.000,0.300
758.275,overrun,A_leg2,4.754,-0.504,27.961,27.513,0.448,OVERRUN by 714.34s,1,0.0500,0,-1.4497,1,0.3000,0,-1.4497,0.000,0.300
759.302,overrun,A_leg2,4.754,-0.504,27.961,27.513,0.448,OVERRUN by 715.37s,1,0.0500,0,-1.4497,1,0.3000,0,-1.4497,0.000,0.300
760.329,overrun,A_leg2,4.754,-0.504,27.961,27.513,0.448,OVERRUN by 716.39s,1,0.0500,0,-1.4497,1,0.3000,0,-1.4497,0.000,0.300
761.360,overrun,A_leg2,4.754,-0.504,27.961,27.513,0.448,OVERRUN by 717.42s,1,0.0500,0,-1.4497,1,0.3000,0,-1.4497,0.000,0.300
762.380,overrun,A_leg2,4.754,-0.504,27.961,27.513,0.448,OVERRUN by 718.44s,1,0.0500,0,-1.4497,1,0.3000,0,-1.4497,0.000,0.300
763.407,overrun,A_leg2,4.754,-0.504,27.961,27.513,0.448,OVERRUN by 719.47s,1,0.0500,0,-1.4497,1,0.3000,0,-1.4497,0.000,0.300
764.437,overrun,A_leg2,4.754,-0.504,27.961,27.513,0.448,OVERRUN by 720.50s,1,0.0500,0,-1.4497,1,0.3000,0,-1.4497,0.000,0.300
765.462,overrun,A_leg2,4.754,-0.504,27.961,27.513,0.448,OVERRUN by 721.53s,1,0.0500,0,-1.4497,1,0.3000,0,-1.4497,0.000,0.300
766.488,overrun,A_leg2,4.754,-0.504,27.961,27.513,0.448,OVERRUN by 722.55s,1,0.0500,0,-1.4497,1,0.3000,0,-1.4497,0.000,0.300
767.511,overrun,A_leg2,4.754,-0.504,27.961,27.513,0.448,OVERRUN by 723.58s,1,0.0500,0,-1.4497,1,0.3000,0,-1.4497,0.000,0.300
768.531,overrun,A_leg2,4.754,-0.504,27.961,27.513,0.448,OVERRUN by 724.59s,1,0.0500,0,-1.4497,1,0.3000,0,-1.4497,0.000,0.300
769.554,overrun,A_leg2,4.754,-0.504,27.961,27.513,0.448,OVERRUN by 725.62s,1,0.0500,0,-1.4497,1,0.3000,0,-1.4497,0.000,0.300
770.568,overrun,A_leg2,4.754,-0.504,27.961,27.513,0.448,OVERRUN by 726.63s,1,0.0500,0,-1.4497,1,0.3000,0,-1.4497,0.000,0.300
771.588,overrun,A_leg2,4.754,-0.504,27.961,27.513,0.448,OVERRUN by 727.65s,1,0.0500,0,-1.4497,1,0.3000,0,-1.4497,0.000,0.300
772.612,overrun,A_leg2,4.754,-0.504,27.961,27.513,0.448,OVERRUN by 728.68s,1,0.0500,0,-1.4497,1,0.3000,0,-1.4497,0.000,0.300
773.636,overrun,A_leg2,4.754,-0.504,27.961,27.513,0.448,OVERRUN by 729.70s,1,0.0500,0,-1.4497,1,0.3000,0,-1.4497,0.000,0.300
774.655,overrun,A_leg2,4.754,-0.504,27.961,27.513,0.448,OVERRUN by 730.72s,1,0.0500,0,-1.4497,1,0.3000,0,-1.4497,0.000,0.300
775.673,overrun,A_leg2,4.754,-0.504,27.961,27.513,0.448,OVERRUN by 731.74s,1,0.0500,0,-1.4497,1,0.3000,0,-1.4497,0.000,0.300
776.696,overrun,A_leg2,4.754,-0.504,27.961,27.513,0.448,OVERRUN by 732.76s,1,0.0500,0,-1.4497,1,0.3000,0,-1.4497,0.000,0.300
777.710,overrun,A_leg2,4.754,-0.504,27.961,27.513,0.448,OVERRUN by 733.77s,1,0.0500,0,-1.4497,1,0.3000,0,-1.4497,0.000,0.300
778.734,overrun,A_leg2,4.754,-0.504,27.961,27.513,0.448,OVERRUN by 734.80s,1,0.0500,0,-1.4497,1,0.3000,0,-1.4497,0.000,0.300
779.769,overrun,A_leg2,4.754,-0.504,27.961,27.513,0.448,OVERRUN by 735.83s,1,0.0500,0,-1.4497,1,0.3000,0,-1.4497,0.000,0.300
780.799,overrun,A_leg2,4.754,-0.504,27.961,27.513,0.448,OVERRUN by 736.86s,1,0.0500,0,-1.4497,1,0.3000,0,-1.4497,0.000,0.300
781.833,overrun,A_leg2,4.754,-0.504,27.961,27.513,0.448,OVERRUN by 737.90s,1,0.0500,0,-1.4497,1,0.3000,0,-1.4497,0.000,0.300
782.872,overrun,A_leg2,4.754,-0.504,27.961,27.513,0.448,OVERRUN by 738.94s,1,0.0500,0,-1.4497,1,0.3000,0,-1.4497,0.000,0.300
783.892,overrun,A_leg2,4.754,-0.504,27.961,27.513,0.448,OVERRUN by 739.96s,1,0.0500,0,-1.4497,1,0.3000,0,-1.4497,0.000,0.300
784.911,overrun,A_leg2,4.754,-0.504,27.961,27.513,0.448,OVERRUN by 740.97s,1,0.0500,0,-1.4497,1,0.3000,0,-1.4497,0.000,0.300
785.944,overrun,A_leg2,4.754,-0.504,27.961,27.513,0.448,OVERRUN by 742.01s,1,0.0500,0,-1.4497,1,0.3000,0,-1.4497,0.000,0.300
786.968,overrun,A_leg2,4.754,-0.504,27.961,27.513,0.448,OVERRUN by 743.03s,1,0.0500,0,-1.4497,1,0.3000,0,-1.4497,0.000,0.300
788.004,overrun,A_leg2,4.754,-0.504,27.961,27.513,0.448,OVERRUN by 744.07s,1,0.0500,0,-1.4497,1,0.3000,0,-1.4497,0.000,0.300
789.027,overrun,A_leg2,4.754,-0.504,27.961,27.513,0.448,OVERRUN by 745.09s,1,0.0500,0,-1.4497,1,0.3000,0,-1.4497,0.000,0.300
790.055,overrun,A_leg2,4.754,-0.504,27.961,27.513,0.448,OVERRUN by 746.12s,1,0.0500,0,-1.4497,1,0.3000,0,-1.4497,0.000,0.300
791.090,overrun,A_leg2,4.754,-0.504,27.961,27.513,0.448,OVERRUN by 747.15s,1,0.0500,0,-1.4497,1,0.3000,0,-1.4497,0.000,0.300
792.124,overrun,A_leg2,4.754,-0.504,27.961,27.513,0.448,OVERRUN by 748.19s,1,0.0500,0,-1.4497,1,0.3000,0,-1.4497,0.000,0.300
793.141,overrun,A_leg2,4.754,-0.504,27.961,27.513,0.448,OVERRUN by 749.20s,1,0.0500,0,-1.4497,1,0.3000,0,-1.4497,0.000,0.300
794.178,overrun,A_leg2,4.754,-0.504,27.961,27.513,0.448,OVERRUN by 750.24s,1,0.0500,0,-1.4497,1,0.3000,0,-1.4497,0.000,0.300
795.210,overrun,A_leg2,4.754,-0.504,27.961,27.513,0.448,OVERRUN by 751.27s,1,0.0500,0,-1.4497,1,0.3000,0,-1.4497,0.000,0.300
796.243,overrun,A_leg2,4.754,-0.504,27.961,27.513,0.448,OVERRUN by 752.31s,1,0.0500,0,-1.4497,1,0.3000,0,-1.4497,0.000,0.300
797.274,overrun,A_leg2,4.754,-0.504,27.961,27.513,0.448,OVERRUN by 753.34s,1,0.0500,0,-1.4497,1,0.3000,0,-1.4497,0.000,0.300
798.298,overrun,A_leg2,4.754,-0.504,27.961,27.513,0.448,OVERRUN by 754.36s,1,0.0500,0,-1.4497,1,0.3000,0,-1.4497,0.000,0.300
799.322,overrun,A_leg2,4.754,-0.504,27.961,27.513,0.448,OVERRUN by 755.39s,1,0.0500,0,-1.4497,1,0.3000,0,-1.4497,0.000,0.300
800.355,overrun,A_leg2,4.754,-0.504,27.961,27.513,0.448,OVERRUN by 756.42s,1,0.0500,0,-1.4497,1,0.3000,0,-1.4497,0.000,0.300
801.389,overrun,A_leg2,4.754,-0.504,27.961,27.513,0.448,OVERRUN by 757.45s,1,0.0500,0,-1.4497,1,0.3000,0,-1.4497,0.000,0.300
802.423,overrun,A_leg2,4.754,-0.504,27.961,27.513,0.448,OVERRUN by 758.49s,1,0.0500,0,-1.4497,1,0.3000,0,-1.4497,0.000,0.300
803.457,overrun,A_leg2,4.754,-0.504,27.961,27.513,0.448,OVERRUN by 759.52s,1,0.0500,0,-1.4497,1,0.3000,0,-1.4497,0.000,0.300
804.480,overrun,A_leg2,4.754,-0.504,27.961,27.513,0.448,OVERRUN by 760.54s,1,0.0500,0,-1.4497,1,0.3000,0,-1.4497,0.000,0.300
805.512,overrun,A_leg2,4.754,-0.504,27.961,27.513,0.448,OVERRUN by 761.58s,1,0.0500,0,-1.4497,1,0.3000,0,-1.4497,0.000,0.300
806.546,overrun,A_leg2,4.754,-0.504,27.961,27.513,0.448,OVERRUN by 762.61s,1,0.0500,0,-1.4497,1,0.3000,0,-1.4497,0.000,0.300
807.572,overrun,A_leg2,4.754,-0.504,27.961,27.513,0.448,OVERRUN by 763.64s,1,0.0500,0,-1.4497,1,0.3000,0,-1.4497,0.000,0.300
808.606,overrun,A_leg2,4.754,-0.504,27.961,27.513,0.448,OVERRUN by 764.67s,1,0.0500,0,-1.4497,1,0.3000,0,-1.4497,0.000,0.300
809.641,overrun,A_leg2,4.754,-0.504,27.961,27.513,0.448,OVERRUN by 765.71s,1,0.0500,0,-1.4497,1,0.3000,0,-1.4497,0.000,0.300
810.684,overrun,A_leg2,4.754,-0.504,27.961,27.513,0.448,OVERRUN by 766.75s,1,0.0500,0,-1.4497,1,0.3000,0,-1.4497,0.000,0.300
811.721,overrun,A_leg2,4.754,-0.504,27.961,27.513,0.448,OVERRUN by 767.78s,1,0.0500,0,-1.4497,1,0.3000,0,-1.4497,0.000,0.300
812.752,overrun,A_leg2,4.754,-0.504,27.961,27.513,0.448,OVERRUN by 768.82s,1,0.0500,0,-1.4497,1,0.3000,0,-1.4497,0.000,0.300
813.786,overrun,A_leg2,4.754,-0.504,27.961,27.513,0.448,OVERRUN by 769.85s,1,0.0500,0,-1.4497,1,0.3000,0,-1.4497,0.000,0.300
814.804,overrun,A_leg2,4.754,-0.504,27.961,27.513,0.448,OVERRUN by 770.87s,1,0.0500,0,-1.4497,1,0.3000,0,-1.4497,0.000,0.300
815.832,overrun,A_leg2,4.754,-0.504,27.961,27.513,0.448,OVERRUN by 771.90s,1,0.0500,0,-1.4497,1,0.3000,0,-1.4497,0.000,0.300
816.856,overrun,A_leg2,4.754,-0.504,27.961,27.513,0.448,OVERRUN by 772.92s,1,0.0500,0,-1.4497,1,0.3000,0,-1.4497,0.000,0.300
817.888,overrun,A_leg2,4.754,-0.504,27.961,27.513,0.448,OVERRUN by 773.95s,1,0.0500,0,-1.4497,1,0.3000,0,-1.4497,0.000,0.300
818.900,overrun,A_leg2,4.754,-0.504,27.961,27.513,0.448,OVERRUN by 774.96s,1,0.0500,0,-1.4497,1,0.3000,0,-1.4497,0.000,0.300
819.927,overrun,A_leg2,4.754,-0.504,27.961,27.513,0.448,OVERRUN by 775.99s,1,0.0500,0,-1.4497,1,0.3000,0,-1.4497,0.000,0.300
820.952,overrun,A_leg2,4.754,-0.504,27.961,27.513,0.448,OVERRUN by 777.02s,1,0.0500,0,-1.4497,1,0.3000,0,-1.4497,0.000,0.300
821.982,overrun,A_leg2,4.754,-0.504,27.961,27.513,0.448,OVERRUN by 778.05s,1,0.0500,0,-1.4497,1,0.3000,0,-1.4497,0.000,0.300
823.023,overrun,A_leg2,4.754,-0.504,27.961,27.513,0.448,OVERRUN by 779.09s,1,0.0500,0,-1.4497,1,0.3000,0,-1.4497,0.000,0.300
824.067,overrun,A_leg2,4.754,-0.504,27.961,27.513,0.448,OVERRUN by 780.13s,1,0.0500,0,-1.4497,1,0.3000,0,-1.4497,0.000,0.300
825.094,overrun,A_leg2,4.754,-0.504,27.961,27.513,0.448,OVERRUN by 781.16s,1,0.0500,0,-1.4497,1,0.3000,0,-1.4497,0.000,0.300
826.129,overrun,A_leg2,4.754,-0.504,27.961,27.513,0.448,OVERRUN by 782.19s,1,0.0500,0,-1.4497,1,0.3000,0,-1.4497,0.000,0.300
827.151,overrun,A_leg2,4.754,-0.504,27.961,27.513,0.448,OVERRUN by 783.21s,1,0.0500,0,-1.4497,1,0.3000,0,-1.4497,0.000,0.300
828.182,overrun,A_leg2,4.754,-0.504,27.961,27.513,0.448,OVERRUN by 784.25s,1,0.0500,0,-1.4497,1,0.3000,0,-1.4497,0.000,0.300
829.208,overrun,A_leg2,4.754,-0.504,27.961,27.513,0.448,OVERRUN by 785.27s,1,0.0500,0,-1.4497,1,0.3000,0,-1.4497,0.000,0.300
830.230,overrun,A_leg2,4.754,-0.504,27.961,27.513,0.448,OVERRUN by 786.29s,1,0.0500,0,-1.4497,1,0.3000,0,-1.4497,0.000,0.300
831.257,overrun,A_leg2,4.754,-0.504,27.961,27.513,0.448,OVERRUN by 787.32s,1,0.0500,0,-1.4497,1,0.3000,0,-1.4497,0.000,0.300
832.287,overrun,A_leg2,4.754,-0.504,27.961,27.513,0.448,OVERRUN by 788.35s,1,0.0500,0,-1.4497,1,0.3000,0,-1.4497,0.000,0.300
833.310,overrun,A_leg2,4.754,-0.504,27.961,27.513,0.448,OVERRUN by 789.37s,1,0.0500,0,-1.4497,1,0.3000,0,-1.4497,0.000,0.300
834.340,overrun,A_leg2,4.754,-0.504,27.961,27.513,0.448,OVERRUN by 790.40s,1,0.0500,0,-1.4497,1,0.3000,0,-1.4497,0.000,0.300
835.372,overrun,A_leg2,4.754,-0.504,27.961,27.513,0.448,OVERRUN by 791.44s,1,0.0500,0,-1.4497,1,0.3000,0,-1.4497,0.000,0.300
836.410,overrun,A_leg2,4.754,-0.504,27.961,27.513,0.448,OVERRUN by 792.47s,1,0.0500,0,-1.4497,1,0.3000,0,-1.4497,0.000,0.300
837.432,overrun,A_leg2,4.754,-0.504,27.961,27.513,0.448,OVERRUN by 793.50s,1,0.0500,0,-1.4497,1,0.3000,0,-1.4497,0.000,0.300
838.472,overrun,A_leg2,4.754,-0.504,27.961,27.513,0.448,OVERRUN by 794.54s,1,0.0500,0,-1.4497,1,0.3000,0,-1.4497,0.000,0.300
839.512,overrun,A_leg2,4.754,-0.504,27.961,27.513,0.448,OVERRUN by 795.58s,1,0.0500,0,-1.4497,1,0.3000,0,-1.4497,0.000,0.300
840.528,overrun,A_leg2,4.754,-0.504,27.961,27.513,0.448,OVERRUN by 796.59s,1,0.0500,0,-1.4497,1,0.3000,0,-1.4497,0.000,0.300
841.561,overrun,A_leg2,4.754,-0.504,27.961,27.513,0.448,OVERRUN by 797.62s,1,0.0500,0,-1.4497,1,0.3000,0,-1.4497,0.000,0.300
842.590,overrun,A_leg2,4.754,-0.504,27.961,27.513,0.448,OVERRUN by 798.65s,1,0.0500,0,-1.4497,1,0.3000,0,-1.4497,0.000,0.300
843.613,overrun,A_leg2,4.754,-0.504,27.961,27.513,0.448,OVERRUN by 799.68s,1,0.0500,0,-1.4497,1,0.3000,0,-1.4497,0.000,0.300
844.640,overrun,A_leg2,4.754,-0.504,27.961,27.513,0.448,OVERRUN by 800.70s,1,0.0500,0,-1.4497,1,0.3000,0,-1.4497,0.000,0.300
845.661,overrun,A_leg2,4.754,-0.504,27.961,27.513,0.448,OVERRUN by 801.73s,1,0.0500,0,-1.4497,1,0.3000,0,-1.4497,0.000,0.300
846.690,overrun,A_leg2,4.754,-0.504,27.961,27.513,0.448,OVERRUN by 802.75s,1,0.0500,0,-1.4497,1,0.3000,0,-1.4497,0.000,0.300
847.721,overrun,A_leg2,4.754,-0.504,27.961,27.513,0.448,OVERRUN by 803.78s,1,0.0500,0,-1.4497,1,0.3000,0,-1.4497,0.000,0.300
848.747,overrun,A_leg2,4.754,-0.504,27.961,27.513,0.448,OVERRUN by 804.81s,1,0.0500,0,-1.4497,1,0.3000,0,-1.4497,0.000,0.300
849.769,overrun,A_leg2,4.754,-0.504,27.961,27.513,0.448,OVERRUN by 805.83s,1,0.0500,0,-1.4497,1,0.3000,0,-1.4497,0.000,0.300
850.801,overrun,A_leg2,4.754,-0.504,27.961,27.513,0.448,OVERRUN by 806.86s,1,0.0500,0,-1.4497,1,0.3000,0,-1.4497,0.000,0.300
851.835,overrun,A_leg2,4.754,-0.504,27.961,27.513,0.448,OVERRUN by 807.90s,1,0.0500,0,-1.4497,1,0.3000,0,-1.4497,0.000,0.300
852.857,overrun,A_leg2,4.754,-0.504,27.961,27.513,0.448,OVERRUN by 808.92s,1,0.0500,0,-1.4497,1,0.3000,0,-1.4497,0.000,0.300
853.884,overrun,A_leg2,4.754,-0.504,27.961,27.513,0.448,OVERRUN by 809.95s,1,0.0500,0,-1.4497,1,0.3000,0,-1.4497,0.000,0.300
854.915,overrun,A_leg2,4.754,-0.504,27.961,27.513,0.448,OVERRUN by 810.98s,1,0.0500,0,-1.4497,1,0.3000,0,-1.4497,0.000,0.300
855.950,overrun,A_leg2,4.754,-0.504,27.961,27.513,0.448,OVERRUN by 812.01s,1,0.0500,0,-1.4497,1,0.3000,0,-1.4497,0.000,0.300
856.971,overrun,A_leg2,4.754,-0.504,27.961,27.513,0.448,OVERRUN by 813.03s,1,0.0500,0,-1.4497,1,0.3000,0,-1.4497,0.000,0.300
858.005,overrun,A_leg2,4.754,-0.504,27.961,27.513,0.448,OVERRUN by 814.07s,1,0.0500,0,-1.4497,1,0.3000,0,-1.4497,0.000,0.300
859.034,overrun,A_leg2,4.754,-0.504,27.961,27.513,0.448,OVERRUN by 815.10s,1,0.0500,0,-1.4497,1,0.3000,0,-1.4497,0.000,0.300
860.062,overrun,A_leg2,4.754,-0.504,27.961,27.513,0.448,OVERRUN by 816.13s,1,0.0500,0,-1.4497,1,0.3000,0,-1.4497,0.000,0.300
861.095,overrun,A_leg2,4.754,-0.504,27.961,27.513,0.448,OVERRUN by 817.16s,1,0.0500,0,-1.4497,1,0.3000,0,-1.4497,0.000,0.300
862.128,overrun,A_leg2,4.754,-0.504,27.961,27.513,0.448,OVERRUN by 818.19s,1,0.0500,0,-1.4497,1,0.3000,0,-1.4497,0.000,0.300
863.165,overrun,A_leg2,4.754,-0.504,27.961,27.513,0.448,OVERRUN by 819.23s,1,0.0500,0,-1.4497,1,0.3000,0,-1.4497,0.000,0.300
864.203,overrun,A_leg2,4.754,-0.504,27.961,27.513,0.448,OVERRUN by 820.27s,1,0.0500,0,-1.4497,1,0.3000,0,-1.4497,0.000,0.300
865.230,overrun,A_leg2,4.754,-0.504,27.961,27.513,0.448,OVERRUN by 821.29s,1,0.0500,0,-1.4497,1,0.3000,0,-1.4497,0.000,0.300
866.257,overrun,A_leg2,4.754,-0.504,27.961,27.513,0.448,OVERRUN by 822.32s,1,0.0500,0,-1.4497,1,0.3000,0,-1.4497,0.000,0.300
867.276,overrun,A_leg2,4.754,-0.504,27.961,27.513,0.448,OVERRUN by 823.34s,1,0.0500,0,-1.4497,1,0.3000,0,-1.4497,0.000,0.300
868.310,overrun,A_leg2,4.754,-0.504,27.961,27.513,0.448,OVERRUN by 824.37s,1,0.0500,0,-1.4497,1,0.3000,0,-1.4497,0.000,0.300
869.336,overrun,A_leg2,4.754,-0.504,27.961,27.513,0.448,OVERRUN by 825.40s,1,0.0500,0,-1.4497,1,0.3000,0,-1.4497,0.000,0.300
870.365,overrun,A_leg2,4.754,-0.504,27.961,27.513,0.448,OVERRUN by 826.43s,1,0.0500,0,-1.4497,1,0.3000,0,-1.4497,0.000,0.300
871.395,overrun,A_leg2,4.754,-0.504,27.961,27.513,0.448,OVERRUN by 827.46s,1,0.0500,0,-1.4497,1,0.3000,0,-1.4497,0.000,0.300
872.422,overrun,A_leg2,4.754,-0.504,27.961,27.513,0.448,OVERRUN by 828.49s,1,0.0500,0,-1.4497,1,0.3000,0,-1.4497,0.000,0.300
873.460,overrun,A_leg2,4.754,-0.504,27.961,27.513,0.448,OVERRUN by 829.52s,1,0.0500,0,-1.4497,1,0.3000,0,-1.4497,0.000,0.300
874.498,overrun,A_leg2,4.754,-0.504,27.961,27.513,0.448,OVERRUN by 830.56s,1,0.0500,0,-1.4497,1,0.3000,0,-1.4497,0.000,0.300
875.518,overrun,A_leg2,4.754,-0.504,27.961,27.513,0.448,OVERRUN by 831.58s,1,0.0500,0,-1.4497,1,0.3000,0,-1.4497,0.000,0.300
876.551,overrun,A_leg2,4.754,-0.504,27.961,27.513,0.448,OVERRUN by 832.61s,1,0.0500,0,-1.4497,1,0.3000,0,-1.4497,0.000,0.300
877.582,overrun,A_leg2,4.754,-0.504,27.961,27.513,0.448,OVERRUN by 833.65s,1,0.0500,0,-1.4497,1,0.3000,0,-1.4497,0.000,0.300
878.613,overrun,A_leg2,4.754,-0.504,27.961,27.513,0.448,OVERRUN by 834.68s,1,0.0500,0,-1.4497,1,0.3000,0,-1.4497,0.000,0.300
879.642,overrun,A_leg2,4.754,-0.504,27.961,27.513,0.448,OVERRUN by 835.71s,1,0.0500,0,-1.4497,1,0.3000,0,-1.4497,0.000,0.300
880.674,overrun,A_leg2,4.754,-0.504,27.961,27.513,0.448,OVERRUN by 836.74s,1,0.0500,0,-1.4497,1,0.3000,0,-1.4497,0.000,0.300
881.707,overrun,A_leg2,4.754,-0.504,27.961,27.513,0.448,OVERRUN by 837.77s,1,0.0500,0,-1.4497,1,0.3000,0,-1.4497,0.000,0.300
882.730,overrun,A_leg2,4.754,-0.504,27.961,27.513,0.448,OVERRUN by 838.79s,1,0.0500,0,-1.4497,1,0.3000,0,-1.4497,0.000,0.300
883.747,overrun,A_leg2,4.754,-0.504,27.961,27.513,0.448,OVERRUN by 839.81s,1,0.0500,0,-1.4497,1,0.3000,0,-1.4497,0.000,0.300
884.766,overrun,A_leg2,4.754,-0.504,27.961,27.513,0.448,OVERRUN by 840.83s,1,0.0500,0,-1.4497,1,0.3000,0,-1.4497,0.000,0.300
885.788,overrun,A_leg2,4.754,-0.504,27.961,27.513,0.448,OVERRUN by 841.85s,1,0.0500,0,-1.4497,1,0.3000,0,-1.4497,0.000,0.300
886.810,overrun,A_leg2,4.754,-0.504,27.961,27.513,0.448,OVERRUN by 842.87s,1,0.0500,0,-1.4497,1,0.3000,0,-1.4497,0.000,0.300
887.841,overrun,A_leg2,4.754,-0.504,27.961,27.513,0.448,OVERRUN by 843.91s,1,0.0500,0,-1.4497,1,0.3000,0,-1.4497,0.000,0.300
888.876,overrun,A_leg2,4.754,-0.504,27.961,27.513,0.448,OVERRUN by 844.94s,1,0.0500,0,-1.4497,1,0.3000,0,-1.4497,0.000,0.300
889.912,overrun,A_leg2,4.754,-0.504,27.961,27.513,0.448,OVERRUN by 845.98s,1,0.0500,0,-1.4497,1,0.3000,0,-1.4497,0.000,0.300
890.938,overrun,A_leg2,4.754,-0.504,27.961,27.513,0.448,OVERRUN by 847.00s,1,0.0500,0,-1.4497,1,0.3000,0,-1.4497,0.000,0.300
891.971,overrun,A_leg2,4.754,-0.504,27.961,27.513,0.448,OVERRUN by 848.04s,1,0.0500,0,-1.4497,1,0.3000,0,-1.4497,0.000,0.300
892.998,overrun,A_leg2,4.754,-0.504,27.961,27.513,0.448,OVERRUN by 849.06s,1,0.0500,0,-1.4497,1,0.3000,0,-1.4497,0.000,0.300
894.031,overrun,A_leg2,4.754,-0.504,27.961,27.513,0.448,OVERRUN by 850.09s,1,0.0500,0,-1.4497,1,0.3000,0,-1.4497,0.000,0.300
895.062,overrun,A_leg2,4.754,-0.504,27.961,27.513,0.448,OVERRUN by 851.13s,1,0.0500,0,-1.4497,1,0.3000,0,-1.4497,0.000,0.300
896.082,overrun,A_leg2,4.754,-0.504,27.961,27.513,0.448,OVERRUN by 852.15s,1,0.0500,0,-1.4497,1,0.3000,0,-1.4497,0.000,0.300
897.113,overrun,A_leg2,4.754,-0.504,27.961,27.513,0.448,OVERRUN by 853.18s,1,0.0500,0,-1.4497,1,0.3000,0,-1.4497,0.000,0.300
898.137,overrun,A_leg2,4.754,-0.504,27.961,27.513,0.448,OVERRUN by 854.20s,1,0.0500,0,-1.4497,1,0.3000,0,-1.4497,0.000,0.300
899.165,overrun,A_leg2,4.754,-0.504,27.961,27.513,0.448,OVERRUN by 855.23s,1,0.0500,0,-1.4497,1,0.3000,0,-1.4497,0.000,0.300
900.200,overrun,A_leg2,4.754,-0.504,27.961,27.513,0.448,OVERRUN by 856.26s,1,0.0500,0,-1.4497,1,0.3000,0,-1.4497,0.000,0.300
901.230,overrun,A_leg2,4.754,-0.504,27.961,27.513,0.448,OVERRUN by 857.29s,1,0.0500,0,-1.4497,1,0.3000,0,-1.4497,0.000,0.300
902.271,overrun,A_leg2,4.754,-0.504,27.961,27.513,0.448,OVERRUN by 858.33s,1,0.0500,0,-1.4497,1,0.3000,0,-1.4497,0.000,0.300
903.296,overrun,A_leg2,4.754,-0.504,27.961,27.513,0.448,OVERRUN by 859.36s,1,0.0500,0,-1.4497,1,0.3000,0,-1.4497,0.000,0.300
904.330,overrun,A_leg2,4.754,-0.504,27.961,27.513,0.448,OVERRUN by 860.39s,1,0.0500,0,-1.4497,1,0.3000,0,-1.4497,0.000,0.300
905.360,overrun,A_leg2,4.754,-0.504,27.961,27.513,0.448,OVERRUN by 861.42s,1,0.0500,0,-1.4497,1,0.3000,0,-1.4497,0.000,0.300
906.390,overrun,A_leg2,4.754,-0.504,27.961,27.513,0.448,OVERRUN by 862.45s,1,0.0500,0,-1.4497,1,0.3000,0,-1.4497,0.000,0.300
907.412,overrun,A_leg2,4.754,-0.504,27.961,27.513,0.448,OVERRUN by 863.48s,1,0.0500,0,-1.4497,1,0.3000,0,-1.4497,0.000,0.300
908.435,overrun,A_leg2,4.754,-0.504,27.961,27.513,0.448,OVERRUN by 864.50s,1,0.0500,0,-1.4497,1,0.3000,0,-1.4497,0.000,0.300
909.470,overrun,A_leg2,4.754,-0.504,27.961,27.513,0.448,OVERRUN by 865.53s,1,0.0500,0,-1.4497,1,0.3000,0,-1.4497,0.000,0.300
910.500,overrun,A_leg2,4.754,-0.504,27.961,27.513,0.448,OVERRUN by 866.56s,1,0.0500,0,-1.4497,1,0.3000,0,-1.4497,0.000,0.300
911.530,overrun,A_leg2,4.754,-0.504,27.961,27.513,0.448,OVERRUN by 867.59s,1,0.0500,0,-1.4497,1,0.3000,0,-1.4497,0.000,0.300
912.562,overrun,A_leg2,4.754,-0.504,27.961,27.513,0.448,OVERRUN by 868.63s,1,0.0500,0,-1.4497,1,0.3000,0,-1.4497,0.000,0.300
913.589,overrun,A_leg2,4.754,-0.504,27.961,27.513,0.448,OVERRUN by 869.65s,1,0.0500,0,-1.4497,1,0.3000,0,-1.4497,0.000,0.300
914.620,overrun,A_leg2,4.754,-0.504,27.961,27.513,0.448,OVERRUN by 870.68s,1,0.0500,0,-1.4497,1,0.3000,0,-1.4497,0.000,0.300
915.653,overrun,A_leg2,4.754,-0.504,27.961,27.513,0.448,OVERRUN by 871.72s,1,0.0500,0,-1.4497,1,0.3000,0,-1.4497,0.000,0.300
916.669,overrun,A_leg2,4.754,-0.504,27.961,27.513,0.448,OVERRUN by 872.73s,1,0.0500,0,-1.4497,1,0.3000,0,-1.4497,0.000,0.300
917.701,overrun,A_leg2,4.754,-0.504,27.961,27.513,0.448,OVERRUN by 873.77s,1,0.0500,0,-1.4497,1,0.3000,0,-1.4497,0.000,0.300
918.726,overrun,A_leg2,4.754,-0.504,27.961,27.513,0.448,OVERRUN by 874.79s,1,0.0500,0,-1.4497,1,0.3000,0,-1.4497,0.000,0.300
919.765,overrun,A_leg2,4.754,-0.504,27.961,27.513,0.448,OVERRUN by 875.83s,1,0.0500,0,-1.4497,1,0.3000,0,-1.4497,0.000,0.300
920.795,overrun,A_leg2,4.754,-0.504,27.961,27.513,0.448,OVERRUN by 876.86s,1,0.0500,0,-1.4497,1,0.3000,0,-1.4497,0.000,0.300
921.821,overrun,A_leg2,4.754,-0.504,27.961,27.513,0.448,OVERRUN by 877.88s,1,0.0500,0,-1.4497,1,0.3000,0,-1.4497,0.000,0.300
922.843,overrun,A_leg2,4.754,-0.504,27.961,27.513,0.448,OVERRUN by 878.91s,1,0.0500,0,-1.4497,1,0.3000,0,-1.4497,0.000,0.300
923.872,overrun,A_leg2,4.754,-0.504,27.961,27.513,0.448,OVERRUN by 879.94s,1,0.0500,0,-1.4497,1,0.3000,0,-1.4497,0.000,0.300
924.900,overrun,A_leg2,4.754,-0.504,27.961,27.513,0.448,OVERRUN by 880.96s,1,0.0500,0,-1.4497,1,0.3000,0,-1.4497,0.000,0.300
925.919,overrun,A_leg2,4.754,-0.504,27.961,27.513,0.448,OVERRUN by 881.98s,1,0.0500,0,-1.4497,1,0.3000,0,-1.4497,0.000,0.300
926.951,overrun,A_leg2,4.754,-0.504,27.961,27.513,0.448,OVERRUN by 883.01s,1,0.0500,0,-1.4497,1,0.3000,0,-1.4497,0.000,0.300
927.981,overrun,A_leg2,4.754,-0.504,27.961,27.513,0.448,OVERRUN by 884.05s,1,0.0500,0,-1.4497,1,0.3000,0,-1.4497,0.000,0.300
929.018,overrun,A_leg2,4.754,-0.504,27.961,27.513,0.448,OVERRUN by 885.08s,1,0.0500,0,-1.4497,1,0.3000,0,-1.4497,0.000,0.300
930.037,overrun,A_leg2,4.754,-0.504,27.961,27.513,0.448,OVERRUN by 886.10s,1,0.0500,0,-1.4497,1,0.3000,0,-1.4497,0.000,0.300
931.063,overrun,A_leg2,4.754,-0.504,27.961,27.513,0.448,OVERRUN by 887.13s,1,0.0500,0,-1.4497,1,0.3000,0,-1.4497,0.000,0.300
932.081,overrun,A_leg2,4.754,-0.504,27.961,27.513,0.448,OVERRUN by 888.15s,1,0.0500,0,-1.4497,1,0.3000,0,-1.4497,0.000,0.300
933.119,overrun,A_leg2,4.754,-0.504,27.961,27.513,0.448,OVERRUN by 889.18s,1,0.0500,0,-1.4497,1,0.3000,0,-1.4497,0.000,0.300
934.146,overrun,A_leg2,4.754,-0.504,27.961,27.513,0.448,OVERRUN by 890.21s,1,0.0500,0,-1.4497,1,0.3000,0,-1.4497,0.000,0.300
935.178,overrun,A_leg2,4.754,-0.504,27.961,27.513,0.448,OVERRUN by 891.24s,1,0.0500,0,-1.4497,1,0.3000,0,-1.4497,0.000,0.300
936.215,overrun,A_leg2,4.754,-0.504,27.961,27.513,0.448,OVERRUN by 892.28s,1,0.0500,0,-1.4497,1,0.3000,0,-1.4497,0.000,0.300
937.246,overrun,A_leg2,4.754,-0.504,27.961,27.513,0.448,OVERRUN by 893.31s,1,0.0500,0,-1.4497,1,0.3000,0,-1.4497,0.000,0.300
938.277,overrun,A_leg2,4.754,-0.504,27.961,27.513,0.448,OVERRUN by 894.34s,1,0.0500,0,-1.4497,1,0.3000,0,-1.4497,0.000,0.300
939.300,overrun,A_leg2,4.754,-0.504,27.961,27.513,0.448,OVERRUN by 895.36s,1,0.0500,0,-1.4497,1,0.3000,0,-1.4497,0.000,0.300
940.331,overrun,A_leg2,4.754,-0.504,27.961,27.513,0.448,OVERRUN by 896.40s,1,0.0500,0,-1.4497,1,0.3000,0,-1.4497,0.000,0.300
941.365,overrun,A_leg2,4.754,-0.504,27.961,27.513,0.448,OVERRUN by 897.43s,1,0.0500,0,-1.4497,1,0.3000,0,-1.4497,0.000,0.300
942.388,overrun,A_leg2,4.754,-0.504,27.961,27.513,0.448,OVERRUN by 898.45s,1,0.0500,0,-1.4497,1,0.3000,0,-1.4497,0.000,0.300
943.430,overrun,A_leg2,4.754,-0.504,27.961,27.513,0.448,OVERRUN by 899.49s,1,0.0500,0,-1.4497,1,0.3000,0,-1.4497,0.000,0.300
944.468,overrun,A_leg2,4.754,-0.504,27.961,27.513,0.448,OVERRUN by 900.53s,1,0.0500,0,-1.4497,1,0.3000,0,-1.4497,0.000,0.300
945.498,overrun,A_leg2,4.754,-0.504,27.961,27.513,0.448,OVERRUN by 901.56s,1,0.0500,0,-1.4497,1,0.3000,0,-1.4497,0.000,0.300
946.520,overrun,A_leg2,4.754,-0.504,27.961,27.513,0.448,OVERRUN by 902.58s,1,0.0500,0,-1.4497,1,0.3000,0,-1.4497,0.000,0.300
947.555,overrun,A_leg2,4.754,-0.504,27.961,27.513,0.448,OVERRUN by 903.62s,1,0.0500,0,-1.4497,1,0.3000,0,-1.4497,0.000,0.300
948.593,overrun,A_leg2,4.754,-0.504,27.961,27.513,0.448,OVERRUN by 904.66s,1,0.0500,0,-1.4497,1,0.3000,0,-1.4497,0.000,0.300
949.624,overrun,A_leg2,4.754,-0.504,27.961,27.513,0.448,OVERRUN by 905.69s,1,0.0500,0,-1.4497,1,0.3000,0,-1.4497,0.000,0.300
950.651,overrun,A_leg2,4.754,-0.504,27.961,27.513,0.448,OVERRUN by 906.72s,1,0.0500,0,-1.4497,1,0.3000,0,-1.4497,0.000,0.300
951.689,overrun,A_leg2,4.754,-0.504,27.961,27.513,0.448,OVERRUN by 907.75s,1,0.0500,0,-1.4497,1,0.3000,0,-1.4497,0.000,0.300
952.719,overrun,A_leg2,4.754,-0.504,27.961,27.513,0.448,OVERRUN by 908.78s,1,0.0500,0,-1.4497,1,0.3000,0,-1.4497,0.000,0.300
953.754,overrun,A_leg2,4.754,-0.504,27.961,27.513,0.448,OVERRUN by 909.82s,1,0.0500,0,-1.4497,1,0.3000,0,-1.4497,0.000,0.300
954.788,overrun,A_leg2,4.754,-0.504,27.961,27.513,0.448,OVERRUN by 910.85s,1,0.0500,0,-1.4497,1,0.3000,0,-1.4497,0.000,0.300
955.813,overrun,A_leg2,4.754,-0.504,27.961,27.513,0.448,OVERRUN by 911.88s,1,0.0500,0,-1.4497,1,0.3000,0,-1.4497,0.000,0.300
956.851,overrun,A_leg2,4.754,-0.504,27.961,27.513,0.448,OVERRUN by 912.92s,1,0.0500,0,-1.4497,1,0.3000,0,-1.4497,0.000,0.300
957.878,overrun,A_leg2,4.754,-0.504,27.961,27.513,0.448,OVERRUN by 913.94s,1,0.0500,0,-1.4497,1,0.3000,0,-1.4497,0.000,0.300
958.905,overrun,A_leg2,4.754,-0.504,27.961,27.513,0.448,OVERRUN by 914.97s,1,0.0500,0,-1.4497,1,0.3000,0,-1.4497,0.000,0.300
959.936,overrun,A_leg2,4.754,-0.504,27.961,27.513,0.448,OVERRUN by 916.00s,1,0.0500,0,-1.4497,1,0.3000,0,-1.4497,0.000,0.300
960.960,overrun,A_leg2,4.754,-0.504,27.961,27.513,0.448,OVERRUN by 917.02s,1,0.0500,0,-1.4497,1,0.3000,0,-1.4497,0.000,0.300
961.978,overrun,A_leg2,4.754,-0.504,27.961,27.513,0.448,OVERRUN by 918.04s,1,0.0500,0,-1.4497,1,0.3000,0,-1.4497,0.000,0.300
963.010,overrun,A_leg2,4.754,-0.504,27.961,27.513,0.448,OVERRUN by 919.07s,1,0.0500,0,-1.4497,1,0.3000,0,-1.4497,0.000,0.300
964.047,overrun,A_leg2,4.754,-0.504,27.961,27.513,0.448,OVERRUN by 920.11s,1,0.0500,0,-1.4497,1,0.3000,0,-1.4497,0.000,0.300
965.081,overrun,A_leg2,4.754,-0.504,27.961,27.513,0.448,OVERRUN by 921.15s,1,0.0500,0,-1.4497,1,0.3000,0,-1.4497,0.000,0.300
966.110,overrun,A_leg2,4.754,-0.504,27.961,27.513,0.448,OVERRUN by 922.17s,1,0.0500,0,-1.4497,1,0.3000,0,-1.4497,0.000,0.300
967.138,overrun,A_leg2,4.754,-0.504,27.961,27.513,0.448,OVERRUN by 923.20s,1,0.0500,0,-1.4497,1,0.3000,0,-1.4497,0.000,0.300
968.159,overrun,A_leg2,4.754,-0.504,27.961,27.513,0.448,OVERRUN by 924.22s,1,0.0500,0,-1.4497,1,0.3000,0,-1.4497,0.000,0.300
969.171,overrun,A_leg2,4.754,-0.504,27.961,27.513,0.448,OVERRUN by 925.23s,1,0.0500,0,-1.4497,1,0.3000,0,-1.4497,0.000,0.300
970.201,overrun,A_leg2,4.754,-0.504,27.961,27.513,0.448,OVERRUN by 926.26s,1,0.0500,0,-1.4497,1,0.3000,0,-1.4497,0.000,0.300
971.236,overrun,A_leg2,4.754,-0.504,27.961,27.513,0.448,OVERRUN by 927.30s,1,0.0500,0,-1.4497,1,0.3000,0,-1.4497,0.000,0.300
972.266,overrun,A_leg2,4.754,-0.504,27.961,27.513,0.448,OVERRUN by 928.33s,1,0.0500,0,-1.4497,1,0.3000,0,-1.4497,0.000,0.300
973.294,overrun,A_leg2,4.754,-0.504,27.961,27.513,0.448,OVERRUN by 929.36s,1,0.0500,0,-1.4497,1,0.3000,0,-1.4497,0.000,0.300
974.314,overrun,A_leg2,4.754,-0.504,27.961,27.513,0.448,OVERRUN by 930.38s,1,0.0500,0,-1.4497,1,0.3000,0,-1.4497,0.000,0.300
975.349,overrun,A_leg2,4.754,-0.504,27.961,27.513,0.448,OVERRUN by 931.41s,1,0.0500,0,-1.4497,1,0.3000,0,-1.4497,0.000,0.300
976.374,overrun,A_leg2,4.754,-0.504,27.961,27.513,0.448,OVERRUN by 932.44s,1,0.0500,0,-1.4497,1,0.3000,0,-1.4497,0.000,0.300
977.405,overrun,A_leg2,4.754,-0.504,27.961,27.513,0.448,OVERRUN by 933.47s,1,0.0500,0,-1.4497,1,0.3000,0,-1.4497,0.000,0.300
978.447,overrun,A_leg2,4.754,-0.504,27.961,27.513,0.448,OVERRUN by 934.51s,1,0.0500,0,-1.4497,1,0.3000,0,-1.4497,0.000,0.300
979.474,overrun,A_leg2,4.754,-0.504,27.961,27.513,0.448,OVERRUN by 935.54s,1,0.0500,0,-1.4497,1,0.3000,0,-1.4497,0.000,0.300
980.501,overrun,A_leg2,4.754,-0.504,27.961,27.513,0.448,OVERRUN by 936.56s,1,0.0500,0,-1.4497,1,0.3000,0,-1.4497,0.000,0.300
981.532,overrun,A_leg2,4.754,-0.504,27.961,27.513,0.448,OVERRUN by 937.60s,1,0.0500,0,-1.4497,1,0.3000,0,-1.4497,0.000,0.300
982.562,overrun,A_leg2,4.754,-0.504,27.961,27.513,0.448,OVERRUN by 938.63s,1,0.0500,0,-1.4497,1,0.3000,0,-1.4497,0.000,0.300
983.585,overrun,A_leg2,4.754,-0.504,27.961,27.513,0.448,OVERRUN by 939.65s,1,0.0500,0,-1.4497,1,0.3000,0,-1.4497,0.000,0.300
984.623,overrun,A_leg2,4.754,-0.504,27.961,27.513,0.448,OVERRUN by 940.69s,1,0.0500,0,-1.4497,1,0.3000,0,-1.4497,0.000,0.300
985.646,overrun,A_leg2,4.754,-0.504,27.961,27.513,0.448,OVERRUN by 941.71s,1,0.0500,0,-1.4497,1,0.3000,0,-1.4497,0.000,0.300
986.680,overrun,A_leg2,4.754,-0.504,27.961,27.513,0.448,OVERRUN by 942.74s,1,0.0500,0,-1.4497,1,0.3000,0,-1.4497,0.000,0.300
987.704,overrun,A_leg2,4.754,-0.504,27.961,27.513,0.448,OVERRUN by 943.77s,1,0.0500,0,-1.4497,1,0.3000,0,-1.4497,0.000,0.300
988.730,overrun,A_leg2,4.754,-0.504,27.961,27.513,0.448,OVERRUN by 944.79s,1,0.0500,0,-1.4497,1,0.3000,0,-1.4497,0.000,0.300
989.762,overrun,A_leg2,4.754,-0.504,27.961,27.513,0.448,OVERRUN by 945.83s,1,0.0500,0,-1.4497,1,0.3000,0,-1.4497,0.000,0.300
990.788,overrun,A_leg2,4.754,-0.504,27.961,27.513,0.448,OVERRUN by 946.85s,1,0.0500,0,-1.4497,1,0.3000,0,-1.4497,0.000,0.300
991.824,overrun,A_leg2,4.754,-0.504,27.961,27.513,0.448,OVERRUN by 947.89s,1,0.0500,0,-1.4497,1,0.3000,0,-1.4497,0.000,0.300
992.863,overrun,A_leg2,4.754,-0.504,27.961,27.513,0.448,OVERRUN by 948.93s,1,0.0500,0,-1.4497,1,0.3000,0,-1.4497,0.000,0.300
993.893,overrun,A_leg2,4.754,-0.504,27.961,27.513,0.448,OVERRUN by 949.96s,1,0.0500,0,-1.4497,1,0.3000,0,-1.4497,0.000,0.300
994.924,overrun,A_leg2,4.754,-0.504,27.961,27.513,0.448,OVERRUN by 950.99s,1,0.0500,0,-1.4497,1,0.3000,0,-1.4497,0.000,0.300
995.953,overrun,A_leg2,4.754,-0.504,27.961,27.513,0.448,OVERRUN by 952.02s,1,0.0500,0,-1.4497,1,0.3000,0,-1.4497,0.000,0.300
996.985,overrun,A_leg2,4.754,-0.504,27.961,27.513,0.448,OVERRUN by 953.05s,1,0.0500,0,-1.4497,1,0.3000,0,-1.4497,0.000,0.300
998.011,overrun,A_leg2,4.754,-0.504,27.961,27.513,0.448,OVERRUN by 954.07s,1,0.0500,0,-1.4497,1,0.3000,0,-1.4497,0.000,0.300
999.035,overrun,A_leg2,4.754,-0.504,27.961,27.513,0.448,OVERRUN by 955.10s,1,0.0500,0,-1.4497,1,0.3000,0,-1.4497,0.000,0.300
1000.061,overrun,A_leg2,4.754,-0.504,27.961,27.513,0.448,OVERRUN by 956.12s,1,0.0500,0,-1.4497,1,0.3000,0,-1.4497,0.000,0.300
1001.083,overrun,A_leg2,4.754,-0.504,27.961,27.513,0.448,OVERRUN by 957.15s,1,0.0500,0,-1.4497,1,0.3000,0,-1.4497,0.000,0.300
1002.113,overrun,A_leg2,4.754,-0.504,27.961,27.513,0.448,OVERRUN by 958.18s,1,0.0500,0,-1.4497,1,0.3000,0,-1.4497,0.000,0.300
1003.140,overrun,A_leg2,4.754,-0.504,27.961,27.513,0.448,OVERRUN by 959.20s,1,0.0500,0,-1.4497,1,0.3000,0,-1.4497,0.000,0.300
1004.179,overrun,A_leg2,4.754,-0.504,27.961,27.513,0.448,OVERRUN by 960.24s,1,0.0500,0,-1.4497,1,0.3000,0,-1.4497,0.000,0.300
1005.206,overrun,A_leg2,4.754,-0.504,27.961,27.513,0.448,OVERRUN by 961.27s,1,0.0500,0,-1.4497,1,0.3000,0,-1.4497,0.000,0.300
1006.243,overrun,A_leg2,4.754,-0.504,27.961,27.513,0.448,OVERRUN by 962.31s,1,0.0500,0,-1.4497,1,0.3000,0,-1.4497,0.000,0.300
1007.271,overrun,A_leg2,4.754,-0.504,27.961,27.513,0.448,OVERRUN by 963.33s,1,0.0500,0,-1.4497,1,0.3000,0,-1.4497,0.000,0.300
1008.309,overrun,A_leg2,4.754,-0.504,27.961,27.513,0.448,OVERRUN by 964.37s,1,0.0500,0,-1.4497,1,0.3000,0,-1.4497,0.000,0.300
1009.342,overrun,A_leg2,4.754,-0.504,27.961,27.513,0.448,OVERRUN by 965.41s,1,0.0500,0,-1.4497,1,0.3000,0,-1.4497,0.000,0.300
1010.373,overrun,A_leg2,4.754,-0.504,27.961,27.513,0.448,OVERRUN by 966.44s,1,0.0500,0,-1.4497,1,0.3000,0,-1.4497,0.000,0.300
1011.401,overrun,A_leg2,4.754,-0.504,27.961,27.513,0.448,OVERRUN by 967.46s,1,0.0500,0,-1.4497,1,0.3000,0,-1.4497,0.000,0.300
1012.417,overrun,A_leg2,4.754,-0.504,27.961,27.513,0.448,OVERRUN by 968.48s,1,0.0500,0,-1.4497,1,0.3000,0,-1.4497,0.000,0.300
1013.453,overrun,A_leg2,4.754,-0.504,27.961,27.513,0.448,OVERRUN by 969.52s,1,0.0500,0,-1.4497,1,0.3000,0,-1.4497,0.000,0.300
1014.485,overrun,A_leg2,4.754,-0.504,27.961,27.513,0.448,OVERRUN by 970.55s,1,0.0500,0,-1.4497,1,0.3000,0,-1.4497,0.000,0.300
1015.513,overrun,A_leg2,4.754,-0.504,27.961,27.513,0.448,OVERRUN by 971.58s,1,0.0500,0,-1.4497,1,0.3000,0,-1.4497,0.000,0.300
1016.543,overrun,A_leg2,4.754,-0.504,27.961,27.513,0.448,OVERRUN by 972.61s,1,0.0500,0,-1.4497,1,0.3000,0,-1.4497,0.000,0.300
1017.569,overrun,A_leg2,4.754,-0.504,27.961,27.513,0.448,OVERRUN by 973.63s,1,0.0500,0,-1.4497,1,0.3000,0,-1.4497,0.000,0.300
1018.590,overrun,A_leg2,4.754,-0.504,27.961,27.513,0.448,OVERRUN by 974.65s,1,0.0500,0,-1.4497,1,0.3000,0,-1.4497,0.000,0.300
1019.625,overrun,A_leg2,4.754,-0.504,27.961,27.513,0.448,OVERRUN by 975.69s,1,0.0500,0,-1.4497,1,0.3000,0,-1.4497,0.000,0.300
1020.658,overrun,A_leg2,4.754,-0.504,27.961,27.513,0.448,OVERRUN by 976.72s,1,0.0500,0,-1.4497,1,0.3000,0,-1.4497,0.000,0.300
1021.689,overrun,A_leg2,4.754,-0.504,27.961,27.513,0.448,OVERRUN by 977.75s,1,0.0500,0,-1.4497,1,0.3000,0,-1.4497,0.000,0.300
1022.718,overrun,A_leg2,4.754,-0.504,27.961,27.513,0.448,OVERRUN by 978.78s,1,0.0500,0,-1.4497,1,0.3000,0,-1.4497,0.000,0.300
1023.742,overrun,A_leg2,4.754,-0.504,27.961,27.513,0.448,OVERRUN by 979.81s,1,0.0500,0,-1.4497,1,0.3000,0,-1.4497,0.000,0.300
1024.778,overrun,A_leg2,4.754,-0.504,27.961,27.513,0.448,OVERRUN by 980.84s,1,0.0500,0,-1.4497,1,0.3000,0,-1.4497,0.000,0.300
1025.809,overrun,A_leg2,4.754,-0.504,27.961,27.513,0.448,OVERRUN by 981.87s,1,0.0500,0,-1.4497,1,0.3000,0,-1.4497,0.000,0.300
1026.847,overrun,A_leg2,4.754,-0.504,27.961,27.513,0.448,OVERRUN by 982.91s,1,0.0500,0,-1.4497,1,0.3000,0,-1.4497,0.000,0.300
1027.876,overrun,A_leg2,4.754,-0.504,27.961,27.513,0.448,OVERRUN by 983.94s,1,0.0500,0,-1.4497,1,0.3000,0,-1.4497,0.000,0.300
1028.902,overrun,A_leg2,4.754,-0.504,27.961,27.513,0.448,OVERRUN by 984.97s,1,0.0500,0,-1.4497,1,0.3000,0,-1.4497,0.000,0.300
1029.930,overrun,A_leg2,4.754,-0.504,27.961,27.513,0.448,OVERRUN by 985.99s,1,0.0500,0,-1.4497,1,0.3000,0,-1.4497,0.000,0.300
1030.975,overrun,A_leg2,4.754,-0.504,27.961,27.513,0.448,OVERRUN by 987.04s,1,0.0500,0,-1.4497,1,0.3000,0,-1.4497,0.000,0.300
1032.000,overrun,A_leg2,4.754,-0.504,27.961,27.513,0.448,OVERRUN by 988.06s,1,0.0500,0,-1.4497,1,0.3000,0,-1.4497,0.000,0.300
1033.033,overrun,A_leg2,4.754,-0.504,27.961,27.513,0.448,OVERRUN by 989.10s,1,0.0500,0,-1.4497,1,0.3000,0,-1.4497,0.000,0.300
1034.067,overrun,A_leg2,4.754,-0.504,27.961,27.513,0.448,OVERRUN by 990.13s,1,0.0500,0,-1.4497,1,0.3000,0,-1.4497,0.000,0.300
1035.101,overrun,A_leg2,4.754,-0.504,27.961,27.513,0.448,OVERRUN by 991.17s,1,0.0500,0,-1.4497,1,0.3000,0,-1.4497,0.000,0.300
1036.134,overrun,A_leg2,4.754,-0.504,27.961,27.513,0.448,OVERRUN by 992.20s,1,0.0500,0,-1.4497,1,0.3000,0,-1.4497,0.000,0.300
1037.180,overrun,A_leg2,4.754,-0.504,27.961,27.513,0.448,OVERRUN by 993.24s,1,0.0500,0,-1.4497,1,0.3000,0,-1.4497,0.000,0.300
1038.217,overrun,A_leg2,4.754,-0.504,27.961,27.513,0.448,OVERRUN by 994.28s,1,0.0500,0,-1.4497,1,0.3000,0,-1.4497,0.000,0.300
1039.264,overrun,A_leg2,4.754,-0.504,27.961,27.513,0.448,OVERRUN by 995.33s,1,0.0500,0,-1.4497,1,0.3000,0,-1.4497,0.000,0.300
1040.264,overrun,A_leg2,4.754,-0.504,27.961,27.513,0.448,OVERRUN by 996.33s,1,0.0500,0,-1.4497,1,0.3000,0,-1.4497,0.000,0.300
1041.307,overrun,A_leg2,4.754,-0.504,27.961,27.513,0.448,OVERRUN by 997.37s,1,0.0500,0,-1.4497,1,0.3000,0,-1.4497,0.000,0.300
1042.345,overrun,A_leg2,4.754,-0.504,27.961,27.513,0.448,OVERRUN by 998.41s,1,0.0500,0,-1.4497,1,0.3000,0,-1.4497,0.000,0.300
1043.378,overrun,A_leg2,4.754,-0.504,27.961,27.513,0.448,OVERRUN by 999.44s,1,0.0500,0,-1.4497,1,0.3000,0,-1.4497,0.000,0.300
1044.390,overrun,A_leg2,4.754,-0.504,27.961,27.513,0.448,OVERRUN by 1000.45s,1,0.0500,0,-1.4497,1,0.3000,0,-1.4497,0.000,0.300
1045.441,overrun,A_leg2,4.754,-0.504,27.961,27.513,0.448,OVERRUN by 1001.50s,1,0.0500,0,-1.4497,1,0.3000,0,-1.4497,0.000,0.300
1046.490,overrun,A_leg2,4.754,-0.504,27.961,27.513,0.448,OVERRUN by 1002.55s,1,0.0500,0,-1.4497,1,0.3000,0,-1.4497,0.000,0.300
1047.496,overrun,A_leg2,4.754,-0.504,27.961,27.513,0.448,OVERRUN by 1003.56s,1,0.0500,0,-1.4497,1,0.3000,0,-1.4497,0.000,0.300
1048.528,overrun,A_leg2,4.754,-0.504,27.961,27.513,0.448,OVERRUN by 1004.59s,1,0.0500,0,-1.4497,1,0.3000,0,-1.4497,0.000,0.300
1049.581,overrun,A_leg2,4.754,-0.504,27.961,27.513,0.448,OVERRUN by 1005.64s,1,0.0500,0,-1.4497,1,0.3000,0,-1.4497,0.000,0.300
1050.623,overrun,A_leg2,4.754,-0.504,27.961,27.513,0.448,OVERRUN by 1006.69s,1,0.0500,0,-1.4497,1,0.3000,0,-1.4497,0.000,0.300
1051.675,overrun,A_leg2,4.754,-0.504,27.961,27.513,0.448,OVERRUN by 1007.74s,1,0.0500,0,-1.4497,1,0.3000,0,-1.4497,0.000,0.300
1052.720,overrun,A_leg2,4.754,-0.504,27.961,27.513,0.448,OVERRUN by 1008.78s,1,0.0500,0,-1.4497,1,0.3000,0,-1.4497,0.000,0.300
1053.778,overrun,A_leg2,4.754,-0.504,27.961,27.513,0.448,OVERRUN by 1009.84s,1,0.0500,0,-1.4497,1,0.3000,0,-1.4497,0.000,0.300
1054.820,overrun,A_leg2,4.754,-0.504,27.961,27.513,0.448,OVERRUN by 1010.88s,1,0.0500,0,-1.4497,1,0.3000,0,-1.4497,0.000,0.300
1055.844,overrun,A_leg2,4.754,-0.504,27.961,27.513,0.448,OVERRUN by 1011.91s,1,0.0500,0,-1.4497,1,0.3000,0,-1.4497,0.000,0.300
1056.851,overrun,A_leg2,4.754,-0.504,27.961,27.513,0.448,OVERRUN by 1012.91s,1,0.0500,0,-1.4497,1,0.3000,0,-1.4497,0.000,0.300
1057.903,overrun,A_leg2,4.754,-0.504,27.961,27.513,0.448,OVERRUN by 1013.97s,1,0.0500,0,-1.4497,1,0.3000,0,-1.4497,0.000,0.300
1058.910,overrun,A_leg2,4.754,-0.504,27.961,27.513,0.448,OVERRUN by 1014.97s,1,0.0500,0,-1.4497,1,0.3000,0,-1.4497,0.000,0.300
1059.917,overrun,A_leg2,4.754,-0.504,27.961,27.513,0.448,OVERRUN by 1015.98s,1,0.0500,0,-1.4497,1,0.3000,0,-1.4497,0.000,0.300
1060.927,overrun,A_leg2,4.754,-0.504,27.961,27.513,0.448,OVERRUN by 1016.99s,1,0.0500,0,-1.4497,1,0.3000,0,-1.4497,0.000,0.300
1061.930,overrun,A_leg2,4.754,-0.504,27.961,27.513,0.448,OVERRUN by 1017.99s,1,0.0500,0,-1.4497,1,0.3000,0,-1.4497,0.000,0.300
1062.962,overrun,A_leg2,4.754,-0.504,27.961,27.513,0.448,OVERRUN by 1019.03s,1,0.0500,0,-1.4497,1,0.3000,0,-1.4497,0.000,0.300
1063.964,overrun,A_leg2,4.754,-0.504,27.961,27.513,0.448,OVERRUN by 1020.03s,1,0.0500,0,-1.4497,1,0.3000,0,-1.4497,0.000,0.300
1064.973,overrun,A_leg2,4.754,-0.504,27.961,27.513,0.448,OVERRUN by 1021.04s,1,0.0500,0,-1.4497,1,0.3000,0,-1.4497,0.000,0.300
1065.980,overrun,A_leg2,4.754,-0.504,27.961,27.513,0.448,OVERRUN by 1022.04s,1,0.0500,0,-1.4497,1,0.3000,0,-1.4497,0.000,0.300
1066.999,overrun,A_leg2,4.754,-0.504,27.961,27.513,0.448,OVERRUN by 1023.06s,1,0.0500,0,-1.4497,1,0.3000,0,-1.4497,0.000,0.300
1068.052,overrun,A_leg2,4.754,-0.504,27.961,27.513,0.448,OVERRUN by 1024.12s,1,0.0500,0,-1.4497,1,0.3000,0,-1.4497,0.000,0.300
1069.063,overrun,A_leg2,4.754,-0.504,27.961,27.513,0.448,OVERRUN by 1025.13s,1,0.0500,0,-1.4497,1,0.3000,0,-1.4497,0.000,0.300
1070.072,overrun,A_leg2,4.754,-0.504,27.961,27.513,0.448,OVERRUN by 1026.14s,1,0.0500,0,-1.4497,1,0.3000,0,-1.4497,0.000,0.300
1071.117,overrun,A_leg2,4.754,-0.504,27.961,27.513,0.448,OVERRUN by 1027.18s,1,0.0500,0,-1.4497,1,0.3000,0,-1.4497,0.000,0.300
1072.127,overrun,A_leg2,4.754,-0.504,27.961,27.513,0.448,OVERRUN by 1028.19s,1,0.0500,0,-1.4497,1,0.3000,0,-1.4497,0.000,0.300
1073.128,overrun,A_leg2,4.754,-0.504,27.961,27.513,0.448,OVERRUN by 1029.19s,1,0.0500,0,-1.4497,1,0.3000,0,-1.4497,0.000,0.300
1074.185,overrun,A_leg2,4.754,-0.504,27.961,27.513,0.448,OVERRUN by 1030.25s,1,0.0500,0,-1.4497,1,0.3000,0,-1.4497,0.000,0.300
1075.228,overrun,A_leg2,4.754,-0.504,27.961,27.513,0.448,OVERRUN by 1031.29s,1,0.0500,0,-1.4497,1,0.3000,0,-1.4497,0.000,0.300
1076.288,overrun,A_leg2,4.754,-0.504,27.961,27.513,0.448,OVERRUN by 1032.35s,1,0.0500,0,-1.4497,1,0.3000,0,-1.4497,0.000,0.300
1077.344,overrun,A_leg2,4.754,-0.504,27.961,27.513,0.448,OVERRUN by 1033.41s,1,0.0500,0,-1.4497,1,0.3000,0,-1.4497,0.000,0.300
1078.400,overrun,A_leg2,4.754,-0.504,27.961,27.513,0.448,OVERRUN by 1034.46s,1,0.0500,0,-1.4497,1,0.3000,0,-1.4497,0.000,0.300
1079.403,overrun,A_leg2,4.754,-0.504,27.961,27.513,0.448,OVERRUN by 1035.47s,1,0.0500,0,-1.4497,1,0.3000,0,-1.4497,0.000,0.300
1080.416,overrun,A_leg2,4.754,-0.504,27.961,27.513,0.448,OVERRUN by 1036.48s,1,0.0500,0,-1.4497,1,0.3000,0,-1.4497,0.000,0.300
1081.418,overrun,A_leg2,4.754,-0.504,27.961,27.513,0.448,OVERRUN by 1037.48s,1,0.0500,0,-1.4497,1,0.3000,0,-1.4497,0.000,0.300
1082.419,overrun,A_leg2,4.754,-0.504,27.961,27.513,0.448,OVERRUN by 1038.48s,1,0.0500,0,-1.4497,1,0.3000,0,-1.4497,0.000,0.300
1083.474,overrun,A_leg2,4.754,-0.504,27.961,27.513,0.448,OVERRUN by 1039.54s,1,0.0500,0,-1.4497,1,0.3000,0,-1.4497,0.000,0.300
1084.521,overrun,A_leg2,4.754,-0.504,27.961,27.513,0.448,OVERRUN by 1040.58s,1,0.0500,0,-1.4497,1,0.3000,0,-1.4497,0.000,0.300
1085.566,overrun,A_leg2,4.754,-0.504,27.961,27.513,0.448,OVERRUN by 1041.63s,1,0.0500,0,-1.4497,1,0.3000,0,-1.4497,0.000,0.300
1086.572,overrun,A_leg2,4.754,-0.504,27.961,27.513,0.448,OVERRUN by 1042.64s,1,0.0500,0,-1.4497,1,0.3000,0,-1.4497,0.000,0.300
1087.617,overrun,A_leg2,4.754,-0.504,27.961,27.513,0.448,OVERRUN by 1043.68s,1,0.0500,0,-1.4497,1,0.3000,0,-1.4497,0.000,0.300
1088.660,overrun,A_leg2,4.754,-0.504,27.961,27.513,0.448,OVERRUN by 1044.72s,1,0.0500,0,-1.4497,1,0.3000,0,-1.4497,0.000,0.300
1089.660,overrun,A_leg2,4.754,-0.504,27.961,27.513,0.448,OVERRUN by 1045.72s,1,0.0500,0,-1.4497,1,0.3000,0,-1.4497,0.000,0.300
1090.720,overrun,A_leg2,4.754,-0.504,27.961,27.513,0.448,OVERRUN by 1046.78s,1,0.0500,0,-1.4497,1,0.3000,0,-1.4497,0.000,0.300
1091.766,overrun,A_leg2,4.754,-0.504,27.961,27.513,0.448,OVERRUN by 1047.83s,1,0.0500,0,-1.4497,1,0.3000,0,-1.4497,0.000,0.300
1092.769,overrun,A_leg2,4.754,-0.504,27.961,27.513,0.448,OVERRUN by 1048.83s,1,0.0500,0,-1.4497,1,0.3000,0,-1.4497,0.000,0.300
1093.783,overrun,A_leg2,4.754,-0.504,27.961,27.513,0.448,OVERRUN by 1049.85s,1,0.0500,0,-1.4497,1,0.3000,0,-1.4497,0.000,0.300
1094.839,overrun,A_leg2,4.754,-0.504,27.961,27.513,0.448,OVERRUN by 1050.90s,1,0.0500,0,-1.4497,1,0.3000,0,-1.4497,0.000,0.300
1095.893,overrun,A_leg2,4.754,-0.504,27.961,27.513,0.448,OVERRUN by 1051.96s,1,0.0500,0,-1.4497,1,0.3000,0,-1.4497,0.000,0.300
1096.901,overrun,A_leg2,4.754,-0.504,27.961,27.513,0.448,OVERRUN by 1052.96s,1,0.0500,0,-1.4497,1,0.3000,0,-1.4497,0.000,0.300
1097.942,overrun,A_leg2,4.754,-0.504,27.961,27.513,0.448,OVERRUN by 1054.01s,1,0.0500,0,-1.4497,1,0.3000,0,-1.4497,0.000,0.300
1098.949,overrun,A_leg2,4.754,-0.504,27.961,27.513,0.448,OVERRUN by 1055.01s,1,0.0500,0,-1.4497,1,0.3000,0,-1.4497,0.000,0.300
1099.950,overrun,A_leg2,4.754,-0.504,27.961,27.513,0.448,OVERRUN by 1056.01s,1,0.0500,0,-1.4497,1,0.3000,0,-1.4497,0.000,0.300
1100.963,overrun,A_leg2,4.754,-0.504,27.961,27.513,0.448,OVERRUN by 1057.03s,1,0.0500,0,-1.4497,1,0.3000,0,-1.4497,0.000,0.300
1102.018,overrun,A_leg2,4.754,-0.504,27.961,27.513,0.448,OVERRUN by 1058.08s,1,0.0500,0,-1.4497,1,0.3000,0,-1.4497,0.000,0.300
1103.029,overrun,A_leg2,4.754,-0.504,27.961,27.513,0.448,OVERRUN by 1059.09s,1,0.0500,0,-1.4497,1,0.3000,0,-1.4497,0.000,0.300
1104.045,overrun,A_leg2,4.754,-0.504,27.961,27.513,0.448,OVERRUN by 1060.11s,1,0.0500,0,-1.4497,1,0.3000,0,-1.4497,0.000,0.300
1105.094,overrun,A_leg2,4.754,-0.504,27.961,27.513,0.448,OVERRUN by 1061.16s,1,0.0500,0,-1.4497,1,0.3000,0,-1.4497,0.000,0.300
1106.104,overrun,A_leg2,4.754,-0.504,27.961,27.513,0.448,OVERRUN by 1062.17s,1,0.0500,0,-1.4497,1,0.3000,0,-1.4497,0.000,0.300
1107.140,overrun,A_leg2,4.754,-0.504,27.961,27.513,0.448,OVERRUN by 1063.20s,1,0.0500,0,-1.4497,1,0.3000,0,-1.4497,0.000,0.300
1108.166,overrun,A_leg2,4.754,-0.504,27.961,27.513,0.448,OVERRUN by 1064.23s,1,0.0500,0,-1.4497,1,0.3000,0,-1.4497,0.000,0.300
1109.221,overrun,A_leg2,4.754,-0.504,27.961,27.513,0.448,OVERRUN by 1065.28s,1,0.0500,0,-1.4497,1,0.3000,0,-1.4497,0.000,0.300
1110.269,overrun,A_leg2,4.754,-0.504,27.961,27.513,0.448,OVERRUN by 1066.33s,1,0.0500,0,-1.4497,1,0.3000,0,-1.4497,0.000,0.300
1111.271,overrun,A_leg2,4.754,-0.504,27.961,27.513,0.448,OVERRUN by 1067.33s,1,0.0500,0,-1.4497,1,0.3000,0,-1.4497,0.000,0.300
1112.323,overrun,A_leg2,4.754,-0.504,27.961,27.513,0.448,OVERRUN by 1068.39s,1,0.0500,0,-1.4497,1,0.3000,0,-1.4497,0.000,0.300
1113.335,overrun,A_leg2,4.754,-0.504,27.961,27.513,0.448,OVERRUN by 1069.40s,1,0.0500,0,-1.4497,1,0.3000,0,-1.4497,0.000,0.300
1114.340,overrun,A_leg2,4.754,-0.504,27.961,27.513,0.448,OVERRUN by 1070.40s,1,0.0500,0,-1.4497,1,0.3000,0,-1.4497,0.000,0.300
1115.350,overrun,A_leg2,4.754,-0.504,27.961,27.513,0.448,OVERRUN by 1071.41s,1,0.0500,0,-1.4497,1,0.3000,0,-1.4497,0.000,0.300
1116.396,overrun,A_leg2,4.754,-0.504,27.961,27.513,0.448,OVERRUN by 1072.46s,1,0.0500,0,-1.4497,1,0.3000,0,-1.4497,0.000,0.300
1117.444,overrun,A_leg2,4.754,-0.504,27.961,27.513,0.448,OVERRUN by 1073.51s,1,0.0500,0,-1.4497,1,0.3000,0,-1.4497,0.000,0.300
1118.497,overrun,A_leg2,4.754,-0.504,27.961,27.513,0.448,OVERRUN by 1074.56s,1,0.0500,0,-1.4497,1,0.3000,0,-1.4497,0.000,0.300
1119.548,overrun,A_leg2,4.754,-0.504,27.961,27.513,0.448,OVERRUN by 1075.61s,1,0.0500,0,-1.4497,1,0.3000,0,-1.4497,0.000,0.300
1120.607,overrun,A_leg2,4.754,-0.504,27.961,27.513,0.448,OVERRUN by 1076.67s,1,0.0500,0,-1.4497,1,0.3000,0,-1.4497,0.000,0.300
1121.654,overrun,A_leg2,4.754,-0.504,27.961,27.513,0.448,OVERRUN by 1077.72s,1,0.0500,0,-1.4497,1,0.3000,0,-1.4497,0.000,0.300
1122.702,overrun,A_leg2,4.754,-0.504,27.961,27.513,0.448,OVERRUN by 1078.77s,1,0.0500,0,-1.4497,1,0.3000,0,-1.4497,0.000,0.300
1123.705,overrun,A_leg2,4.754,-0.504,27.961,27.513,0.448,OVERRUN by 1079.77s,1,0.0500,0,-1.4497,1,0.3000,0,-1.4497,0.000,0.300
1124.754,overrun,A_leg2,4.754,-0.504,27.961,27.513,0.448,OVERRUN by 1080.82s,1,0.0500,0,-1.4497,1,0.3000,0,-1.4497,0.000,0.300
1125.809,overrun,A_leg2,4.754,-0.504,27.961,27.513,0.448,OVERRUN by 1081.87s,1,0.0500,0,-1.4497,1,0.3000,0,-1.4497,0.000,0.300
1126.857,overrun,A_leg2,4.754,-0.504,27.961,27.513,0.448,OVERRUN by 1082.92s,1,0.0500,0,-1.4497,1,0.3000,0,-1.4497,0.000,0.300
1127.874,overrun,A_leg2,4.754,-0.504,27.961,27.513,0.448,OVERRUN by 1083.94s,1,0.0500,0,-1.4497,1,0.3000,0,-1.4497,0.000,0.300
1128.932,overrun,A_leg2,4.754,-0.504,27.961,27.513,0.448,OVERRUN by 1085.00s,1,0.0500,0,-1.4497,1,0.3000,0,-1.4497,0.000,0.300
1129.935,overrun,A_leg2,4.754,-0.504,27.961,27.513,0.448,OVERRUN by 1086.00s,1,0.0500,0,-1.4497,1,0.3000,0,-1.4497,0.000,0.300
1130.975,overrun,A_leg2,4.754,-0.504,27.961,27.513,0.448,OVERRUN by 1087.04s,1,0.0500,0,-1.4497,1,0.3000,0,-1.4497,0.000,0.300
1132.015,overrun,A_leg2,4.754,-0.504,27.961,27.513,0.448,OVERRUN by 1088.08s,1,0.0500,0,-1.4497,1,0.3000,0,-1.4497,0.000,0.300
1133.064,overrun,A_leg2,4.754,-0.504,27.961,27.513,0.448,OVERRUN by 1089.13s,1,0.0500,0,-1.4497,1,0.3000,0,-1.4497,0.000,0.300
1134.117,overrun,A_leg2,4.754,-0.504,27.961,27.513,0.448,OVERRUN by 1090.18s,1,0.0500,0,-1.4497,1,0.3000,0,-1.4497,0.000,0.300
1135.129,overrun,A_leg2,4.754,-0.504,27.961,27.513,0.448,OVERRUN by 1091.19s,1,0.0500,0,-1.4497,1,0.3000,0,-1.4497,0.000,0.300
1136.184,overrun,A_leg2,4.754,-0.504,27.961,27.513,0.448,OVERRUN by 1092.25s,1,0.0500,0,-1.4497,1,0.3000,0,-1.4497,0.000,0.300
1137.221,overrun,A_leg2,4.754,-0.504,27.961,27.513,0.448,OVERRUN by 1093.28s,1,0.0500,0,-1.4497,1,0.3000,0,-1.4497,0.000,0.300
1138.230,overrun,A_leg2,4.754,-0.504,27.961,27.513,0.448,OVERRUN by 1094.29s,1,0.0500,0,-1.4497,1,0.3000,0,-1.4497,0.000,0.300
1139.284,overrun,A_leg2,4.754,-0.504,27.961,27.513,0.448,OVERRUN by 1095.35s,1,0.0500,0,-1.4497,1,0.3000,0,-1.4497,0.000,0.300
1140.336,overrun,A_leg2,4.754,-0.504,27.961,27.513,0.448,OVERRUN by 1096.40s,1,0.0500,0,-1.4497,1,0.3000,0,-1.4497,0.000,0.300
1141.337,overrun,A_leg2,4.754,-0.504,27.961,27.513,0.448,OVERRUN by 1097.40s,1,0.0500,0,-1.4497,1,0.3000,0,-1.4497,0.000,0.300
1142.349,overrun,A_leg2,4.754,-0.504,27.961,27.513,0.448,OVERRUN by 1098.41s,1,0.0500,0,-1.4497,1,0.3000,0,-1.4497,0.000,0.300
1143.356,overrun,A_leg2,4.754,-0.504,27.961,27.513,0.448,OVERRUN by 1099.42s,1,0.0500,0,-1.4497,1,0.3000,0,-1.4497,0.000,0.300
1144.412,overrun,A_leg2,4.754,-0.504,27.961,27.513,0.448,OVERRUN by 1100.48s,1,0.0500,0,-1.4497,1,0.3000,0,-1.4497,0.000,0.300
1145.460,overrun,A_leg2,4.754,-0.504,27.961,27.513,0.448,OVERRUN by 1101.52s,1,0.0500,0,-1.4497,1,0.3000,0,-1.4497,0.000,0.300
1146.512,overrun,A_leg2,4.754,-0.504,27.961,27.513,0.448,OVERRUN by 1102.58s,1,0.0500,0,-1.4497,1,0.3000,0,-1.4497,0.000,0.300
1147.562,overrun,A_leg2,4.754,-0.504,27.961,27.513,0.448,OVERRUN by 1103.63s,1,0.0500,0,-1.4497,1,0.3000,0,-1.4497,0.000,0.300
1148.573,overrun,A_leg2,4.754,-0.504,27.961,27.513,0.448,OVERRUN by 1104.64s,1,0.0500,0,-1.4497,1,0.3000,0,-1.4497,0.000,0.300
1149.589,overrun,A_leg2,4.754,-0.504,27.961,27.513,0.448,OVERRUN by 1105.65s,1,0.0500,0,-1.4497,1,0.3000,0,-1.4497,0.000,0.300
1150.642,overrun,A_leg2,4.754,-0.504,27.961,27.513,0.448,OVERRUN by 1106.71s,1,0.0500,0,-1.4497,1,0.3000,0,-1.4497,0.000,0.300
1151.650,overrun,A_leg2,4.754,-0.504,27.961,27.513,0.448,OVERRUN by 1107.71s,1,0.0500,0,-1.4497,1,0.3000,0,-1.4497,0.000,0.300
1152.653,overrun,A_leg2,4.754,-0.504,27.961,27.513,0.448,OVERRUN by 1108.72s,1,0.0500,0,-1.4497,1,0.3000,0,-1.4497,0.000,0.300
1153.705,overrun,A_leg2,4.754,-0.504,27.961,27.513,0.448,OVERRUN by 1109.77s,1,0.0500,0,-1.4497,1,0.3000,0,-1.4497,0.000,0.300
1154.714,overrun,A_leg2,4.754,-0.504,27.961,27.513,0.448,OVERRUN by 1110.78s,1,0.0500,0,-1.4497,1,0.3000,0,-1.4497,0.000,0.300
1155.765,overrun,A_leg2,4.754,-0.504,27.961,27.513,0.448,OVERRUN by 1111.83s,1,0.0500,0,-1.4497,1,0.3000,0,-1.4497,0.000,0.300
1156.778,overrun,A_leg2,4.754,-0.504,27.961,27.513,0.448,OVERRUN by 1112.84s,1,0.0500,0,-1.4497,1,0.3000,0,-1.4497,0.000,0.300
1157.780,overrun,A_leg2,4.754,-0.504,27.961,27.513,0.448,OVERRUN by 1113.84s,1,0.0500,0,-1.4497,1,0.3000,0,-1.4497,0.000,0.300
1158.796,overrun,A_leg2,4.754,-0.504,27.961,27.513,0.448,OVERRUN by 1114.86s,1,0.0500,0,-1.4497,1,0.3000,0,-1.4497,0.000,0.300
1159.853,overrun,A_leg2,4.754,-0.504,27.961,27.513,0.448,OVERRUN by 1115.92s,1,0.0500,0,-1.4497,1,0.3000,0,-1.4497,0.000,0.300
1160.911,overrun,A_leg2,4.754,-0.504,27.961,27.513,0.448,OVERRUN by 1116.97s,1,0.0500,0,-1.4497,1,0.3000,0,-1.4497,0.000,0.300
1161.953,overrun,A_leg2,4.754,-0.504,27.961,27.513,0.448,OVERRUN by 1118.02s,1,0.0500,0,-1.4497,1,0.3000,0,-1.4497,0.000,0.300
1162.955,overrun,A_leg2,4.754,-0.504,27.961,27.513,0.448,OVERRUN by 1119.02s,1,0.0500,0,-1.4497,1,0.3000,0,-1.4497,0.000,0.300
1163.994,overrun,A_leg2,4.754,-0.504,27.961,27.513,0.448,OVERRUN by 1120.06s,1,0.0500,0,-1.4497,1,0.3000,0,-1.4497,0.000,0.300
1165.004,overrun,A_leg2,4.754,-0.504,27.961,27.513,0.448,OVERRUN by 1121.07s,1,0.0500,0,-1.4497,1,0.3000,0,-1.4497,0.000,0.300
1166.015,overrun,A_leg2,4.754,-0.504,27.961,27.513,0.448,OVERRUN by 1122.08s,1,0.0500,0,-1.4497,1,0.3000,0,-1.4497,0.000,0.300
1167.056,overrun,A_leg2,4.754,-0.504,27.961,27.513,0.448,OVERRUN by 1123.12s,1,0.0500,0,-1.4497,1,0.3000,0,-1.4497,0.000,0.300
1168.106,overrun,A_leg2,4.754,-0.504,27.961,27.513,0.448,OVERRUN by 1124.17s,1,0.0500,0,-1.4497,1,0.3000,0,-1.4497,0.000,0.300
1169.108,overrun,A_leg2,4.754,-0.504,27.961,27.513,0.448,OVERRUN by 1125.17s,1,0.0500,0,-1.4497,1,0.3000,0,-1.4497,0.000,0.300
1170.162,overrun,A_leg2,4.754,-0.504,27.961,27.513,0.448,OVERRUN by 1126.23s,1,0.0500,0,-1.4497,1,0.3000,0,-1.4497,0.000,0.300
1171.168,overrun,A_leg2,4.754,-0.504,27.961,27.513,0.448,OVERRUN by 1127.23s,1,0.0500,0,-1.4497,1,0.3000,0,-1.4497,0.000,0.300
1172.180,overrun,A_leg2,4.754,-0.504,27.961,27.513,0.448,OVERRUN by 1128.24s,1,0.0500,0,-1.4497,1,0.3000,0,-1.4497,0.000,0.300
1173.210,overrun,A_leg2,4.754,-0.504,27.961,27.513,0.448,OVERRUN by 1129.27s,1,0.0500,0,-1.4497,1,0.3000,0,-1.4497,0.000,0.300
1174.222,overrun,A_leg2,4.754,-0.504,27.961,27.513,0.448,OVERRUN by 1130.29s,1,0.0500,0,-1.4497,1,0.3000,0,-1.4497,0.000,0.300
1175.250,overrun,A_leg2,4.754,-0.504,27.961,27.513,0.448,OVERRUN by 1131.31s,1,0.0500,0,-1.4497,1,0.3000,0,-1.4497,0.000,0.300
1176.277,overrun,A_leg2,4.754,-0.504,27.961,27.513,0.448,OVERRUN by 1132.34s,1,0.0500,0,-1.4497,1,0.3000,0,-1.4497,0.000,0.300
1177.314,overrun,A_leg2,4.754,-0.504,27.961,27.513,0.448,OVERRUN by 1133.38s,1,0.0500,0,-1.4497,1,0.3000,0,-1.4497,0.000,0.300
1178.346,overrun,A_leg2,4.754,-0.504,27.961,27.513,0.448,OVERRUN by 1134.41s,1,0.0500,0,-1.4497,1,0.3000,0,-1.4497,0.000,0.300
1179.377,overrun,A_leg2,4.754,-0.504,27.961,27.513,0.448,OVERRUN by 1135.44s,1,0.0500,0,-1.4497,1,0.3000,0,-1.4497,0.000,0.300
1180.402,overrun,A_leg2,4.754,-0.504,27.961,27.513,0.448,OVERRUN by 1136.47s,1,0.0500,0,-1.4497,1,0.3000,0,-1.4497,0.000,0.300
1181.432,overrun,A_leg2,4.754,-0.504,27.961,27.513,0.448,OVERRUN by 1137.50s,1,0.0500,0,-1.4497,1,0.3000,0,-1.4497,0.000,0.300
1182.462,overrun,A_leg2,4.754,-0.504,27.961,27.513,0.448,OVERRUN by 1138.53s,1,0.0500,0,-1.4497,1,0.3000,0,-1.4497,0.000,0.300
1183.493,overrun,A_leg2,4.754,-0.504,27.961,27.513,0.448,OVERRUN by 1139.56s,1,0.0500,0,-1.4497,1,0.3000,0,-1.4497,0.000,0.300
1184.524,overrun,A_leg2,4.754,-0.504,27.961,27.513,0.448,OVERRUN by 1140.59s,1,0.0500,0,-1.4497,1,0.3000,0,-1.4497,0.000,0.300
1185.558,overrun,A_leg2,4.754,-0.504,27.961,27.513,0.448,OVERRUN by 1141.62s,1,0.0500,0,-1.4497,1,0.3000,0,-1.4497,0.000,0.300
1186.596,overrun,A_leg2,4.754,-0.504,27.961,27.513,0.448,OVERRUN by 1142.66s,1,0.0500,0,-1.4497,1,0.3000,0,-1.4497,0.000,0.300
1187.623,overrun,A_leg2,4.754,-0.504,27.961,27.513,0.448,OVERRUN by 1143.69s,1,0.0500,0,-1.4497,1,0.3000,0,-1.4497,0.000,0.300
1188.644,overrun,A_leg2,4.754,-0.504,27.961,27.513,0.448,OVERRUN by 1144.71s,1,0.0500,0,-1.4497,1,0.3000,0,-1.4497,0.000,0.300
1189.673,overrun,A_leg2,4.754,-0.504,27.961,27.513,0.448,OVERRUN by 1145.74s,1,0.0500,0,-1.4497,1,0.3000,0,-1.4497,0.000,0.300
1190.684,overrun,A_leg2,4.754,-0.504,27.961,27.513,0.448,OVERRUN by 1146.75s,1,0.0500,0,-1.4497,1,0.3000,0,-1.4497,0.000,0.300
1191.710,overrun,A_leg2,4.754,-0.504,27.961,27.513,0.448,OVERRUN by 1147.77s,1,0.0500,0,-1.4497,1,0.3000,0,-1.4497,0.000,0.300
1192.743,overrun,A_leg2,4.754,-0.504,27.961,27.513,0.448,OVERRUN by 1148.81s,1,0.0500,0,-1.4497,1,0.3000,0,-1.4497,0.000,0.300
1193.764,overrun,A_leg2,4.754,-0.504,27.961,27.513,0.448,OVERRUN by 1149.83s,1,0.0500,0,-1.4497,1,0.3000,0,-1.4497,0.000,0.300
1194.790,overrun,A_leg2,4.754,-0.504,27.961,27.513,0.448,OVERRUN by 1150.85s,1,0.0500,0,-1.4497,1,0.3000,0,-1.4497,0.000,0.300
1195.815,overrun,A_leg2,4.754,-0.504,27.961,27.513,0.448,OVERRUN by 1151.88s,1,0.0500,0,-1.4497,1,0.3000,0,-1.4497,0.000,0.300
1196.847,overrun,A_leg2,4.754,-0.504,27.961,27.513,0.448,OVERRUN by 1152.91s,1,0.0500,0,-1.4497,1,0.3000,0,-1.4497,0.000,0.300
1197.878,overrun,A_leg2,4.754,-0.504,27.961,27.513,0.448,OVERRUN by 1153.94s,1,0.0500,0,-1.4497,1,0.3000,0,-1.4497,0.000,0.300
1198.914,overrun,A_leg2,4.754,-0.504,27.961,27.513,0.448,OVERRUN by 1154.98s,1,0.0500,0,-1.4497,1,0.3000,0,-1.4497,0.000,0.300
1199.940,overrun,A_leg2,4.754,-0.504,27.961,27.513,0.448,OVERRUN by 1156.00s,1,0.0500,0,-1.4497,1,0.3000,0,-1.4497,0.000,0.300
1200.972,overrun,A_leg2,4.754,-0.504,27.961,27.513,0.448,OVERRUN by 1157.04s,1,0.0500,0,-1.4497,1,0.3000,0,-1.4497,0.000,0.300
1201.995,overrun,A_leg2,4.754,-0.504,27.961,27.513,0.448,OVERRUN by 1158.06s,1,0.0500,0,-1.4497,1,0.3000,0,-1.4497,0.000,0.300
1203.020,overrun,A_leg2,4.754,-0.504,27.961,27.513,0.448,OVERRUN by 1159.08s,1,0.0500,0,-1.4497,1,0.3000,0,-1.4497,0.000,0.300
1204.039,overrun,A_leg2,4.754,-0.504,27.961,27.513,0.448,OVERRUN by 1160.10s,1,0.0500,0,-1.4497,1,0.3000,0,-1.4497,0.000,0.300
1205.071,overrun,A_leg2,4.754,-0.504,27.961,27.513,0.448,OVERRUN by 1161.13s,1,0.0500,0,-1.4497,1,0.3000,0,-1.4497,0.000,0.300
1206.109,overrun,A_leg2,4.754,-0.504,27.961,27.513,0.448,OVERRUN by 1162.17s,1,0.0500,0,-1.4497,1,0.3000,0,-1.4497,0.000,0.300
1207.139,overrun,A_leg2,4.754,-0.504,27.961,27.513,0.448,OVERRUN by 1163.20s,1,0.0500,0,-1.4497,1,0.3000,0,-1.4497,0.000,0.300
1208.178,overrun,A_leg2,4.754,-0.504,27.961,27.513,0.448,OVERRUN by 1164.24s,1,0.0500,0,-1.4497,1,0.3000,0,-1.4497,0.000,0.300
1209.218,overrun,A_leg2,4.754,-0.504,27.961,27.513,0.448,OVERRUN by 1165.28s,1,0.0500,0,-1.4497,1,0.3000,0,-1.4497,0.000,0.300
1210.246,overrun,A_leg2,4.754,-0.504,27.961,27.513,0.448,OVERRUN by 1166.31s,1,0.0500,0,-1.4497,1,0.3000,0,-1.4497,0.000,0.300
1211.267,overrun,A_leg2,4.754,-0.504,27.961,27.513,0.448,OVERRUN by 1167.33s,1,0.0500,0,-1.4497,1,0.3000,0,-1.4497,0.000,0.300
1212.301,overrun,A_leg2,4.754,-0.504,27.961,27.513,0.448,OVERRUN by 1168.36s,1,0.0500,0,-1.4497,1,0.3000,0,-1.4497,0.000,0.300
1213.346,overrun,A_leg2,4.754,-0.504,27.961,27.513,0.448,OVERRUN by 1169.41s,1,0.0500,0,-1.4497,1,0.3000,0,-1.4497,0.000,0.300
1214.369,overrun,A_leg2,4.754,-0.504,27.961,27.513,0.448,OVERRUN by 1170.43s,1,0.0500,0,-1.4497,1,0.3000,0,-1.4497,0.000,0.300
1215.404,overrun,A_leg2,4.754,-0.504,27.961,27.513,0.448,OVERRUN by 1171.47s,1,0.0500,0,-1.4497,1,0.3000,0,-1.4497,0.000,0.300
1216.430,overrun,A_leg2,4.754,-0.504,27.961,27.513,0.448,OVERRUN by 1172.49s,1,0.0500,0,-1.4497,1,0.3000,0,-1.4497,0.000,0.300
1217.466,overrun,A_leg2,4.754,-0.504,27.961,27.513,0.448,OVERRUN by 1173.53s,1,0.0500,0,-1.4497,1,0.3000,0,-1.4497,0.000,0.300
1218.502,overrun,A_leg2,4.754,-0.504,27.961,27.513,0.448,OVERRUN by 1174.57s,1,0.0500,0,-1.4497,1,0.3000,0,-1.4497,0.000,0.300
1219.529,overrun,A_leg2,4.754,-0.504,27.961,27.513,0.448,OVERRUN by 1175.59s,1,0.0500,0,-1.4497,1,0.3000,0,-1.4497,0.000,0.300
1220.562,overrun,A_leg2,4.754,-0.504,27.961,27.513,0.448,OVERRUN by 1176.63s,1,0.0500,0,-1.4497,1,0.3000,0,-1.4497,0.000,0.300
1221.586,overrun,A_leg2,4.754,-0.504,27.961,27.513,0.448,OVERRUN by 1177.65s,1,0.0500,0,-1.4497,1,0.3000,0,-1.4497,0.000,0.300
1222.621,overrun,A_leg2,4.754,-0.504,27.961,27.513,0.448,OVERRUN by 1178.69s,1,0.0500,0,-1.4497,1,0.3000,0,-1.4497,0.000,0.300
1223.647,overrun,A_leg2,4.754,-0.504,27.961,27.513,0.448,OVERRUN by 1179.71s,1,0.0500,0,-1.4497,1,0.3000,0,-1.4497,0.000,0.300
1224.678,overrun,A_leg2,4.754,-0.504,27.961,27.513,0.448,OVERRUN by 1180.74s,1,0.0500,0,-1.4497,1,0.3000,0,-1.4497,0.000,0.300
1225.707,overrun,A_leg2,4.754,-0.504,27.961,27.513,0.448,OVERRUN by 1181.77s,1,0.0500,0,-1.4497,1,0.3000,0,-1.4497,0.000,0.300
1226.736,overrun,A_leg2,4.754,-0.504,27.961,27.513,0.448,OVERRUN by 1182.80s,1,0.0500,0,-1.4497,1,0.3000,0,-1.4497,0.000,0.300
1227.773,overrun,A_leg2,4.754,-0.504,27.961,27.513,0.448,OVERRUN by 1183.84s,1,0.0500,0,-1.4497,1,0.3000,0,-1.4497,0.000,0.300
1228.813,overrun,A_leg2,4.754,-0.504,27.961,27.513,0.448,OVERRUN by 1184.88s,1,0.0500,0,-1.4497,1,0.3000,0,-1.4497,0.000,0.300
1229.840,overrun,A_leg2,4.754,-0.504,27.961,27.513,0.448,OVERRUN by 1185.90s,1,0.0500,0,-1.4497,1,0.3000,0,-1.4497,0.000,0.300
1230.866,overrun,A_leg2,4.754,-0.504,27.961,27.513,0.448,OVERRUN by 1186.93s,1,0.0500,0,-1.4497,1,0.3000,0,-1.4497,0.000,0.300
1231.896,overrun,A_leg2,4.754,-0.504,27.961,27.513,0.448,OVERRUN by 1187.96s,1,0.0500,0,-1.4497,1,0.3000,0,-1.4497,0.000,0.300
1232.935,overrun,A_leg2,4.754,-0.504,27.961,27.513,0.448,OVERRUN by 1189.00s,1,0.0500,0,-1.4497,1,0.3000,0,-1.4497,0.000,0.300
1233.964,overrun,A_leg2,4.754,-0.504,27.961,27.513,0.448,OVERRUN by 1190.03s,1,0.0500,0,-1.4497,1,0.3000,0,-1.4497,0.000,0.300
1234.992,overrun,A_leg2,4.754,-0.504,27.961,27.513,0.448,OVERRUN by 1191.06s,1,0.0500,0,-1.4497,1,0.3000,0,-1.4497,0.000,0.300
1236.019,overrun,A_leg2,4.754,-0.504,27.961,27.513,0.448,OVERRUN by 1192.08s,1,0.0500,0,-1.4497,1,0.3000,0,-1.4497,0.000,0.300
1237.044,overrun,A_leg2,4.754,-0.504,27.961,27.513,0.448,OVERRUN by 1193.11s,1,0.0500,0,-1.4497,1,0.3000,0,-1.4497,0.000,0.300
1238.070,overrun,A_leg2,4.754,-0.504,27.961,27.513,0.448,OVERRUN by 1194.13s,1,0.0500,0,-1.4497,1,0.3000,0,-1.4497,0.000,0.300
1239.100,overrun,A_leg2,4.754,-0.504,27.961,27.513,0.448,OVERRUN by 1195.16s,1,0.0500,0,-1.4497,1,0.3000,0,-1.4497,0.000,0.300
1240.134,overrun,A_leg2,4.754,-0.504,27.961,27.513,0.448,OVERRUN by 1196.20s,1,0.0500,0,-1.4497,1,0.3000,0,-1.4497,0.000,0.300
1241.159,overrun,A_leg2,4.754,-0.504,27.961,27.513,0.448,OVERRUN by 1197.22s,1,0.0500,0,-1.4497,1,0.3000,0,-1.4497,0.000,0.300
1242.181,overrun,A_leg2,4.754,-0.504,27.961,27.513,0.448,OVERRUN by 1198.24s,1,0.0500,0,-1.4497,1,0.3000,0,-1.4497,0.000,0.300
1243.202,overrun,A_leg2,4.754,-0.504,27.961,27.513,0.448,OVERRUN by 1199.27s,1,0.0500,0,-1.4497,1,0.3000,0,-1.4497,0.000,0.300
1244.226,overrun,A_leg2,4.754,-0.504,27.961,27.513,0.448,OVERRUN by 1200.29s,1,0.0500,0,-1.4497,1,0.3000,0,-1.4497,0.000,0.300
1245.249,overrun,A_leg2,4.754,-0.504,27.961,27.513,0.448,OVERRUN by 1201.31s,1,0.0500,0,-1.4497,1,0.3000,0,-1.4497,0.000,0.300
1246.282,overrun,A_leg2,4.754,-0.504,27.961,27.513,0.448,OVERRUN by 1202.35s,1,0.0500,0,-1.4497,1,0.3000,0,-1.4497,0.000,0.300
1247.308,overrun,A_leg2,4.754,-0.504,27.961,27.513,0.448,OVERRUN by 1203.37s,1,0.0500,0,-1.4497,1,0.3000,0,-1.4497,0.000,0.300
1248.331,overrun,A_leg2,4.754,-0.504,27.961,27.513,0.448,OVERRUN by 1204.39s,1,0.0500,0,-1.4497,1,0.3000,0,-1.4497,0.000,0.300
1249.366,overrun,A_leg2,4.754,-0.504,27.961,27.513,0.448,OVERRUN by 1205.43s,1,0.0500,0,-1.4497,1,0.3000,0,-1.4497,0.000,0.300
1250.403,overrun,A_leg2,4.754,-0.504,27.961,27.513,0.448,OVERRUN by 1206.47s,1,0.0500,0,-1.4497,1,0.3000,0,-1.4497,0.000,0.300
1251.427,overrun,A_leg2,4.754,-0.504,27.961,27.513,0.448,OVERRUN by 1207.49s,1,0.0500,0,-1.4497,1,0.3000,0,-1.4497,0.000,0.300
1252.457,overrun,A_leg2,4.754,-0.504,27.961,27.513,0.448,OVERRUN by 1208.52s,1,0.0500,0,-1.4497,1,0.3000,0,-1.4497,0.000,0.300
1253.477,overrun,A_leg2,4.754,-0.504,27.961,27.513,0.448,OVERRUN by 1209.54s,1,0.0500,0,-1.4497,1,0.3000,0,-1.4497,0.000,0.300
1254.507,overrun,A_leg2,4.754,-0.504,27.961,27.513,0.448,OVERRUN by 1210.57s,1,0.0500,0,-1.4497,1,0.3000,0,-1.4497,0.000,0.300
1255.541,overrun,A_leg2,4.754,-0.504,27.961,27.513,0.448,OVERRUN by 1211.61s,1,0.0500,0,-1.4497,1,0.3000,0,-1.4497,0.000,0.300
1256.574,overrun,A_leg2,4.754,-0.504,27.961,27.513,0.448,OVERRUN by 1212.64s,1,0.0500,0,-1.4497,1,0.3000,0,-1.4497,0.000,0.300
1257.602,overrun,A_leg2,4.754,-0.504,27.961,27.513,0.448,OVERRUN by 1213.67s,1,0.0500,0,-1.4497,1,0.3000,0,-1.4497,0.000,0.300
1258.639,overrun,A_leg2,4.754,-0.504,27.961,27.513,0.448,OVERRUN by 1214.70s,1,0.0500,0,-1.4497,1,0.3000,0,-1.4497,0.000,0.300
1259.665,overrun,A_leg2,4.754,-0.504,27.961,27.513,0.448,OVERRUN by 1215.73s,1,0.0500,0,-1.4497,1,0.3000,0,-1.4497,0.000,0.300
1260.699,overrun,A_leg2,4.754,-0.504,27.961,27.513,0.448,OVERRUN by 1216.76s,1,0.0500,0,-1.4497,1,0.3000,0,-1.4497,0.000,0.300
1261.732,overrun,A_leg2,4.754,-0.504,27.961,27.513,0.448,OVERRUN by 1217.80s,1,0.0500,0,-1.4497,1,0.3000,0,-1.4497,0.000,0.300
1262.769,overrun,A_leg2,4.754,-0.504,27.961,27.513,0.448,OVERRUN by 1218.83s,1,0.0500,0,-1.4497,1,0.3000,0,-1.4497,0.000,0.300
1263.796,overrun,A_leg2,4.754,-0.504,27.961,27.513,0.448,OVERRUN by 1219.86s,1,0.0500,0,-1.4497,1,0.3000,0,-1.4497,0.000,0.300
1264.826,overrun,A_leg2,4.754,-0.504,27.961,27.513,0.448,OVERRUN by 1220.89s,1,0.0500,0,-1.4497,1,0.3000,0,-1.4497,0.000,0.300
1265.853,overrun,A_leg2,4.754,-0.504,27.961,27.513,0.448,OVERRUN by 1221.92s,1,0.0500,0,-1.4497,1,0.3000,0,-1.4497,0.000,0.300
1266.880,overrun,A_leg2,4.754,-0.504,27.961,27.513,0.448,OVERRUN by 1222.94s,1,0.0500,0,-1.4497,1,0.3000,0,-1.4497,0.000,0.300
1267.909,overrun,A_leg2,4.754,-0.504,27.961,27.513,0.448,OVERRUN by 1223.97s,1,0.0500,0,-1.4497,1,0.3000,0,-1.4497,0.000,0.300
1268.941,overrun,A_leg2,4.754,-0.504,27.961,27.513,0.448,OVERRUN by 1225.00s,1,0.0500,0,-1.4497,1,0.3000,0,-1.4497,0.000,0.300
1269.974,overrun,A_leg2,4.754,-0.504,27.961,27.513,0.448,OVERRUN by 1226.04s,1,0.0500,0,-1.4497,1,0.3000,0,-1.4497,0.000,0.300
1271.009,overrun,A_leg2,4.754,-0.504,27.961,27.513,0.448,OVERRUN by 1227.07s,1,0.0500,0,-1.4497,1,0.3000,0,-1.4497,0.000,0.300
1272.033,overrun,A_leg2,4.754,-0.504,27.961,27.513,0.448,OVERRUN by 1228.10s,1,0.0500,0,-1.4497,1,0.3000,0,-1.4497,0.000,0.300
1273.050,overrun,A_leg2,4.754,-0.504,27.961,27.513,0.448,OVERRUN by 1229.11s,1,0.0500,0,-1.4497,1,0.3000,0,-1.4497,0.000,0.300
1274.086,overrun,A_leg2,4.754,-0.504,27.961,27.513,0.448,OVERRUN by 1230.15s,1,0.0500,0,-1.4497,1,0.3000,0,-1.4497,0.000,0.300
1275.111,overrun,A_leg2,4.754,-0.504,27.961,27.513,0.448,OVERRUN by 1231.17s,1,0.0500,0,-1.4497,1,0.3000,0,-1.4497,0.000,0.300
1276.133,overrun,A_leg2,4.754,-0.504,27.961,27.513,0.448,OVERRUN by 1232.20s,1,0.0500,0,-1.4497,1,0.3000,0,-1.4497,0.000,0.300
1277.169,overrun,A_leg2,4.754,-0.504,27.961,27.513,0.448,OVERRUN by 1233.23s,1,0.0500,0,-1.4497,1,0.3000,0,-1.4497,0.000,0.300
1278.207,overrun,A_leg2,4.754,-0.504,27.961,27.513,0.448,OVERRUN by 1234.27s,1,0.0500,0,-1.4497,1,0.3000,0,-1.4497,0.000,0.300
1279.234,overrun,A_leg2,4.754,-0.504,27.961,27.513,0.448,OVERRUN by 1235.30s,1,0.0500,0,-1.4497,1,0.3000,0,-1.4497,0.000,0.300
1280.276,overrun,A_leg2,4.754,-0.504,27.961,27.513,0.448,OVERRUN by 1236.34s,1,0.0500,0,-1.4497,1,0.3000,0,-1.4497,0.000,0.300
1281.304,overrun,A_leg2,4.754,-0.504,27.961,27.513,0.448,OVERRUN by 1237.37s,1,0.0500,0,-1.4497,1,0.3000,0,-1.4497,0.000,0.300
1282.334,overrun,A_leg2,4.754,-0.504,27.961,27.513,0.448,OVERRUN by 1238.40s,1,0.0500,0,-1.4497,1,0.3000,0,-1.4497,0.000,0.300
1283.340,overrun,A_leg2,4.754,-0.504,27.961,27.513,0.448,OVERRUN by 1239.40s,1,0.0500,0,-1.4497,1,0.3000,0,-1.4497,0.000,0.300
1284.368,overrun,A_leg2,4.754,-0.504,27.961,27.513,0.448,OVERRUN by 1240.43s,1,0.0500,0,-1.4497,1,0.3000,0,-1.4497,0.000,0.300
1285.404,overrun,A_leg2,4.754,-0.504,27.961,27.513,0.448,OVERRUN by 1241.47s,1,0.0500,0,-1.4497,1,0.3000,0,-1.4497,0.000,0.300
1286.434,overrun,A_leg2,4.754,-0.504,27.961,27.513,0.448,OVERRUN by 1242.50s,1,0.0500,0,-1.4497,1,0.3000,0,-1.4497,0.000,0.300
1287.462,overrun,A_leg2,4.754,-0.504,27.961,27.513,0.448,OVERRUN by 1243.53s,1,0.0500,0,-1.4497,1,0.3000,0,-1.4497,0.000,0.300
1288.506,overrun,A_leg2,4.754,-0.504,27.961,27.513,0.448,OVERRUN by 1244.57s,1,0.0500,0,-1.4497,1,0.3000,0,-1.4497,0.000,0.300
1289.555,overrun,A_leg2,4.754,-0.504,27.961,27.513,0.448,OVERRUN by 1245.62s,1,0.0500,0,-1.4497,1,0.3000,0,-1.4497,0.000,0.300
1290.586,overrun,A_leg2,4.754,-0.504,27.961,27.513,0.448,OVERRUN by 1246.65s,1,0.0500,0,-1.4497,1,0.3000,0,-1.4497,0.000,0.300
1291.611,overrun,A_leg2,4.754,-0.504,27.961,27.513,0.448,OVERRUN by 1247.67s,1,0.0500,0,-1.4497,1,0.3000,0,-1.4497,0.000,0.300
1292.654,overrun,A_leg2,4.754,-0.504,27.961,27.513,0.448,OVERRUN by 1248.72s,1,0.0500,0,-1.4497,1,0.3000,0,-1.4497,0.000,0.300
1293.704,overrun,A_leg2,4.754,-0.504,27.961,27.513,0.448,OVERRUN by 1249.77s,1,0.0500,0,-1.4497,1,0.3000,0,-1.4497,0.000,0.300
1294.720,overrun,A_leg2,4.754,-0.504,27.961,27.513,0.448,OVERRUN by 1250.78s,1,0.0500,0,-1.4497,1,0.3000,0,-1.4497,0.000,0.300
1295.770,overrun,A_leg2,4.754,-0.504,27.961,27.513,0.448,OVERRUN by 1251.83s,1,0.0500,0,-1.4497,1,0.3000,0,-1.4497,0.000,0.300
1296.823,overrun,A_leg2,4.754,-0.504,27.961,27.513,0.448,OVERRUN by 1252.89s,1,0.0500,0,-1.4497,1,0.3000,0,-1.4497,0.000,0.300
1297.856,overrun,A_leg2,4.754,-0.504,27.961,27.513,0.448,OVERRUN by 1253.92s,1,0.0500,0,-1.4497,1,0.3000,0,-1.4497,0.000,0.300
1298.902,overrun,A_leg2,4.754,-0.504,27.961,27.513,0.448,OVERRUN by 1254.97s,1,0.0500,0,-1.4497,1,0.3000,0,-1.4497,0.000,0.300
1299.946,overrun,A_leg2,4.754,-0.504,27.961,27.513,0.448,OVERRUN by 1256.01s,1,0.0500,0,-1.4497,1,0.3000,0,-1.4497,0.000,0.300
1300.971,overrun,A_leg2,4.754,-0.504,27.961,27.513,0.448,OVERRUN by 1257.03s,1,0.0500,0,-1.4497,1,0.3000,0,-1.4497,0.000,0.300
1302.027,overrun,A_leg2,4.754,-0.504,27.961,27.513,0.448,OVERRUN by 1258.09s,1,0.0500,0,-1.4497,1,0.3000,0,-1.4497,0.000,0.300
1303.083,overrun,A_leg2,4.754,-0.504,27.961,27.513,0.448,OVERRUN by 1259.15s,1,0.0500,0,-1.4497,1,0.3000,0,-1.4497,0.000,0.300
1304.101,overrun,A_leg2,4.754,-0.504,27.961,27.513,0.448,OVERRUN by 1260.16s,1,0.0500,0,-1.4497,1,0.3000,0,-1.4497,0.000,0.300
1305.145,overrun,A_leg2,4.754,-0.504,27.961,27.513,0.448,OVERRUN by 1261.21s,1,0.0500,0,-1.4497,1,0.3000,0,-1.4497,0.000,0.300
1306.169,overrun,A_leg2,4.754,-0.504,27.961,27.513,0.448,OVERRUN by 1262.23s,1,0.0500,0,-1.4497,1,0.3000,0,-1.4497,0.000,0.300
1307.193,overrun,A_leg2,4.754,-0.504,27.961,27.513,0.448,OVERRUN by 1263.26s,1,0.0500,0,-1.4497,1,0.3000,0,-1.4497,0.000,0.300
1308.220,overrun,A_leg2,4.754,-0.504,27.961,27.513,0.448,OVERRUN by 1264.28s,1,0.0500,0,-1.4497,1,0.3000,0,-1.4497,0.000,0.300
1309.257,overrun,A_leg2,4.754,-0.504,27.961,27.513,0.448,OVERRUN by 1265.32s,1,0.0500,0,-1.4497,1,0.3000,0,-1.4497,0.000,0.300
1310.273,overrun,A_leg2,4.754,-0.504,27.961,27.513,0.448,OVERRUN by 1266.34s,1,0.0500,0,-1.4497,1,0.3000,0,-1.4497,0.000,0.300
1311.307,overrun,A_leg2,4.754,-0.504,27.961,27.513,0.448,OVERRUN by 1267.37s,1,0.0500,0,-1.4497,1,0.3000,0,-1.4497,0.000,0.300
1312.356,overrun,A_leg2,4.754,-0.504,27.961,27.513,0.448,OVERRUN by 1268.42s,1,0.0500,0,-1.4497,1,0.3000,0,-1.4497,0.000,0.300
1313.394,overrun,A_leg2,4.754,-0.504,27.961,27.513,0.448,OVERRUN by 1269.46s,1,0.0500,0,-1.4497,1,0.3000,0,-1.4497,0.000,0.300
1314.429,overrun,A_leg2,4.754,-0.504,27.961,27.513,0.448,OVERRUN by 1270.49s,1,0.0500,0,-1.4497,1,0.3000,0,-1.4497,0.000,0.300
1315.459,overrun,A_leg2,4.754,-0.504,27.961,27.513,0.448,OVERRUN by 1271.52s,1,0.0500,0,-1.4497,1,0.3000,0,-1.4497,0.000,0.300
1316.511,overrun,A_leg2,4.754,-0.504,27.961,27.513,0.448,OVERRUN by 1272.57s,1,0.0500,0,-1.4497,1,0.3000,0,-1.4497,0.000,0.300
1317.541,overrun,A_leg2,4.754,-0.504,27.961,27.513,0.448,OVERRUN by 1273.60s,1,0.0500,0,-1.4497,1,0.3000,0,-1.4497,0.000,0.300
1318.596,overrun,A_leg2,4.754,-0.504,27.961,27.513,0.448,OVERRUN by 1274.66s,1,0.0500,0,-1.4497,1,0.3000,0,-1.4497,0.000,0.300
1319.647,overrun,A_leg2,4.754,-0.504,27.961,27.513,0.448,OVERRUN by 1275.71s,1,0.0500,0,-1.4497,1,0.3000,0,-1.4497,0.000,0.300
1320.677,overrun,A_leg2,4.754,-0.504,27.961,27.513,0.448,OVERRUN by 1276.74s,1,0.0500,0,-1.4497,1,0.3000,0,-1.4497,0.000,0.300
1321.723,overrun,A_leg2,4.754,-0.504,27.961,27.513,0.448,OVERRUN by 1277.79s,1,0.0500,0,-1.4497,1,0.3000,0,-1.4497,0.000,0.300
1322.773,overrun,A_leg2,4.754,-0.504,27.961,27.513,0.448,OVERRUN by 1278.84s,1,0.0500,0,-1.4497,1,0.3000,0,-1.4497,0.000,0.300
1323.816,overrun,A_leg2,4.754,-0.504,27.961,27.513,0.448,OVERRUN by 1279.88s,1,0.0500,0,-1.4497,1,0.3000,0,-1.4497,0.000,0.300
1324.864,overrun,A_leg2,4.754,-0.504,27.961,27.513,0.448,OVERRUN by 1280.93s,1,0.0500,0,-1.4497,1,0.3000,0,-1.4497,0.000,0.300
1325.896,overrun,A_leg2,4.754,-0.504,27.961,27.513,0.448,OVERRUN by 1281.96s,1,0.0500,0,-1.4497,1,0.3000,0,-1.4497,0.000,0.300
1326.929,overrun,A_leg2,4.754,-0.504,27.961,27.513,0.448,OVERRUN by 1282.99s,1,0.0500,0,-1.4497,1,0.3000,0,-1.4497,0.000,0.300
1327.964,overrun,A_leg2,4.754,-0.504,27.961,27.513,0.448,OVERRUN by 1284.03s,1,0.0500,0,-1.4497,1,0.3000,0,-1.4497,0.000,0.300
1328.977,overrun,A_leg2,4.754,-0.504,27.961,27.513,0.448,OVERRUN by 1285.04s,1,0.0500,0,-1.4497,1,0.3000,0,-1.4497,0.000,0.300
1330.021,overrun,A_leg2,4.754,-0.504,27.961,27.513,0.448,OVERRUN by 1286.08s,1,0.0500,0,-1.4497,1,0.3000,0,-1.4497,0.000,0.300
1331.055,overrun,A_leg2,4.754,-0.504,27.961,27.513,0.448,OVERRUN by 1287.12s,1,0.0500,0,-1.4497,1,0.3000,0,-1.4497,0.000,0.300
1332.085,overrun,A_leg2,4.754,-0.504,27.961,27.513,0.448,OVERRUN by 1288.15s,1,0.0500,0,-1.4497,1,0.3000,0,-1.4497,0.000,0.300
1333.120,overrun,A_leg2,4.754,-0.504,27.961,27.513,0.448,OVERRUN by 1289.18s,1,0.0500,0,-1.4497,1,0.3000,0,-1.4497,0.000,0.300
1334.159,overrun,A_leg2,4.754,-0.504,27.961,27.513,0.448,OVERRUN by 1290.22s,1,0.0500,0,-1.4497,1,0.3000,0,-1.4497,0.000,0.300
1335.194,overrun,A_leg2,4.754,-0.504,27.961,27.513,0.448,OVERRUN by 1291.26s,1,0.0500,0,-1.4497,1,0.3000,0,-1.4497,0.000,0.300
1336.246,overrun,A_leg2,4.754,-0.504,27.961,27.513,0.448,OVERRUN by 1292.31s,1,0.0500,0,-1.4497,1,0.3000,0,-1.4497,0.000,0.300
1337.295,overrun,A_leg2,4.754,-0.504,27.961,27.513,0.448,OVERRUN by 1293.36s,1,0.0500,0,-1.4497,1,0.3000,0,-1.4497,0.000,0.300
1338.325,overrun,A_leg2,4.754,-0.504,27.961,27.513,0.448,OVERRUN by 1294.39s,1,0.0500,0,-1.4497,1,0.3000,0,-1.4497,0.000,0.300
1339.341,overrun,A_leg2,4.754,-0.504,27.961,27.513,0.448,OVERRUN by 1295.41s,1,0.0500,0,-1.4497,1,0.3000,0,-1.4497,0.000,0.300
1340.372,overrun,A_leg2,4.754,-0.504,27.961,27.513,0.448,OVERRUN by 1296.44s,1,0.0500,0,-1.4497,1,0.3000,0,-1.4497,0.000,0.300
1341.411,overrun,A_leg2,4.754,-0.504,27.961,27.513,0.448,OVERRUN by 1297.47s,1,0.0500,0,-1.4497,1,0.3000,0,-1.4497,0.000,0.300
1342.467,overrun,A_leg2,4.754,-0.504,27.961,27.513,0.448,OVERRUN by 1298.53s,1,0.0500,0,-1.4497,1,0.3000,0,-1.4497,0.000,0.300
1343.496,overrun,A_leg2,4.754,-0.504,27.961,27.513,0.448,OVERRUN by 1299.56s,1,0.0500,0,-1.4497,1,0.3000,0,-1.4497,0.000,0.300
1344.527,overrun,A_leg2,4.754,-0.504,27.961,27.513,0.448,OVERRUN by 1300.59s,1,0.0500,0,-1.4497,1,0.3000,0,-1.4497,0.000,0.300
1345.578,overrun,A_leg2,4.754,-0.504,27.961,27.513,0.448,OVERRUN by 1301.64s,1,0.0500,0,-1.4497,1,0.3000,0,-1.4497,0.000,0.300
1346.613,overrun,A_leg2,4.754,-0.504,27.961,27.513,0.448,OVERRUN by 1302.68s,1,0.0500,0,-1.4497,1,0.3000,0,-1.4497,0.000,0.300
1347.649,overrun,A_leg2,4.754,-0.504,27.961,27.513,0.448,OVERRUN by 1303.71s,1,0.0500,0,-1.4497,1,0.3000,0,-1.4497,0.000,0.300
1348.686,overrun,A_leg2,4.754,-0.504,27.961,27.513,0.448,OVERRUN by 1304.75s,1,0.0500,0,-1.4497,1,0.3000,0,-1.4497,0.000,0.300
1349.720,overrun,A_leg2,4.754,-0.504,27.961,27.513,0.448,OVERRUN by 1305.78s,1,0.0500,0,-1.4497,1,0.3000,0,-1.4497,0.000,0.300
1350.735,overrun,A_leg2,4.754,-0.504,27.961,27.513,0.448,OVERRUN by 1306.80s,1,0.0500,0,-1.4497,1,0.3000,0,-1.4497,0.000,0.300
1351.792,overrun,A_leg2,4.754,-0.504,27.961,27.513,0.448,OVERRUN by 1307.86s,1,0.0500,0,-1.4497,1,0.3000,0,-1.4497,0.000,0.300
1352.827,overrun,A_leg2,4.754,-0.504,27.961,27.513,0.448,OVERRUN by 1308.89s,1,0.0500,0,-1.4497,1,0.3000,0,-1.4497,0.000,0.300
1353.865,overrun,A_leg2,4.754,-0.504,27.961,27.513,0.448,OVERRUN by 1309.93s,1,0.0500,0,-1.4497,1,0.3000,0,-1.4497,0.000,0.300
1354.920,overrun,A_leg2,4.754,-0.504,27.961,27.513,0.448,OVERRUN by 1310.98s,1,0.0500,0,-1.4497,1,0.3000,0,-1.4497,0.000,0.300
1355.945,overrun,A_leg2,4.754,-0.504,27.961,27.513,0.448,OVERRUN by 1312.01s,1,0.0500,0,-1.4497,1,0.3000,0,-1.4497,0.000,0.300
1356.988,overrun,A_leg2,4.754,-0.504,27.961,27.513,0.448,OVERRUN by 1313.05s,1,0.0500,0,-1.4497,1,0.3000,0,-1.4497,0.000,0.300
1358.006,overrun,A_leg2,4.754,-0.504,27.961,27.513,0.448,OVERRUN by 1314.07s,1,0.0500,0,-1.4497,1,0.3000,0,-1.4497,0.000,0.300
1359.031,overrun,A_leg2,4.754,-0.504,27.961,27.513,0.448,OVERRUN by 1315.10s,1,0.0500,0,-1.4497,1,0.3000,0,-1.4497,0.000,0.300
1360.077,overrun,A_leg2,4.754,-0.504,27.961,27.513,0.448,OVERRUN by 1316.14s,1,0.0500,0,-1.4497,1,0.3000,0,-1.4497,0.000,0.300
1361.122,overrun,A_leg2,4.754,-0.504,27.961,27.513,0.448,OVERRUN by 1317.19s,1,0.0500,0,-1.4497,1,0.3000,0,-1.4497,0.000,0.300
1362.127,overrun,A_leg2,4.754,-0.504,27.961,27.513,0.448,OVERRUN by 1318.19s,1,0.0500,0,-1.4497,1,0.3000,0,-1.4497,0.000,0.300
1363.184,overrun,A_leg2,4.754,-0.504,27.961,27.513,0.448,OVERRUN by 1319.25s,1,0.0500,0,-1.4497,1,0.3000,0,-1.4497,0.000,0.300
1364.236,overrun,A_leg2,4.754,-0.504,27.961,27.513,0.448,OVERRUN by 1320.30s,1,0.0500,0,-1.4497,1,0.3000,0,-1.4497,0.000,0.300
1365.286,overrun,A_leg2,4.754,-0.504,27.961,27.513,0.448,OVERRUN by 1321.35s,1,0.0500,0,-1.4497,1,0.3000,0,-1.4497,0.000,0.300
1366.327,overrun,A_leg2,4.754,-0.504,27.961,27.513,0.448,OVERRUN by 1322.39s,1,0.0500,0,-1.4497,1,0.3000,0,-1.4497,0.000,0.300
1367.383,overrun,A_leg2,4.754,-0.504,27.961,27.513,0.448,OVERRUN by 1323.45s,1,0.0500,0,-1.4497,1,0.3000,0,-1.4497,0.000,0.300
1368.417,overrun,A_leg2,4.754,-0.504,27.961,27.513,0.448,OVERRUN by 1324.48s,1,0.0500,0,-1.4497,1,0.3000,0,-1.4497,0.000,0.300
1369.460,overrun,A_leg2,4.754,-0.504,27.961,27.513,0.448,OVERRUN by 1325.52s,1,0.0500,0,-1.4497,1,0.3000,0,-1.4497,0.000,0.300
1370.490,overrun,A_leg2,4.754,-0.504,27.961,27.513,0.448,OVERRUN by 1326.55s,1,0.0500,0,-1.4497,1,0.3000,0,-1.4497,0.000,0.300
1371.497,overrun,A_leg2,4.754,-0.504,27.961,27.513,0.448,OVERRUN by 1327.56s,1,0.0500,0,-1.4497,1,0.3000,0,-1.4497,0.000,0.300
1372.529,overrun,A_leg2,4.754,-0.504,27.961,27.513,0.448,OVERRUN by 1328.59s,1,0.0500,0,-1.4497,1,0.3000,0,-1.4497,0.000,0.300
1373.544,overrun,A_leg2,4.754,-0.504,27.961,27.513,0.448,OVERRUN by 1329.61s,1,0.0500,0,-1.4497,1,0.3000,0,-1.4497,0.000,0.300
1374.578,overrun,A_leg2,4.754,-0.504,27.961,27.513,0.448,OVERRUN by 1330.64s,1,0.0500,0,-1.4497,1,0.3000,0,-1.4497,0.000,0.300
1375.626,overrun,A_leg2,4.754,-0.504,27.961,27.513,0.448,OVERRUN by 1331.69s,1,0.0500,0,-1.4497,1,0.3000,0,-1.4497,0.000,0.300
1376.638,overrun,A_leg2,4.754,-0.504,27.961,27.513,0.448,OVERRUN by 1332.70s,1,0.0500,0,-1.4497,1,0.3000,0,-1.4497,0.000,0.300
1377.659,overrun,A_leg2,4.754,-0.504,27.961,27.513,0.448,OVERRUN by 1333.72s,1,0.0500,0,-1.4497,1,0.3000,0,-1.4497,0.000,0.300
1378.680,overrun,A_leg2,4.754,-0.504,27.961,27.513,0.448,OVERRUN by 1334.74s,1,0.0500,0,-1.4497,1,0.3000,0,-1.4497,0.000,0.300
1379.709,overrun,A_leg2,4.754,-0.504,27.961,27.513,0.448,OVERRUN by 1335.77s,1,0.0500,0,-1.4497,1,0.3000,0,-1.4497,0.000,0.300
1380.747,overrun,A_leg2,4.754,-0.504,27.961,27.513,0.448,OVERRUN by 1336.81s,1,0.0500,0,-1.4497,1,0.3000,0,-1.4497,0.000,0.300
1381.777,overrun,A_leg2,4.754,-0.504,27.961,27.513,0.448,OVERRUN by 1337.84s,1,0.0500,0,-1.4497,1,0.3000,0,-1.4497,0.000,0.300
1382.825,overrun,A_leg2,4.754,-0.504,27.961,27.513,0.448,OVERRUN by 1338.89s,1,0.0500,0,-1.4497,1,0.3000,0,-1.4497,0.000,0.300
1383.869,overrun,A_leg2,4.754,-0.504,27.961,27.513,0.448,OVERRUN by 1339.93s,1,0.0500,0,-1.4497,1,0.3000,0,-1.4497,0.000,0.300
1384.919,overrun,A_leg2,4.754,-0.504,27.961,27.513,0.448,OVERRUN by 1340.98s,1,0.0500,0,-1.4497,1,0.3000,0,-1.4497,0.000,0.300
1385.960,overrun,A_leg2,4.754,-0.504,27.961,27.513,0.448,OVERRUN by 1342.02s,1,0.0500,0,-1.4497,1,0.3000,0,-1.4497,0.000,0.300
1386.978,overrun,A_leg2,4.754,-0.504,27.961,27.513,0.448,OVERRUN by 1343.04s,1,0.0500,0,-1.4497,1,0.3000,0,-1.4497,0.000,0.300
1388.021,overrun,A_leg2,4.754,-0.504,27.961,27.513,0.448,OVERRUN by 1344.08s,1,0.0500,0,-1.4497,1,0.3000,0,-1.4497,0.000,0.300
1389.060,overrun,A_leg2,4.754,-0.504,27.961,27.513,0.448,OVERRUN by 1345.12s,1,0.0500,0,-1.4497,1,0.3000,0,-1.4497,0.000,0.300
1390.093,overrun,A_leg2,4.754,-0.504,27.961,27.513,0.448,OVERRUN by 1346.16s,1,0.0500,0,-1.4497,1,0.3000,0,-1.4497,0.000,0.300
1391.117,overrun,A_leg2,4.754,-0.504,27.961,27.513,0.448,OVERRUN by 1347.18s,1,0.0500,0,-1.4497,1,0.3000,0,-1.4497,0.000,0.300
1392.133,overrun,A_leg2,4.754,-0.504,27.961,27.513,0.448,OVERRUN by 1348.20s,1,0.0500,0,-1.4497,1,0.3000,0,-1.4497,0.000,0.300
1393.172,overrun,A_leg2,4.754,-0.504,27.961,27.513,0.448,OVERRUN by 1349.24s,1,0.0500,0,-1.4497,1,0.3000,0,-1.4497,0.000,0.300
1394.210,overrun,A_leg2,4.754,-0.504,27.961,27.513,0.448,OVERRUN by 1350.27s,1,0.0500,0,-1.4497,1,0.3000,0,-1.4497,0.000,0.300
1395.238,overrun,A_leg2,4.754,-0.504,27.961,27.513,0.448,OVERRUN by 1351.30s,1,0.0500,0,-1.4497,1,0.3000,0,-1.4497,0.000,0.300
1396.265,overrun,A_leg2,4.754,-0.504,27.961,27.513,0.448,OVERRUN by 1352.33s,1,0.0500,0,-1.4497,1,0.3000,0,-1.4497,0.000,0.300
1397.301,overrun,A_leg2,4.754,-0.504,27.961,27.513,0.448,OVERRUN by 1353.36s,1,0.0500,0,-1.4497,1,0.3000,0,-1.4497,0.000,0.300
1398.326,overrun,A_leg2,4.754,-0.504,27.961,27.513,0.448,OVERRUN by 1354.39s,1,0.0500,0,-1.4497,1,0.3000,0,-1.4497,0.000,0.300
1399.359,overrun,A_leg2,4.754,-0.504,27.961,27.513,0.448,OVERRUN by 1355.42s,1,0.0500,0,-1.4497,1,0.3000,0,-1.4497,0.000,0.300
1400.377,overrun,A_leg2,4.754,-0.504,27.961,27.513,0.448,OVERRUN by 1356.44s,1,0.0500,0,-1.4497,1,0.3000,0,-1.4497,0.000,0.300
1401.405,overrun,A_leg2,4.754,-0.504,27.961,27.513,0.448,OVERRUN by 1357.47s,1,0.0500,0,-1.4497,1,0.3000,0,-1.4497,0.000,0.300
1402.438,overrun,A_leg2,4.754,-0.504,27.961,27.513,0.448,OVERRUN by 1358.50s,1,0.0500,0,-1.4497,1,0.3000,0,-1.4497,0.000,0.300
1403.466,overrun,A_leg2,4.754,-0.504,27.961,27.513,0.448,OVERRUN by 1359.53s,1,0.0500,0,-1.4497,1,0.3000,0,-1.4497,0.000,0.300
1404.491,overrun,A_leg2,4.754,-0.504,27.961,27.513,0.448,OVERRUN by 1360.55s,1,0.0500,0,-1.4497,1,0.3000,0,-1.4497,0.000,0.300
1405.517,overrun,A_leg2,4.754,-0.504,27.961,27.513,0.448,OVERRUN by 1361.58s,1,0.0500,0,-1.4497,1,0.3000,0,-1.4497,0.000,0.300
1406.545,overrun,A_leg2,4.754,-0.504,27.961,27.513,0.448,OVERRUN by 1362.61s,1,0.0500,0,-1.4497,1,0.3000,0,-1.4497,0.000,0.300
1407.565,overrun,A_leg2,4.754,-0.504,27.961,27.513,0.448,OVERRUN by 1363.63s,1,0.0500,0,-1.4497,1,0.3000,0,-1.4497,0.000,0.300
1408.581,overrun,A_leg2,4.754,-0.504,27.961,27.513,0.448,OVERRUN by 1364.64s,1,0.0500,0,-1.4497,1,0.3000,0,-1.4497,0.000,0.300
1409.604,overrun,A_leg2,4.754,-0.504,27.961,27.513,0.448,OVERRUN by 1365.67s,1,0.0500,0,-1.4497,1,0.3000,0,-1.4497,0.000,0.300
1410.627,overrun,A_leg2,4.754,-0.504,27.961,27.513,0.448,OVERRUN by 1366.69s,1,0.0500,0,-1.4497,1,0.3000,0,-1.4497,0.000,0.300
1411.656,overrun,A_leg2,4.754,-0.504,27.961,27.513,0.448,OVERRUN by 1367.72s,1,0.0500,0,-1.4497,1,0.3000,0,-1.4497,0.000,0.300
1412.692,overrun,A_leg2,4.754,-0.504,27.961,27.513,0.448,OVERRUN by 1368.76s,1,0.0500,0,-1.4497,1,0.3000,0,-1.4497,0.000,0.300
1413.726,overrun,A_leg2,4.754,-0.504,27.961,27.513,0.448,OVERRUN by 1369.79s,1,0.0500,0,-1.4497,1,0.3000,0,-1.4497,0.000,0.300
1414.756,overrun,A_leg2,4.754,-0.504,27.961,27.513,0.448,OVERRUN by 1370.82s,1,0.0500,0,-1.4497,1,0.3000,0,-1.4497,0.000,0.300
1415.778,overrun,A_leg2,4.754,-0.504,27.961,27.513,0.448,OVERRUN by 1371.84s,1,0.0500,0,-1.4497,1,0.3000,0,-1.4497,0.000,0.300
1416.812,overrun,A_leg2,4.754,-0.504,27.961,27.513,0.448,OVERRUN by 1372.88s,1,0.0500,0,-1.4497,1,0.3000,0,-1.4497,0.000,0.300
1417.838,overrun,A_leg2,4.754,-0.504,27.961,27.513,0.448,OVERRUN by 1373.90s,1,0.0500,0,-1.4497,1,0.3000,0,-1.4497,0.000,0.300
1418.864,overrun,A_leg2,4.754,-0.504,27.961,27.513,0.448,OVERRUN by 1374.93s,1,0.0500,0,-1.4497,1,0.3000,0,-1.4497,0.000,0.300
1419.898,overrun,A_leg2,4.754,-0.504,27.961,27.513,0.448,OVERRUN by 1375.96s,1,0.0500,0,-1.4497,1,0.3000,0,-1.4497,0.000,0.300
1420.925,overrun,A_leg2,4.754,-0.504,27.961,27.513,0.448,OVERRUN by 1376.99s,1,0.0500,0,-1.4497,1,0.3000,0,-1.4497,0.000,0.300
1421.953,overrun,A_leg2,4.754,-0.504,27.961,27.513,0.448,OVERRUN by 1378.02s,1,0.0500,0,-1.4497,1,0.3000,0,-1.4497,0.000,0.300
1422.992,overrun,A_leg2,4.754,-0.504,27.961,27.513,0.448,OVERRUN by 1379.06s,1,0.0500,0,-1.4497,1,0.3000,0,-1.4497,0.000,0.300
1424.020,overrun,A_leg2,4.754,-0.504,27.961,27.513,0.448,OVERRUN by 1380.08s,1,0.0500,0,-1.4497,1,0.3000,0,-1.4497,0.000,0.300
1425.042,overrun,A_leg2,4.754,-0.504,27.961,27.513,0.448,OVERRUN by 1381.11s,1,0.0500,0,-1.4497,1,0.3000,0,-1.4497,0.000,0.300
1426.056,overrun,A_leg2,4.754,-0.504,27.961,27.513,0.448,OVERRUN by 1382.12s,1,0.0500,0,-1.4497,1,0.3000,0,-1.4497,0.000,0.300
1427.079,overrun,A_leg2,4.754,-0.504,27.961,27.513,0.448,OVERRUN by 1383.14s,1,0.0500,0,-1.4497,1,0.3000,0,-1.4497,0.000,0.300
1428.092,overrun,A_leg2,4.754,-0.504,27.961,27.513,0.448,OVERRUN by 1384.16s,1,0.0500,0,-1.4497,1,0.3000,0,-1.4497,0.000,0.300
1429.121,overrun,A_leg2,4.754,-0.504,27.961,27.513,0.448,OVERRUN by 1385.19s,1,0.0500,0,-1.4497,1,0.3000,0,-1.4497,0.000,0.300
1430.141,overrun,A_leg2,4.754,-0.504,27.961,27.513,0.448,OVERRUN by 1386.20s,1,0.0500,0,-1.4497,1,0.3000,0,-1.4497,0.000,0.300
1431.167,overrun,A_leg2,4.754,-0.504,27.961,27.513,0.448,OVERRUN by 1387.23s,1,0.0500,0,-1.4497,1,0.3000,0,-1.4497,0.000,0.300
1432.191,overrun,A_leg2,4.754,-0.504,27.961,27.513,0.448,OVERRUN by 1388.26s,1,0.0500,0,-1.4497,1,0.3000,0,-1.4497,0.000,0.300
1433.233,overrun,A_leg2,4.754,-0.504,27.961,27.513,0.448,OVERRUN by 1389.30s,1,0.0500,0,-1.4497,1,0.3000,0,-1.4497,0.000,0.300
1434.268,overrun,A_leg2,4.754,-0.504,27.961,27.513,0.448,OVERRUN by 1390.33s,1,0.0500,0,-1.4497,1,0.3000,0,-1.4497,0.000,0.300
1435.291,overrun,A_leg2,4.754,-0.504,27.961,27.513,0.448,OVERRUN by 1391.36s,1,0.0500,0,-1.4497,1,0.3000,0,-1.4497,0.000,0.300
1436.319,overrun,A_leg2,4.754,-0.504,27.961,27.513,0.448,OVERRUN by 1392.38s,1,0.0500,0,-1.4497,1,0.3000,0,-1.4497,0.000,0.300
1437.343,overrun,A_leg2,4.754,-0.504,27.961,27.513,0.448,OVERRUN by 1393.41s,1,0.0500,0,-1.4497,1,0.3000,0,-1.4497,0.000,0.300
1438.381,overrun,A_leg2,4.754,-0.504,27.961,27.513,0.448,OVERRUN by 1394.44s,1,0.0500,0,-1.4497,1,0.3000,0,-1.4497,0.000,0.300
1439.406,overrun,A_leg2,4.754,-0.504,27.961,27.513,0.448,OVERRUN by 1395.47s,1,0.0500,0,-1.4497,1,0.3000,0,-1.4497,0.000,0.300
1440.431,overrun,A_leg2,4.754,-0.504,27.961,27.513,0.448,OVERRUN by 1396.49s,1,0.0500,0,-1.4497,1,0.3000,0,-1.4497,0.000,0.300
1441.459,overrun,A_leg2,4.754,-0.504,27.961,27.513,0.448,OVERRUN by 1397.52s,1,0.0500,0,-1.4497,1,0.3000,0,-1.4497,0.000,0.300
1442.477,overrun,A_leg2,4.754,-0.504,27.961,27.513,0.448,OVERRUN by 1398.54s,1,0.0500,0,-1.4497,1,0.3000,0,-1.4497,0.000,0.300
1443.492,overrun,A_leg2,4.754,-0.504,27.961,27.513,0.448,OVERRUN by 1399.56s,1,0.0500,0,-1.4497,1,0.3000,0,-1.4497,0.000,0.300
1444.518,overrun,A_leg2,4.754,-0.504,27.961,27.513,0.448,OVERRUN by 1400.58s,1,0.0500,0,-1.4497,1,0.3000,0,-1.4497,0.000,0.300
1445.548,overrun,A_leg2,4.754,-0.504,27.961,27.513,0.448,OVERRUN by 1401.61s,1,0.0500,0,-1.4497,1,0.3000,0,-1.4497,0.000,0.300
1446.568,overrun,A_leg2,4.754,-0.504,27.961,27.513,0.448,OVERRUN by 1402.63s,1,0.0500,0,-1.4497,1,0.3000,0,-1.4497,0.000,0.300
1447.595,overrun,A_leg2,4.754,-0.504,27.961,27.513,0.448,OVERRUN by 1403.66s,1,0.0500,0,-1.4497,1,0.3000,0,-1.4497,0.000,0.300
1448.639,overrun,A_leg2,4.754,-0.504,27.961,27.513,0.448,OVERRUN by 1404.70s,1,0.0500,0,-1.4497,1,0.3000,0,-1.4497,0.000,0.300
1449.667,overrun,A_leg2,4.754,-0.504,27.961,27.513,0.448,OVERRUN by 1405.73s,1,0.0500,0,-1.4497,1,0.3000,0,-1.4497,0.000,0.300
1450.685,overrun,A_leg2,4.754,-0.504,27.961,27.513,0.448,OVERRUN by 1406.75s,1,0.0500,0,-1.4497,1,0.3000,0,-1.4497,0.000,0.300
1451.720,overrun,A_leg2,4.754,-0.504,27.961,27.513,0.448,OVERRUN by 1407.78s,1,0.0500,0,-1.4497,1,0.3000,0,-1.4497,0.000,0.300
1452.741,overrun,A_leg2,4.754,-0.504,27.961,27.513,0.448,OVERRUN by 1408.80s,1,0.0500,0,-1.4497,1,0.3000,0,-1.4497,0.000,0.300
1453.775,overrun,A_leg2,4.754,-0.504,27.961,27.513,0.448,OVERRUN by 1409.84s,1,0.0500,0,-1.4497,1,0.3000,0,-1.4497,0.000,0.300
1454.799,overrun,A_leg2,4.754,-0.504,27.961,27.513,0.448,OVERRUN by 1410.86s,1,0.0500,0,-1.4497,1,0.3000,0,-1.4497,0.000,0.300
1455.836,overrun,A_leg2,4.754,-0.504,27.961,27.513,0.448,OVERRUN by 1411.90s,1,0.0500,0,-1.4497,1,0.3000,0,-1.4497,0.000,0.300
1456.867,overrun,A_leg2,4.754,-0.504,27.961,27.513,0.448,OVERRUN by 1412.93s,1,0.0500,0,-1.4497,1,0.3000,0,-1.4497,0.000,0.300
1457.882,overrun,A_leg2,4.754,-0.504,27.961,27.513,0.448,OVERRUN by 1413.95s,1,0.0500,0,-1.4497,1,0.3000,0,-1.4497,0.000,0.300
1458.911,overrun,A_leg2,4.754,-0.504,27.961,27.513,0.448,OVERRUN by 1414.97s,1,0.0500,0,-1.4497,1,0.3000,0,-1.4497,0.000,0.300
1459.935,overrun,A_leg2,4.754,-0.504,27.961,27.513,0.448,OVERRUN by 1416.00s,1,0.0500,0,-1.4497,1,0.3000,0,-1.4497,0.000,0.300
1460.962,overrun,A_leg2,4.754,-0.504,27.961,27.513,0.448,OVERRUN by 1417.03s,1,0.0500,0,-1.4497,1,0.3000,0,-1.4497,0.000,0.300
1461.993,overrun,A_leg2,4.754,-0.504,27.961,27.513,0.448,OVERRUN by 1418.06s,1,0.0500,0,-1.4497,1,0.3000,0,-1.4497,0.000,0.300
1463.024,overrun,A_leg2,4.754,-0.504,27.961,27.513,0.448,OVERRUN by 1419.09s,1,0.0500,0,-1.4497,1,0.3000,0,-1.4497,0.000,0.300
1464.054,overrun,A_leg2,4.754,-0.504,27.961,27.513,0.448,OVERRUN by 1420.12s,1,0.0500,0,-1.4497,1,0.3000,0,-1.4497,0.000,0.300
1465.080,overrun,A_leg2,4.754,-0.504,27.961,27.513,0.448,OVERRUN by 1421.14s,1,0.0500,0,-1.4497,1,0.3000,0,-1.4497,0.000,0.300
1466.110,overrun,A_leg2,4.754,-0.504,27.961,27.513,0.448,OVERRUN by 1422.17s,1,0.0500,0,-1.4497,1,0.3000,0,-1.4497,0.000,0.300
1467.137,overrun,A_leg2,4.754,-0.504,27.961,27.513,0.448,OVERRUN by 1423.20s,1,0.0500,0,-1.4497,1,0.3000,0,-1.4497,0.000,0.300
1468.167,overrun,A_leg2,4.754,-0.504,27.961,27.513,0.448,OVERRUN by 1424.23s,1,0.0500,0,-1.4497,1,0.3000,0,-1.4497,0.000,0.300
1469.201,overrun,A_leg2,4.754,-0.504,27.961,27.513,0.448,OVERRUN by 1425.27s,1,0.0500,0,-1.4497,1,0.3000,0,-1.4497,0.000,0.300
1470.236,overrun,A_leg2,4.754,-0.504,27.961,27.513,0.448,OVERRUN by 1426.30s,1,0.0500,0,-1.4497,1,0.3000,0,-1.4497,0.000,0.300
1471.262,overrun,A_leg2,4.754,-0.504,27.961,27.513,0.448,OVERRUN by 1427.33s,1,0.0500,0,-1.4497,1,0.3000,0,-1.4497,0.000,0.300
1472.292,overrun,A_leg2,4.754,-0.504,27.961,27.513,0.448,OVERRUN by 1428.36s,1,0.0500,0,-1.4497,1,0.3000,0,-1.4497,0.000,0.300
1473.321,overrun,A_leg2,4.754,-0.504,27.961,27.513,0.448,OVERRUN by 1429.38s,1,0.0500,0,-1.4497,1,0.3000,0,-1.4497,0.000,0.300
1474.355,overrun,A_leg2,4.754,-0.504,27.961,27.513,0.448,OVERRUN by 1430.42s,1,0.0500,0,-1.4497,1,0.3000,0,-1.4497,0.000,0.300
1475.386,overrun,A_leg2,4.754,-0.504,27.961,27.513,0.448,OVERRUN by 1431.45s,1,0.0500,0,-1.4497,1,0.3000,0,-1.4497,0.000,0.300
1476.417,overrun,A_leg2,4.754,-0.504,27.961,27.513,0.448,OVERRUN by 1432.48s,1,0.0500,0,-1.4497,1,0.3000,0,-1.4497,0.000,0.300
1477.451,overrun,A_leg2,4.754,-0.504,27.961,27.513,0.448,OVERRUN by 1433.51s,1,0.0500,0,-1.4497,1,0.3000,0,-1.4497,0.000,0.300
1478.467,overrun,A_leg2,4.754,-0.504,27.961,27.513,0.448,OVERRUN by 1434.53s,1,0.0500,0,-1.4497,1,0.3000,0,-1.4497,0.000,0.300
1479.493,overrun,A_leg2,4.754,-0.504,27.961,27.513,0.448,OVERRUN by 1435.56s,1,0.0500,0,-1.4497,1,0.3000,0,-1.4497,0.000,0.300
1480.497,overrun,A_leg2,4.754,-0.504,27.961,27.513,0.448,OVERRUN by 1436.56s,1,0.0500,0,-1.4497,1,0.3000,0,-1.4497,0.000,0.300
1481.525,overrun,A_leg2,4.754,-0.504,27.961,27.513,0.448,OVERRUN by 1437.59s,1,0.0500,0,-1.4497,1,0.3000,0,-1.4497,0.000,0.300
1482.556,overrun,A_leg2,4.754,-0.504,27.961,27.513,0.448,OVERRUN by 1438.62s,1,0.0500,0,-1.4497,1,0.3000,0,-1.4497,0.000,0.300
1483.589,overrun,A_leg2,4.754,-0.504,27.961,27.513,0.448,OVERRUN by 1439.65s,1,0.0500,0,-1.4497,1,0.3000,0,-1.4497,0.000,0.300
1484.622,overrun,A_leg2,4.754,-0.504,27.961,27.513,0.448,OVERRUN by 1440.69s,1,0.0500,0,-1.4497,1,0.3000,0,-1.4497,0.000,0.300
1485.660,overrun,A_leg2,4.754,-0.504,27.961,27.513,0.448,OVERRUN by 1441.72s,1,0.0500,0,-1.4497,1,0.3000,0,-1.4497,0.000,0.300
1486.689,overrun,A_leg2,4.754,-0.504,27.961,27.513,0.448,OVERRUN by 1442.75s,1,0.0500,0,-1.4497,1,0.3000,0,-1.4497,0.000,0.300
1487.728,overrun,A_leg2,4.754,-0.504,27.961,27.513,0.448,OVERRUN by 1443.79s,1,0.0500,0,-1.4497,1,0.3000,0,-1.4497,0.000,0.300
1488.755,overrun,A_leg2,4.754,-0.504,27.961,27.513,0.448,OVERRUN by 1444.82s,1,0.0500,0,-1.4497,1,0.3000,0,-1.4497,0.000,0.300
1489.791,overrun,A_leg2,4.754,-0.504,27.961,27.513,0.448,OVERRUN by 1445.85s,1,0.0500,0,-1.4497,1,0.3000,0,-1.4497,0.000,0.300
1490.822,overrun,A_leg2,4.754,-0.504,27.961,27.513,0.448,OVERRUN by 1446.89s,1,0.0500,0,-1.4497,1,0.3000,0,-1.4497,0.000,0.300
1491.860,overrun,A_leg2,4.754,-0.504,27.961,27.513,0.448,OVERRUN by 1447.92s,1,0.0500,0,-1.4497,1,0.3000,0,-1.4497,0.000,0.300
1492.896,overrun,A_leg2,4.754,-0.504,27.961,27.513,0.448,OVERRUN by 1448.96s,1,0.0500,0,-1.4497,1,0.3000,0,-1.4497,0.000,0.300
1493.927,overrun,A_leg2,4.754,-0.504,27.961,27.513,0.448,OVERRUN by 1449.99s,1,0.0500,0,-1.4497,1,0.3000,0,-1.4497,0.000,0.300
1494.947,overrun,A_leg2,4.754,-0.504,27.961,27.513,0.448,OVERRUN by 1451.01s,1,0.0500,0,-1.4497,1,0.3000,0,-1.4497,0.000,0.300
1495.977,overrun,A_leg2,4.754,-0.504,27.961,27.513,0.448,OVERRUN by 1452.04s,1,0.0500,0,-1.4497,1,0.3000,0,-1.4497,0.000,0.300
1497.010,overrun,A_leg2,4.754,-0.504,27.961,27.513,0.448,OVERRUN by 1453.07s,1,0.0500,0,-1.4497,1,0.3000,0,-1.4497,0.000,0.300
1498.039,overrun,A_leg2,4.754,-0.504,27.961,27.513,0.448,OVERRUN by 1454.10s,1,0.0500,0,-1.4497,1,0.3000,0,-1.4497,0.000,0.300
1499.056,overrun,A_leg2,4.754,-0.504,27.961,27.513,0.448,OVERRUN by 1455.12s,1,0.0500,0,-1.4497,1,0.3000,0,-1.4497,0.000,0.300
1500.080,overrun,A_leg2,4.754,-0.504,27.961,27.513,0.448,OVERRUN by 1456.14s,1,0.0500,0,-1.4497,1,0.3000,0,-1.4497,0.000,0.300
1501.112,overrun,A_leg2,4.754,-0.504,27.961,27.513,0.448,OVERRUN by 1457.18s,1,0.0500,0,-1.4497,1,0.3000,0,-1.4497,0.000,0.300
1502.144,overrun,A_leg2,4.754,-0.504,27.961,27.513,0.448,OVERRUN by 1458.21s,1,0.0500,0,-1.4497,1,0.3000,0,-1.4497,0.000,0.300
1503.177,overrun,A_leg2,4.754,-0.504,27.961,27.513,0.448,OVERRUN by 1459.24s,1,0.0500,0,-1.4497,1,0.3000,0,-1.4497,0.000,0.300
1504.209,overrun,A_leg2,4.754,-0.504,27.961,27.513,0.448,OVERRUN by 1460.27s,1,0.0500,0,-1.4497,1,0.3000,0,-1.4497,0.000,0.300
1505.240,overrun,A_leg2,4.754,-0.504,27.961,27.513,0.448,OVERRUN by 1461.30s,1,0.0500,0,-1.4497,1,0.3000,0,-1.4497,0.000,0.300
1506.278,overrun,A_leg2,4.754,-0.504,27.961,27.513,0.448,OVERRUN by 1462.34s,1,0.0500,0,-1.4497,1,0.3000,0,-1.4497,0.000,0.300
1507.303,overrun,A_leg2,4.754,-0.504,27.961,27.513,0.448,OVERRUN by 1463.37s,1,0.0500,0,-1.4497,1,0.3000,0,-1.4497,0.000,0.300
1508.330,overrun,A_leg2,4.754,-0.504,27.961,27.513,0.448,OVERRUN by 1464.39s,1,0.0500,0,-1.4497,1,0.3000,0,-1.4497,0.000,0.300
1509.350,overrun,A_leg2,4.754,-0.504,27.961,27.513,0.448,OVERRUN by 1465.41s,1,0.0500,0,-1.4497,1,0.3000,0,-1.4497,0.000,0.300
1510.379,overrun,A_leg2,4.754,-0.504,27.961,27.513,0.448,OVERRUN by 1466.44s,1,0.0500,0,-1.4497,1,0.3000,0,-1.4497,0.000,0.300
1511.412,overrun,A_leg2,4.754,-0.504,27.961,27.513,0.448,OVERRUN by 1467.48s,1,0.0500,0,-1.4497,1,0.3000,0,-1.4497,0.000,0.300
1512.443,overrun,A_leg2,4.754,-0.504,27.961,27.513,0.448,OVERRUN by 1468.51s,1,0.0500,0,-1.4497,1,0.3000,0,-1.4497,0.000,0.300
1513.466,overrun,A_leg2,4.754,-0.504,27.961,27.513,0.448,OVERRUN by 1469.53s,1,0.0500,0,-1.4497,1,0.3000,0,-1.4497,0.000,0.300
1514.488,overrun,A_leg2,4.754,-0.504,27.961,27.513,0.448,OVERRUN by 1470.55s,1,0.0500,0,-1.4497,1,0.3000,0,-1.4497,0.000,0.300
1515.516,overrun,A_leg2,4.754,-0.504,27.961,27.513,0.448,OVERRUN by 1471.58s,1,0.0500,0,-1.4497,1,0.3000,0,-1.4497,0.000,0.300
1516.546,overrun,A_leg2,4.754,-0.504,27.961,27.513,0.448,OVERRUN by 1472.61s,1,0.0500,0,-1.4497,1,0.3000,0,-1.4497,0.000,0.300
1517.558,overrun,A_leg2,4.754,-0.504,27.961,27.513,0.448,OVERRUN by 1473.62s,1,0.0500,0,-1.4497,1,0.3000,0,-1.4497,0.000,0.300
1518.584,overrun,A_leg2,4.754,-0.504,27.961,27.513,0.448,OVERRUN by 1474.65s,1,0.0500,0,-1.4497,1,0.3000,0,-1.4497,0.000,0.300
1519.618,overrun,A_leg2,4.754,-0.504,27.961,27.513,0.448,OVERRUN by 1475.68s,1,0.0500,0,-1.4497,1,0.3000,0,-1.4497,0.000,0.300
1520.648,overrun,A_leg2,4.754,-0.504,27.961,27.513,0.448,OVERRUN by 1476.71s,1,0.0500,0,-1.4497,1,0.3000,0,-1.4497,0.000,0.300
1521.685,overrun,A_leg2,4.754,-0.504,27.961,27.513,0.448,OVERRUN by 1477.75s,1,0.0500,0,-1.4497,1,0.3000,0,-1.4497,0.000,0.300
1522.719,overrun,A_leg2,4.754,-0.504,27.961,27.513,0.448,OVERRUN by 1478.78s,1,0.0500,0,-1.4497,1,0.3000,0,-1.4497,0.000,0.300
1523.751,overrun,A_leg2,4.754,-0.504,27.961,27.513,0.448,OVERRUN by 1479.82s,1,0.0500,0,-1.4497,1,0.3000,0,-1.4497,0.000,0.300
1524.781,overrun,A_leg2,4.754,-0.504,27.961,27.513,0.448,OVERRUN by 1480.84s,1,0.0500,0,-1.4497,1,0.3000,0,-1.4497,0.000,0.300
1525.826,overrun,A_leg2,4.754,-0.504,27.961,27.513,0.448,OVERRUN by 1481.89s,1,0.0500,0,-1.4497,1,0.3000,0,-1.4497,0.000,0.300
1526.861,overrun,A_leg2,4.754,-0.504,27.961,27.513,0.448,OVERRUN by 1482.92s,1,0.0500,0,-1.4497,1,0.3000,0,-1.4497,0.000,0.300
1527.891,overrun,A_leg2,4.754,-0.504,27.961,27.513,0.448,OVERRUN by 1483.95s,1,0.0500,0,-1.4497,1,0.3000,0,-1.4497,0.000,0.300
1528.929,overrun,A_leg2,4.754,-0.504,27.961,27.513,0.448,OVERRUN by 1484.99s,1,0.0500,0,-1.4497,1,0.3000,0,-1.4497,0.000,0.300
1529.967,overrun,A_leg2,4.754,-0.504,27.961,27.513,0.448,OVERRUN by 1486.03s,1,0.0500,0,-1.4497,1,0.3000,0,-1.4497,0.000,0.300
1530.994,overrun,A_leg2,4.754,-0.504,27.961,27.513,0.448,OVERRUN by 1487.06s,1,0.0500,0,-1.4497,1,0.3000,0,-1.4497,0.000,0.300
1532.028,overrun,A_leg2,4.754,-0.504,27.961,27.513,0.448,OVERRUN by 1488.09s,1,0.0500,0,-1.4497,1,0.3000,0,-1.4497,0.000,0.300
1533.050,overrun,A_leg2,4.754,-0.504,27.961,27.513,0.448,OVERRUN by 1489.11s,1,0.0500,0,-1.4497,1,0.3000,0,-1.4497,0.000,0.300
1534.082,overrun,A_leg2,4.754,-0.504,27.961,27.513,0.448,OVERRUN by 1490.15s,1,0.0500,0,-1.4497,1,0.3000,0,-1.4497,0.000,0.300
1535.108,overrun,A_leg2,4.754,-0.504,27.961,27.513,0.448,OVERRUN by 1491.17s,1,0.0500,0,-1.4497,1,0.3000,0,-1.4497,0.000,0.300
1536.118,overrun,A_leg2,4.754,-0.504,27.961,27.513,0.448,OVERRUN by 1492.18s,1,0.0500,0,-1.4497,1,0.3000,0,-1.4497,0.000,0.300
1537.141,overrun,A_leg2,4.754,-0.504,27.961,27.513,0.448,OVERRUN by 1493.20s,1,0.0500,0,-1.4497,1,0.3000,0,-1.4497,0.000,0.300
1538.161,overrun,A_leg2,4.754,-0.504,27.961,27.513,0.448,OVERRUN by 1494.22s,1,0.0500,0,-1.4497,1,0.3000,0,-1.4497,0.000,0.300
1539.173,overrun,A_leg2,4.754,-0.504,27.961,27.513,0.448,OVERRUN by 1495.24s,1,0.0500,0,-1.4497,1,0.3000,0,-1.4497,0.000,0.300
1540.202,overrun,A_leg2,4.754,-0.504,27.961,27.513,0.448,OVERRUN by 1496.27s,1,0.0500,0,-1.4497,1,0.3000,0,-1.4497,0.000,0.300
1541.235,overrun,A_leg2,4.754,-0.504,27.961,27.513,0.448,OVERRUN by 1497.30s,1,0.0500,0,-1.4497,1,0.3000,0,-1.4497,0.000,0.300
1542.272,overrun,A_leg2,4.754,-0.504,27.961,27.513,0.448,OVERRUN by 1498.34s,1,0.0500,0,-1.4497,1,0.3000,0,-1.4497,0.000,0.300
1543.301,overrun,A_leg2,4.754,-0.504,27.961,27.513,0.448,OVERRUN by 1499.36s,1,0.0500,0,-1.4497,1,0.3000,0,-1.4497,0.000,0.300
1544.344,overrun,A_leg2,4.754,-0.504,27.961,27.513,0.448,OVERRUN by 1500.41s,1,0.0500,0,-1.4497,1,0.3000,0,-1.4497,0.000,0.300
1545.368,overrun,A_leg2,4.754,-0.504,27.961,27.513,0.448,OVERRUN by 1501.43s,1,0.0500,0,-1.4497,1,0.3000,0,-1.4497,0.000,0.300
1546.397,overrun,A_leg2,4.754,-0.504,27.961,27.513,0.448,OVERRUN by 1502.46s,1,0.0500,0,-1.4497,1,0.3000,0,-1.4497,0.000,0.300
1547.417,overrun,A_leg2,4.754,-0.504,27.961,27.513,0.448,OVERRUN by 1503.48s,1,0.0500,0,-1.4497,1,0.3000,0,-1.4497,0.000,0.300
1548.424,overrun,A_leg2,4.754,-0.504,27.961,27.513,0.448,OVERRUN by 1504.49s,1,0.0500,0,-1.4497,1,0.3000,0,-1.4497,0.000,0.300
1549.462,overrun,A_leg2,4.754,-0.504,27.961,27.513,0.448,OVERRUN by 1505.53s,1,0.0500,0,-1.4497,1,0.3000,0,-1.4497,0.000,0.300
1550.482,overrun,A_leg2,4.754,-0.504,27.961,27.513,0.448,OVERRUN by 1506.55s,1,0.0500,0,-1.4497,1,0.3000,0,-1.4497,0.000,0.300
1551.487,overrun,A_leg2,4.754,-0.504,27.961,27.513,0.448,OVERRUN by 1507.55s,1,0.0500,0,-1.4497,1,0.3000,0,-1.4497,0.000,0.300
1552.509,overrun,A_leg2,4.754,-0.504,27.961,27.513,0.448,OVERRUN by 1508.57s,1,0.0500,0,-1.4497,1,0.3000,0,-1.4497,0.000,0.300
1553.529,overrun,A_leg2,4.754,-0.504,27.961,27.513,0.448,OVERRUN by 1509.59s,1,0.0500,0,-1.4497,1,0.3000,0,-1.4497,0.000,0.300
1554.567,overrun,A_leg2,4.754,-0.504,27.961,27.513,0.448,OVERRUN by 1510.63s,1,0.0500,0,-1.4497,1,0.3000,0,-1.4497,0.000,0.300
1555.579,overrun,A_leg2,4.754,-0.504,27.961,27.513,0.448,OVERRUN by 1511.64s,1,0.0500,0,-1.4497,1,0.3000,0,-1.4497,0.000,0.300
1556.609,overrun,A_leg2,4.754,-0.504,27.961,27.513,0.448,OVERRUN by 1512.67s,1,0.0500,0,-1.4497,1,0.3000,0,-1.4497,0.000,0.300
1557.645,overrun,A_leg2,4.754,-0.504,27.961,27.513,0.448,OVERRUN by 1513.71s,1,0.0500,0,-1.4497,1,0.3000,0,-1.4497,0.000,0.300
1558.675,overrun,A_leg2,4.754,-0.504,27.961,27.513,0.448,OVERRUN by 1514.74s,1,0.0500,0,-1.4497,1,0.3000,0,-1.4497,0.000,0.300
1559.709,overrun,A_leg2,4.754,-0.504,27.961,27.513,0.448,OVERRUN by 1515.77s,1,0.0500,0,-1.4497,1,0.3000,0,-1.4497,0.000,0.300
1560.739,overrun,A_leg2,4.754,-0.504,27.961,27.513,0.448,OVERRUN by 1516.80s,1,0.0500,0,-1.4497,1,0.3000,0,-1.4497,0.000,0.300
1561.767,overrun,A_leg2,4.754,-0.504,27.961,27.513,0.448,OVERRUN by 1517.83s,1,0.0500,0,-1.4497,1,0.3000,0,-1.4497,0.000,0.300
1562.797,overrun,A_leg2,4.754,-0.504,27.961,27.513,0.448,OVERRUN by 1518.86s,1,0.0500,0,-1.4497,1,0.3000,0,-1.4497,0.000,0.300
1563.835,overrun,A_leg2,4.754,-0.504,27.961,27.513,0.448,OVERRUN by 1519.90s,1,0.0500,0,-1.4497,1,0.3000,0,-1.4497,0.000,0.300
1564.869,overrun,A_leg2,4.754,-0.504,27.961,27.513,0.448,OVERRUN by 1520.93s,1,0.0500,0,-1.4497,1,0.3000,0,-1.4497,0.000,0.300
1565.898,overrun,A_leg2,4.754,-0.504,27.961,27.513,0.448,OVERRUN by 1521.96s,1,0.0500,0,-1.4497,1,0.3000,0,-1.4497,0.000,0.300
1566.939,overrun,A_leg2,4.754,-0.504,27.961,27.513,0.448,OVERRUN by 1523.00s,1,0.0500,0,-1.4497,1,0.3000,0,-1.4497,0.000,0.300
1567.979,overrun,A_leg2,4.754,-0.504,27.961,27.513,0.448,OVERRUN by 1524.04s,1,0.0500,0,-1.4497,1,0.3000,0,-1.4497,0.000,0.300
1569.007,overrun,A_leg2,4.754,-0.504,27.961,27.513,0.448,OVERRUN by 1525.07s,1,0.0500,0,-1.4497,1,0.3000,0,-1.4497,0.000,0.300
1570.034,overrun,A_leg2,4.754,-0.504,27.961,27.513,0.448,OVERRUN by 1526.10s,1,0.0500,0,-1.4497,1,0.3000,0,-1.4497,0.000,0.300
1571.069,overrun,A_leg2,4.754,-0.504,27.961,27.513,0.448,OVERRUN by 1527.13s,1,0.0500,0,-1.4497,1,0.3000,0,-1.4497,0.000,0.300
1572.101,overrun,A_leg2,4.754,-0.504,27.961,27.513,0.448,OVERRUN by 1528.16s,1,0.0500,0,-1.4497,1,0.3000,0,-1.4497,0.000,0.300
1573.137,overrun,A_leg2,4.754,-0.504,27.961,27.513,0.448,OVERRUN by 1529.20s,1,0.0500,0,-1.4497,1,0.3000,0,-1.4497,0.000,0.300
1574.163,overrun,A_leg2,4.754,-0.504,27.961,27.513,0.448,OVERRUN by 1530.23s,1,0.0500,0,-1.4497,1,0.3000,0,-1.4497,0.000,0.300
1575.191,overrun,A_leg2,4.754,-0.504,27.961,27.513,0.448,OVERRUN by 1531.25s,1,0.0500,0,-1.4497,1,0.3000,0,-1.4497,0.000,0.300
1576.216,overrun,A_leg2,4.754,-0.504,27.961,27.513,0.448,OVERRUN by 1532.28s,1,0.0500,0,-1.4497,1,0.3000,0,-1.4497,0.000,0.300
1577.250,overrun,A_leg2,4.754,-0.504,27.961,27.513,0.448,OVERRUN by 1533.31s,1,0.0500,0,-1.4497,1,0.3000,0,-1.4497,0.000,0.300
1578.278,overrun,A_leg2,4.754,-0.504,27.961,27.513,0.448,OVERRUN by 1534.34s,1,0.0500,0,-1.4497,1,0.3000,0,-1.4497,0.000,0.300
1579.301,overrun,A_leg2,4.754,-0.504,27.961,27.513,0.448,OVERRUN by 1535.36s,1,0.0500,0,-1.4497,1,0.3000,0,-1.4497,0.000,0.300
1580.322,overrun,A_leg2,4.754,-0.504,27.961,27.513,0.448,OVERRUN by 1536.39s,1,0.0500,0,-1.4497,1,0.3000,0,-1.4497,0.000,0.300
1581.345,overrun,A_leg2,4.754,-0.504,27.961,27.513,0.448,OVERRUN by 1537.41s,1,0.0500,0,-1.4497,1,0.3000,0,-1.4497,0.000,0.300
1582.374,overrun,A_leg2,4.754,-0.504,27.961,27.513,0.448,OVERRUN by 1538.44s,1,0.0500,0,-1.4497,1,0.3000,0,-1.4497,0.000,0.300
1583.389,overrun,A_leg2,4.754,-0.504,27.961,27.513,0.448,OVERRUN by 1539.45s,1,0.0500,0,-1.4497,1,0.3000,0,-1.4497,0.000,0.300
1584.403,overrun,A_leg2,4.754,-0.504,27.961,27.513,0.448,OVERRUN by 1540.47s,1,0.0500,0,-1.4497,1,0.3000,0,-1.4497,0.000,0.300
1585.434,overrun,A_leg2,4.754,-0.504,27.961,27.513,0.448,OVERRUN by 1541.50s,1,0.0500,0,-1.4497,1,0.3000,0,-1.4497,0.000,0.300
1586.461,overrun,A_leg2,4.754,-0.504,27.961,27.513,0.448,OVERRUN by 1542.52s,1,0.0500,0,-1.4497,1,0.3000,0,-1.4497,0.000,0.300
1587.494,overrun,A_leg2,4.754,-0.504,27.961,27.513,0.448,OVERRUN by 1543.56s,1,0.0500,0,-1.4497,1,0.3000,0,-1.4497,0.000,0.300
1588.515,overrun,A_leg2,4.754,-0.504,27.961,27.513,0.448,OVERRUN by 1544.58s,1,0.0500,0,-1.4497,1,0.3000,0,-1.4497,0.000,0.300
1589.556,overrun,A_leg2,4.754,-0.504,27.961,27.513,0.448,OVERRUN by 1545.62s,1,0.0500,0,-1.4497,1,0.3000,0,-1.4497,0.000,0.300
1590.597,overrun,A_leg2,4.754,-0.504,27.961,27.513,0.448,OVERRUN by 1546.66s,1,0.0500,0,-1.4497,1,0.3000,0,-1.4497,0.000,0.300
1591.611,overrun,A_leg2,4.754,-0.504,27.961,27.513,0.448,OVERRUN by 1547.67s,1,0.0500,0,-1.4497,1,0.3000,0,-1.4497,0.000,0.300
1592.639,overrun,A_leg2,4.754,-0.504,27.961,27.513,0.448,OVERRUN by 1548.70s,1,0.0500,0,-1.4497,1,0.3000,0,-1.4497,0.000,0.300
1593.666,overrun,A_leg2,4.754,-0.504,27.961,27.513,0.448,OVERRUN by 1549.73s,1,0.0500,0,-1.4497,1,0.3000,0,-1.4497,0.000,0.300
1594.696,overrun,A_leg2,4.754,-0.504,27.961,27.513,0.448,OVERRUN by 1550.76s,1,0.0500,0,-1.4497,1,0.3000,0,-1.4497,0.000,0.300
1595.723,overrun,A_leg2,4.754,-0.504,27.961,27.513,0.448,OVERRUN by 1551.79s,1,0.0500,0,-1.4497,1,0.3000,0,-1.4497,0.000,0.300
1596.764,overrun,A_leg2,4.754,-0.504,27.961,27.513,0.448,OVERRUN by 1552.83s,1,0.0500,0,-1.4497,1,0.3000,0,-1.4497,0.000,0.300
1597.796,overrun,A_leg2,4.754,-0.504,27.961,27.513,0.448,OVERRUN by 1553.86s,1,0.0500,0,-1.4497,1,0.3000,0,-1.4497,0.000,0.300
1598.826,overrun,A_leg2,4.754,-0.504,27.961,27.513,0.448,OVERRUN by 1554.89s,1,0.0500,0,-1.4497,1,0.3000,0,-1.4497,0.000,0.300
1599.859,overrun,A_leg2,4.754,-0.504,27.961,27.513,0.448,OVERRUN by 1555.92s,1,0.0500,0,-1.4497,1,0.3000,0,-1.4497,0.000,0.300
1600.891,overrun,A_leg2,4.754,-0.504,27.961,27.513,0.448,OVERRUN by 1556.95s,1,0.0500,0,-1.4497,1,0.3000,0,-1.4497,0.000,0.300
1601.924,overrun,A_leg2,4.754,-0.504,27.961,27.513,0.448,OVERRUN by 1557.99s,1,0.0500,0,-1.4497,1,0.3000,0,-1.4497,0.000,0.300
1602.958,overrun,A_leg2,4.754,-0.504,27.961,27.513,0.448,OVERRUN by 1559.02s,1,0.0500,0,-1.4497,1,0.3000,0,-1.4497,0.000,0.300
1603.994,overrun,A_leg2,4.754,-0.504,27.961,27.513,0.448,OVERRUN by 1560.06s,1,0.0500,0,-1.4497,1,0.3000,0,-1.4497,0.000,0.300
1605.034,overrun,A_leg2,4.754,-0.504,27.961,27.513,0.448,OVERRUN by 1561.10s,1,0.0500,0,-1.4497,1,0.3000,0,-1.4497,0.000,0.300
1606.072,overrun,A_leg2,4.754,-0.504,27.961,27.513,0.448,OVERRUN by 1562.14s,1,0.0500,0,-1.4497,1,0.3000,0,-1.4497,0.000,0.300
1607.100,overrun,A_leg2,4.754,-0.504,27.961,27.513,0.448,OVERRUN by 1563.16s,1,0.0500,0,-1.4497,1,0.3000,0,-1.4497,0.000,0.300
1608.131,overrun,A_leg2,4.754,-0.504,27.961,27.513,0.448,OVERRUN by 1564.19s,1,0.0500,0,-1.4497,1,0.3000,0,-1.4497,0.000,0.300
1609.171,overrun,A_leg2,4.754,-0.504,27.961,27.513,0.448,OVERRUN by 1565.23s,1,0.0500,0,-1.4497,1,0.3000,0,-1.4497,0.000,0.300
1610.203,overrun,A_leg2,4.754,-0.504,27.961,27.513,0.448,OVERRUN by 1566.27s,1,0.0500,0,-1.4497,1,0.3000,0,-1.4497,0.000,0.300
1611.237,overrun,A_leg2,4.754,-0.504,27.961,27.513,0.448,OVERRUN by 1567.30s,1,0.0500,0,-1.4497,1,0.3000,0,-1.4497,0.000,0.300
1612.275,overrun,A_leg2,4.754,-0.504,27.961,27.513,0.448,OVERRUN by 1568.34s,1,0.0500,0,-1.4497,1,0.3000,0,-1.4497,0.000,0.300
1613.311,overrun,A_leg2,4.754,-0.504,27.961,27.513,0.448,OVERRUN by 1569.37s,1,0.0500,0,-1.4497,1,0.3000,0,-1.4497,0.000,0.300
1614.348,overrun,A_leg2,4.754,-0.504,27.961,27.513,0.448,OVERRUN by 1570.41s,1,0.0500,0,-1.4497,1,0.3000,0,-1.4497,0.000,0.300
1615.385,overrun,A_leg2,4.754,-0.504,27.961,27.513,0.448,OVERRUN by 1571.45s,1,0.0500,0,-1.4497,1,0.3000,0,-1.4497,0.000,0.300
1616.412,overrun,A_leg2,4.754,-0.504,27.961,27.513,0.448,OVERRUN by 1572.48s,1,0.0500,0,-1.4497,1,0.3000,0,-1.4497,0.000,0.300
1617.447,overrun,A_leg2,4.754,-0.504,27.961,27.513,0.448,OVERRUN by 1573.51s,1,0.0500,0,-1.4497,1,0.3000,0,-1.4497,0.000,0.300
1618.471,overrun,A_leg2,4.754,-0.504,27.961,27.513,0.448,OVERRUN by 1574.54s,1,0.0500,0,-1.4497,1,0.3000,0,-1.4497,0.000,0.300
1619.501,overrun,A_leg2,4.754,-0.504,27.961,27.513,0.448,OVERRUN by 1575.56s,1,0.0500,0,-1.4497,1,0.3000,0,-1.4497,0.000,0.300
1620.541,overrun,A_leg2,4.754,-0.504,27.961,27.513,0.448,OVERRUN by 1576.60s,1,0.0500,0,-1.4497,1,0.3000,0,-1.4497,0.000,0.300
1621.579,overrun,A_leg2,4.754,-0.504,27.961,27.513,0.448,OVERRUN by 1577.64s,1,0.0500,0,-1.4497,1,0.3000,0,-1.4497,0.000,0.300
1622.604,overrun,A_leg2,4.754,-0.504,27.961,27.513,0.448,OVERRUN by 1578.67s,1,0.0500,0,-1.4497,1,0.3000,0,-1.4497,0.000,0.300
1623.646,overrun,A_leg2,4.754,-0.504,27.961,27.513,0.448,OVERRUN by 1579.71s,1,0.0500,0,-1.4497,1,0.3000,0,-1.4497,0.000,0.300
1624.679,overrun,A_leg2,4.754,-0.504,27.961,27.513,0.448,OVERRUN by 1580.74s,1,0.0500,0,-1.4497,1,0.3000,0,-1.4497,0.000,0.300
1625.706,overrun,A_leg2,4.754,-0.504,27.961,27.513,0.448,OVERRUN by 1581.77s,1,0.0500,0,-1.4497,1,0.3000,0,-1.4497,0.000,0.300
1626.736,overrun,A_leg2,4.754,-0.504,27.961,27.513,0.448,OVERRUN by 1582.80s,1,0.0500,0,-1.4497,1,0.3000,0,-1.4497,0.000,0.300
1627.768,overrun,A_leg2,4.754,-0.504,27.961,27.513,0.448,OVERRUN by 1583.83s,1,0.0500,0,-1.4497,1,0.3000,0,-1.4497,0.000,0.300
1628.798,overrun,A_leg2,4.754,-0.504,27.961,27.513,0.448,OVERRUN by 1584.86s,1,0.0500,0,-1.4497,1,0.3000,0,-1.4497,0.000,0.300
1629.818,overrun,A_leg2,4.754,-0.504,27.961,27.513,0.448,OVERRUN by 1585.88s,1,0.0500,0,-1.4497,1,0.3000,0,-1.4497,0.000,0.300
1630.843,overrun,A_leg2,4.754,-0.504,27.961,27.513,0.448,OVERRUN by 1586.91s,1,0.0500,0,-1.4497,1,0.3000,0,-1.4497,0.000,0.300
1631.881,overrun,A_leg2,4.754,-0.504,27.961,27.513,0.448,OVERRUN by 1587.94s,1,0.0500,0,-1.4497,1,0.3000,0,-1.4497,0.000,0.300
1632.919,overrun,A_leg2,4.754,-0.504,27.961,27.513,0.448,OVERRUN by 1588.98s,1,0.0500,0,-1.4497,1,0.3000,0,-1.4497,0.000,0.300
1633.955,overrun,A_leg2,4.754,-0.504,27.961,27.513,0.448,OVERRUN by 1590.02s,1,0.0500,0,-1.4497,1,0.3000,0,-1.4497,0.000,0.300
1634.989,overrun,A_leg2,4.754,-0.504,27.961,27.513,0.448,OVERRUN by 1591.05s,1,0.0500,0,-1.4497,1,0.3000,0,-1.4497,0.000,0.300
1636.018,overrun,A_leg2,4.754,-0.504,27.961,27.513,0.448,OVERRUN by 1592.08s,1,0.0500,0,-1.4497,1,0.3000,0,-1.4497,0.000,0.300
1637.058,overrun,A_leg2,4.754,-0.504,27.961,27.513,0.448,OVERRUN by 1593.12s,1,0.0500,0,-1.4497,1,0.3000,0,-1.4497,0.000,0.300
1638.092,overrun,A_leg2,4.754,-0.504,27.961,27.513,0.448,OVERRUN by 1594.16s,1,0.0500,0,-1.4497,1,0.3000,0,-1.4497,0.000,0.300
1639.124,overrun,A_leg2,4.754,-0.504,27.961,27.513,0.448,OVERRUN by 1595.19s,1,0.0500,0,-1.4497,1,0.3000,0,-1.4497,0.000,0.300
1640.163,overrun,A_leg2,4.754,-0.504,27.961,27.513,0.448,OVERRUN by 1596.23s,1,0.0500,0,-1.4497,1,0.3000,0,-1.4497,0.000,0.300
1641.196,overrun,A_leg2,4.754,-0.504,27.961,27.513,0.448,OVERRUN by 1597.26s,1,0.0500,0,-1.4497,1,0.3000,0,-1.4497,0.000,0.300
1642.229,overrun,A_leg2,4.754,-0.504,27.961,27.513,0.448,OVERRUN by 1598.29s,1,0.0500,0,-1.4497,1,0.3000,0,-1.4497,0.000,0.300
1643.265,overrun,A_leg2,4.754,-0.504,27.961,27.513,0.448,OVERRUN by 1599.33s,1,0.0500,0,-1.4497,1,0.3000,0,-1.4497,0.000,0.300
1644.297,overrun,A_leg2,4.754,-0.504,27.961,27.513,0.448,OVERRUN by 1600.36s,1,0.0500,0,-1.4497,1,0.3000,0,-1.4497,0.000,0.300
1645.326,overrun,A_leg2,4.754,-0.504,27.961,27.513,0.448,OVERRUN by 1601.39s,1,0.0500,0,-1.4497,1,0.3000,0,-1.4497,0.000,0.300
1646.364,overrun,A_leg2,4.754,-0.504,27.961,27.513,0.448,OVERRUN by 1602.43s,1,0.0500,0,-1.4497,1,0.3000,0,-1.4497,0.000,0.300
1647.392,overrun,A_leg2,4.754,-0.504,27.961,27.513,0.448,OVERRUN by 1603.46s,1,0.0500,0,-1.4497,1,0.3000,0,-1.4497,0.000,0.300
1648.416,overrun,A_leg2,4.754,-0.504,27.961,27.513,0.448,OVERRUN by 1604.48s,1,0.0500,0,-1.4497,1,0.3000,0,-1.4497,0.000,0.300
1649.445,overrun,A_leg2,4.754,-0.504,27.961,27.513,0.448,OVERRUN by 1605.51s,1,0.0500,0,-1.4497,1,0.3000,0,-1.4497,0.000,0.300
1650.477,overrun,A_leg2,4.754,-0.504,27.961,27.513,0.448,OVERRUN by 1606.54s,1,0.0500,0,-1.4497,1,0.3000,0,-1.4497,0.000,0.300
1651.492,overrun,A_leg2,4.754,-0.504,27.961,27.513,0.448,OVERRUN by 1607.56s,1,0.0500,0,-1.4497,1,0.3000,0,-1.4497,0.000,0.300
1652.507,overrun,A_leg2,4.754,-0.504,27.961,27.513,0.448,OVERRUN by 1608.57s,1,0.0500,0,-1.4497,1,0.3000,0,-1.4497,0.000,0.300
1653.544,overrun,A_leg2,4.754,-0.504,27.961,27.513,0.448,OVERRUN by 1609.61s,1,0.0500,0,-1.4497,1,0.3000,0,-1.4497,0.000,0.300
1654.584,overrun,A_leg2,4.754,-0.504,27.961,27.513,0.448,OVERRUN by 1610.65s,1,0.0500,0,-1.4497,1,0.3000,0,-1.4497,0.000,0.300
1655.612,overrun,A_leg2,4.754,-0.504,27.961,27.513,0.448,OVERRUN by 1611.68s,1,0.0500,0,-1.4497,1,0.3000,0,-1.4497,0.000,0.300
1656.646,overrun,A_leg2,4.754,-0.504,27.961,27.513,0.448,OVERRUN by 1612.71s,1,0.0500,0,-1.4497,1,0.3000,0,-1.4497,0.000,0.300
1657.687,overrun,A_leg2,4.754,-0.504,27.961,27.513,0.448,OVERRUN by 1613.75s,1,0.0500,0,-1.4497,1,0.3000,0,-1.4497,0.000,0.300
1658.709,overrun,A_leg2,4.754,-0.504,27.961,27.513,0.448,OVERRUN by 1614.77s,1,0.0500,0,-1.4497,1,0.3000,0,-1.4497,0.000,0.300
1659.751,overrun,A_leg2,4.754,-0.504,27.961,27.513,0.448,OVERRUN by 1615.81s,1,0.0500,0,-1.4497,1,0.3000,0,-1.4497,0.000,0.300
1660.792,overrun,A_leg2,4.754,-0.504,27.961,27.513,0.448,OVERRUN by 1616.86s,1,0.0500,0,-1.4497,1,0.3000,0,-1.4497,0.000,0.300
1661.835,overrun,A_leg2,4.754,-0.504,27.961,27.513,0.448,OVERRUN by 1617.90s,1,0.0500,0,-1.4497,1,0.3000,0,-1.4497,0.000,0.300
1662.866,overrun,A_leg2,4.754,-0.504,27.961,27.513,0.448,OVERRUN by 1618.93s,1,0.0500,0,-1.4497,1,0.3000,0,-1.4497,0.000,0.300
1663.897,overrun,A_leg2,4.754,-0.504,27.961,27.513,0.448,OVERRUN by 1619.96s,1,0.0500,0,-1.4497,1,0.3000,0,-1.4497,0.000,0.300
1664.916,overrun,A_leg2,4.754,-0.504,27.961,27.513,0.448,OVERRUN by 1620.98s,1,0.0500,0,-1.4497,1,0.3000,0,-1.4497,0.000,0.300
1665.947,overrun,A_leg2,4.754,-0.504,27.961,27.513,0.448,OVERRUN by 1622.01s,1,0.0500,0,-1.4497,1,0.3000,0,-1.4497,0.000,0.300
1666.981,overrun,A_leg2,4.754,-0.504,27.961,27.513,0.448,OVERRUN by 1623.04s,1,0.0500,0,-1.4497,1,0.3000,0,-1.4497,0.000,0.300
1668.011,overrun,A_leg2,4.754,-0.504,27.961,27.513,0.448,OVERRUN by 1624.07s,1,0.0500,0,-1.4497,1,0.3000,0,-1.4497,0.000,0.300
1669.027,overrun,A_leg2,4.754,-0.504,27.961,27.513,0.448,OVERRUN by 1625.09s,1,0.0500,0,-1.4497,1,0.3000,0,-1.4497,0.000,0.300
1670.055,overrun,A_leg2,4.754,-0.504,27.961,27.513,0.448,OVERRUN by 1626.12s,1,0.0500,0,-1.4497,1,0.3000,0,-1.4497,0.000,0.300
1671.082,overrun,A_leg2,4.754,-0.504,27.961,27.513,0.448,OVERRUN by 1627.15s,1,0.0500,0,-1.4497,1,0.3000,0,-1.4497,0.000,0.300
1672.111,overrun,A_leg2,4.754,-0.504,27.961,27.513,0.448,OVERRUN by 1628.17s,1,0.0500,0,-1.4497,1,0.3000,0,-1.4497,0.000,0.300
1673.134,overrun,A_leg2,4.754,-0.504,27.961,27.513,0.448,OVERRUN by 1629.20s,1,0.0500,0,-1.4497,1,0.3000,0,-1.4497,0.000,0.300
1674.168,overrun,A_leg2,4.754,-0.504,27.961,27.513,0.448,OVERRUN by 1630.23s,1,0.0500,0,-1.4497,1,0.3000,0,-1.4497,0.000,0.300
1675.191,overrun,A_leg2,4.754,-0.504,27.961,27.513,0.448,OVERRUN by 1631.25s,1,0.0500,0,-1.4497,1,0.3000,0,-1.4497,0.000,0.300
1676.211,overrun,A_leg2,4.754,-0.504,27.961,27.513,0.448,OVERRUN by 1632.27s,1,0.0500,0,-1.4497,1,0.3000,0,-1.4497,0.000,0.300
1677.245,overrun,A_leg2,4.754,-0.504,27.961,27.513,0.448,OVERRUN by 1633.31s,1,0.0500,0,-1.4497,1,0.3000,0,-1.4497,0.000,0.300
1678.275,overrun,A_leg2,4.754,-0.504,27.961,27.513,0.448,OVERRUN by 1634.34s,1,0.0500,0,-1.4497,1,0.3000,0,-1.4497,0.000,0.300
1679.309,overrun,A_leg2,4.754,-0.504,27.961,27.513,0.448,OVERRUN by 1635.37s,1,0.0500,0,-1.4497,1,0.3000,0,-1.4497,0.000,0.300
1680.331,overrun,A_leg2,4.754,-0.504,27.961,27.513,0.448,OVERRUN by 1636.39s,1,0.0500,0,-1.4497,1,0.3000,0,-1.4497,0.000,0.300
1681.370,overrun,A_leg2,4.754,-0.504,27.961,27.513,0.448,OVERRUN by 1637.43s,1,0.0500,0,-1.4497,1,0.3000,0,-1.4497,0.000,0.300
1682.402,overrun,A_leg2,4.754,-0.504,27.961,27.513,0.448,OVERRUN by 1638.47s,1,0.0500,0,-1.4497,1,0.3000,0,-1.4497,0.000,0.300
1683.436,overrun,A_leg2,4.754,-0.504,27.961,27.513,0.448,OVERRUN by 1639.50s,1,0.0500,0,-1.4497,1,0.3000,0,-1.4497,0.000,0.300
1684.455,overrun,A_leg2,4.754,-0.504,27.961,27.513,0.448,OVERRUN by 1640.52s,1,0.0500,0,-1.4497,1,0.3000,0,-1.4497,0.000,0.300
1685.486,overrun,A_leg2,4.754,-0.504,27.961,27.513,0.448,OVERRUN by 1641.55s,1,0.0500,0,-1.4497,1,0.3000,0,-1.4497,0.000,0.300
1686.516,overrun,A_leg2,4.754,-0.504,27.961,27.513,0.448,OVERRUN by 1642.58s,1,0.0500,0,-1.4497,1,0.3000,0,-1.4497,0.000,0.300
1687.551,overrun,A_leg2,4.754,-0.504,27.961,27.513,0.448,OVERRUN by 1643.61s,1,0.0500,0,-1.4497,1,0.3000,0,-1.4497,0.000,0.300
1688.583,overrun,A_leg2,4.754,-0.504,27.961,27.513,0.448,OVERRUN by 1644.65s,1,0.0500,0,-1.4497,1,0.3000,0,-1.4497,0.000,0.300
1689.616,overrun,A_leg2,4.754,-0.504,27.961,27.513,0.448,OVERRUN by 1645.68s,1,0.0500,0,-1.4497,1,0.3000,0,-1.4497,0.000,0.300
1690.646,overrun,A_leg2,4.754,-0.504,27.961,27.513,0.448,OVERRUN by 1646.71s,1,0.0500,0,-1.4497,1,0.3000,0,-1.4497,0.000,0.300
1691.671,overrun,A_leg2,4.754,-0.504,27.961,27.513,0.448,OVERRUN by 1647.74s,1,0.0500,0,-1.4497,1,0.3000,0,-1.4497,0.000,0.300
1692.705,overrun,A_leg2,4.754,-0.504,27.961,27.513,0.448,OVERRUN by 1648.77s,1,0.0500,0,-1.4497,1,0.3000,0,-1.4497,0.000,0.300
1693.738,overrun,A_leg2,4.754,-0.504,27.961,27.513,0.448,OVERRUN by 1649.80s,1,0.0500,0,-1.4497,1,0.3000,0,-1.4497,0.000,0.300
1694.766,overrun,A_leg2,4.754,-0.504,27.961,27.513,0.448,OVERRUN by 1650.83s,1,0.0500,0,-1.4497,1,0.3000,0,-1.4497,0.000,0.300
1695.793,overrun,A_leg2,4.754,-0.504,27.961,27.513,0.448,OVERRUN by 1651.86s,1,0.0500,0,-1.4497,1,0.3000,0,-1.4497,0.000,0.300
1696.828,overrun,A_leg2,4.754,-0.504,27.961,27.513,0.448,OVERRUN by 1652.89s,1,0.0500,0,-1.4497,1,0.3000,0,-1.4497,0.000,0.300
1697.858,overrun,A_leg2,4.754,-0.504,27.961,27.513,0.448,OVERRUN by 1653.92s,1,0.0500,0,-1.4497,1,0.3000,0,-1.4497,0.000,0.300
1698.891,overrun,A_leg2,4.754,-0.504,27.961,27.513,0.448,OVERRUN by 1654.96s,1,0.0500,0,-1.4497,1,0.3000,0,-1.4497,0.000,0.300
1699.910,overrun,A_leg2,4.754,-0.504,27.961,27.513,0.448,OVERRUN by 1655.97s,1,0.0500,0,-1.4497,1,0.3000,0,-1.4497,0.000,0.300
1700.935,overrun,A_leg2,4.754,-0.504,27.961,27.513,0.448,OVERRUN by 1657.00s,1,0.0500,0,-1.4497,1,0.3000,0,-1.4497,0.000,0.300
1701.961,overrun,A_leg2,4.754,-0.504,27.961,27.513,0.448,OVERRUN by 1658.02s,1,0.0500,0,-1.4497,1,0.3000,0,-1.4497,0.000,0.300
1702.993,overrun,A_leg2,4.754,-0.504,27.961,27.513,0.448,OVERRUN by 1659.06s,1,0.0500,0,-1.4497,1,0.3000,0,-1.4497,0.000,0.300
1704.025,overrun,A_leg2,4.754,-0.504,27.961,27.513,0.448,OVERRUN by 1660.09s,1,0.0500,0,-1.4497,1,0.3000,0,-1.4497,0.000,0.300
1705.045,overrun,A_leg2,4.754,-0.504,27.961,27.513,0.448,OVERRUN by 1661.11s,1,0.0500,0,-1.4497,1,0.3000,0,-1.4497,0.000,0.300
1706.066,overrun,A_leg2,4.754,-0.504,27.961,27.513,0.448,OVERRUN by 1662.13s,1,0.0500,0,-1.4497,1,0.3000,0,-1.4497,0.000,0.300
1707.096,overrun,A_leg2,4.754,-0.504,27.961,27.513,0.448,OVERRUN by 1663.16s,1,0.0500,0,-1.4497,1,0.3000,0,-1.4497,0.000,0.300
1708.121,overrun,A_leg2,4.754,-0.504,27.961,27.513,0.448,OVERRUN by 1664.19s,1,0.0500,0,-1.4497,1,0.3000,0,-1.4497,0.000,0.300
1709.144,overrun,A_leg2,4.754,-0.504,27.961,27.513,0.448,OVERRUN by 1665.21s,1,0.0500,0,-1.4497,1,0.3000,0,-1.4497,0.000,0.300
1710.157,overrun,A_leg2,4.754,-0.504,27.961,27.513,0.448,OVERRUN by 1666.22s,1,0.0500,0,-1.4497,1,0.3000,0,-1.4497,0.000,0.300
1711.185,overrun,A_leg2,4.754,-0.504,27.961,27.513,0.448,OVERRUN by 1667.25s,1,0.0500,0,-1.4497,1,0.3000,0,-1.4497,0.000,0.300
1712.216,overrun,A_leg2,4.754,-0.504,27.961,27.513,0.448,OVERRUN by 1668.28s,1,0.0500,0,-1.4497,1,0.3000,0,-1.4497,0.000,0.300
1713.254,overrun,A_leg2,4.754,-0.504,27.961,27.513,0.448,OVERRUN by 1669.32s,1,0.0500,0,-1.4497,1,0.3000,0,-1.4497,0.000,0.300
1714.288,overrun,A_leg2,4.754,-0.504,27.961,27.513,0.448,OVERRUN by 1670.35s,1,0.0500,0,-1.4497,1,0.3000,0,-1.4497,0.000,0.300
1715.318,overrun,A_leg2,4.754,-0.504,27.961,27.513,0.448,OVERRUN by 1671.38s,1,0.0500,0,-1.4497,1,0.3000,0,-1.4497,0.000,0.300
1716.344,overrun,A_leg2,4.754,-0.504,27.961,27.513,0.448,OVERRUN by 1672.41s,1,0.0500,0,-1.4497,1,0.3000,0,-1.4497,0.000,0.300
1717.374,overrun,A_leg2,4.754,-0.504,27.961,27.513,0.448,OVERRUN by 1673.44s,1,0.0500,0,-1.4497,1,0.3000,0,-1.4497,0.000,0.300
1718.399,overrun,A_leg2,4.754,-0.504,27.961,27.513,0.448,OVERRUN by 1674.46s,1,0.0500,0,-1.4497,1,0.3000,0,-1.4497,0.000,0.300
1719.418,overrun,A_leg2,4.754,-0.504,27.961,27.513,0.448,OVERRUN by 1675.48s,1,0.0500,0,-1.4497,1,0.3000,0,-1.4497,0.000,0.300
1720.447,overrun,A_leg2,4.754,-0.504,27.961,27.513,0.448,OVERRUN by 1676.51s,1,0.0500,0,-1.4497,1,0.3000,0,-1.4497,0.000,0.300
1721.470,overrun,A_leg2,4.754,-0.504,27.961,27.513,0.448,OVERRUN by 1677.53s,1,0.0500,0,-1.4497,1,0.3000,0,-1.4497,0.000,0.300
1722.486,overrun,A_leg2,4.754,-0.504,27.961,27.513,0.448,OVERRUN by 1678.55s,1,0.0500,0,-1.4497,1,0.3000,0,-1.4497,0.000,0.300
1723.518,overrun,A_leg2,4.754,-0.504,27.961,27.513,0.448,OVERRUN by 1679.58s,1,0.0500,0,-1.4497,1,0.3000,0,-1.4497,0.000,0.300
1724.543,overrun,A_leg2,4.754,-0.504,27.961,27.513,0.448,OVERRUN by 1680.61s,1,0.0500,0,-1.4497,1,0.3000,0,-1.4497,0.000,0.300
1725.571,overrun,A_leg2,4.754,-0.504,27.961,27.513,0.448,OVERRUN by 1681.63s,1,0.0500,0,-1.4497,1,0.3000,0,-1.4497,0.000,0.300
1726.608,overrun,A_leg2,4.754,-0.504,27.961,27.513,0.448,OVERRUN by 1682.67s,1,0.0500,0,-1.4497,1,0.3000,0,-1.4497,0.000,0.300
1727.636,overrun,A_leg2,4.754,-0.504,27.961,27.513,0.448,OVERRUN by 1683.70s,1,0.0500,0,-1.4497,1,0.3000,0,-1.4497,0.000,0.300
1728.671,overrun,A_leg2,4.754,-0.504,27.961,27.513,0.448,OVERRUN by 1684.73s,1,0.0500,0,-1.4497,1,0.3000,0,-1.4497,0.000,0.300
1729.688,overrun,A_leg2,4.754,-0.504,27.961,27.513,0.448,OVERRUN by 1685.75s,1,0.0500,0,-1.4497,1,0.3000,0,-1.4497,0.000,0.300
1730.716,overrun,A_leg2,4.754,-0.504,27.961,27.513,0.448,OVERRUN by 1686.78s,1,0.0500,0,-1.4497,1,0.3000,0,-1.4497,0.000,0.300
1731.744,overrun,A_leg2,4.754,-0.504,27.961,27.513,0.448,OVERRUN by 1687.81s,1,0.0500,0,-1.4497,1,0.3000,0,-1.4497,0.000,0.300
1732.761,overrun,A_leg2,4.754,-0.504,27.961,27.513,0.448,OVERRUN by 1688.82s,1,0.0500,0,-1.4497,1,0.3000,0,-1.4497,0.000,0.300
1733.795,overrun,A_leg2,4.754,-0.504,27.961,27.513,0.448,OVERRUN by 1689.86s,1,0.0500,0,-1.4497,1,0.3000,0,-1.4497,0.000,0.300
1734.824,overrun,A_leg2,4.754,-0.504,27.961,27.513,0.448,OVERRUN by 1690.89s,1,0.0500,0,-1.4497,1,0.3000,0,-1.4497,0.000,0.300
1735.842,overrun,A_leg2,4.754,-0.504,27.961,27.513,0.448,OVERRUN by 1691.91s,1,0.0500,0,-1.4497,1,0.3000,0,-1.4497,0.000,0.300
1736.865,overrun,A_leg2,4.754,-0.504,27.961,27.513,0.448,OVERRUN by 1692.93s,1,0.0500,0,-1.4497,1,0.3000,0,-1.4497,0.000,0.300
1737.888,overrun,A_leg2,4.754,-0.504,27.961,27.513,0.448,OVERRUN by 1693.95s,1,0.0500,0,-1.4497,1,0.3000,0,-1.4497,0.000,0.300
1738.913,overrun,A_leg2,4.754,-0.504,27.961,27.513,0.448,OVERRUN by 1694.98s,1,0.0500,0,-1.4497,1,0.3000,0,-1.4497,0.000,0.300
1739.947,overrun,A_leg2,4.754,-0.504,27.961,27.513,0.448,OVERRUN by 1696.01s,1,0.0500,0,-1.4497,1,0.3000,0,-1.4497,0.000,0.300
1740.965,overrun,A_leg2,4.754,-0.504,27.961,27.513,0.448,OVERRUN by 1697.03s,1,0.0500,0,-1.4497,1,0.3000,0,-1.4497,0.000,0.300
1742.004,overrun,A_leg2,4.754,-0.504,27.961,27.513,0.448,OVERRUN by 1698.07s,1,0.0500,0,-1.4497,1,0.3000,0,-1.4497,0.000,0.300
1743.032,overrun,A_leg2,4.754,-0.504,27.961,27.513,0.448,OVERRUN by 1699.10s,1,0.0500,0,-1.4497,1,0.3000,0,-1.4497,0.000,0.300
1744.063,overrun,A_leg2,4.754,-0.504,27.961,27.513,0.448,OVERRUN by 1700.13s,1,0.0500,0,-1.4497,1,0.3000,0,-1.4497,0.000,0.300
1745.102,overrun,A_leg2,4.754,-0.504,27.961,27.513,0.448,OVERRUN by 1701.17s,1,0.0500,0,-1.4497,1,0.3000,0,-1.4497,0.000,0.300
1746.128,overrun,A_leg2,4.754,-0.504,27.961,27.513,0.448,OVERRUN by 1702.19s,1,0.0500,0,-1.4497,1,0.3000,0,-1.4497,0.000,0.300
1747.157,overrun,A_leg2,4.754,-0.504,27.961,27.513,0.448,OVERRUN by 1703.22s,1,0.0500,0,-1.4497,1,0.3000,0,-1.4497,0.000,0.300
1748.187,overrun,A_leg2,4.754,-0.504,27.961,27.513,0.448,OVERRUN by 1704.25s,1,0.0500,0,-1.4497,1,0.3000,0,-1.4497,0.000,0.300
1749.220,overrun,A_leg2,4.754,-0.504,27.961,27.513,0.448,OVERRUN by 1705.28s,1,0.0500,0,-1.4497,1,0.3000,0,-1.4497,0.000,0.300
1750.243,overrun,A_leg2,4.754,-0.504,27.961,27.513,0.448,OVERRUN by 1706.31s,1,0.0500,0,-1.4497,1,0.3000,0,-1.4497,0.000,0.300
1751.279,overrun,A_leg2,4.754,-0.504,27.961,27.513,0.448,OVERRUN by 1707.34s,1,0.0500,0,-1.4497,1,0.3000,0,-1.4497,0.000,0.300
1752.309,overrun,A_leg2,4.754,-0.504,27.961,27.513,0.448,OVERRUN by 1708.37s,1,0.0500,0,-1.4497,1,0.3000,0,-1.4497,0.000,0.300
1753.337,overrun,A_leg2,4.754,-0.504,27.961,27.513,0.448,OVERRUN by 1709.40s,1,0.0500,0,-1.4497,1,0.3000,0,-1.4497,0.000,0.300
1754.368,overrun,A_leg2,4.754,-0.504,27.961,27.513,0.448,OVERRUN by 1710.43s,1,0.0500,0,-1.4497,1,0.3000,0,-1.4497,0.000,0.300
1755.390,overrun,A_leg2,4.754,-0.504,27.961,27.513,0.448,OVERRUN by 1711.45s,1,0.0500,0,-1.4497,1,0.3000,0,-1.4497,0.000,0.300
1756.418,overrun,A_leg2,4.754,-0.504,27.961,27.513,0.448,OVERRUN by 1712.48s,1,0.0500,0,-1.4497,1,0.3000,0,-1.4497,0.000,0.300
1757.444,overrun,A_leg2,4.754,-0.504,27.961,27.513,0.448,OVERRUN by 1713.51s,1,0.0500,0,-1.4497,1,0.3000,0,-1.4497,0.000,0.300
1758.457,overrun,A_leg2,4.754,-0.504,27.961,27.513,0.448,OVERRUN by 1714.52s,1,0.0500,0,-1.4497,1,0.3000,0,-1.4497,0.000,0.300
1759.485,overrun,A_leg2,4.754,-0.504,27.961,27.513,0.448,OVERRUN by 1715.55s,1,0.0500,0,-1.4497,1,0.3000,0,-1.4497,0.000,0.300
1760.506,overrun,A_leg2,4.754,-0.504,27.961,27.513,0.448,OVERRUN by 1716.57s,1,0.0500,0,-1.4497,1,0.3000,0,-1.4497,0.000,0.300
1761.537,overrun,A_leg2,4.754,-0.504,27.961,27.513,0.448,OVERRUN by 1717.60s,1,0.0500,0,-1.4497,1,0.3000,0,-1.4497,0.000,0.300
1762.555,overrun,A_leg2,4.754,-0.504,27.961,27.513,0.448,OVERRUN by 1718.62s,1,0.0500,0,-1.4497,1,0.3000,0,-1.4497,0.000,0.300
1763.590,overrun,A_leg2,4.754,-0.504,27.961,27.513,0.448,OVERRUN by 1719.65s,1,0.0500,0,-1.4497,1,0.3000,0,-1.4497,0.000,0.300
1764.615,overrun,A_leg2,4.754,-0.504,27.961,27.513,0.448,OVERRUN by 1720.68s,1,0.0500,0,-1.4497,1,0.3000,0,-1.4497,0.000,0.300
1765.651,overrun,A_leg2,4.754,-0.504,27.961,27.513,0.448,OVERRUN by 1721.71s,1,0.0500,0,-1.4497,1,0.3000,0,-1.4497,0.000,0.300
1766.686,overrun,A_leg2,4.754,-0.504,27.961,27.513,0.448,OVERRUN by 1722.75s,1,0.0500,0,-1.4497,1,0.3000,0,-1.4497,0.000,0.300
1767.720,overrun,A_leg2,4.754,-0.504,27.961,27.513,0.448,OVERRUN by 1723.78s,1,0.0500,0,-1.4497,1,0.3000,0,-1.4497,0.000,0.300
1768.748,overrun,A_leg2,4.754,-0.504,27.961,27.513,0.448,OVERRUN by 1724.81s,1,0.0500,0,-1.4497,1,0.3000,0,-1.4497,0.000,0.300
1769.784,overrun,A_leg2,4.754,-0.504,27.961,27.513,0.448,OVERRUN by 1725.85s,1,0.0500,0,-1.4497,1,0.3000,0,-1.4497,0.000,0.300
1770.826,overrun,A_leg2,4.754,-0.504,27.961,27.513,0.448,OVERRUN by 1726.89s,1,0.0500,0,-1.4497,1,0.3000,0,-1.4497,0.000,0.300
1771.862,overrun,A_leg2,4.754,-0.504,27.961,27.513,0.448,OVERRUN by 1727.93s,1,0.0500,0,-1.4497,1,0.3000,0,-1.4497,0.000,0.300
1772.897,overrun,A_leg2,4.754,-0.504,27.961,27.513,0.448,OVERRUN by 1728.96s,1,0.0500,0,-1.4497,1,0.3000,0,-1.4497,0.000,0.300
1773.918,overrun,A_leg2,4.754,-0.504,27.961,27.513,0.448,OVERRUN by 1729.98s,1,0.0500,0,-1.4497,1,0.3000,0,-1.4497,0.000,0.300
1774.943,overrun,A_leg2,4.754,-0.504,27.961,27.513,0.448,OVERRUN by 1731.01s,1,0.0500,0,-1.4497,1,0.3000,0,-1.4497,0.000,0.300
1775.972,overrun,A_leg2,4.754,-0.504,27.961,27.513,0.448,OVERRUN by 1732.04s,1,0.0500,0,-1.4497,1,0.3000,0,-1.4497,0.000,0.300
1777.010,overrun,A_leg2,4.754,-0.504,27.961,27.513,0.448,OVERRUN by 1733.07s,1,0.0500,0,-1.4497,1,0.3000,0,-1.4497,0.000,0.300
1778.039,overrun,A_leg2,4.754,-0.504,27.961,27.513,0.448,OVERRUN by 1734.10s,1,0.0500,0,-1.4497,1,0.3000,0,-1.4497,0.000,0.300
1779.074,overrun,A_leg2,4.754,-0.504,27.961,27.513,0.448,OVERRUN by 1735.14s,1,0.0500,0,-1.4497,1,0.3000,0,-1.4497,0.000,0.300
1780.107,overrun,A_leg2,4.754,-0.504,27.961,27.513,0.448,OVERRUN by 1736.17s,1,0.0500,0,-1.4497,1,0.3000,0,-1.4497,0.000,0.300
1781.126,overrun,A_leg2,4.754,-0.504,27.961,27.513,0.448,OVERRUN by 1737.19s,1,0.0500,0,-1.4497,1,0.3000,0,-1.4497,0.000,0.300
1782.161,overrun,A_leg2,4.754,-0.504,27.961,27.513,0.448,OVERRUN by 1738.22s,1,0.0500,0,-1.4497,1,0.3000,0,-1.4497,0.000,0.300
1783.193,overrun,A_leg2,4.754,-0.504,27.961,27.513,0.448,OVERRUN by 1739.26s,1,0.0500,0,-1.4497,1,0.3000,0,-1.4497,0.000,0.300
1784.223,overrun,A_leg2,4.754,-0.504,27.961,27.513,0.448,OVERRUN by 1740.29s,1,0.0500,0,-1.4497,1,0.3000,0,-1.4497,0.000,0.300
1785.250,overrun,A_leg2,4.754,-0.504,27.961,27.513,0.448,OVERRUN by 1741.31s,1,0.0500,0,-1.4497,1,0.3000,0,-1.4497,0.000,0.300
1786.281,overrun,A_leg2,4.754,-0.504,27.961,27.513,0.448,OVERRUN by 1742.34s,1,0.0500,0,-1.4497,1,0.3000,0,-1.4497,0.000,0.300
1787.314,overrun,A_leg2,4.754,-0.504,27.961,27.513,0.448,OVERRUN by 1743.38s,1,0.0500,0,-1.4497,1,0.3000,0,-1.4497,0.000,0.300
1788.347,overrun,A_leg2,4.754,-0.504,27.961,27.513,0.448,OVERRUN by 1744.41s,1,0.0500,0,-1.4497,1,0.3000,0,-1.4497,0.000,0.300
1789.378,overrun,A_leg2,4.754,-0.504,27.961,27.513,0.448,OVERRUN by 1745.44s,1,0.0500,0,-1.4497,1,0.3000,0,-1.4497,0.000,0.300
1790.419,overrun,A_leg2,4.754,-0.504,27.961,27.513,0.448,OVERRUN by 1746.48s,1,0.0500,0,-1.4497,1,0.3000,0,-1.4497,0.000,0.300
1791.453,overrun,A_leg2,4.754,-0.504,27.961,27.513,0.448,OVERRUN by 1747.52s,1,0.0500,0,-1.4497,1,0.3000,0,-1.4497,0.000,0.300
1792.493,overrun,A_leg2,4.754,-0.504,27.961,27.513,0.448,OVERRUN by 1748.56s,1,0.0500,0,-1.4497,1,0.3000,0,-1.4497,0.000,0.300
1793.532,overrun,A_leg2,4.754,-0.504,27.961,27.513,0.448,OVERRUN by 1749.60s,1,0.0500,0,-1.4497,1,0.3000,0,-1.4497,0.000,0.300
1794.565,overrun,A_leg2,4.754,-0.504,27.961,27.513,0.448,OVERRUN by 1750.63s,1,0.0500,0,-1.4497,1,0.3000,0,-1.4497,0.000,0.300
1795.597,overrun,A_leg2,4.754,-0.504,27.961,27.513,0.448,OVERRUN by 1751.66s,1,0.0500,0,-1.4497,1,0.3000,0,-1.4497,0.000,0.300
1796.628,overrun,A_leg2,4.754,-0.504,27.961,27.513,0.448,OVERRUN by 1752.69s,1,0.0500,0,-1.4497,1,0.3000,0,-1.4497,0.000,0.300
1797.665,overrun,A_leg2,4.754,-0.504,27.961,27.513,0.448,OVERRUN by 1753.73s,1,0.0500,0,-1.4497,1,0.3000,0,-1.4497,0.000,0.300
1798.703,overrun,A_leg2,4.754,-0.504,27.961,27.513,0.448,OVERRUN by 1754.77s,1,0.0500,0,-1.4497,1,0.3000,0,-1.4497,0.000,0.300
1799.725,overrun,A_leg2,4.754,-0.504,27.961,27.513,0.448,OVERRUN by 1755.79s,1,0.0500,0,-1.4497,1,0.3000,0,-1.4497,0.000,0.300
1800.756,overrun,A_leg2,4.754,-0.504,27.961,27.513,0.448,OVERRUN by 1756.82s,1,0.0500,0,-1.4497,1,0.3000,0,-1.4497,0.000,0.300
1801.792,overrun,A_leg2,4.754,-0.504,27.961,27.513,0.448,OVERRUN by 1757.86s,1,0.0500,0,-1.4497,1,0.3000,0,-1.4497,0.000,0.300
1802.809,overrun,A_leg2,4.754,-0.504,27.961,27.513,0.448,OVERRUN by 1758.87s,1,0.0500,0,-1.4497,1,0.3000,0,-1.4497,0.000,0.300
1803.847,overrun,A_leg2,4.754,-0.504,27.961,27.513,0.448,OVERRUN by 1759.91s,1,0.0500,0,-1.4497,1,0.3000,0,-1.4497,0.000,0.300
1804.886,overrun,A_leg2,4.754,-0.504,27.961,27.513,0.448,OVERRUN by 1760.95s,1,0.0500,0,-1.4497,1,0.3000,0,-1.4497,0.000,0.300
1805.919,overrun,A_leg2,4.754,-0.504,27.961,27.513,0.448,OVERRUN by 1761.98s,1,0.0500,0,-1.4497,1,0.3000,0,-1.4497,0.000,0.300
1806.954,overrun,A_leg2,4.754,-0.504,27.961,27.513,0.448,OVERRUN by 1763.02s,1,0.0500,0,-1.4497,1,0.3000,0,-1.4497,0.000,0.300
1807.987,overrun,A_leg2,4.754,-0.504,27.961,27.513,0.448,OVERRUN by 1764.05s,1,0.0500,0,-1.4497,1,0.3000,0,-1.4497,0.000,0.300
1809.019,overrun,A_leg2,4.754,-0.504,27.961,27.513,0.448,OVERRUN by 1765.08s,1,0.0500,0,-1.4497,1,0.3000,0,-1.4497,0.000,0.300
1810.054,overrun,A_leg2,4.754,-0.504,27.961,27.513,0.448,OVERRUN by 1766.12s,1,0.0500,0,-1.4497,1,0.3000,0,-1.4497,0.000,0.300
1811.091,overrun,A_leg2,4.754,-0.504,27.961,27.513,0.448,OVERRUN by 1767.15s,1,0.0500,0,-1.4497,1,0.3000,0,-1.4497,0.000,0.300
1812.122,overrun,A_leg2,4.754,-0.504,27.961,27.513,0.448,OVERRUN by 1768.19s,1,0.0500,0,-1.4497,1,0.3000,0,-1.4497,0.000,0.300
1813.167,overrun,A_leg2,4.754,-0.504,27.961,27.513,0.448,OVERRUN by 1769.23s,1,0.0500,0,-1.4497,1,0.3000,0,-1.4497,0.000,0.300
1814.200,overrun,A_leg2,4.754,-0.504,27.961,27.513,0.448,OVERRUN by 1770.26s,1,0.0500,0,-1.4497,1,0.3000,0,-1.4497,0.000,0.300
1815.232,overrun,A_leg2,4.754,-0.504,27.961,27.513,0.448,OVERRUN by 1771.30s,1,0.0500,0,-1.4497,1,0.3000,0,-1.4497,0.000,0.300
1816.261,overrun,A_leg2,4.754,-0.504,27.961,27.513,0.448,OVERRUN by 1772.32s,1,0.0500,0,-1.4497,1,0.3000,0,-1.4497,0.000,0.300
1817.290,overrun,A_leg2,4.754,-0.504,27.961,27.513,0.448,OVERRUN by 1773.35s,1,0.0500,0,-1.4497,1,0.3000,0,-1.4497,0.000,0.300
1818.313,overrun,A_leg2,4.754,-0.504,27.961,27.513,0.448,OVERRUN by 1774.38s,1,0.0500,0,-1.4497,1,0.3000,0,-1.4497,0.000,0.300
1819.343,overrun,A_leg2,4.754,-0.504,27.961,27.513,0.448,OVERRUN by 1775.41s,1,0.0500,0,-1.4497,1,0.3000,0,-1.4497,0.000,0.300
1820.378,overrun,A_leg2,4.754,-0.504,27.961,27.513,0.448,OVERRUN by 1776.44s,1,0.0500,0,-1.4497,1,0.3000,0,-1.4497,0.000,0.300
1821.402,overrun,A_leg2,4.754,-0.504,27.961,27.513,0.448,OVERRUN by 1777.47s,1,0.0500,0,-1.4497,1,0.3000,0,-1.4497,0.000,0.300
1822.444,overrun,A_leg2,4.754,-0.504,27.961,27.513,0.448,OVERRUN by 1778.51s,1,0.0500,0,-1.4497,1,0.3000,0,-1.4497,0.000,0.300
1823.477,overrun,A_leg2,4.754,-0.504,27.961,27.513,0.448,OVERRUN by 1779.54s,1,0.0500,0,-1.4497,1,0.3000,0,-1.4497,0.000,0.300
1824.508,overrun,A_leg2,4.754,-0.504,27.961,27.513,0.448,OVERRUN by 1780.57s,1,0.0500,0,-1.4497,1,0.3000,0,-1.4497,0.000,0.300
1825.541,overrun,A_leg2,4.754,-0.504,27.961,27.513,0.448,OVERRUN by 1781.60s,1,0.0500,0,-1.4497,1,0.3000,0,-1.4497,0.000,0.300
1826.580,overrun,A_leg2,4.754,-0.504,27.961,27.513,0.448,OVERRUN by 1782.64s,1,0.0500,0,-1.4497,1,0.3000,0,-1.4497,0.000,0.300
1827.617,overrun,A_leg2,4.754,-0.504,27.961,27.513,0.448,OVERRUN by 1783.68s,1,0.0500,0,-1.4497,1,0.3000,0,-1.4497,0.000,0.300
1828.650,overrun,A_leg2,4.754,-0.504,27.961,27.513,0.448,OVERRUN by 1784.71s,1,0.0500,0,-1.4497,1,0.3000,0,-1.4497,0.000,0.300
1829.688,overrun,A_leg2,4.754,-0.504,27.961,27.513,0.448,OVERRUN by 1785.75s,1,0.0500,0,-1.4497,1,0.3000,0,-1.4497,0.000,0.300
1830.722,overrun,A_leg2,4.754,-0.504,27.961,27.513,0.448,OVERRUN by 1786.79s,1,0.0500,0,-1.4497,1,0.3000,0,-1.4497,0.000,0.300
1831.755,overrun,A_leg2,4.754,-0.504,27.961,27.513,0.448,OVERRUN by 1787.82s,1,0.0500,0,-1.4497,1,0.3000,0,-1.4497,0.000,0.300
1832.780,overrun,A_leg2,4.754,-0.504,27.961,27.513,0.448,OVERRUN by 1788.84s,1,0.0500,0,-1.4497,1,0.3000,0,-1.4497,0.000,0.300
1833.819,overrun,A_leg2,4.754,-0.504,27.961,27.513,0.448,OVERRUN by 1789.88s,1,0.0500,0,-1.4497,1,0.3000,0,-1.4497,0.000,0.300
1834.857,overrun,A_leg2,4.754,-0.504,27.961,27.513,0.448,OVERRUN by 1790.92s,1,0.0500,0,-1.4497,1,0.3000,0,-1.4497,0.000,0.300
1835.877,overrun,A_leg2,4.754,-0.504,27.961,27.513,0.448,OVERRUN by 1791.94s,1,0.0500,0,-1.4497,1,0.3000,0,-1.4497,0.000,0.300
1836.901,overrun,A_leg2,4.754,-0.504,27.961,27.513,0.448,OVERRUN by 1792.97s,1,0.0500,0,-1.4497,1,0.3000,0,-1.4497,0.000,0.300
1837.915,overrun,A_leg2,4.754,-0.504,27.961,27.513,0.448,OVERRUN by 1793.98s,1,0.0500,0,-1.4497,1,0.3000,0,-1.4497,0.000,0.300
1838.945,overrun,A_leg2,4.754,-0.504,27.961,27.513,0.448,OVERRUN by 1795.01s,1,0.0500,0,-1.4497,1,0.3000,0,-1.4497,0.000,0.300
1839.966,overrun,A_leg2,4.754,-0.504,27.961,27.513,0.448,OVERRUN by 1796.03s,1,0.0500,0,-1.4497,1,0.3000,0,-1.4497,0.000,0.300
1840.995,overrun,A_leg2,4.754,-0.504,27.961,27.513,0.448,OVERRUN by 1797.06s,1,0.0500,0,-1.4497,1,0.3000,0,-1.4497,0.000,0.300
1842.009,overrun,A_leg2,4.754,-0.504,27.961,27.513,0.448,OVERRUN by 1798.07s,1,0.0500,0,-1.4497,1,0.3000,0,-1.4497,0.000,0.300
1843.030,overrun,A_leg2,4.754,-0.504,27.961,27.513,0.448,OVERRUN by 1799.09s,1,0.0500,0,-1.4497,1,0.3000,0,-1.4497,0.000,0.300
1844.060,overrun,A_leg2,4.754,-0.504,27.961,27.513,0.448,OVERRUN by 1800.12s,1,0.0500,0,-1.4497,1,0.3000,0,-1.4497,0.000,0.300
1845.081,overrun,A_leg2,4.754,-0.504,27.961,27.513,0.448,OVERRUN by 1801.14s,1,0.0500,0,-1.4497,1,0.3000,0,-1.4497,0.000,0.300
1846.110,overrun,A_leg2,4.754,-0.504,27.961,27.513,0.448,OVERRUN by 1802.17s,1,0.0500,0,-1.4497,1,0.3000,0,-1.4497,0.000,0.300
1847.132,overrun,A_leg2,4.754,-0.504,27.961,27.513,0.448,OVERRUN by 1803.20s,1,0.0500,0,-1.4497,1,0.3000,0,-1.4497,0.000,0.300
1848.162,overrun,A_leg2,4.754,-0.504,27.961,27.513,0.448,OVERRUN by 1804.23s,1,0.0500,0,-1.4497,1,0.3000,0,-1.4497,0.000,0.300
1849.189,overrun,A_leg2,4.754,-0.504,27.961,27.513,0.448,OVERRUN by 1805.25s,1,0.0500,0,-1.4497,1,0.3000,0,-1.4497,0.000,0.300
1850.219,overrun,A_leg2,4.754,-0.504,27.961,27.513,0.448,OVERRUN by 1806.28s,1,0.0500,0,-1.4497,1,0.3000,0,-1.4497,0.000,0.300
1851.251,overrun,A_leg2,4.754,-0.504,27.961,27.513,0.448,OVERRUN by 1807.31s,1,0.0500,0,-1.4497,1,0.3000,0,-1.4497,0.000,0.300
1852.295,overrun,A_leg2,4.754,-0.504,27.961,27.513,0.448,OVERRUN by 1808.36s,1,0.0500,0,-1.4497,1,0.3000,0,-1.4497,0.000,0.300
1853.327,overrun,A_leg2,4.754,-0.504,27.961,27.513,0.448,OVERRUN by 1809.39s,1,0.0500,0,-1.4497,1,0.3000,0,-1.4497,0.000,0.300
1854.355,overrun,A_leg2,4.754,-0.504,27.961,27.513,0.448,OVERRUN by 1810.42s,1,0.0500,0,-1.4497,1,0.3000,0,-1.4497,0.000,0.300
1855.389,overrun,A_leg2,4.754,-0.504,27.961,27.513,0.448,OVERRUN by 1811.45s,1,0.0500,0,-1.4497,1,0.3000,0,-1.4497,0.000,0.300
1856.422,overrun,A_leg2,4.754,-0.504,27.961,27.513,0.448,OVERRUN by 1812.49s,1,0.0500,0,-1.4497,1,0.3000,0,-1.4497,0.000,0.300
1857.446,overrun,A_leg2,4.754,-0.504,27.961,27.513,0.448,OVERRUN by 1813.51s,1,0.0500,0,-1.4497,1,0.3000,0,-1.4497,0.000,0.300
1858.478,overrun,A_leg2,4.754,-0.504,27.961,27.513,0.448,OVERRUN by 1814.54s,1,0.0500,0,-1.4497,1,0.3000,0,-1.4497,0.000,0.300
1859.507,overrun,A_leg2,4.754,-0.504,27.961,27.513,0.448,OVERRUN by 1815.57s,1,0.0500,0,-1.4497,1,0.3000,0,-1.4497,0.000,0.300
1860.542,overrun,A_leg2,4.754,-0.504,27.961,27.513,0.448,OVERRUN by 1816.61s,1,0.0500,0,-1.4497,1,0.3000,0,-1.4497,0.000,0.300
1861.578,overrun,A_leg2,4.754,-0.504,27.961,27.513,0.448,OVERRUN by 1817.64s,1,0.0500,0,-1.4497,1,0.3000,0,-1.4497,0.000,0.300
1862.604,overrun,A_leg2,4.754,-0.504,27.961,27.513,0.448,OVERRUN by 1818.67s,1,0.0500,0,-1.4497,1,0.3000,0,-1.4497,0.000,0.300
1863.633,overrun,A_leg2,4.754,-0.504,27.961,27.513,0.448,OVERRUN by 1819.70s,1,0.0500,0,-1.4497,1,0.3000,0,-1.4497,0.000,0.300
1864.675,overrun,A_leg2,4.754,-0.504,27.961,27.513,0.448,OVERRUN by 1820.74s,1,0.0500,0,-1.4497,1,0.3000,0,-1.4497,0.000,0.300
1865.708,overrun,A_leg2,4.754,-0.504,27.961,27.513,0.448,OVERRUN by 1821.77s,1,0.0500,0,-1.4497,1,0.3000,0,-1.4497,0.000,0.300
1866.738,overrun,A_leg2,4.754,-0.504,27.961,27.513,0.448,OVERRUN by 1822.80s,1,0.0500,0,-1.4497,1,0.3000,0,-1.4497,0.000,0.300
1867.780,overrun,A_leg2,4.754,-0.504,27.961,27.513,0.448,OVERRUN by 1823.84s,1,0.0500,0,-1.4497,1,0.3000,0,-1.4497,0.000,0.300
1868.813,overrun,A_leg2,4.754,-0.504,27.961,27.513,0.448,OVERRUN by 1824.88s,1,0.0500,0,-1.4497,1,0.3000,0,-1.4497,0.000,0.300
1869.851,overrun,A_leg2,4.754,-0.504,27.961,27.513,0.448,OVERRUN by 1825.91s,1,0.0500,0,-1.4497,1,0.3000,0,-1.4497,0.000,0.300
1870.881,overrun,A_leg2,4.754,-0.504,27.961,27.513,0.448,OVERRUN by 1826.94s,1,0.0500,0,-1.4497,1,0.3000,0,-1.4497,0.000,0.300
1871.907,overrun,A_leg2,4.754,-0.504,27.961,27.513,0.448,OVERRUN by 1827.97s,1,0.0500,0,-1.4497,1,0.3000,0,-1.4497,0.000,0.300
1872.946,overrun,A_leg2,4.754,-0.504,27.961,27.513,0.448,OVERRUN by 1829.01s,1,0.0500,0,-1.4497,1,0.3000,0,-1.4497,0.000,0.300
1873.974,overrun,A_leg2,4.754,-0.504,27.961,27.513,0.448,OVERRUN by 1830.04s,1,0.0500,0,-1.4497,1,0.3000,0,-1.4497,0.000,0.300
1875.006,overrun,A_leg2,4.754,-0.504,27.961,27.513,0.448,OVERRUN by 1831.07s,1,0.0500,0,-1.4497,1,0.3000,0,-1.4497,0.000,0.300
1876.045,overrun,A_leg2,4.754,-0.504,27.961,27.513,0.448,OVERRUN by 1832.11s,1,0.0500,0,-1.4497,1,0.3000,0,-1.4497,0.000,0.300
1877.070,overrun,A_leg2,4.754,-0.504,27.961,27.513,0.448,OVERRUN by 1833.13s,1,0.0500,0,-1.4497,1,0.3000,0,-1.4497,0.000,0.300
1878.103,overrun,A_leg2,4.754,-0.504,27.961,27.513,0.448,OVERRUN by 1834.17s,1,0.0500,0,-1.4497,1,0.3000,0,-1.4497,0.000,0.300
1879.131,overrun,A_leg2,4.754,-0.504,27.961,27.513,0.448,OVERRUN by 1835.19s,1,0.0500,0,-1.4497,1,0.3000,0,-1.4497,0.000,0.300
1880.165,overrun,A_leg2,4.754,-0.504,27.961,27.513,0.448,OVERRUN by 1836.23s,1,0.0500,0,-1.4497,1,0.3000,0,-1.4497,0.000,0.300
1881.188,overrun,A_leg2,4.754,-0.504,27.961,27.513,0.448,OVERRUN by 1837.25s,1,0.0500,0,-1.4497,1,0.3000,0,-1.4497,0.000,0.300
1882.224,overrun,A_leg2,4.754,-0.504,27.961,27.513,0.448,OVERRUN by 1838.29s,1,0.0500,0,-1.4497,1,0.3000,0,-1.4497,0.000,0.300
1883.255,overrun,A_leg2,4.754,-0.504,27.961,27.513,0.448,OVERRUN by 1839.32s,1,0.0500,0,-1.4497,1,0.3000,0,-1.4497,0.000,0.300
1884.295,overrun,A_leg2,4.754,-0.504,27.961,27.513,0.448,OVERRUN by 1840.36s,1,0.0500,0,-1.4497,1,0.3000,0,-1.4497,0.000,0.300
1885.326,overrun,A_leg2,4.754,-0.504,27.961,27.513,0.448,OVERRUN by 1841.39s,1,0.0500,0,-1.4497,1,0.3000,0,-1.4497,0.000,0.300
1886.360,overrun,A_leg2,4.754,-0.504,27.961,27.513,0.448,OVERRUN by 1842.42s,1,0.0500,0,-1.4497,1,0.3000,0,-1.4497,0.000,0.300
1887.397,overrun,A_leg2,4.754,-0.504,27.961,27.513,0.448,OVERRUN by 1843.46s,1,0.0500,0,-1.4497,1,0.3000,0,-1.4497,0.000,0.300
1888.423,overrun,A_leg2,4.754,-0.504,27.961,27.513,0.448,OVERRUN by 1844.49s,1,0.0500,0,-1.4497,1,0.3000,0,-1.4497,0.000,0.300
1889.462,overrun,A_leg2,4.754,-0.504,27.961,27.513,0.448,OVERRUN by 1845.53s,1,0.0500,0,-1.4497,1,0.3000,0,-1.4497,0.000,0.300
1890.492,overrun,A_leg2,4.754,-0.504,27.961,27.513,0.448,OVERRUN by 1846.56s,1,0.0500,0,-1.4497,1,0.3000,0,-1.4497,0.000,0.300
1891.520,overrun,A_leg2,4.754,-0.504,27.961,27.513,0.448,OVERRUN by 1847.58s,1,0.0500,0,-1.4497,1,0.3000,0,-1.4497,0.000,0.300
1892.553,overrun,A_leg2,4.754,-0.504,27.961,27.513,0.448,OVERRUN by 1848.62s,1,0.0500,0,-1.4497,1,0.3000,0,-1.4497,0.000,0.300
1893.592,overrun,A_leg2,4.754,-0.504,27.961,27.513,0.448,OVERRUN by 1849.66s,1,0.0500,0,-1.4497,1,0.3000,0,-1.4497,0.000,0.300
1894.620,overrun,A_leg2,4.754,-0.504,27.961,27.513,0.448,OVERRUN by 1850.68s,1,0.0500,0,-1.4497,1,0.3000,0,-1.4497,0.000,0.300
1895.649,overrun,A_leg2,4.754,-0.504,27.961,27.513,0.448,OVERRUN by 1851.71s,1,0.0500,0,-1.4497,1,0.3000,0,-1.4497,0.000,0.300
1896.675,overrun,A_leg2,4.754,-0.504,27.961,27.513,0.448,OVERRUN by 1852.74s,1,0.0500,0,-1.4497,1,0.3000,0,-1.4497,0.000,0.300
1897.703,overrun,A_leg2,4.754,-0.504,27.961,27.513,0.448,OVERRUN by 1853.77s,1,0.0500,0,-1.4497,1,0.3000,0,-1.4497,0.000,0.300
1898.730,overrun,A_leg2,4.754,-0.504,27.961,27.513,0.448,OVERRUN by 1854.79s,1,0.0500,0,-1.4497,1,0.3000,0,-1.4497,0.000,0.300
1899.757,overrun,A_leg2,4.754,-0.504,27.961,27.513,0.448,OVERRUN by 1855.82s,1,0.0500,0,-1.4497,1,0.3000,0,-1.4497,0.000,0.300
1900.797,overrun,A_leg2,4.754,-0.504,27.961,27.513,0.448,OVERRUN by 1856.86s,1,0.0500,0,-1.4497,1,0.3000,0,-1.4497,0.000,0.300
1901.827,overrun,A_leg2,4.754,-0.504,27.961,27.513,0.448,OVERRUN by 1857.89s,1,0.0500,0,-1.4497,1,0.3000,0,-1.4497,0.000,0.300
1902.860,overrun,A_leg2,4.754,-0.504,27.961,27.513,0.448,OVERRUN by 1858.92s,1,0.0500,0,-1.4497,1,0.3000,0,-1.4497,0.000,0.300
1903.893,overrun,A_leg2,4.754,-0.504,27.961,27.513,0.448,OVERRUN by 1859.96s,1,0.0500,0,-1.4497,1,0.3000,0,-1.4497,0.000,0.300
1904.932,overrun,A_leg2,4.754,-0.504,27.961,27.513,0.448,OVERRUN by 1861.00s,1,0.0500,0,-1.4497,1,0.3000,0,-1.4497,0.000,0.300
1905.964,overrun,A_leg2,4.754,-0.504,27.961,27.513,0.448,OVERRUN by 1862.03s,1,0.0500,0,-1.4497,1,0.3000,0,-1.4497,0.000,0.300
1907.004,overrun,A_leg2,4.754,-0.504,27.961,27.513,0.448,OVERRUN by 1863.07s,1,0.0500,0,-1.4497,1,0.3000,0,-1.4497,0.000,0.300
1908.042,overrun,A_leg2,4.754,-0.504,27.961,27.513,0.448,OVERRUN by 1864.11s,1,0.0500,0,-1.4497,1,0.3000,0,-1.4497,0.000,0.300
1909.073,overrun,A_leg2,4.754,-0.504,27.961,27.513,0.448,OVERRUN by 1865.14s,1,0.0500,0,-1.4497,1,0.3000,0,-1.4497,0.000,0.300
1910.097,overrun,A_leg2,4.754,-0.504,27.961,27.513,0.448,OVERRUN by 1866.16s,1,0.0500,0,-1.4497,1,0.3000,0,-1.4497,0.000,0.300
1911.135,overrun,A_leg2,4.754,-0.504,27.961,27.513,0.448,OVERRUN by 1867.20s,1,0.0500,0,-1.4497,1,0.3000,0,-1.4497,0.000,0.300
1912.174,overrun,A_leg2,4.754,-0.504,27.961,27.513,0.448,OVERRUN by 1868.24s,1,0.0500,0,-1.4497,1,0.3000,0,-1.4497,0.000,0.300
1913.209,overrun,A_leg2,4.754,-0.504,27.961,27.513,0.448,OVERRUN by 1869.27s,1,0.0500,0,-1.4497,1,0.3000,0,-1.4497,0.000,0.300
1914.241,overrun,A_leg2,4.754,-0.504,27.961,27.513,0.448,OVERRUN by 1870.30s,1,0.0500,0,-1.4497,1,0.3000,0,-1.4497,0.000,0.300
1915.279,overrun,A_leg2,4.754,-0.504,27.961,27.513,0.448,OVERRUN by 1871.34s,1,0.0500,0,-1.4497,1,0.3000,0,-1.4497,0.000,0.300
1916.319,overrun,A_leg2,4.754,-0.504,27.961,27.513,0.448,OVERRUN by 1872.38s,1,0.0500,0,-1.4497,1,0.3000,0,-1.4497,0.000,0.300
1917.348,overrun,A_leg2,4.754,-0.504,27.961,27.513,0.448,OVERRUN by 1873.41s,1,0.0500,0,-1.4497,1,0.3000,0,-1.4497,0.000,0.300
1918.373,overrun,A_leg2,4.754,-0.504,27.961,27.513,0.448,OVERRUN by 1874.44s,1,0.0500,0,-1.4497,1,0.3000,0,-1.4497,0.000,0.300
1919.403,overrun,A_leg2,4.754,-0.504,27.961,27.513,0.448,OVERRUN by 1875.47s,1,0.0500,0,-1.4497,1,0.3000,0,-1.4497,0.000,0.300
1920.437,overrun,A_leg2,4.754,-0.504,27.961,27.513,0.448,OVERRUN by 1876.50s,1,0.0500,0,-1.4497,1,0.3000,0,-1.4497,0.000,0.300
1921.465,overrun,A_leg2,4.754,-0.504,27.961,27.513,0.448,OVERRUN by 1877.53s,1,0.0500,0,-1.4497,1,0.3000,0,-1.4497,0.000,0.300
1922.494,overrun,A_leg2,4.754,-0.504,27.961,27.513,0.448,OVERRUN by 1878.56s,1,0.0500,0,-1.4497,1,0.3000,0,-1.4497,0.000,0.300
1923.533,overrun,A_leg2,4.754,-0.504,27.961,27.513,0.448,OVERRUN by 1879.60s,1,0.0500,0,-1.4497,1,0.3000,0,-1.4497,0.000,0.300
1924.561,overrun,A_leg2,4.754,-0.504,27.961,27.513,0.448,OVERRUN by 1880.62s,1,0.0500,0,-1.4497,1,0.3000,0,-1.4497,0.000,0.300
1925.595,overrun,A_leg2,4.754,-0.504,27.961,27.513,0.448,OVERRUN by 1881.66s,1,0.0500,0,-1.4497,1,0.3000,0,-1.4497,0.000,0.300
1926.633,overrun,A_leg2,4.754,-0.504,27.961,27.513,0.448,OVERRUN by 1882.70s,1,0.0500,0,-1.4497,1,0.3000,0,-1.4497,0.000,0.300
1927.661,overrun,A_leg2,4.754,-0.504,27.961,27.513,0.448,OVERRUN by 1883.73s,1,0.0500,0,-1.4497,1,0.3000,0,-1.4497,0.000,0.300
1928.688,overrun,A_leg2,4.754,-0.504,27.961,27.513,0.448,OVERRUN by 1884.75s,1,0.0500,0,-1.4497,1,0.3000,0,-1.4497,0.000,0.300
1929.713,overrun,A_leg2,4.754,-0.504,27.961,27.513,0.448,OVERRUN by 1885.78s,1,0.0500,0,-1.4497,1,0.3000,0,-1.4497,0.000,0.300
1930.744,overrun,A_leg2,4.754,-0.504,27.961,27.513,0.448,OVERRUN by 1886.81s,1,0.0500,0,-1.4497,1,0.3000,0,-1.4497,0.000,0.300
1931.776,overrun,A_leg2,4.754,-0.504,27.961,27.513,0.448,OVERRUN by 1887.84s,1,0.0500,0,-1.4497,1,0.3000,0,-1.4497,0.000,0.300
1932.816,overrun,A_leg2,4.754,-0.504,27.961,27.513,0.448,OVERRUN by 1888.88s,1,0.0500,0,-1.4497,1,0.3000,0,-1.4497,0.000,0.300
1933.843,overrun,A_leg2,4.754,-0.504,27.961,27.513,0.448,OVERRUN by 1889.91s,1,0.0500,0,-1.4497,1,0.3000,0,-1.4497,0.000,0.300
1934.869,overrun,A_leg2,4.754,-0.504,27.961,27.513,0.448,OVERRUN by 1890.93s,1,0.0500,0,-1.4497,1,0.3000,0,-1.4497,0.000,0.300
1935.910,overrun,A_leg2,4.754,-0.504,27.961,27.513,0.448,OVERRUN by 1891.97s,1,0.0500,0,-1.4497,1,0.3000,0,-1.4497,0.000,0.300
1936.945,overrun,A_leg2,4.754,-0.504,27.961,27.513,0.448,OVERRUN by 1893.01s,1,0.0500,0,-1.4497,1,0.3000,0,-1.4497,0.000,0.300
1937.985,overrun,A_leg2,4.754,-0.504,27.961,27.513,0.448,OVERRUN by 1894.05s,1,0.0500,0,-1.4497,1,0.3000,0,-1.4497,0.000,0.300
1939.013,overrun,A_leg2,4.754,-0.504,27.961,27.513,0.448,OVERRUN by 1895.08s,1,0.0500,0,-1.4497,1,0.3000,0,-1.4497,0.000,0.300
1940.045,overrun,A_leg2,4.754,-0.504,27.961,27.513,0.448,OVERRUN by 1896.11s,1,0.0500,0,-1.4497,1,0.3000,0,-1.4497,0.000,0.300
1941.085,overrun,A_leg2,4.754,-0.504,27.961,27.513,0.448,OVERRUN by 1897.15s,1,0.0500,0,-1.4497,1,0.3000,0,-1.4497,0.000,0.300
1942.120,overrun,A_leg2,4.754,-0.504,27.961,27.513,0.448,OVERRUN by 1898.18s,1,0.0500,0,-1.4497,1,0.3000,0,-1.4497,0.000,0.300
1943.153,overrun,A_leg2,4.754,-0.504,27.961,27.513,0.448,OVERRUN by 1899.22s,1,0.0500,0,-1.4497,1,0.3000,0,-1.4497,0.000,0.300
1944.165,overrun,A_leg2,4.754,-0.504,27.961,27.513,0.448,OVERRUN by 1900.23s,1,0.0500,0,-1.4497,1,0.3000,0,-1.4497,0.000,0.300
1945.203,overrun,A_leg2,4.754,-0.504,27.961,27.513,0.448,OVERRUN by 1901.27s,1,0.0500,0,-1.4497,1,0.3000,0,-1.4497,0.000,0.300
1946.232,overrun,A_leg2,4.754,-0.504,27.961,27.513,0.448,OVERRUN by 1902.30s,1,0.0500,0,-1.4497,1,0.3000,0,-1.4497,0.000,0.300
1947.256,overrun,A_leg2,4.754,-0.504,27.961,27.513,0.448,OVERRUN by 1903.32s,1,0.0500,0,-1.4497,1,0.3000,0,-1.4497,0.000,0.300
1948.283,overrun,A_leg2,4.754,-0.504,27.961,27.513,0.448,OVERRUN by 1904.35s,1,0.0500,0,-1.4497,1,0.3000,0,-1.4497,0.000,0.300
1949.309,overrun,A_leg2,4.754,-0.504,27.961,27.513,0.448,OVERRUN by 1905.37s,1,0.0500,0,-1.4497,1,0.3000,0,-1.4497,0.000,0.300
1950.336,overrun,A_leg2,4.754,-0.504,27.961,27.513,0.448,OVERRUN by 1906.40s,1,0.0500,0,-1.4497,1,0.3000,0,-1.4497,0.000,0.300
1951.368,overrun,A_leg2,4.754,-0.504,27.961,27.513,0.448,OVERRUN by 1907.43s,1,0.0500,0,-1.4497,1,0.3000,0,-1.4497,0.000,0.300
1952.400,overrun,A_leg2,4.754,-0.504,27.961,27.513,0.448,OVERRUN by 1908.46s,1,0.0500,0,-1.4497,1,0.3000,0,-1.4497,0.000,0.300
1953.435,overrun,A_leg2,4.754,-0.504,27.961,27.513,0.448,OVERRUN by 1909.50s,1,0.0500,0,-1.4497,1,0.3000,0,-1.4497,0.000,0.300
1954.473,overrun,A_leg2,4.754,-0.504,27.961,27.513,0.448,OVERRUN by 1910.54s,1,0.0500,0,-1.4497,1,0.3000,0,-1.4497,0.000,0.300
1955.511,overrun,A_leg2,4.754,-0.504,27.961,27.513,0.448,OVERRUN by 1911.57s,1,0.0500,0,-1.4497,1,0.3000,0,-1.4497,0.000,0.300
1956.545,overrun,A_leg2,4.754,-0.504,27.961,27.513,0.448,OVERRUN by 1912.61s,1,0.0500,0,-1.4497,1,0.3000,0,-1.4497,0.000,0.300
1957.586,overrun,A_leg2,4.754,-0.504,27.961,27.513,0.448,OVERRUN by 1913.65s,1,0.0500,0,-1.4497,1,0.3000,0,-1.4497,0.000,0.300
1958.625,overrun,A_leg2,4.754,-0.504,27.961,27.513,0.448,OVERRUN by 1914.69s,1,0.0500,0,-1.4497,1,0.3000,0,-1.4497,0.000,0.300
1959.653,overrun,A_leg2,4.754,-0.504,27.961,27.513,0.448,OVERRUN by 1915.72s,1,0.0500,0,-1.4497,1,0.3000,0,-1.4497,0.000,0.300
1960.683,overrun,A_leg2,4.754,-0.504,27.961,27.513,0.448,OVERRUN by 1916.75s,1,0.0500,0,-1.4497,1,0.3000,0,-1.4497,0.000,0.300
1961.716,overrun,A_leg2,4.754,-0.504,27.961,27.513,0.448,OVERRUN by 1917.78s,1,0.0500,0,-1.4497,1,0.3000,0,-1.4497,0.000,0.300
1962.751,overrun,A_leg2,4.754,-0.504,27.961,27.513,0.448,OVERRUN by 1918.81s,1,0.0500,0,-1.4497,1,0.3000,0,-1.4497,0.000,0.300
1963.774,overrun,A_leg2,4.754,-0.504,27.961,27.513,0.448,OVERRUN by 1919.84s,1,0.0500,0,-1.4497,1,0.3000,0,-1.4497,0.000,0.300
1964.810,overrun,A_leg2,4.754,-0.504,27.961,27.513,0.448,OVERRUN by 1920.87s,1,0.0500,0,-1.4497,1,0.3000,0,-1.4497,0.000,0.300
1965.841,overrun,A_leg2,4.754,-0.504,27.961,27.513,0.448,OVERRUN by 1921.90s,1,0.0500,0,-1.4497,1,0.3000,0,-1.4497,0.000,0.300
1966.885,overrun,A_leg2,4.754,-0.504,27.961,27.513,0.448,OVERRUN by 1922.95s,1,0.0500,0,-1.4497,1,0.3000,0,-1.4497,0.000,0.300
1967.922,overrun,A_leg2,4.754,-0.504,27.961,27.513,0.448,OVERRUN by 1923.99s,1,0.0500,0,-1.4497,1,0.3000,0,-1.4497,0.000,0.300
1968.955,overrun,A_leg2,4.754,-0.504,27.961,27.513,0.448,OVERRUN by 1925.02s,1,0.0500,0,-1.4497,1,0.3000,0,-1.4497,0.000,0.300
1969.988,overrun,A_leg2,4.754,-0.504,27.961,27.513,0.448,OVERRUN by 1926.05s,1,0.0500,0,-1.4497,1,0.3000,0,-1.4497,0.000,0.300
1971.018,overrun,A_leg2,4.754,-0.504,27.961,27.513,0.448,OVERRUN by 1927.08s,1,0.0500,0,-1.4497,1,0.3000,0,-1.4497,0.000,0.300
1972.052,overrun,A_leg2,4.754,-0.504,27.961,27.513,0.448,OVERRUN by 1928.12s,1,0.0500,0,-1.4497,1,0.3000,0,-1.4497,0.000,0.300
1973.085,overrun,A_leg2,4.754,-0.504,27.961,27.513,0.448,OVERRUN by 1929.15s,1,0.0500,0,-1.4497,1,0.3000,0,-1.4497,0.000,0.300
1974.120,overrun,A_leg2,4.754,-0.504,27.961,27.513,0.448,OVERRUN by 1930.18s,1,0.0500,0,-1.4497,1,0.3000,0,-1.4497,0.000,0.300
1975.158,overrun,A_leg2,4.754,-0.504,27.961,27.513,0.448,OVERRUN by 1931.22s,1,0.0500,0,-1.4497,1,0.3000,0,-1.4497,0.000,0.300
1976.185,overrun,A_leg2,4.754,-0.504,27.961,27.513,0.448,OVERRUN by 1932.25s,1,0.0500,0,-1.4497,1,0.3000,0,-1.4497,0.000,0.300
1977.210,overrun,A_leg2,4.754,-0.504,27.961,27.513,0.448,OVERRUN by 1933.27s,1,0.0500,0,-1.4497,1,0.3000,0,-1.4497,0.000,0.300
1978.248,overrun,A_leg2,4.754,-0.504,27.961,27.513,0.448,OVERRUN by 1934.31s,1,0.0500,0,-1.4497,1,0.3000,0,-1.4497,0.000,0.300
1979.273,overrun,A_leg2,4.754,-0.504,27.961,27.513,0.448,OVERRUN by 1935.34s,1,0.0500,0,-1.4497,1,0.3000,0,-1.4497,0.000,0.300
1980.301,overrun,A_leg2,4.754,-0.504,27.961,27.513,0.448,OVERRUN by 1936.36s,1,0.0500,0,-1.4497,1,0.3000,0,-1.4497,0.000,0.300
1981.331,overrun,A_leg2,4.754,-0.504,27.961,27.513,0.448,OVERRUN by 1937.39s,1,0.0500,0,-1.4497,1,0.3000,0,-1.4497,0.000,0.300
1982.360,overrun,A_leg2,4.754,-0.504,27.961,27.513,0.448,OVERRUN by 1938.42s,1,0.0500,0,-1.4497,1,0.3000,0,-1.4497,0.000,0.300
1983.392,overrun,A_leg2,4.754,-0.504,27.961,27.513,0.448,OVERRUN by 1939.46s,1,0.0500,0,-1.4497,1,0.3000,0,-1.4497,0.000,0.300
1984.425,overrun,A_leg2,4.754,-0.504,27.961,27.513,0.448,OVERRUN by 1940.49s,1,0.0500,0,-1.4497,1,0.3000,0,-1.4497,0.000,0.300
1985.456,overrun,A_leg2,4.754,-0.504,27.961,27.513,0.448,OVERRUN by 1941.52s,1,0.0500,0,-1.4497,1,0.3000,0,-1.4497,0.000,0.300
1986.481,overrun,A_leg2,4.754,-0.504,27.961,27.513,0.448,OVERRUN by 1942.54s,1,0.0500,0,-1.4497,1,0.3000,0,-1.4497,0.000,0.300
1987.506,overrun,A_leg2,4.754,-0.504,27.961,27.513,0.448,OVERRUN by 1943.57s,1,0.0500,0,-1.4497,1,0.3000,0,-1.4497,0.000,0.300
1988.531,overrun,A_leg2,4.754,-0.504,27.961,27.513,0.448,OVERRUN by 1944.59s,1,0.0500,0,-1.4497,1,0.3000,0,-1.4497,0.000,0.300
1989.561,overrun,A_leg2,4.754,-0.504,27.961,27.513,0.448,OVERRUN by 1945.62s,1,0.0500,0,-1.4497,1,0.3000,0,-1.4497,0.000,0.300
1990.592,overrun,A_leg2,4.754,-0.504,27.961,27.513,0.448,OVERRUN by 1946.66s,1,0.0500,0,-1.4497,1,0.3000,0,-1.4497,0.000,0.300
1991.606,overrun,A_leg2,4.754,-0.504,27.961,27.513,0.448,OVERRUN by 1947.67s,1,0.0500,0,-1.4497,1,0.3000,0,-1.4497,0.000,0.300
1992.641,overrun,A_leg2,4.754,-0.504,27.961,27.513,0.448,OVERRUN by 1948.70s,1,0.0500,0,-1.4497,1,0.3000,0,-1.4497,0.000,0.300
1993.683,overrun,A_leg2,4.754,-0.504,27.961,27.513,0.448,OVERRUN by 1949.75s,1,0.0500,0,-1.4497,1,0.3000,0,-1.4497,0.000,0.300
1994.711,overrun,A_leg2,4.754,-0.504,27.961,27.513,0.448,OVERRUN by 1950.77s,1,0.0500,0,-1.4497,1,0.3000,0,-1.4497,0.000,0.300
1995.747,overrun,A_leg2,4.754,-0.504,27.961,27.513,0.448,OVERRUN by 1951.81s,1,0.0500,0,-1.4497,1,0.3000,0,-1.4497,0.000,0.300
1996.774,overrun,A_leg2,4.754,-0.504,27.961,27.513,0.448,OVERRUN by 1952.84s,1,0.0500,0,-1.4497,1,0.3000,0,-1.4497,0.000,0.300
1997.804,overrun,A_leg2,4.754,-0.504,27.961,27.513,0.448,OVERRUN by 1953.87s,1,0.0500,0,-1.4497,1,0.3000,0,-1.4497,0.000,0.300
1998.846,overrun,A_leg2,4.754,-0.504,27.961,27.513,0.448,OVERRUN by 1954.91s,1,0.0500,0,-1.4497,1,0.3000,0,-1.4497,0.000,0.300
1999.880,overrun,A_leg2,4.754,-0.504,27.961,27.513,0.448,OVERRUN by 1955.94s,1,0.0500,0,-1.4497,1,0.3000,0,-1.4497,0.000,0.300
2000.919,overrun,A_leg2,4.754,-0.504,27.961,27.513,0.448,OVERRUN by 1956.98s,1,0.0500,0,-1.4497,1,0.3000,0,-1.4497,0.000,0.300
2001.946,overrun,A_leg2,4.754,-0.504,27.961,27.513,0.448,OVERRUN by 1958.01s,1,0.0500,0,-1.4497,1,0.3000,0,-1.4497,0.000,0.300
2002.982,overrun,A_leg2,4.754,-0.504,27.961,27.513,0.448,OVERRUN by 1959.05s,1,0.0500,0,-1.4497,1,0.3000,0,-1.4497,0.000,0.300
2004.019,overrun,A_leg2,4.754,-0.504,27.961,27.513,0.448,OVERRUN by 1960.08s,1,0.0500,0,-1.4497,1,0.3000,0,-1.4497,0.000,0.300
2005.057,overrun,A_leg2,4.754,-0.504,27.961,27.513,0.448,OVERRUN by 1961.12s,1,0.0500,0,-1.4497,1,0.3000,0,-1.4497,0.000,0.300
2006.095,overrun,A_leg2,4.754,-0.504,27.961,27.513,0.448,OVERRUN by 1962.16s,1,0.0500,0,-1.4497,1,0.3000,0,-1.4497,0.000,0.300
2007.134,overrun,A_leg2,4.754,-0.504,27.961,27.513,0.448,OVERRUN by 1963.20s,1,0.0500,0,-1.4497,1,0.3000,0,-1.4497,0.000,0.300
2008.157,overrun,A_leg2,4.754,-0.504,27.961,27.513,0.448,OVERRUN by 1964.22s,1,0.0500,0,-1.4497,1,0.3000,0,-1.4497,0.000,0.300
2009.184,overrun,A_leg2,4.754,-0.504,27.961,27.513,0.448,OVERRUN by 1965.25s,1,0.0500,0,-1.4497,1,0.3000,0,-1.4497,0.000,0.300
2010.215,overrun,A_leg2,4.754,-0.504,27.961,27.513,0.448,OVERRUN by 1966.28s,1,0.0500,0,-1.4497,1,0.3000,0,-1.4497,0.000,0.300
2011.244,overrun,A_leg2,4.754,-0.504,27.961,27.513,0.448,OVERRUN by 1967.31s,1,0.0500,0,-1.4497,1,0.3000,0,-1.4497,0.000,0.300
2012.277,overrun,A_leg2,4.754,-0.504,27.961,27.513,0.448,OVERRUN by 1968.34s,1,0.0500,0,-1.4497,1,0.3000,0,-1.4497,0.000,0.300
2013.305,overrun,A_leg2,4.754,-0.504,27.961,27.513,0.448,OVERRUN by 1969.37s,1,0.0500,0,-1.4497,1,0.3000,0,-1.4497,0.000,0.300
2014.337,overrun,A_leg2,4.754,-0.504,27.961,27.513,0.448,OVERRUN by 1970.40s,1,0.0500,0,-1.4497,1,0.3000,0,-1.4497,0.000,0.300
2015.364,overrun,A_leg2,4.754,-0.504,27.961,27.513,0.448,OVERRUN by 1971.43s,1,0.0500,0,-1.4497,1,0.3000,0,-1.4497,0.000,0.300
2016.402,overrun,A_leg2,4.754,-0.504,27.961,27.513,0.448,OVERRUN by 1972.47s,1,0.0500,0,-1.4497,1,0.3000,0,-1.4497,0.000,0.300
2017.437,overrun,A_leg2,4.754,-0.504,27.961,27.513,0.448,OVERRUN by 1973.50s,1,0.0500,0,-1.4497,1,0.3000,0,-1.4497,0.000,0.300
2018.473,overrun,A_leg2,4.754,-0.504,27.961,27.513,0.448,OVERRUN by 1974.54s,1,0.0500,0,-1.4497,1,0.3000,0,-1.4497,0.000,0.300
2019.504,overrun,A_leg2,4.754,-0.504,27.961,27.513,0.448,OVERRUN by 1975.57s,1,0.0500,0,-1.4497,1,0.3000,0,-1.4497,0.000,0.300
2020.529,overrun,A_leg2,4.754,-0.504,27.961,27.513,0.448,OVERRUN by 1976.59s,1,0.0500,0,-1.4497,1,0.3000,0,-1.4497,0.000,0.300
2021.564,overrun,A_leg2,4.754,-0.504,27.961,27.513,0.448,OVERRUN by 1977.63s,1,0.0500,0,-1.4497,1,0.3000,0,-1.4497,0.000,0.300
2022.599,overrun,A_leg2,4.754,-0.504,27.961,27.513,0.448,OVERRUN by 1978.66s,1,0.0500,0,-1.4497,1,0.3000,0,-1.4497,0.000,0.300
2023.618,overrun,A_leg2,4.754,-0.504,27.961,27.513,0.448,OVERRUN by 1979.68s,1,0.0500,0,-1.4497,1,0.3000,0,-1.4497,0.000,0.300
2024.656,overrun,A_leg2,4.754,-0.504,27.961,27.513,0.448,OVERRUN by 1980.72s,1,0.0500,0,-1.4497,1,0.3000,0,-1.4497,0.000,0.300
2025.688,overrun,A_leg2,4.754,-0.504,27.961,27.513,0.448,OVERRUN by 1981.75s,1,0.0500,0,-1.4497,1,0.3000,0,-1.4497,0.000,0.300
2026.708,overrun,A_leg2,4.754,-0.504,27.961,27.513,0.448,OVERRUN by 1982.77s,1,0.0500,0,-1.4497,1,0.3000,0,-1.4497,0.000,0.300
2027.728,overrun,A_leg2,4.754,-0.504,27.961,27.513,0.448,OVERRUN by 1983.79s,1,0.0500,0,-1.4497,1,0.3000,0,-1.4497,0.000,0.300
2028.767,overrun,A_leg2,4.754,-0.504,27.961,27.513,0.448,OVERRUN by 1984.83s,1,0.0500,0,-1.4497,1,0.3000,0,-1.4497,0.000,0.300
2029.796,overrun,A_leg2,4.754,-0.504,27.961,27.513,0.448,OVERRUN by 1985.86s,1,0.0500,0,-1.4497,1,0.3000,0,-1.4497,0.000,0.300
2030.810,overrun,A_leg2,4.754,-0.504,27.961,27.513,0.448,OVERRUN by 1986.87s,1,0.0500,0,-1.4497,1,0.3000,0,-1.4497,0.000,0.300
2031.825,overrun,A_leg2,4.754,-0.504,27.961,27.513,0.448,OVERRUN by 1987.89s,1,0.0500,0,-1.4497,1,0.3000,0,-1.4497,0.000,0.300
2032.851,overrun,A_leg2,4.754,-0.504,27.961,27.513,0.448,OVERRUN by 1988.91s,1,0.0500,0,-1.4497,1,0.3000,0,-1.4497,0.000,0.300
2033.893,overrun,A_leg2,4.754,-0.504,27.961,27.513,0.448,OVERRUN by 1989.96s,1,0.0500,0,-1.4497,1,0.3000,0,-1.4497,0.000,0.300
2034.928,overrun,A_leg2,4.754,-0.504,27.961,27.513,0.448,OVERRUN by 1990.99s,1,0.0500,0,-1.4497,1,0.3000,0,-1.4497,0.000,0.300
2035.964,overrun,A_leg2,4.754,-0.504,27.961,27.513,0.448,OVERRUN by 1992.03s,1,0.0500,0,-1.4497,1,0.3000,0,-1.4497,0.000,0.300
2036.998,overrun,A_leg2,4.754,-0.504,27.961,27.513,0.448,OVERRUN by 1993.06s,1,0.0500,0,-1.4497,1,0.3000,0,-1.4497,0.000,0.300
2038.020,overrun,A_leg2,4.754,-0.504,27.961,27.513,0.448,OVERRUN by 1994.08s,1,0.0500,0,-1.4497,1,0.3000,0,-1.4497,0.000,0.300
2039.048,overrun,A_leg2,4.754,-0.504,27.961,27.513,0.448,OVERRUN by 1995.11s,1,0.0500,0,-1.4497,1,0.3000,0,-1.4497,0.000,0.300
2040.074,overrun,A_leg2,4.754,-0.504,27.961,27.513,0.448,OVERRUN by 1996.14s,1,0.0500,0,-1.4497,1,0.3000,0,-1.4497,0.000,0.300
2041.104,overrun,A_leg2,4.754,-0.504,27.961,27.513,0.448,OVERRUN by 1997.17s,1,0.0500,0,-1.4497,1,0.3000,0,-1.4497,0.000,0.300
2042.131,overrun,A_leg2,4.754,-0.504,27.961,27.513,0.448,OVERRUN by 1998.19s,1,0.0500,0,-1.4497,1,0.3000,0,-1.4497,0.000,0.300
2043.157,overrun,A_leg2,4.754,-0.504,27.961,27.513,0.448,OVERRUN by 1999.22s,1,0.0500,0,-1.4497,1,0.3000,0,-1.4497,0.000,0.300
2044.186,overrun,A_leg2,4.754,-0.504,27.961,27.513,0.448,OVERRUN by 2000.25s,1,0.0500,0,-1.4497,1,0.3000,0,-1.4497,0.000,0.300
2045.216,overrun,A_leg2,4.754,-0.504,27.961,27.513,0.448,OVERRUN by 2001.28s,1,0.0500,0,-1.4497,1,0.3000,0,-1.4497,0.000,0.300
2046.227,overrun,A_leg2,4.754,-0.504,27.961,27.513,0.448,OVERRUN by 2002.29s,1,0.0500,0,-1.4497,1,0.3000,0,-1.4497,0.000,0.300
2047.262,overrun,A_leg2,4.754,-0.504,27.961,27.513,0.448,OVERRUN by 2003.33s,1,0.0500,0,-1.4497,1,0.3000,0,-1.4497,0.000,0.300
2048.295,overrun,A_leg2,4.754,-0.504,27.961,27.513,0.448,OVERRUN by 2004.36s,1,0.0500,0,-1.4497,1,0.3000,0,-1.4497,0.000,0.300
2049.323,overrun,A_leg2,4.754,-0.504,27.961,27.513,0.448,OVERRUN by 2005.39s,1,0.0500,0,-1.4497,1,0.3000,0,-1.4497,0.000,0.300
2050.360,overrun,A_leg2,4.754,-0.504,27.961,27.513,0.448,OVERRUN by 2006.42s,1,0.0500,0,-1.4497,1,0.3000,0,-1.4497,0.000,0.300
2051.385,overrun,A_leg2,4.754,-0.504,27.961,27.513,0.448,OVERRUN by 2007.45s,1,0.0500,0,-1.4497,1,0.3000,0,-1.4497,0.000,0.300
2052.424,overrun,A_leg2,4.754,-0.504,27.961,27.513,0.448,OVERRUN by 2008.49s,1,0.0500,0,-1.4497,1,0.3000,0,-1.4497,0.000,0.300
2053.457,overrun,A_leg2,4.754,-0.504,27.961,27.513,0.448,OVERRUN by 2009.52s,1,0.0500,0,-1.4497,1,0.3000,0,-1.4497,0.000,0.300
2054.482,overrun,A_leg2,4.754,-0.504,27.961,27.513,0.448,OVERRUN by 2010.55s,1,0.0500,0,-1.4497,1,0.3000,0,-1.4497,0.000,0.300
2055.510,overrun,A_leg2,4.754,-0.504,27.961,27.513,0.448,OVERRUN by 2011.57s,1,0.0500,0,-1.4497,1,0.3000,0,-1.4497,0.000,0.300
2056.543,overrun,A_leg2,4.754,-0.504,27.961,27.513,0.448,OVERRUN by 2012.61s,1,0.0500,0,-1.4497,1,0.3000,0,-1.4497,0.000,0.300
2057.571,overrun,A_leg2,4.754,-0.504,27.961,27.513,0.448,OVERRUN by 2013.63s,1,0.0500,0,-1.4497,1,0.3000,0,-1.4497,0.000,0.300
2058.608,overrun,A_leg2,4.754,-0.504,27.961,27.513,0.448,OVERRUN by 2014.67s,1,0.0500,0,-1.4497,1,0.3000,0,-1.4497,0.000,0.300
2059.648,overrun,A_leg2,4.754,-0.504,27.961,27.513,0.448,OVERRUN by 2015.71s,1,0.0500,0,-1.4497,1,0.3000,0,-1.4497,0.000,0.300
2060.679,overrun,A_leg2,4.754,-0.504,27.961,27.513,0.448,OVERRUN by 2016.74s,1,0.0500,0,-1.4497,1,0.3000,0,-1.4497,0.000,0.300
2061.708,overrun,A_leg2,4.754,-0.504,27.961,27.513,0.448,OVERRUN by 2017.77s,1,0.0500,0,-1.4497,1,0.3000,0,-1.4497,0.000,0.300
2062.740,overrun,A_leg2,4.754,-0.504,27.961,27.513,0.448,OVERRUN by 2018.80s,1,0.0500,0,-1.4497,1,0.3000,0,-1.4497,0.000,0.300
2063.775,overrun,A_leg2,4.754,-0.504,27.961,27.513,0.448,OVERRUN by 2019.84s,1,0.0500,0,-1.4497,1,0.3000,0,-1.4497,0.000,0.300
2064.812,overrun,A_leg2,4.754,-0.504,27.961,27.513,0.448,OVERRUN by 2020.88s,1,0.0500,0,-1.4497,1,0.3000,0,-1.4497,0.000,0.300
2065.842,overrun,A_leg2,4.754,-0.504,27.961,27.513,0.448,OVERRUN by 2021.91s,1,0.0500,0,-1.4497,1,0.3000,0,-1.4497,0.000,0.300
2066.874,overrun,A_leg2,4.754,-0.504,27.961,27.513,0.448,OVERRUN by 2022.94s,1,0.0500,0,-1.4497,1,0.3000,0,-1.4497,0.000,0.300
2067.909,overrun,A_leg2,4.754,-0.504,27.961,27.513,0.448,OVERRUN by 2023.97s,1,0.0500,0,-1.4497,1,0.3000,0,-1.4497,0.000,0.300
2068.946,overrun,A_leg2,4.754,-0.504,27.961,27.513,0.448,OVERRUN by 2025.01s,1,0.0500,0,-1.4497,1,0.3000,0,-1.4497,0.000,0.300
2069.981,overrun,A_leg2,4.754,-0.504,27.961,27.513,0.448,OVERRUN by 2026.04s,1,0.0500,0,-1.4497,1,0.3000,0,-1.4497,0.000,0.300
2071.010,overrun,A_leg2,4.754,-0.504,27.961,27.513,0.448,OVERRUN by 2027.07s,1,0.0500,0,-1.4497,1,0.3000,0,-1.4497,0.000,0.300
2072.039,overrun,A_leg2,4.754,-0.504,27.961,27.513,0.448,OVERRUN by 2028.10s,1,0.0500,0,-1.4497,1,0.3000,0,-1.4497,0.000,0.300
2073.069,overrun,A_leg2,4.754,-0.504,27.961,27.513,0.448,OVERRUN by 2029.13s,1,0.0500,0,-1.4497,1,0.3000,0,-1.4497,0.000,0.300
2074.097,overrun,A_leg2,4.754,-0.504,27.961,27.513,0.448,OVERRUN by 2030.16s,1,0.0500,0,-1.4497,1,0.3000,0,-1.4497,0.000,0.300
2075.124,overrun,A_leg2,4.754,-0.504,27.961,27.513,0.448,OVERRUN by 2031.19s,1,0.0500,0,-1.4497,1,0.3000,0,-1.4497,0.000,0.300
2076.152,overrun,A_leg2,4.754,-0.504,27.961,27.513,0.448,OVERRUN by 2032.22s,1,0.0500,0,-1.4497,1,0.3000,0,-1.4497,0.000,0.300
2077.178,overrun,A_leg2,4.754,-0.504,27.961,27.513,0.448,OVERRUN by 2033.24s,1,0.0500,0,-1.4497,1,0.3000,0,-1.4497,0.000,0.300
2078.194,overrun,A_leg2,4.754,-0.504,27.961,27.513,0.448,OVERRUN by 2034.26s,1,0.0500,0,-1.4497,1,0.3000,0,-1.4497,0.000,0.300
2079.221,overrun,A_leg2,4.754,-0.504,27.961,27.513,0.448,OVERRUN by 2035.28s,1,0.0500,0,-1.4497,1,0.3000,0,-1.4497,0.000,0.300
2080.248,overrun,A_leg2,4.754,-0.504,27.961,27.513,0.448,OVERRUN by 2036.31s,1,0.0500,0,-1.4497,1,0.3000,0,-1.4497,0.000,0.300
2081.274,overrun,A_leg2,4.754,-0.504,27.961,27.513,0.448,OVERRUN by 2037.34s,1,0.0500,0,-1.4497,1,0.3000,0,-1.4497,0.000,0.300
2082.300,overrun,A_leg2,4.754,-0.504,27.961,27.513,0.448,OVERRUN by 2038.36s,1,0.0500,0,-1.4497,1,0.3000,0,-1.4497,0.000,0.300
2083.335,overrun,A_leg2,4.754,-0.504,27.961,27.513,0.448,OVERRUN by 2039.40s,1,0.0500,0,-1.4497,1,0.3000,0,-1.4497,0.000,0.300
2084.354,overrun,A_leg2,4.754,-0.504,27.961,27.513,0.448,OVERRUN by 2040.42s,1,0.0500,0,-1.4497,1,0.3000,0,-1.4497,0.000,0.300
2085.376,overrun,A_leg2,4.754,-0.504,27.961,27.513,0.448,OVERRUN by 2041.44s,1,0.0500,0,-1.4497,1,0.3000,0,-1.4497,0.000,0.300
2086.401,overrun,A_leg2,4.754,-0.504,27.961,27.513,0.448,OVERRUN by 2042.47s,1,0.0500,0,-1.4497,1,0.3000,0,-1.4497,0.000,0.300
2087.426,overrun,A_leg2,4.754,-0.504,27.961,27.513,0.448,OVERRUN by 2043.49s,1,0.0500,0,-1.4497,1,0.3000,0,-1.4497,0.000,0.300
2088.458,overrun,A_leg2,4.754,-0.504,27.961,27.513,0.448,OVERRUN by 2044.52s,1,0.0500,0,-1.4497,1,0.3000,0,-1.4497,0.000,0.300
2089.492,overrun,A_leg2,4.754,-0.504,27.961,27.513,0.448,OVERRUN by 2045.56s,1,0.0500,0,-1.4497,1,0.3000,0,-1.4497,0.000,0.300
2090.516,overrun,A_leg2,4.754,-0.504,27.961,27.513,0.448,OVERRUN by 2046.58s,1,0.0500,0,-1.4497,1,0.3000,0,-1.4497,0.000,0.300
2091.543,overrun,A_leg2,4.754,-0.504,27.961,27.513,0.448,OVERRUN by 2047.61s,1,0.0500,0,-1.4497,1,0.3000,0,-1.4497,0.000,0.300
2092.560,overrun,A_leg2,4.754,-0.504,27.961,27.513,0.448,OVERRUN by 2048.62s,1,0.0500,0,-1.4497,1,0.3000,0,-1.4497,0.000,0.300
2093.587,overrun,A_leg2,4.754,-0.504,27.961,27.513,0.448,OVERRUN by 2049.65s,1,0.0500,0,-1.4497,1,0.3000,0,-1.4497,0.000,0.300
2094.615,overrun,A_leg2,4.754,-0.504,27.961,27.513,0.448,OVERRUN by 2050.68s,1,0.0500,0,-1.4497,1,0.3000,0,-1.4497,0.000,0.300
2095.632,overrun,A_leg2,4.754,-0.504,27.961,27.513,0.448,OVERRUN by 2051.70s,1,0.0500,0,-1.4497,1,0.3000,0,-1.4497,0.000,0.300
2096.656,overrun,A_leg2,4.754,-0.504,27.961,27.513,0.448,OVERRUN by 2052.72s,1,0.0500,0,-1.4497,1,0.3000,0,-1.4497,0.000,0.300
2097.681,overrun,A_leg2,4.754,-0.504,27.961,27.513,0.448,OVERRUN by 2053.75s,1,0.0500,0,-1.4497,1,0.3000,0,-1.4497,0.000,0.300
2098.717,overrun,A_leg2,4.754,-0.504,27.961,27.513,0.448,OVERRUN by 2054.78s,1,0.0500,0,-1.4497,1,0.3000,0,-1.4497,0.000,0.300
2099.745,overrun,A_leg2,4.754,-0.504,27.961,27.513,0.448,OVERRUN by 2055.81s,1,0.0500,0,-1.4497,1,0.3000,0,-1.4497,0.000,0.300
2100.775,overrun,A_leg2,4.754,-0.504,27.961,27.513,0.448,OVERRUN by 2056.84s,1,0.0500,0,-1.4497,1,0.3000,0,-1.4497,0.000,0.300
2101.813,overrun,A_leg2,4.754,-0.504,27.961,27.513,0.448,OVERRUN by 2057.88s,1,0.0500,0,-1.4497,1,0.3000,0,-1.4497,0.000,0.300
2102.837,overrun,A_leg2,4.754,-0.504,27.961,27.513,0.448,OVERRUN by 2058.90s,1,0.0500,0,-1.4497,1,0.3000,0,-1.4497,0.000,0.300
2103.869,overrun,A_leg2,4.754,-0.504,27.961,27.513,0.448,OVERRUN by 2059.93s,1,0.0500,0,-1.4497,1,0.3000,0,-1.4497,0.000,0.300
2104.906,overrun,A_leg2,4.754,-0.504,27.961,27.513,0.448,OVERRUN by 2060.97s,1,0.0500,0,-1.4497,1,0.3000,0,-1.4497,0.000,0.300
2105.933,overrun,A_leg2,4.754,-0.504,27.961,27.513,0.448,OVERRUN by 2062.00s,1,0.0500,0,-1.4497,1,0.3000,0,-1.4497,0.000,0.300
2106.956,overrun,A_leg2,4.754,-0.504,27.961,27.513,0.448,OVERRUN by 2063.02s,1,0.0500,0,-1.4497,1,0.3000,0,-1.4497,0.000,0.300
2107.985,overrun,A_leg2,4.754,-0.504,27.961,27.513,0.448,OVERRUN by 2064.05s,1,0.0500,0,-1.4497,1,0.3000,0,-1.4497,0.000,0.300
2109.010,overrun,A_leg2,4.754,-0.504,27.961,27.513,0.448,OVERRUN by 2065.07s,1,0.0500,0,-1.4497,1,0.3000,0,-1.4497,0.000,0.300
2110.037,overrun,A_leg2,4.754,-0.504,27.961,27.513,0.448,OVERRUN by 2066.10s,1,0.0500,0,-1.4497,1,0.3000,0,-1.4497,0.000,0.300
2111.067,overrun,A_leg2,4.754,-0.504,27.961,27.513,0.448,OVERRUN by 2067.13s,1,0.0500,0,-1.4497,1,0.3000,0,-1.4497,0.000,0.300
2112.097,overrun,A_leg2,4.754,-0.504,27.961,27.513,0.448,OVERRUN by 2068.16s,1,0.0500,0,-1.4497,1,0.3000,0,-1.4497,0.000,0.300
2113.123,overrun,A_leg2,4.754,-0.504,27.961,27.513,0.448,OVERRUN by 2069.19s,1,0.0500,0,-1.4497,1,0.3000,0,-1.4497,0.000,0.300
2114.145,overrun,A_leg2,4.754,-0.504,27.961,27.513,0.448,OVERRUN by 2070.21s,1,0.0500,0,-1.4497,1,0.3000,0,-1.4497,0.000,0.300
2115.173,overrun,A_leg2,4.754,-0.504,27.961,27.513,0.448,OVERRUN by 2071.24s,1,0.0500,0,-1.4497,1,0.3000,0,-1.4497,0.000,0.300
2116.205,overrun,A_leg2,4.754,-0.504,27.961,27.513,0.448,OVERRUN by 2072.27s,1,0.0500,0,-1.4497,1,0.3000,0,-1.4497,0.000,0.300
2117.236,overrun,A_leg2,4.754,-0.504,27.961,27.513,0.448,OVERRUN by 2073.30s,1,0.0500,0,-1.4497,1,0.3000,0,-1.4497,0.000,0.300
2118.260,overrun,A_leg2,4.754,-0.504,27.961,27.513,0.448,OVERRUN by 2074.32s,1,0.0500,0,-1.4497,1,0.3000,0,-1.4497,0.000,0.300
2119.295,overrun,A_leg2,4.754,-0.504,27.961,27.513,0.448,OVERRUN by 2075.36s,1,0.0500,0,-1.4497,1,0.3000,0,-1.4497,0.000,0.300
2120.316,overrun,A_leg2,4.754,-0.504,27.961,27.513,0.448,OVERRUN by 2076.38s,1,0.0500,0,-1.4497,1,0.3000,0,-1.4497,0.000,0.300
2121.338,overrun,A_leg2,4.754,-0.504,27.961,27.513,0.448,OVERRUN by 2077.40s,1,0.0500,0,-1.4497,1,0.3000,0,-1.4497,0.000,0.300
2122.375,overrun,A_leg2,4.754,-0.504,27.961,27.513,0.448,OVERRUN by 2078.44s,1,0.0500,0,-1.4497,1,0.3000,0,-1.4497,0.000,0.300
2123.393,overrun,A_leg2,4.754,-0.504,27.961,27.513,0.448,OVERRUN by 2079.46s,1,0.0500,0,-1.4497,1,0.3000,0,-1.4497,0.000,0.300
2124.423,overrun,A_leg2,4.754,-0.504,27.961,27.513,0.448,OVERRUN by 2080.49s,1,0.0500,0,-1.4497,1,0.3000,0,-1.4497,0.000,0.300
2125.447,overrun,A_leg2,4.754,-0.504,27.961,27.513,0.448,OVERRUN by 2081.51s,1,0.0500,0,-1.4497,1,0.3000,0,-1.4497,0.000,0.300
2126.480,overrun,A_leg2,4.754,-0.504,27.961,27.513,0.448,OVERRUN by 2082.54s,1,0.0500,0,-1.4497,1,0.3000,0,-1.4497,0.000,0.300
2127.505,overrun,A_leg2,4.754,-0.504,27.961,27.513,0.448,OVERRUN by 2083.57s,1,0.0500,0,-1.4497,1,0.3000,0,-1.4497,0.000,0.300
2128.537,overrun,A_leg2,4.754,-0.504,27.961,27.513,0.448,OVERRUN by 2084.60s,1,0.0500,0,-1.4497,1,0.3000,0,-1.4497,0.000,0.300
2129.566,overrun,A_leg2,4.754,-0.504,27.961,27.513,0.448,OVERRUN by 2085.63s,1,0.0500,0,-1.4497,1,0.3000,0,-1.4497,0.000,0.300
2130.602,overrun,A_leg2,4.754,-0.504,27.961,27.513,0.448,OVERRUN by 2086.67s,1,0.0500,0,-1.4497,1,0.3000,0,-1.4497,0.000,0.300
2131.622,overrun,A_leg2,4.754,-0.504,27.961,27.513,0.448,OVERRUN by 2087.69s,1,0.0500,0,-1.4497,1,0.3000,0,-1.4497,0.000,0.300
2132.652,overrun,A_leg2,4.754,-0.504,27.961,27.513,0.448,OVERRUN by 2088.72s,1,0.0500,0,-1.4497,1,0.3000,0,-1.4497,0.000,0.300
2133.691,overrun,A_leg2,4.754,-0.504,27.961,27.513,0.448,OVERRUN by 2089.75s,1,0.0500,0,-1.4497,1,0.3000,0,-1.4497,0.000,0.300
2134.724,overrun,A_leg2,4.754,-0.504,27.961,27.513,0.448,OVERRUN by 2090.79s,1,0.0500,0,-1.4497,1,0.3000,0,-1.4497,0.000,0.300
2135.759,overrun,A_leg2,4.754,-0.504,27.961,27.513,0.448,OVERRUN by 2091.82s,1,0.0500,0,-1.4497,1,0.3000,0,-1.4497,0.000,0.300
2136.790,overrun,A_leg2,4.754,-0.504,27.961,27.513,0.448,OVERRUN by 2092.85s,1,0.0500,0,-1.4497,1,0.3000,0,-1.4497,0.000,0.300
2137.821,overrun,A_leg2,4.754,-0.504,27.961,27.513,0.448,OVERRUN by 2093.88s,1,0.0500,0,-1.4497,1,0.3000,0,-1.4497,0.000,0.300
2138.857,overrun,A_leg2,4.754,-0.504,27.961,27.513,0.448,OVERRUN by 2094.92s,1,0.0500,0,-1.4497,1,0.3000,0,-1.4497,0.000,0.300
2139.880,overrun,A_leg2,4.754,-0.504,27.961,27.513,0.448,OVERRUN by 2095.94s,1,0.0500,0,-1.4497,1,0.3000,0,-1.4497,0.000,0.300
2140.900,overrun,A_leg2,4.754,-0.504,27.961,27.513,0.448,OVERRUN by 2096.96s,1,0.0500,0,-1.4497,1,0.3000,0,-1.4497,0.000,0.300
2141.916,overrun,A_leg2,4.754,-0.504,27.961,27.513,0.448,OVERRUN by 2097.98s,1,0.0500,0,-1.4497,1,0.3000,0,-1.4497,0.000,0.300
2142.938,overrun,A_leg2,4.754,-0.504,27.961,27.513,0.448,OVERRUN by 2099.00s,1,0.0500,0,-1.4497,1,0.3000,0,-1.4497,0.000,0.300
2143.957,overrun,A_leg2,4.754,-0.504,27.961,27.513,0.448,OVERRUN by 2100.02s,1,0.0500,0,-1.4497,1,0.3000,0,-1.4497,0.000,0.300
2144.987,overrun,A_leg2,4.754,-0.504,27.961,27.513,0.448,OVERRUN by 2101.05s,1,0.0500,0,-1.4497,1,0.3000,0,-1.4497,0.000,0.300
2146.021,overrun,A_leg2,4.754,-0.504,27.961,27.513,0.448,OVERRUN by 2102.08s,1,0.0500,0,-1.4497,1,0.3000,0,-1.4497,0.000,0.300
2147.038,overrun,A_leg2,4.754,-0.504,27.961,27.513,0.448,OVERRUN by 2103.10s,1,0.0500,0,-1.4497,1,0.3000,0,-1.4497,0.000,0.300
2148.067,overrun,A_leg2,4.754,-0.504,27.961,27.513,0.448,OVERRUN by 2104.13s,1,0.0500,0,-1.4497,1,0.3000,0,-1.4497,0.000,0.300
2149.087,overrun,A_leg2,4.754,-0.504,27.961,27.513,0.448,OVERRUN by 2105.15s,1,0.0500,0,-1.4497,1,0.3000,0,-1.4497,0.000,0.300
2150.101,overrun,A_leg2,4.754,-0.504,27.961,27.513,0.448,OVERRUN by 2106.16s,1,0.0500,0,-1.4497,1,0.3000,0,-1.4497,0.000,0.300
2151.133,overrun,A_leg2,4.754,-0.504,27.961,27.513,0.448,OVERRUN by 2107.20s,1,0.0500,0,-1.4497,1,0.3000,0,-1.4497,0.000,0.300
2152.139,overrun,A_leg2,4.754,-0.504,27.961,27.513,0.448,OVERRUN by 2108.20s,1,0.0500,0,-1.4497,1,0.3000,0,-1.4497,0.000,0.300
2153.166,overrun,A_leg2,4.754,-0.504,27.961,27.513,0.448,OVERRUN by 2109.23s,1,0.0500,0,-1.4497,1,0.3000,0,-1.4497,0.000,0.300
2154.176,overrun,A_leg2,4.754,-0.504,27.961,27.513,0.448,OVERRUN by 2110.24s,1,0.0500,0,-1.4497,1,0.3000,0,-1.4497,0.000,0.300
2155.192,overrun,A_leg2,4.754,-0.504,27.961,27.513,0.448,OVERRUN by 2111.26s,1,0.0500,0,-1.4497,1,0.3000,0,-1.4497,0.000,0.300
2156.225,overrun,A_leg2,4.754,-0.504,27.961,27.513,0.448,OVERRUN by 2112.29s,1,0.0500,0,-1.4497,1,0.3000,0,-1.4497,0.000,0.300
2157.235,overrun,A_leg2,4.754,-0.504,27.961,27.513,0.448,OVERRUN by 2113.30s,1,0.0500,0,-1.4497,1,0.3000,0,-1.4497,0.000,0.300
2158.264,overrun,A_leg2,4.754,-0.504,27.961,27.513,0.448,OVERRUN by 2114.33s,1,0.0500,0,-1.4497,1,0.3000,0,-1.4497,0.000,0.300
2159.295,overrun,A_leg2,4.754,-0.504,27.961,27.513,0.448,OVERRUN by 2115.36s,1,0.0500,0,-1.4497,1,0.3000,0,-1.4497,0.000,0.300
2160.323,overrun,A_leg2,4.754,-0.504,27.961,27.513,0.448,OVERRUN by 2116.39s,1,0.0500,0,-1.4497,1,0.3000,0,-1.4497,0.000,0.300
2161.334,overrun,A_leg2,4.754,-0.504,27.961,27.513,0.448,OVERRUN by 2117.40s,1,0.0500,0,-1.4497,1,0.3000,0,-1.4497,0.000,0.300
2162.351,overrun,A_leg2,4.754,-0.504,27.961,27.513,0.448,OVERRUN by 2118.41s,1,0.0500,0,-1.4497,1,0.3000,0,-1.4497,0.000,0.300
2163.364,overrun,A_leg2,4.754,-0.504,27.961,27.513,0.448,OVERRUN by 2119.43s,1,0.0500,0,-1.4497,1,0.3000,0,-1.4497,0.000,0.300
2164.380,overrun,A_leg2,4.754,-0.504,27.961,27.513,0.448,OVERRUN by 2120.44s,1,0.0500,0,-1.4497,1,0.3000,0,-1.4497,0.000,0.300
2165.406,overrun,A_leg2,4.754,-0.504,27.961,27.513,0.448,OVERRUN by 2121.47s,1,0.0500,0,-1.4497,1,0.3000,0,-1.4497,0.000,0.300
2166.434,overrun,A_leg2,4.754,-0.504,27.961,27.513,0.448,OVERRUN by 2122.50s,1,0.0500,0,-1.4497,1,0.3000,0,-1.4497,0.000,0.300
2167.456,overrun,A_leg2,4.754,-0.504,27.961,27.513,0.448,OVERRUN by 2123.52s,1,0.0500,0,-1.4497,1,0.3000,0,-1.4497,0.000,0.300
2168.487,overrun,A_leg2,4.754,-0.504,27.961,27.513,0.448,OVERRUN by 2124.55s,1,0.0500,0,-1.4497,1,0.3000,0,-1.4497,0.000,0.300
2169.520,overrun,A_leg2,4.754,-0.504,27.961,27.513,0.448,OVERRUN by 2125.58s,1,0.0500,0,-1.4497,1,0.3000,0,-1.4497,0.000,0.300
2170.547,overrun,A_leg2,4.754,-0.504,27.961,27.513,0.448,OVERRUN by 2126.61s,1,0.0500,0,-1.4497,1,0.3000,0,-1.4497,0.000,0.300
2171.580,overrun,A_leg2,4.754,-0.504,27.961,27.513,0.448,OVERRUN by 2127.64s,1,0.0500,0,-1.4497,1,0.3000,0,-1.4497,0.000,0.300
2172.605,overrun,A_leg2,4.754,-0.504,27.961,27.513,0.448,OVERRUN by 2128.67s,1,0.0500,0,-1.4497,1,0.3000,0,-1.4497,0.000,0.300
2173.627,overrun,A_leg2,4.754,-0.504,27.961,27.513,0.448,OVERRUN by 2129.69s,1,0.0500,0,-1.4497,1,0.3000,0,-1.4497,0.000,0.300
2174.651,overrun,A_leg2,4.754,-0.504,27.961,27.513,0.448,OVERRUN by 2130.71s,1,0.0500,0,-1.4497,1,0.3000,0,-1.4497,0.000,0.300
2175.673,overrun,A_leg2,4.754,-0.504,27.961,27.513,0.448,OVERRUN by 2131.74s,1,0.0500,0,-1.4497,1,0.3000,0,-1.4497,0.000,0.300
2176.700,overrun,A_leg2,4.754,-0.504,27.961,27.513,0.448,OVERRUN by 2132.76s,1,0.0500,0,-1.4497,1,0.3000,0,-1.4497,0.000,0.300
2177.715,overrun,A_leg2,4.754,-0.504,27.961,27.513,0.448,OVERRUN by 2133.78s,1,0.0500,0,-1.4497,1,0.3000,0,-1.4497,0.000,0.300
2178.740,overrun,A_leg2,4.754,-0.504,27.961,27.513,0.448,OVERRUN by 2134.80s,1,0.0500,0,-1.4497,1,0.3000,0,-1.4497,0.000,0.300
2179.771,overrun,A_leg2,4.754,-0.504,27.961,27.513,0.448,OVERRUN by 2135.83s,1,0.0500,0,-1.4497,1,0.3000,0,-1.4497,0.000,0.300
2180.799,overrun,A_leg2,4.754,-0.504,27.961,27.513,0.448,OVERRUN by 2136.86s,1,0.0500,0,-1.4497,1,0.3000,0,-1.4497,0.000,0.300
2181.827,overrun,A_leg2,4.754,-0.504,27.961,27.513,0.448,OVERRUN by 2137.89s,1,0.0500,0,-1.4497,1,0.3000,0,-1.4497,0.000,0.300
2182.857,overrun,A_leg2,4.754,-0.504,27.961,27.513,0.448,OVERRUN by 2138.92s,1,0.0500,0,-1.4497,1,0.3000,0,-1.4497,0.000,0.300
2183.882,overrun,A_leg2,4.754,-0.504,27.961,27.513,0.448,OVERRUN by 2139.95s,1,0.0500,0,-1.4497,1,0.3000,0,-1.4497,0.000,0.300
2184.907,overrun,A_leg2,4.754,-0.504,27.961,27.513,0.448,OVERRUN by 2140.97s,1,0.0500,0,-1.4497,1,0.3000,0,-1.4497,0.000,0.300
2185.945,overrun,A_leg2,4.754,-0.504,27.961,27.513,0.448,OVERRUN by 2142.01s,1,0.0500,0,-1.4497,1,0.3000,0,-1.4497,0.000,0.300
2186.980,overrun,A_leg2,4.754,-0.504,27.961,27.513,0.448,OVERRUN by 2143.04s,1,0.0500,0,-1.4497,1,0.3000,0,-1.4497,0.000,0.300
2188.005,overrun,A_leg2,4.754,-0.504,27.961,27.513,0.448,OVERRUN by 2144.07s,1,0.0500,0,-1.4497,1,0.3000,0,-1.4497,0.000,0.300
2189.034,overrun,A_leg2,4.754,-0.504,27.961,27.513,0.448,OVERRUN by 2145.10s,1,0.0500,0,-1.4497,1,0.3000,0,-1.4497,0.000,0.300
2190.064,overrun,A_leg2,4.754,-0.504,27.961,27.513,0.448,OVERRUN by 2146.13s,1,0.0500,0,-1.4497,1,0.3000,0,-1.4497,0.000,0.300
2191.084,overrun,A_leg2,4.754,-0.504,27.961,27.513,0.448,OVERRUN by 2147.15s,1,0.0500,0,-1.4497,1,0.3000,0,-1.4497,0.000,0.300
2192.115,overrun,A_leg2,4.754,-0.504,27.961,27.513,0.448,OVERRUN by 2148.18s,1,0.0500,0,-1.4497,1,0.3000,0,-1.4497,0.000,0.300
2193.139,overrun,A_leg2,4.754,-0.504,27.961,27.513,0.448,OVERRUN by 2149.20s,1,0.0500,0,-1.4497,1,0.3000,0,-1.4497,0.000,0.300
2194.178,overrun,A_leg2,4.754,-0.504,27.961,27.513,0.448,OVERRUN by 2150.24s,1,0.0500,0,-1.4497,1,0.3000,0,-1.4497,0.000,0.300
2195.205,overrun,A_leg2,4.754,-0.504,27.961,27.513,0.448,OVERRUN by 2151.27s,1,0.0500,0,-1.4497,1,0.3000,0,-1.4497,0.000,0.300
2196.232,overrun,A_leg2,4.754,-0.504,27.961,27.513,0.448,OVERRUN by 2152.30s,1,0.0500,0,-1.4497,1,0.3000,0,-1.4497,0.000,0.300
2197.258,overrun,A_leg2,4.754,-0.504,27.961,27.513,0.448,OVERRUN by 2153.32s,1,0.0500,0,-1.4497,1,0.3000,0,-1.4497,0.000,0.300
2198.291,overrun,A_leg2,4.754,-0.504,27.961,27.513,0.448,OVERRUN by 2154.35s,1,0.0500,0,-1.4497,1,0.3000,0,-1.4497,0.000,0.300
2199.313,overrun,A_leg2,4.754,-0.504,27.961,27.513,0.448,OVERRUN by 2155.38s,1,0.0500,0,-1.4497,1,0.3000,0,-1.4497,0.000,0.300
2200.341,overrun,A_leg2,4.754,-0.504,27.961,27.513,0.448,OVERRUN by 2156.40s,1,0.0500,0,-1.4497,1,0.3000,0,-1.4497,0.000,0.300
2201.378,overrun,A_leg2,4.754,-0.504,27.961,27.513,0.448,OVERRUN by 2157.44s,1,0.0500,0,-1.4497,1,0.3000,0,-1.4497,0.000,0.300
2202.409,overrun,A_leg2,4.754,-0.504,27.961,27.513,0.448,OVERRUN by 2158.47s,1,0.0500,0,-1.4497,1,0.3000,0,-1.4497,0.000,0.300
2203.449,overrun,A_leg2,4.754,-0.504,27.961,27.513,0.448,OVERRUN by 2159.51s,1,0.0500,0,-1.4497,1,0.3000,0,-1.4497,0.000,0.300
2204.482,overrun,A_leg2,4.754,-0.504,27.961,27.513,0.448,OVERRUN by 2160.55s,1,0.0500,0,-1.4497,1,0.3000,0,-1.4497,0.000,0.300
2205.509,overrun,A_leg2,4.754,-0.504,27.961,27.513,0.448,OVERRUN by 2161.57s,1,0.0500,0,-1.4497,1,0.3000,0,-1.4497,0.000,0.300
2206.542,overrun,A_leg2,4.754,-0.504,27.961,27.513,0.448,OVERRUN by 2162.61s,1,0.0500,0,-1.4497,1,0.3000,0,-1.4497,0.000,0.300
2207.573,overrun,A_leg2,4.754,-0.504,27.961,27.513,0.448,OVERRUN by 2163.64s,1,0.0500,0,-1.4497,1,0.3000,0,-1.4497,0.000,0.300
2208.609,overrun,A_leg2,4.754,-0.504,27.961,27.513,0.448,OVERRUN by 2164.67s,1,0.0500,0,-1.4497,1,0.3000,0,-1.4497,0.000,0.300
2209.639,overrun,A_leg2,4.754,-0.504,27.961,27.513,0.448,OVERRUN by 2165.70s,1,0.0500,0,-1.4497,1,0.3000,0,-1.4497,0.000,0.300
2210.668,overrun,A_leg2,4.754,-0.504,27.961,27.513,0.448,OVERRUN by 2166.73s,1,0.0500,0,-1.4497,1,0.3000,0,-1.4497,0.000,0.300
2211.684,overrun,A_leg2,4.754,-0.504,27.961,27.513,0.448,OVERRUN by 2167.75s,1,0.0500,0,-1.4497,1,0.3000,0,-1.4497,0.000,0.300
2212.723,overrun,A_leg2,4.754,-0.504,27.961,27.513,0.448,OVERRUN by 2168.79s,1,0.0500,0,-1.4497,1,0.3000,0,-1.4497,0.000,0.300
2213.756,overrun,A_leg2,4.754,-0.504,27.961,27.513,0.448,OVERRUN by 2169.82s,1,0.0500,0,-1.4497,1,0.3000,0,-1.4497,0.000,0.300
2214.786,overrun,A_leg2,4.754,-0.504,27.961,27.513,0.448,OVERRUN by 2170.85s,1,0.0500,0,-1.4497,1,0.3000,0,-1.4497,0.000,0.300
2215.819,overrun,A_leg2,4.754,-0.504,27.961,27.513,0.448,OVERRUN by 2171.88s,1,0.0500,0,-1.4497,1,0.3000,0,-1.4497,0.000,0.300
2216.844,overrun,A_leg2,4.754,-0.504,27.961,27.513,0.448,OVERRUN by 2172.91s,1,0.0500,0,-1.4497,1,0.3000,0,-1.4497,0.000,0.300
2217.874,overrun,A_leg2,4.754,-0.504,27.961,27.513,0.448,OVERRUN by 2173.94s,1,0.0500,0,-1.4497,1,0.3000,0,-1.4497,0.000,0.300
2218.894,overrun,A_leg2,4.754,-0.504,27.961,27.513,0.448,OVERRUN by 2174.96s,1,0.0500,0,-1.4497,1,0.3000,0,-1.4497,0.000,0.300
2219.933,overrun,A_leg2,4.754,-0.504,27.961,27.513,0.448,OVERRUN by 2176.00s,1,0.0500,0,-1.4497,1,0.3000,0,-1.4497,0.000,0.300
2220.961,overrun,A_leg2,4.754,-0.504,27.961,27.513,0.448,OVERRUN by 2177.02s,1,0.0500,0,-1.4497,1,0.3000,0,-1.4497,0.000,0.300
2221.985,overrun,A_leg2,4.754,-0.504,27.961,27.513,0.448,OVERRUN by 2178.05s,1,0.0500,0,-1.4497,1,0.3000,0,-1.4497,0.000,0.300
2223.015,overrun,A_leg2,4.754,-0.504,27.961,27.513,0.448,OVERRUN by 2179.08s,1,0.0500,0,-1.4497,1,0.3000,0,-1.4497,0.000,0.300
2224.049,overrun,A_leg2,4.754,-0.504,27.961,27.513,0.448,OVERRUN by 2180.11s,1,0.0500,0,-1.4497,1,0.3000,0,-1.4497,0.000,0.300
2225.083,overrun,A_leg2,4.754,-0.504,27.961,27.513,0.448,OVERRUN by 2181.15s,1,0.0500,0,-1.4497,1,0.3000,0,-1.4497,0.000,0.300
2226.101,overrun,A_leg2,4.754,-0.504,27.961,27.513,0.448,OVERRUN by 2182.16s,1,0.0500,0,-1.4497,1,0.3000,0,-1.4497,0.000,0.300
2227.131,overrun,A_leg2,4.754,-0.504,27.961,27.513,0.448,OVERRUN by 2183.19s,1,0.0500,0,-1.4497,1,0.3000,0,-1.4497,0.000,0.300
2228.161,overrun,A_leg2,4.754,-0.504,27.961,27.513,0.448,OVERRUN by 2184.22s,1,0.0500,0,-1.4497,1,0.3000,0,-1.4497,0.000,0.300
2229.193,overrun,A_leg2,4.754,-0.504,27.961,27.513,0.448,OVERRUN by 2185.26s,1,0.0500,0,-1.4497,1,0.3000,0,-1.4497,0.000,0.300
2230.213,overrun,A_leg2,4.754,-0.504,27.961,27.513,0.448,OVERRUN by 2186.28s,1,0.0500,0,-1.4497,1,0.3000,0,-1.4497,0.000,0.300
2231.249,overrun,A_leg2,4.754,-0.504,27.961,27.513,0.448,OVERRUN by 2187.31s,1,0.0500,0,-1.4497,1,0.3000,0,-1.4497,0.000,0.300
2232.274,overrun,A_leg2,4.754,-0.504,27.961,27.513,0.448,OVERRUN by 2188.34s,1,0.0500,0,-1.4497,1,0.3000,0,-1.4497,0.000,0.300
2233.303,overrun,A_leg2,4.754,-0.504,27.961,27.513,0.448,OVERRUN by 2189.37s,1,0.0500,0,-1.4497,1,0.3000,0,-1.4497,0.000,0.300
2234.337,overrun,A_leg2,4.754,-0.504,27.961,27.513,0.448,OVERRUN by 2190.40s,1,0.0500,0,-1.4497,1,0.3000,0,-1.4497,0.000,0.300
2235.368,overrun,A_leg2,4.754,-0.504,27.961,27.513,0.448,OVERRUN by 2191.43s,1,0.0500,0,-1.4497,1,0.3000,0,-1.4497,0.000,0.300
2236.387,overrun,A_leg2,4.754,-0.504,27.961,27.513,0.448,OVERRUN by 2192.45s,1,0.0500,0,-1.4497,1,0.3000,0,-1.4497,0.000,0.300
2237.431,overrun,A_leg2,4.754,-0.504,27.961,27.513,0.448,OVERRUN by 2193.49s,1,0.0500,0,-1.4497,1,0.3000,0,-1.4497,0.000,0.300
2238.466,overrun,A_leg2,4.754,-0.504,27.961,27.513,0.448,OVERRUN by 2194.53s,1,0.0500,0,-1.4497,1,0.3000,0,-1.4497,0.000,0.300
2239.492,overrun,A_leg2,4.754,-0.504,27.961,27.513,0.448,OVERRUN by 2195.56s,1,0.0500,0,-1.4497,1,0.3000,0,-1.4497,0.000,0.300
2240.501,overrun,A_leg2,4.754,-0.504,27.961,27.513,0.448,OVERRUN by 2196.56s,1,0.0500,0,-1.4497,1,0.3000,0,-1.4497,0.000,0.300
2241.531,overrun,A_leg2,4.754,-0.504,27.961,27.513,0.448,OVERRUN by 2197.59s,1,0.0500,0,-1.4497,1,0.3000,0,-1.4497,0.000,0.300
2242.559,overrun,A_leg2,4.754,-0.504,27.961,27.513,0.448,OVERRUN by 2198.62s,1,0.0500,0,-1.4497,1,0.3000,0,-1.4497,0.000,0.300
2243.584,overrun,A_leg2,4.754,-0.504,27.961,27.513,0.448,OVERRUN by 2199.65s,1,0.0500,0,-1.4497,1,0.3000,0,-1.4497,0.000,0.300
2244.599,overrun,A_leg2,4.754,-0.504,27.961,27.513,0.448,OVERRUN by 2200.66s,1,0.0500,0,-1.4497,1,0.3000,0,-1.4497,0.000,0.300
2245.619,overrun,A_leg2,4.754,-0.504,27.961,27.513,0.448,OVERRUN by 2201.68s,1,0.0500,0,-1.4497,1,0.3000,0,-1.4497,0.000,0.300
2246.647,overrun,A_leg2,4.754,-0.504,27.961,27.513,0.448,OVERRUN by 2202.71s,1,0.0500,0,-1.4497,1,0.3000,0,-1.4497,0.000,0.300
2247.669,overrun,A_leg2,4.754,-0.504,27.961,27.513,0.448,OVERRUN by 2203.73s,1,0.0500,0,-1.4497,1,0.3000,0,-1.4497,0.000,0.300
2248.687,overrun,A_leg2,4.754,-0.504,27.961,27.513,0.448,OVERRUN by 2204.75s,1,0.0500,0,-1.4497,1,0.3000,0,-1.4497,0.000,0.300
2249.706,overrun,A_leg2,4.754,-0.504,27.961,27.513,0.448,OVERRUN by 2205.77s,1,0.0500,0,-1.4497,1,0.3000,0,-1.4497,0.000,0.300
2250.739,overrun,A_leg2,4.754,-0.504,27.961,27.513,0.448,OVERRUN by 2206.80s,1,0.0500,0,-1.4497,1,0.3000,0,-1.4497,0.000,0.300
2251.772,overrun,A_leg2,4.754,-0.504,27.961,27.513,0.448,OVERRUN by 2207.84s,1,0.0500,0,-1.4497,1,0.3000,0,-1.4497,0.000,0.300
2252.806,overrun,A_leg2,4.754,-0.504,27.961,27.513,0.448,OVERRUN by 2208.87s,1,0.0500,0,-1.4497,1,0.3000,0,-1.4497,0.000,0.300
2253.834,overrun,A_leg2,4.754,-0.504,27.961,27.513,0.448,OVERRUN by 2209.90s,1,0.0500,0,-1.4497,1,0.3000,0,-1.4497,0.000,0.300
2254.861,overrun,A_leg2,4.754,-0.504,27.961,27.513,0.448,OVERRUN by 2210.92s,1,0.0500,0,-1.4497,1,0.3000,0,-1.4497,0.000,0.300
2255.894,overrun,A_leg2,4.754,-0.504,27.961,27.513,0.448,OVERRUN by 2211.96s,1,0.0500,0,-1.4497,1,0.3000,0,-1.4497,0.000,0.300
2256.928,overrun,A_leg2,4.754,-0.504,27.961,27.513,0.448,OVERRUN by 2212.99s,1,0.0500,0,-1.4497,1,0.3000,0,-1.4497,0.000,0.300
2257.962,overrun,A_leg2,4.754,-0.504,27.961,27.513,0.448,OVERRUN by 2214.03s,1,0.0500,0,-1.4497,1,0.3000,0,-1.4497,0.000,0.300
2258.991,overrun,A_leg2,4.754,-0.504,27.961,27.513,0.448,OVERRUN by 2215.05s,1,0.0500,0,-1.4497,1,0.3000,0,-1.4497,0.000,0.300
2260.005,overrun,A_leg2,4.754,-0.504,27.961,27.513,0.448,OVERRUN by 2216.07s,1,0.0500,0,-1.4497,1,0.3000,0,-1.4497,0.000,0.300
2261.029,overrun,A_leg2,4.754,-0.504,27.961,27.513,0.448,OVERRUN by 2217.09s,1,0.0500,0,-1.4497,1,0.3000,0,-1.4497,0.000,0.300
2262.058,overrun,A_leg2,4.754,-0.504,27.961,27.513,0.448,OVERRUN by 2218.12s,1,0.0500,0,-1.4497,1,0.3000,0,-1.4497,0.000,0.300
2263.079,overrun,A_leg2,4.754,-0.504,27.961,27.513,0.448,OVERRUN by 2219.14s,1,0.0500,0,-1.4497,1,0.3000,0,-1.4497,0.000,0.300
2264.116,overrun,A_leg2,4.754,-0.504,27.961,27.513,0.448,OVERRUN by 2220.18s,1,0.0500,0,-1.4497,1,0.3000,0,-1.4497,0.000,0.300
2265.148,overrun,A_leg2,4.754,-0.504,27.961,27.513,0.448,OVERRUN by 2221.21s,1,0.0500,0,-1.4497,1,0.3000,0,-1.4497,0.000,0.300
2266.175,overrun,A_leg2,4.754,-0.504,27.961,27.513,0.448,OVERRUN by 2222.24s,1,0.0500,0,-1.4497,1,0.3000,0,-1.4497,0.000,0.300
2267.199,overrun,A_leg2,4.754,-0.504,27.961,27.513,0.448,OVERRUN by 2223.26s,1,0.0500,0,-1.4497,1,0.3000,0,-1.4497,0.000,0.300
2268.226,overrun,A_leg2,4.754,-0.504,27.961,27.513,0.448,OVERRUN by 2224.29s,1,0.0500,0,-1.4497,1,0.3000,0,-1.4497,0.000,0.300
2269.250,overrun,A_leg2,4.754,-0.504,27.961,27.513,0.448,OVERRUN by 2225.31s,1,0.0500,0,-1.4497,1,0.3000,0,-1.4497,0.000,0.300
2270.272,overrun,A_leg2,4.754,-0.504,27.961,27.513,0.448,OVERRUN by 2226.34s,1,0.0500,0,-1.4497,1,0.3000,0,-1.4497,0.000,0.300
2271.300,overrun,A_leg2,4.754,-0.504,27.961,27.513,0.448,OVERRUN by 2227.36s,1,0.0500,0,-1.4497,1,0.3000,0,-1.4497,0.000,0.300
2272.319,overrun,A_leg2,4.754,-0.504,27.961,27.513,0.448,OVERRUN by 2228.38s,1,0.0500,0,-1.4497,1,0.3000,0,-1.4497,0.000,0.300
2273.355,overrun,A_leg2,4.754,-0.504,27.961,27.513,0.448,OVERRUN by 2229.42s,1,0.0500,0,-1.4497,1,0.3000,0,-1.4497,0.000,0.300
2274.380,overrun,A_leg2,4.754,-0.504,27.961,27.513,0.448,OVERRUN by 2230.44s,1,0.0500,0,-1.4497,1,0.3000,0,-1.4497,0.000,0.300
2275.422,overrun,A_leg2,4.754,-0.504,27.961,27.513,0.448,OVERRUN by 2231.49s,1,0.0500,0,-1.4497,1,0.3000,0,-1.4497,0.000,0.300
2276.457,overrun,A_leg2,4.754,-0.504,27.961,27.513,0.448,OVERRUN by 2232.52s,1,0.0500,0,-1.4497,1,0.3000,0,-1.4497,0.000,0.300
2277.495,overrun,A_leg2,4.754,-0.504,27.961,27.513,0.448,OVERRUN by 2233.56s,1,0.0500,0,-1.4497,1,0.3000,0,-1.4497,0.000,0.300
2278.529,overrun,A_leg2,4.754,-0.504,27.961,27.513,0.448,OVERRUN by 2234.59s,1,0.0500,0,-1.4497,1,0.3000,0,-1.4497,0.000,0.300
2279.564,overrun,A_leg2,4.754,-0.504,27.961,27.513,0.448,OVERRUN by 2235.63s,1,0.0500,0,-1.4497,1,0.3000,0,-1.4497,0.000,0.300
2280.596,overrun,A_leg2,4.754,-0.504,27.961,27.513,0.448,OVERRUN by 2236.66s,1,0.0500,0,-1.4497,1,0.3000,0,-1.4497,0.000,0.300
2281.626,overrun,A_leg2,4.754,-0.504,27.961,27.513,0.448,OVERRUN by 2237.69s,1,0.0500,0,-1.4497,1,0.3000,0,-1.4497,0.000,0.300
2282.642,overrun,A_leg2,4.754,-0.504,27.961,27.513,0.448,OVERRUN by 2238.71s,1,0.0500,0,-1.4497,1,0.3000,0,-1.4497,0.000,0.300
2283.667,overrun,A_leg2,4.754,-0.504,27.961,27.513,0.448,OVERRUN by 2239.73s,1,0.0500,0,-1.4497,1,0.3000,0,-1.4497,0.000,0.300
2284.700,overrun,A_leg2,4.754,-0.504,27.961,27.513,0.448,OVERRUN by 2240.76s,1,0.0500,0,-1.4497,1,0.3000,0,-1.4497,0.000,0.300
2285.731,overrun,A_leg2,4.754,-0.504,27.961,27.513,0.448,OVERRUN by 2241.79s,1,0.0500,0,-1.4497,1,0.3000,0,-1.4497,0.000,0.300
2286.759,overrun,A_leg2,4.754,-0.504,27.961,27.513,0.448,OVERRUN by 2242.82s,1,0.0500,0,-1.4497,1,0.3000,0,-1.4497,0.000,0.300
2287.784,overrun,A_leg2,4.754,-0.504,27.961,27.513,0.448,OVERRUN by 2243.85s,1,0.0500,0,-1.4497,1,0.3000,0,-1.4497,0.000,0.300
2288.817,overrun,A_leg2,4.754,-0.504,27.961,27.513,0.448,OVERRUN by 2244.88s,1,0.0500,0,-1.4497,1,0.3000,0,-1.4497,0.000,0.300
2289.849,overrun,A_leg2,4.754,-0.504,27.961,27.513,0.448,OVERRUN by 2245.91s,1,0.0500,0,-1.4497,1,0.3000,0,-1.4497,0.000,0.300
2290.886,overrun,A_leg2,4.754,-0.504,27.961,27.513,0.448,OVERRUN by 2246.95s,1,0.0500,0,-1.4497,1,0.3000,0,-1.4497,0.000,0.300
2291.915,overrun,A_leg2,4.754,-0.504,27.961,27.513,0.448,OVERRUN by 2247.98s,1,0.0500,0,-1.4497,1,0.3000,0,-1.4497,0.000,0.300
2292.941,overrun,A_leg2,4.754,-0.504,27.961,27.513,0.448,OVERRUN by 2249.00s,1,0.0500,0,-1.4497,1,0.3000,0,-1.4497,0.000,0.300
2293.974,overrun,A_leg2,4.754,-0.504,27.961,27.513,0.448,OVERRUN by 2250.04s,1,0.0500,0,-1.4497,1,0.3000,0,-1.4497,0.000,0.300
2295.008,overrun,A_leg2,4.754,-0.504,27.961,27.513,0.448,OVERRUN by 2251.07s,1,0.0500,0,-1.4497,1,0.3000,0,-1.4497,0.000,0.300
2296.038,overrun,A_leg2,4.754,-0.504,27.961,27.513,0.448,OVERRUN by 2252.10s,1,0.0500,0,-1.4497,1,0.3000,0,-1.4497,0.000,0.300
2297.054,overrun,A_leg2,4.754,-0.504,27.961,27.513,0.448,OVERRUN by 2253.12s,1,0.0500,0,-1.4497,1,0.3000,0,-1.4497,0.000,0.300
2298.077,overrun,A_leg2,4.754,-0.504,27.961,27.513,0.448,OVERRUN by 2254.14s,1,0.0500,0,-1.4497,1,0.3000,0,-1.4497,0.000,0.300
2299.104,overrun,A_leg2,4.754,-0.504,27.961,27.513,0.448,OVERRUN by 2255.17s,1,0.0500,0,-1.4497,1,0.3000,0,-1.4497,0.000,0.300
2300.134,overrun,A_leg2,4.754,-0.504,27.961,27.513,0.448,OVERRUN by 2256.20s,1,0.0500,0,-1.4497,1,0.3000,0,-1.4497,0.000,0.300
2301.170,overrun,A_leg2,4.754,-0.504,27.961,27.513,0.448,OVERRUN by 2257.23s,1,0.0500,0,-1.4497,1,0.3000,0,-1.4497,0.000,0.300
2302.205,overrun,A_leg2,4.754,-0.504,27.961,27.513,0.448,OVERRUN by 2258.27s,1,0.0500,0,-1.4497,1,0.3000,0,-1.4497,0.000,0.300
2303.238,overrun,A_leg2,4.754,-0.504,27.961,27.513,0.448,OVERRUN by 2259.30s,1,0.0500,0,-1.4497,1,0.3000,0,-1.4497,0.000,0.300
2304.256,overrun,A_leg2,4.754,-0.504,27.961,27.513,0.448,OVERRUN by 2260.32s,1,0.0500,0,-1.4497,1,0.3000,0,-1.4497,0.000,0.300
2305.287,overrun,A_leg2,4.754,-0.504,27.961,27.513,0.448,OVERRUN by 2261.35s,1,0.0500,0,-1.4497,1,0.3000,0,-1.4497,0.000,0.300
2306.327,overrun,A_leg2,4.754,-0.504,27.961,27.513,0.448,OVERRUN by 2262.39s,1,0.0500,0,-1.4497,1,0.3000,0,-1.4497,0.000,0.300
2307.354,overrun,A_leg2,4.754,-0.504,27.961,27.513,0.448,OVERRUN by 2263.42s,1,0.0500,0,-1.4497,1,0.3000,0,-1.4497,0.000,0.300
2308.390,overrun,A_leg2,4.754,-0.504,27.961,27.513,0.448,OVERRUN by 2264.45s,1,0.0500,0,-1.4497,1,0.3000,0,-1.4497,0.000,0.300
2309.421,overrun,A_leg2,4.754,-0.504,27.961,27.513,0.448,OVERRUN by 2265.48s,1,0.0500,0,-1.4497,1,0.3000,0,-1.4497,0.000,0.300
2310.442,overrun,A_leg2,4.754,-0.504,27.961,27.513,0.448,OVERRUN by 2266.51s,1,0.0500,0,-1.4497,1,0.3000,0,-1.4497,0.000,0.300
2311.470,overrun,A_leg2,4.754,-0.504,27.961,27.513,0.448,OVERRUN by 2267.53s,1,0.0500,0,-1.4497,1,0.3000,0,-1.4497,0.000,0.300
2312.492,overrun,A_leg2,4.754,-0.504,27.961,27.513,0.448,OVERRUN by 2268.56s,1,0.0500,0,-1.4497,1,0.3000,0,-1.4497,0.000,0.300
2313.513,overrun,A_leg2,4.754,-0.504,27.961,27.513,0.448,OVERRUN by 2269.58s,1,0.0500,0,-1.4497,1,0.3000,0,-1.4497,0.000,0.300
2314.547,overrun,A_leg2,4.754,-0.504,27.961,27.513,0.448,OVERRUN by 2270.61s,1,0.0500,0,-1.4497,1,0.3000,0,-1.4497,0.000,0.300
2315.577,overrun,A_leg2,4.754,-0.504,27.961,27.513,0.448,OVERRUN by 2271.64s,1,0.0500,0,-1.4497,1,0.3000,0,-1.4497,0.000,0.300
2316.606,overrun,A_leg2,4.754,-0.504,27.961,27.513,0.448,OVERRUN by 2272.67s,1,0.0500,0,-1.4497,1,0.3000,0,-1.4497,0.000,0.300
2317.646,overrun,A_leg2,4.754,-0.504,27.961,27.513,0.448,OVERRUN by 2273.71s,1,0.0500,0,-1.4497,1,0.3000,0,-1.4497,0.000,0.300
2318.671,overrun,A_leg2,4.754,-0.504,27.961,27.513,0.448,OVERRUN by 2274.74s,1,0.0500,0,-1.4497,1,0.3000,0,-1.4497,0.000,0.300
2319.713,overrun,A_leg2,4.754,-0.504,27.961,27.513,0.448,OVERRUN by 2275.78s,1,0.0500,0,-1.4497,1,0.3000,0,-1.4497,0.000,0.300
2320.745,overrun,A_leg2,4.754,-0.504,27.961,27.513,0.448,OVERRUN by 2276.81s,1,0.0500,0,-1.4497,1,0.3000,0,-1.4497,0.000,0.300
2321.785,overrun,A_leg2,4.754,-0.504,27.961,27.513,0.448,OVERRUN by 2277.85s,1,0.0500,0,-1.4497,1,0.3000,0,-1.4497,0.000,0.300
2322.826,overrun,A_leg2,4.754,-0.504,27.961,27.513,0.448,OVERRUN by 2278.89s,1,0.0500,0,-1.4497,1,0.3000,0,-1.4497,0.000,0.300
2323.865,overrun,A_leg2,4.754,-0.504,27.961,27.513,0.448,OVERRUN by 2279.93s,1,0.0500,0,-1.4497,1,0.3000,0,-1.4497,0.000,0.300
2324.902,overrun,A_leg2,4.754,-0.504,27.961,27.513,0.448,OVERRUN by 2280.97s,1,0.0500,0,-1.4497,1,0.3000,0,-1.4497,0.000,0.300
2325.936,overrun,A_leg2,4.754,-0.504,27.961,27.513,0.448,OVERRUN by 2282.00s,1,0.0500,0,-1.4497,1,0.3000,0,-1.4497,0.000,0.300
2326.965,overrun,A_leg2,4.754,-0.504,27.961,27.513,0.448,OVERRUN by 2283.03s,1,0.0500,0,-1.4497,1,0.3000,0,-1.4497,0.000,0.300
2328.003,overrun,A_leg2,4.754,-0.504,27.961,27.513,0.448,OVERRUN by 2284.07s,1,0.0500,0,-1.4497,1,0.3000,0,-1.4497,0.000,0.300
2329.028,overrun,A_leg2,4.754,-0.504,27.961,27.513,0.448,OVERRUN by 2285.09s,1,0.0500,0,-1.4497,1,0.3000,0,-1.4497,0.000,0.300
2330.050,overrun,A_leg2,4.754,-0.504,27.961,27.513,0.448,OVERRUN by 2286.11s,1,0.0500,0,-1.4497,1,0.3000,0,-1.4497,0.000,0.300
2331.092,overrun,A_leg2,4.754,-0.504,27.961,27.513,0.448,OVERRUN by 2287.16s,1,0.0500,0,-1.4497,1,0.3000,0,-1.4497,0.000,0.300
2332.115,overrun,A_leg2,4.754,-0.504,27.961,27.513,0.448,OVERRUN by 2288.18s,1,0.0500,0,-1.4497,1,0.3000,0,-1.4497,0.000,0.300
2333.145,overrun,A_leg2,4.754,-0.504,27.961,27.513,0.448,OVERRUN by 2289.21s,1,0.0500,0,-1.4497,1,0.3000,0,-1.4497,0.000,0.300
2334.167,overrun,A_leg2,4.754,-0.504,27.961,27.513,0.448,OVERRUN by 2290.23s,1,0.0500,0,-1.4497,1,0.3000,0,-1.4497,0.000,0.300
2335.188,overrun,A_leg2,4.754,-0.504,27.961,27.513,0.448,OVERRUN by 2291.25s,1,0.0500,0,-1.4497,1,0.3000,0,-1.4497,0.000,0.300
2336.213,overrun,A_leg2,4.754,-0.504,27.961,27.513,0.448,OVERRUN by 2292.28s,1,0.0500,0,-1.4497,1,0.3000,0,-1.4497,0.000,0.300
2337.251,overrun,A_leg2,4.754,-0.504,27.961,27.513,0.448,OVERRUN by 2293.32s,1,0.0500,0,-1.4497,1,0.3000,0,-1.4497,0.000,0.300
2338.274,overrun,A_leg2,4.754,-0.504,27.961,27.513,0.448,OVERRUN by 2294.34s,1,0.0500,0,-1.4497,1,0.3000,0,-1.4497,0.000,0.300
2339.300,overrun,A_leg2,4.754,-0.504,27.961,27.513,0.448,OVERRUN by 2295.36s,1,0.0500,0,-1.4497,1,0.3000,0,-1.4497,0.000,0.300
2340.323,overrun,A_leg2,4.754,-0.504,27.961,27.513,0.448,OVERRUN by 2296.39s,1,0.0500,0,-1.4497,1,0.3000,0,-1.4497,0.000,0.300
2341.357,overrun,A_leg2,4.754,-0.504,27.961,27.513,0.448,OVERRUN by 2297.42s,1,0.0500,0,-1.4497,1,0.3000,0,-1.4497,0.000,0.300
2342.388,overrun,A_leg2,4.754,-0.504,27.961,27.513,0.448,OVERRUN by 2298.45s,1,0.0500,0,-1.4497,1,0.3000,0,-1.4497,0.000,0.300
2343.417,overrun,A_leg2,4.754,-0.504,27.961,27.513,0.448,OVERRUN by 2299.48s,1,0.0500,0,-1.4497,1,0.3000,0,-1.4497,0.000,0.300
2344.440,overrun,A_leg2,4.754,-0.504,27.961,27.513,0.448,OVERRUN by 2300.50s,1,0.0500,0,-1.4497,1,0.3000,0,-1.4497,0.000,0.300
2345.460,overrun,A_leg2,4.754,-0.504,27.961,27.513,0.448,OVERRUN by 2301.52s,1,0.0500,0,-1.4497,1,0.3000,0,-1.4497,0.000,0.300
2346.486,overrun,A_leg2,4.754,-0.504,27.961,27.513,0.448,OVERRUN by 2302.55s,1,0.0500,0,-1.4497,1,0.3000,0,-1.4497,0.000,0.300
2347.503,overrun,A_leg2,4.754,-0.504,27.961,27.513,0.448,OVERRUN by 2303.57s,1,0.0500,0,-1.4497,1,0.3000,0,-1.4497,0.000,0.300
2348.538,overrun,A_leg2,4.754,-0.504,27.961,27.513,0.448,OVERRUN by 2304.60s,1,0.0500,0,-1.4497,1,0.3000,0,-1.4497,0.000,0.300
2349.558,overrun,A_leg2,4.754,-0.504,27.961,27.513,0.448,OVERRUN by 2305.62s,1,0.0500,0,-1.4497,1,0.3000,0,-1.4497,0.000,0.300
2350.594,overrun,A_leg2,4.754,-0.504,27.961,27.513,0.448,OVERRUN by 2306.66s,1,0.0500,0,-1.4497,1,0.3000,0,-1.4497,0.000,0.300
2351.617,overrun,A_leg2,4.754,-0.504,27.961,27.513,0.448,OVERRUN by 2307.68s,1,0.0500,0,-1.4497,1,0.3000,0,-1.4497,0.000,0.300
2352.636,overrun,A_leg2,4.754,-0.504,27.961,27.513,0.448,OVERRUN by 2308.70s,1,0.0500,0,-1.4497,1,0.3000,0,-1.4497,0.000,0.300
2353.666,overrun,A_leg2,4.754,-0.504,27.961,27.513,0.448,OVERRUN by 2309.73s,1,0.0500,0,-1.4497,1,0.3000,0,-1.4497,0.000,0.300
2354.691,overrun,A_leg2,4.754,-0.504,27.961,27.513,0.448,OVERRUN by 2310.75s,1,0.0500,0,-1.4497,1,0.3000,0,-1.4497,0.000,0.300
2355.715,overrun,A_leg2,4.754,-0.504,27.961,27.513,0.448,OVERRUN by 2311.78s,1,0.0500,0,-1.4497,1,0.3000,0,-1.4497,0.000,0.300
2356.731,overrun,A_leg2,4.754,-0.504,27.961,27.513,0.448,OVERRUN by 2312.79s,1,0.0500,0,-1.4497,1,0.3000,0,-1.4497,0.000,0.300
2357.755,overrun,A_leg2,4.754,-0.504,27.961,27.513,0.448,OVERRUN by 2313.82s,1,0.0500,0,-1.4497,1,0.3000,0,-1.4497,0.000,0.300
2358.769,overrun,A_leg2,4.754,-0.504,27.961,27.513,0.448,OVERRUN by 2314.83s,1,0.0500,0,-1.4497,1,0.3000,0,-1.4497,0.000,0.300
2359.796,overrun,A_leg2,4.754,-0.504,27.961,27.513,0.448,OVERRUN by 2315.86s,1,0.0500,0,-1.4497,1,0.3000,0,-1.4497,0.000,0.300
2360.813,overrun,A_leg2,4.754,-0.504,27.961,27.513,0.448,OVERRUN by 2316.88s,1,0.0500,0,-1.4497,1,0.3000,0,-1.4497,0.000,0.300
2361.842,overrun,A_leg2,4.754,-0.504,27.961,27.513,0.448,OVERRUN by 2317.91s,1,0.0500,0,-1.4497,1,0.3000,0,-1.4497,0.000,0.300
2362.871,overrun,A_leg2,4.754,-0.504,27.961,27.513,0.448,OVERRUN by 2318.93s,1,0.0500,0,-1.4497,1,0.3000,0,-1.4497,0.000,0.300
2363.901,overrun,A_leg2,4.754,-0.504,27.961,27.513,0.448,OVERRUN by 2319.97s,1,0.0500,0,-1.4497,1,0.3000,0,-1.4497,0.000,0.300
2364.935,overrun,A_leg2,4.754,-0.504,27.961,27.513,0.448,OVERRUN by 2321.00s,1,0.0500,0,-1.4497,1,0.3000,0,-1.4497,0.000,0.300
2365.966,overrun,A_leg2,4.754,-0.504,27.961,27.513,0.448,OVERRUN by 2322.03s,1,0.0500,0,-1.4497,1,0.3000,0,-1.4497,0.000,0.300
2366.976,overrun,A_leg2,4.754,-0.504,27.961,27.513,0.448,OVERRUN by 2323.04s,1,0.0500,0,-1.4497,1,0.3000,0,-1.4497,0.000,0.300
2368.012,overrun,A_leg2,4.754,-0.504,27.961,27.513,0.448,OVERRUN by 2324.08s,1,0.0500,0,-1.4497,1,0.3000,0,-1.4497,0.000,0.300
2369.037,overrun,A_leg2,4.754,-0.504,27.961,27.513,0.448,OVERRUN by 2325.10s,1,0.0500,0,-1.4497,1,0.3000,0,-1.4497,0.000,0.300
2370.074,overrun,A_leg2,4.754,-0.504,27.961,27.513,0.448,OVERRUN by 2326.14s,1,0.0500,0,-1.4497,1,0.3000,0,-1.4497,0.000,0.300
2371.085,overrun,A_leg2,4.754,-0.504,27.961,27.513,0.448,OVERRUN by 2327.15s,1,0.0500,0,-1.4497,1,0.3000,0,-1.4497,0.000,0.300
2372.115,overrun,A_leg2,4.754,-0.504,27.961,27.513,0.448,OVERRUN by 2328.18s,1,0.0500,0,-1.4497,1,0.3000,0,-1.4497,0.000,0.300
2373.137,overrun,A_leg2,4.754,-0.504,27.961,27.513,0.448,OVERRUN by 2329.20s,1,0.0500,0,-1.4497,1,0.3000,0,-1.4497,0.000,0.300
2374.156,overrun,A_leg2,4.754,-0.504,27.961,27.513,0.448,OVERRUN by 2330.22s,1,0.0500,0,-1.4497,1,0.3000,0,-1.4497,0.000,0.300
2375.186,overrun,A_leg2,4.754,-0.504,27.961,27.513,0.448,OVERRUN by 2331.25s,1,0.0500,0,-1.4497,1,0.3000,0,-1.4497,0.000,0.300
2376.200,overrun,A_leg2,4.754,-0.504,27.961,27.513,0.448,OVERRUN by 2332.26s,1,0.0500,0,-1.4497,1,0.3000,0,-1.4497,0.000,0.300
2377.232,overrun,A_leg2,4.754,-0.504,27.961,27.513,0.448,OVERRUN by 2333.30s,1,0.0500,0,-1.4497,1,0.3000,0,-1.4497,0.000,0.300
2378.267,overrun,A_leg2,4.754,-0.504,27.961,27.513,0.448,OVERRUN by 2334.33s,1,0.0500,0,-1.4497,1,0.3000,0,-1.4497,0.000,0.300
2379.278,overrun,A_leg2,4.754,-0.504,27.961,27.513,0.448,OVERRUN by 2335.34s,1,0.0500,0,-1.4497,1,0.3000,0,-1.4497,0.000,0.300
2380.301,overrun,A_leg2,4.754,-0.504,27.961,27.513,0.448,OVERRUN by 2336.36s,1,0.0500,0,-1.4497,1,0.3000,0,-1.4497,0.000,0.300
2381.328,overrun,A_leg2,4.754,-0.504,27.961,27.513,0.448,OVERRUN by 2337.39s,1,0.0500,0,-1.4497,1,0.3000,0,-1.4497,0.000,0.300
2382.356,overrun,A_leg2,4.754,-0.504,27.961,27.513,0.448,OVERRUN by 2338.42s,1,0.0500,0,-1.4497,1,0.3000,0,-1.4497,0.000,0.300
2383.372,overrun,A_leg2,4.754,-0.504,27.961,27.513,0.448,OVERRUN by 2339.44s,1,0.0500,0,-1.4497,1,0.3000,0,-1.4497,0.000,0.300
2384.409,overrun,A_leg2,4.754,-0.504,27.961,27.513,0.448,OVERRUN by 2340.47s,1,0.0500,0,-1.4497,1,0.3000,0,-1.4497,0.000,0.300
2385.446,overrun,A_leg2,4.754,-0.504,27.961,27.513,0.448,OVERRUN by 2341.51s,1,0.0500,0,-1.4497,1,0.3000,0,-1.4497,0.000,0.300
2386.488,overrun,A_leg2,4.754,-0.504,27.961,27.513,0.448,OVERRUN by 2342.55s,1,0.0500,0,-1.4497,1,0.3000,0,-1.4497,0.000,0.300
2387.527,overrun,A_leg2,4.754,-0.504,27.961,27.513,0.448,OVERRUN by 2343.59s,1,0.0500,0,-1.4497,1,0.3000,0,-1.4497,0.000,0.300
2388.557,overrun,A_leg2,4.754,-0.504,27.961,27.513,0.448,OVERRUN by 2344.62s,1,0.0500,0,-1.4497,1,0.3000,0,-1.4497,0.000,0.300
2389.586,overrun,A_leg2,4.754,-0.504,27.961,27.513,0.448,OVERRUN by 2345.65s,1,0.0500,0,-1.4497,1,0.3000,0,-1.4497,0.000,0.300
2390.621,overrun,A_leg2,4.754,-0.504,27.961,27.513,0.448,OVERRUN by 2346.68s,1,0.0500,0,-1.4497,1,0.3000,0,-1.4497,0.000,0.300
2391.640,overrun,A_leg2,4.754,-0.504,27.961,27.513,0.448,OVERRUN by 2347.70s,1,0.0500,0,-1.4497,1,0.3000,0,-1.4497,0.000,0.300
2392.669,overrun,A_leg2,4.754,-0.504,27.961,27.513,0.448,OVERRUN by 2348.73s,1,0.0500,0,-1.4497,1,0.3000,0,-1.4497,0.000,0.300
2393.697,overrun,A_leg2,4.754,-0.504,27.961,27.513,0.448,OVERRUN by 2349.76s,1,0.0500,0,-1.4497,1,0.3000,0,-1.4497,0.000,0.300
2394.721,overrun,A_leg2,4.754,-0.504,27.961,27.513,0.448,OVERRUN by 2350.78s,1,0.0500,0,-1.4497,1,0.3000,0,-1.4497,0.000,0.300
2395.762,overrun,A_leg2,4.754,-0.504,27.961,27.513,0.448,OVERRUN by 2351.83s,1,0.0500,0,-1.4497,1,0.3000,0,-1.4497,0.000,0.300
2396.796,overrun,A_leg2,4.754,-0.504,27.961,27.513,0.448,OVERRUN by 2352.86s,1,0.0500,0,-1.4497,1,0.3000,0,-1.4497,0.000,0.300
2397.821,overrun,A_leg2,4.754,-0.504,27.961,27.513,0.448,OVERRUN by 2353.88s,1,0.0500,0,-1.4497,1,0.3000,0,-1.4497,0.000,0.300
2398.854,overrun,A_leg2,4.754,-0.504,27.961,27.513,0.448,OVERRUN by 2354.92s,1,0.0500,0,-1.4497,1,0.3000,0,-1.4497,0.000,0.300
2399.894,overrun,A_leg2,4.754,-0.504,27.961,27.513,0.448,OVERRUN by 2355.96s,1,0.0500,0,-1.4497,1,0.3000,0,-1.4497,0.000,0.300
2400.921,overrun,A_leg2,4.754,-0.504,27.961,27.513,0.448,OVERRUN by 2356.98s,1,0.0500,0,-1.4497,1,0.3000,0,-1.4497,0.000,0.300
2401.951,overrun,A_leg2,4.754,-0.504,27.961,27.513,0.448,OVERRUN by 2358.01s,1,0.0500,0,-1.4497,1,0.3000,0,-1.4497,0.000,0.300
2402.993,overrun,A_leg2,4.754,-0.504,27.961,27.513,0.448,OVERRUN by 2359.06s,1,0.0500,0,-1.4497,1,0.3000,0,-1.4497,0.000,0.300
2404.018,overrun,A_leg2,4.754,-0.504,27.961,27.513,0.448,OVERRUN by 2360.08s,1,0.0500,0,-1.4497,1,0.3000,0,-1.4497,0.000,0.300
2405.033,overrun,A_leg2,4.754,-0.504,27.961,27.513,0.448,OVERRUN by 2361.10s,1,0.0500,0,-1.4497,1,0.3000,0,-1.4497,0.000,0.300
2406.052,overrun,A_leg2,4.754,-0.504,27.961,27.513,0.448,OVERRUN by 2362.12s,1,0.0500,0,-1.4497,1,0.3000,0,-1.4497,0.000,0.300
2407.080,overrun,A_leg2,4.754,-0.504,27.961,27.513,0.448,OVERRUN by 2363.14s,1,0.0500,0,-1.4497,1,0.3000,0,-1.4497,0.000,0.300
2408.110,overrun,A_leg2,4.754,-0.504,27.961,27.513,0.448,OVERRUN by 2364.17s,1,0.0500,0,-1.4497,1,0.3000,0,-1.4497,0.000,0.300
2409.144,overrun,A_leg2,4.754,-0.504,27.961,27.513,0.448,OVERRUN by 2365.21s,1,0.0500,0,-1.4497,1,0.3000,0,-1.4497,0.000,0.300
2410.182,overrun,A_leg2,4.754,-0.504,27.961,27.513,0.448,OVERRUN by 2366.25s,1,0.0500,0,-1.4497,1,0.3000,0,-1.4497,0.000,0.300
2411.224,overrun,A_leg2,4.754,-0.504,27.961,27.513,0.448,OVERRUN by 2367.29s,1,0.0500,0,-1.4497,1,0.3000,0,-1.4497,0.000,0.300
2412.252,overrun,A_leg2,4.754,-0.504,27.961,27.513,0.448,OVERRUN by 2368.32s,1,0.0500,0,-1.4497,1,0.3000,0,-1.4497,0.000,0.300
2413.280,overrun,A_leg2,4.754,-0.504,27.961,27.513,0.448,OVERRUN by 2369.34s,1,0.0500,0,-1.4497,1,0.3000,0,-1.4497,0.000,0.300
2414.321,overrun,A_leg2,4.754,-0.504,27.961,27.513,0.448,OVERRUN by 2370.38s,1,0.0500,0,-1.4497,1,0.3000,0,-1.4497,0.000,0.300
2415.364,overrun,A_leg2,4.754,-0.504,27.961,27.513,0.448,OVERRUN by 2371.43s,1,0.0500,0,-1.4497,1,0.3000,0,-1.4497,0.000,0.300
2416.386,overrun,A_leg2,4.754,-0.504,27.961,27.513,0.448,OVERRUN by 2372.45s,1,0.0500,0,-1.4497,1,0.3000,0,-1.4497,0.000,0.300
2417.426,overrun,A_leg2,4.754,-0.504,27.961,27.513,0.448,OVERRUN by 2373.49s,1,0.0500,0,-1.4497,1,0.3000,0,-1.4497,0.000,0.300
2418.459,overrun,A_leg2,4.754,-0.504,27.961,27.513,0.448,OVERRUN by 2374.52s,1,0.0500,0,-1.4497,1,0.3000,0,-1.4497,0.000,0.300
2419.493,overrun,A_leg2,4.754,-0.504,27.961,27.513,0.448,OVERRUN by 2375.56s,1,0.0500,0,-1.4497,1,0.3000,0,-1.4497,0.000,0.300
2420.519,overrun,A_leg2,4.754,-0.504,27.961,27.513,0.448,OVERRUN by 2376.58s,1,0.0500,0,-1.4497,1,0.3000,0,-1.4497,0.000,0.300
2421.557,overrun,A_leg2,4.754,-0.504,27.961,27.513,0.448,OVERRUN by 2377.62s,1,0.0500,0,-1.4497,1,0.3000,0,-1.4497,0.000,0.300
2422.586,overrun,A_leg2,4.754,-0.504,27.961,27.513,0.448,OVERRUN by 2378.65s,1,0.0500,0,-1.4497,1,0.3000,0,-1.4497,0.000,0.300
2423.614,overrun,A_leg2,4.754,-0.504,27.961,27.513,0.448,OVERRUN by 2379.68s,1,0.0500,0,-1.4497,1,0.3000,0,-1.4497,0.000,0.300
2424.648,overrun,A_leg2,4.754,-0.504,27.961,27.513,0.448,OVERRUN by 2380.71s,1,0.0500,0,-1.4497,1,0.3000,0,-1.4497,0.000,0.300
2425.673,overrun,A_leg2,4.754,-0.504,27.961,27.513,0.448,OVERRUN by 2381.74s,1,0.0500,0,-1.4497,1,0.3000,0,-1.4497,0.000,0.300
2426.719,overrun,A_leg2,4.754,-0.504,27.961,27.513,0.448,OVERRUN by 2382.78s,1,0.0500,0,-1.4497,1,0.3000,0,-1.4497,0.000,0.300
2427.754,overrun,A_leg2,4.754,-0.504,27.961,27.513,0.448,OVERRUN by 2383.82s,1,0.0500,0,-1.4497,1,0.3000,0,-1.4497,0.000,0.300
2428.775,overrun,A_leg2,4.754,-0.504,27.961,27.513,0.448,OVERRUN by 2384.84s,1,0.0500,0,-1.4497,1,0.3000,0,-1.4497,0.000,0.300
2429.792,overrun,A_leg2,4.754,-0.504,27.961,27.513,0.448,OVERRUN by 2385.86s,1,0.0500,0,-1.4497,1,0.3000,0,-1.4497,0.000,0.300
2430.831,overrun,A_leg2,4.754,-0.504,27.961,27.513,0.448,OVERRUN by 2386.89s,1,0.0500,0,-1.4497,1,0.3000,0,-1.4497,0.000,0.300
2431.870,overrun,A_leg2,4.754,-0.504,27.961,27.513,0.448,OVERRUN by 2387.93s,1,0.0500,0,-1.4497,1,0.3000,0,-1.4497,0.000,0.300
2432.908,overrun,A_leg2,4.754,-0.504,27.961,27.513,0.448,OVERRUN by 2388.97s,1,0.0500,0,-1.4497,1,0.3000,0,-1.4497,0.000,0.300
2433.933,overrun,A_leg2,4.754,-0.504,27.961,27.513,0.448,OVERRUN by 2390.00s,1,0.0500,0,-1.4497,1,0.3000,0,-1.4497,0.000,0.300
2434.967,overrun,A_leg2,4.754,-0.504,27.961,27.513,0.448,OVERRUN by 2391.03s,1,0.0500,0,-1.4497,1,0.3000,0,-1.4497,0.000,0.300
2436.000,overrun,A_leg2,4.754,-0.504,27.961,27.513,0.448,OVERRUN by 2392.06s,1,0.0500,0,-1.4497,1,0.3000,0,-1.4497,0.000,0.300
2437.046,overrun,A_leg2,4.754,-0.504,27.961,27.513,0.448,OVERRUN by 2393.11s,1,0.0500,0,-1.4497,1,0.3000,0,-1.4497,0.000,0.300
2438.077,overrun,A_leg2,4.754,-0.504,27.961,27.513,0.448,OVERRUN by 2394.14s,1,0.0500,0,-1.4497,1,0.3000,0,-1.4497,0.000,0.300
2439.109,overrun,A_leg2,4.754,-0.504,27.961,27.513,0.448,OVERRUN by 2395.17s,1,0.0500,0,-1.4497,1,0.3000,0,-1.4497,0.000,0.300
2440.144,overrun,A_leg2,4.754,-0.504,27.961,27.513,0.448,OVERRUN by 2396.21s,1,0.0500,0,-1.4497,1,0.3000,0,-1.4497,0.000,0.300
2441.178,overrun,A_leg2,4.754,-0.504,27.961,27.513,0.448,OVERRUN by 2397.24s,1,0.0500,0,-1.4497,1,0.3000,0,-1.4497,0.000,0.300
2442.212,overrun,A_leg2,4.754,-0.504,27.961,27.513,0.448,OVERRUN by 2398.28s,1,0.0500,0,-1.4497,1,0.3000,0,-1.4497,0.000,0.300
2443.237,overrun,A_leg2,4.754,-0.504,27.961,27.513,0.448,OVERRUN by 2399.30s,1,0.0500,0,-1.4497,1,0.3000,0,-1.4497,0.000,0.300
2444.263,overrun,A_leg2,4.754,-0.504,27.961,27.513,0.448,OVERRUN by 2400.33s,1,0.0500,0,-1.4497,1,0.3000,0,-1.4497,0.000,0.300
2445.294,overrun,A_leg2,4.754,-0.504,27.961,27.513,0.448,OVERRUN by 2401.36s,1,0.0500,0,-1.4497,1,0.3000,0,-1.4497,0.000,0.300
2446.320,overrun,A_leg2,4.754,-0.504,27.961,27.513,0.448,OVERRUN by 2402.38s,1,0.0500,0,-1.4497,1,0.3000,0,-1.4497,0.000,0.300
2447.354,overrun,A_leg2,4.754,-0.504,27.961,27.513,0.448,OVERRUN by 2403.42s,1,0.0500,0,-1.4497,1,0.3000,0,-1.4497,0.000,0.300
2448.389,overrun,A_leg2,4.754,-0.504,27.961,27.513,0.448,OVERRUN by 2404.45s,1,0.0500,0,-1.4497,1,0.3000,0,-1.4497,0.000,0.300
2449.422,overrun,A_leg2,4.754,-0.504,27.961,27.513,0.448,OVERRUN by 2405.49s,1,0.0500,0,-1.4497,1,0.3000,0,-1.4497,0.000,0.300
2450.453,overrun,A_leg2,4.754,-0.504,27.961,27.513,0.448,OVERRUN by 2406.52s,1,0.0500,0,-1.4497,1,0.3000,0,-1.4497,0.000,0.300
2451.488,overrun,A_leg2,4.754,-0.504,27.961,27.513,0.448,OVERRUN by 2407.55s,1,0.0500,0,-1.4497,1,0.3000,0,-1.4497,0.000,0.300
2452.509,overrun,A_leg2,4.754,-0.504,27.961,27.513,0.448,OVERRUN by 2408.57s,1,0.0500,0,-1.4497,1,0.3000,0,-1.4497,0.000,0.300
2453.542,overrun,A_leg2,4.754,-0.504,27.961,27.513,0.448,OVERRUN by 2409.61s,1,0.0500,0,-1.4497,1,0.3000,0,-1.4497,0.000,0.300
2454.577,overrun,A_leg2,4.754,-0.504,27.961,27.513,0.448,OVERRUN by 2410.64s,1,0.0500,0,-1.4497,1,0.3000,0,-1.4497,0.000,0.300
2455.609,overrun,A_leg2,4.754,-0.504,27.961,27.513,0.448,OVERRUN by 2411.67s,1,0.0500,0,-1.4497,1,0.3000,0,-1.4497,0.000,0.300
2456.649,overrun,A_leg2,4.754,-0.504,27.961,27.513,0.448,OVERRUN by 2412.71s,1,0.0500,0,-1.4497,1,0.3000,0,-1.4497,0.000,0.300
2457.688,overrun,A_leg2,4.754,-0.504,27.961,27.513,0.448,OVERRUN by 2413.75s,1,0.0500,0,-1.4497,1,0.3000,0,-1.4497,0.000,0.300
2458.723,overrun,A_leg2,4.754,-0.504,27.961,27.513,0.448,OVERRUN by 2414.79s,1,0.0500,0,-1.4497,1,0.3000,0,-1.4497,0.000,0.300
2459.745,overrun,A_leg2,4.754,-0.504,27.961,27.513,0.448,OVERRUN by 2415.81s,1,0.0500,0,-1.4497,1,0.3000,0,-1.4497,0.000,0.300
2460.778,overrun,A_leg2,4.754,-0.504,27.961,27.513,0.448,OVERRUN by 2416.84s,1,0.0500,0,-1.4497,1,0.3000,0,-1.4497,0.000,0.300
2461.814,overrun,A_leg2,4.754,-0.504,27.961,27.513,0.448,OVERRUN by 2417.88s,1,0.0500,0,-1.4497,1,0.3000,0,-1.4497,0.000,0.300
2462.846,overrun,A_leg2,4.754,-0.504,27.961,27.513,0.448,OVERRUN by 2418.91s,1,0.0500,0,-1.4497,1,0.3000,0,-1.4497,0.000,0.300
2463.875,overrun,A_leg2,4.754,-0.504,27.961,27.513,0.448,OVERRUN by 2419.94s,1,0.0500,0,-1.4497,1,0.3000,0,-1.4497,0.000,0.300
2464.908,overrun,A_leg2,4.754,-0.504,27.961,27.513,0.448,OVERRUN by 2420.97s,1,0.0500,0,-1.4497,1,0.3000,0,-1.4497,0.000,0.300
2465.947,overrun,A_leg2,4.754,-0.504,27.961,27.513,0.448,OVERRUN by 2422.01s,1,0.0500,0,-1.4497,1,0.3000,0,-1.4497,0.000,0.300
2466.980,overrun,A_leg2,4.754,-0.504,27.961,27.513,0.448,OVERRUN by 2423.04s,1,0.0500,0,-1.4497,1,0.3000,0,-1.4497,0.000,0.300
2468.013,overrun,A_leg2,4.754,-0.504,27.961,27.513,0.448,OVERRUN by 2424.08s,1,0.0500,0,-1.4497,1,0.3000,0,-1.4497,0.000,0.300
2469.050,overrun,A_leg2,4.754,-0.504,27.961,27.513,0.448,OVERRUN by 2425.11s,1,0.0500,0,-1.4497,1,0.3000,0,-1.4497,0.000,0.300
2470.072,overrun,A_leg2,4.754,-0.504,27.961,27.513,0.448,OVERRUN by 2426.14s,1,0.0500,0,-1.4497,1,0.3000,0,-1.4497,0.000,0.300
2471.102,overrun,A_leg2,4.754,-0.504,27.961,27.513,0.448,OVERRUN by 2427.17s,1,0.0500,0,-1.4497,1,0.3000,0,-1.4497,0.000,0.300
2472.140,overrun,A_leg2,4.754,-0.504,27.961,27.513,0.448,OVERRUN by 2428.20s,1,0.0500,0,-1.4497,1,0.3000,0,-1.4497,0.000,0.300
2473.168,overrun,A_leg2,4.754,-0.504,27.961,27.513,0.448,OVERRUN by 2429.23s,1,0.0500,0,-1.4497,1,0.3000,0,-1.4497,0.000,0.300
2474.211,overrun,A_leg2,4.754,-0.504,27.961,27.513,0.448,OVERRUN by 2430.27s,1,0.0500,0,-1.4497,1,0.3000,0,-1.4497,0.000,0.300
2475.243,overrun,A_leg2,4.754,-0.504,27.961,27.513,0.448,OVERRUN by 2431.31s,1,0.0500,0,-1.4497,1,0.3000,0,-1.4497,0.000,0.300
2476.268,overrun,A_leg2,4.754,-0.504,27.961,27.513,0.448,OVERRUN by 2432.33s,1,0.0500,0,-1.4497,1,0.3000,0,-1.4497,0.000,0.300
2477.308,overrun,A_leg2,4.754,-0.504,27.961,27.513,0.448,OVERRUN by 2433.37s,1,0.0500,0,-1.4497,1,0.3000,0,-1.4497,0.000,0.300
2478.331,overrun,A_leg2,4.754,-0.504,27.961,27.513,0.448,OVERRUN by 2434.39s,1,0.0500,0,-1.4497,1,0.3000,0,-1.4497,0.000,0.300
2479.377,overrun,A_leg2,4.754,-0.504,27.961,27.513,0.448,OVERRUN by 2435.44s,1,0.0500,0,-1.4497,1,0.3000,0,-1.4497,0.000,0.300
2480.405,overrun,A_leg2,4.754,-0.504,27.961,27.513,0.448,OVERRUN by 2436.47s,1,0.0500,0,-1.4497,1,0.3000,0,-1.4497,0.000,0.300
2481.431,overrun,A_leg2,4.754,-0.504,27.961,27.513,0.448,OVERRUN by 2437.49s,1,0.0500,0,-1.4497,1,0.3000,0,-1.4497,0.000,0.300
2482.467,overrun,A_leg2,4.754,-0.504,27.961,27.513,0.448,OVERRUN by 2438.53s,1,0.0500,0,-1.4497,1,0.3000,0,-1.4497,0.000,0.300
2483.500,overrun,A_leg2,4.754,-0.504,27.961,27.513,0.448,OVERRUN by 2439.56s,1,0.0500,0,-1.4497,1,0.3000,0,-1.4497,0.000,0.300
2484.534,overrun,A_leg2,4.754,-0.504,27.961,27.513,0.448,OVERRUN by 2440.60s,1,0.0500,0,-1.4497,1,0.3000,0,-1.4497,0.000,0.300
2485.567,overrun,A_leg2,4.754,-0.504,27.961,27.513,0.448,OVERRUN by 2441.63s,1,0.0500,0,-1.4497,1,0.3000,0,-1.4497,0.000,0.300
2486.600,overrun,A_leg2,4.754,-0.504,27.961,27.513,0.448,OVERRUN by 2442.66s,1,0.0500,0,-1.4497,1,0.3000,0,-1.4497,0.000,0.300
2487.625,overrun,A_leg2,4.754,-0.504,27.961,27.513,0.448,OVERRUN by 2443.69s,1,0.0500,0,-1.4497,1,0.3000,0,-1.4497,0.000,0.300
2488.666,overrun,A_leg2,4.754,-0.504,27.961,27.513,0.448,OVERRUN by 2444.73s,1,0.0500,0,-1.4497,1,0.3000,0,-1.4497,0.000,0.300
2489.698,overrun,A_leg2,4.754,-0.504,27.961,27.513,0.448,OVERRUN by 2445.76s,1,0.0500,0,-1.4497,1,0.3000,0,-1.4497,0.000,0.300
2490.733,overrun,A_leg2,4.754,-0.504,27.961,27.513,0.448,OVERRUN by 2446.80s,1,0.0500,0,-1.4497,1,0.3000,0,-1.4497,0.000,0.300
2491.764,overrun,A_leg2,4.754,-0.504,27.961,27.513,0.448,OVERRUN by 2447.83s,1,0.0500,0,-1.4497,1,0.3000,0,-1.4497,0.000,0.300
2492.789,overrun,A_leg2,4.754,-0.504,27.961,27.513,0.448,OVERRUN by 2448.85s,1,0.0500,0,-1.4497,1,0.3000,0,-1.4497,0.000,0.300
2493.825,overrun,A_leg2,4.754,-0.504,27.961,27.513,0.448,OVERRUN by 2449.89s,1,0.0500,0,-1.4497,1,0.3000,0,-1.4497,0.000,0.300
2494.863,overrun,A_leg2,4.754,-0.504,27.961,27.513,0.448,OVERRUN by 2450.93s,1,0.0500,0,-1.4497,1,0.3000,0,-1.4497,0.000,0.300
2495.883,overrun,A_leg2,4.754,-0.504,27.961,27.513,0.448,OVERRUN by 2451.95s,1,0.0500,0,-1.4497,1,0.3000,0,-1.4497,0.000,0.300
2496.918,overrun,A_leg2,4.754,-0.504,27.961,27.513,0.448,OVERRUN by 2452.98s,1,0.0500,0,-1.4497,1,0.3000,0,-1.4497,0.000,0.300
2497.955,overrun,A_leg2,4.754,-0.504,27.961,27.513,0.448,OVERRUN by 2454.02s,1,0.0500,0,-1.4497,1,0.3000,0,-1.4497,0.000,0.300
2498.988,overrun,A_leg2,4.754,-0.504,27.961,27.513,0.448,OVERRUN by 2455.05s,1,0.0500,0,-1.4497,1,0.3000,0,-1.4497,0.000,0.300
2500.012,overrun,A_leg2,4.754,-0.504,27.961,27.513,0.448,OVERRUN by 2456.08s,1,0.0500,0,-1.4497,1,0.3000,0,-1.4497,0.000,0.300
2501.050,overrun,A_leg2,4.754,-0.504,27.961,27.513,0.448,OVERRUN by 2457.11s,1,0.0500,0,-1.4497,1,0.3000,0,-1.4497,0.000,0.300
2502.076,overrun,A_leg2,4.754,-0.504,27.961,27.513,0.448,OVERRUN by 2458.14s,1,0.0500,0,-1.4497,1,0.3000,0,-1.4497,0.000,0.300
2503.106,overrun,A_leg2,4.754,-0.504,27.961,27.513,0.448,OVERRUN by 2459.17s,1,0.0500,0,-1.4497,1,0.3000,0,-1.4497,0.000,0.300
2504.132,overrun,A_leg2,4.754,-0.504,27.961,27.513,0.448,OVERRUN by 2460.20s,1,0.0500,0,-1.4497,1,0.3000,0,-1.4497,0.000,0.300
2505.164,overrun,A_leg2,4.754,-0.504,27.961,27.513,0.448,OVERRUN by 2461.23s,1,0.0500,0,-1.4497,1,0.3000,0,-1.4497,0.000,0.300
2506.192,overrun,A_leg2,4.754,-0.504,27.961,27.513,0.448,OVERRUN by 2462.26s,1,0.0500,0,-1.4497,1,0.3000,0,-1.4497,0.000,0.300
2507.224,overrun,A_leg2,4.754,-0.504,27.961,27.513,0.448,OVERRUN by 2463.29s,1,0.0500,0,-1.4497,1,0.3000,0,-1.4497,0.000,0.300
2508.265,overrun,A_leg2,4.754,-0.504,27.961,27.513,0.448,OVERRUN by 2464.33s,1,0.0500,0,-1.4497,1,0.3000,0,-1.4497,0.000,0.300
2509.293,overrun,A_leg2,4.754,-0.504,27.961,27.513,0.448,OVERRUN by 2465.36s,1,0.0500,0,-1.4497,1,0.3000,0,-1.4497,0.000,0.300
2510.326,overrun,A_leg2,4.754,-0.504,27.961,27.513,0.448,OVERRUN by 2466.39s,1,0.0500,0,-1.4497,1,0.3000,0,-1.4497,0.000,0.300
2511.353,overrun,A_leg2,4.754,-0.504,27.961,27.513,0.448,OVERRUN by 2467.42s,1,0.0500,0,-1.4497,1,0.3000,0,-1.4497,0.000,0.300
2512.381,overrun,A_leg2,4.754,-0.504,27.961,27.513,0.448,OVERRUN by 2468.45s,1,0.0500,0,-1.4497,1,0.3000,0,-1.4497,0.000,0.300
2513.409,overrun,A_leg2,4.754,-0.504,27.961,27.513,0.448,OVERRUN by 2469.47s,1,0.0500,0,-1.4497,1,0.3000,0,-1.4497,0.000,0.300
2514.440,overrun,A_leg2,4.754,-0.504,27.961,27.513,0.448,OVERRUN by 2470.50s,1,0.0500,0,-1.4497,1,0.3000,0,-1.4497,0.000,0.300
2515.475,overrun,A_leg2,4.754,-0.504,27.961,27.513,0.448,OVERRUN by 2471.54s,1,0.0500,0,-1.4497,1,0.3000,0,-1.4497,0.000,0.300
2516.509,overrun,A_leg2,4.754,-0.504,27.961,27.513,0.448,OVERRUN by 2472.57s,1,0.0500,0,-1.4497,1,0.3000,0,-1.4497,0.000,0.300
2517.545,overrun,A_leg2,4.754,-0.504,27.961,27.513,0.448,OVERRUN by 2473.61s,1,0.0500,0,-1.4497,1,0.3000,0,-1.4497,0.000,0.300
2518.585,overrun,A_leg2,4.754,-0.504,27.961,27.513,0.448,OVERRUN by 2474.65s,1,0.0500,0,-1.4497,1,0.3000,0,-1.4497,0.000,0.300
2519.619,overrun,A_leg2,4.754,-0.504,27.961,27.513,0.448,OVERRUN by 2475.68s,1,0.0500,0,-1.4497,1,0.3000,0,-1.4497,0.000,0.300
2520.654,overrun,A_leg2,4.754,-0.504,27.961,27.513,0.448,OVERRUN by 2476.72s,1,0.0500,0,-1.4497,1,0.3000,0,-1.4497,0.000,0.300
2521.684,overrun,A_leg2,4.754,-0.504,27.961,27.513,0.448,OVERRUN by 2477.75s,1,0.0500,0,-1.4497,1,0.3000,0,-1.4497,0.000,0.300
2522.725,overrun,A_leg2,4.754,-0.504,27.961,27.513,0.448,OVERRUN by 2478.79s,1,0.0500,0,-1.4497,1,0.3000,0,-1.4497,0.000,0.300
2523.752,overrun,A_leg2,4.754,-0.504,27.961,27.513,0.448,OVERRUN by 2479.82s,1,0.0500,0,-1.4497,1,0.3000,0,-1.4497,0.000,0.300
2524.787,overrun,A_leg2,4.754,-0.504,27.961,27.513,0.448,OVERRUN by 2480.85s,1,0.0500,0,-1.4497,1,0.3000,0,-1.4497,0.000,0.300
2525.810,overrun,A_leg2,4.754,-0.504,27.961,27.513,0.448,OVERRUN by 2481.87s,1,0.0500,0,-1.4497,1,0.3000,0,-1.4497,0.000,0.300
2526.825,overrun,A_leg2,4.754,-0.504,27.961,27.513,0.448,OVERRUN by 2482.89s,1,0.0500,0,-1.4497,1,0.3000,0,-1.4497,0.000,0.300
2527.858,overrun,A_leg2,4.754,-0.504,27.961,27.513,0.448,OVERRUN by 2483.92s,1,0.0500,0,-1.4497,1,0.3000,0,-1.4497,0.000,0.300
2528.892,overrun,A_leg2,4.754,-0.504,27.961,27.513,0.448,OVERRUN by 2484.96s,1,0.0500,0,-1.4497,1,0.3000,0,-1.4497,0.000,0.300
2529.921,overrun,A_leg2,4.754,-0.504,27.961,27.513,0.448,OVERRUN by 2485.98s,1,0.0500,0,-1.4497,1,0.3000,0,-1.4497,0.000,0.300
2530.947,overrun,A_leg2,4.754,-0.504,27.961,27.513,0.448,OVERRUN by 2487.01s,1,0.0500,0,-1.4497,1,0.3000,0,-1.4497,0.000,0.300
2531.980,overrun,A_leg2,4.754,-0.504,27.961,27.513,0.448,OVERRUN by 2488.04s,1,0.0500,0,-1.4497,1,0.3000,0,-1.4497,0.000,0.300
2533.018,overrun,A_leg2,4.754,-0.504,27.961,27.513,0.448,OVERRUN by 2489.08s,1,0.0500,0,-1.4497,1,0.3000,0,-1.4497,0.000,0.300
2534.051,overrun,A_leg2,4.754,-0.504,27.961,27.513,0.448,OVERRUN by 2490.12s,1,0.0500,0,-1.4497,1,0.3000,0,-1.4497,0.000,0.300
2535.085,overrun,A_leg2,4.754,-0.504,27.961,27.513,0.448,OVERRUN by 2491.15s,1,0.0500,0,-1.4497,1,0.3000,0,-1.4497,0.000,0.300
2536.101,overrun,A_leg2,4.754,-0.504,27.961,27.513,0.448,OVERRUN by 2492.16s,1,0.0500,0,-1.4497,1,0.3000,0,-1.4497,0.000,0.300
2537.132,overrun,A_leg2,4.754,-0.504,27.961,27.513,0.448,OVERRUN by 2493.20s,1,0.0500,0,-1.4497,1,0.3000,0,-1.4497,0.000,0.300
2538.170,overrun,A_leg2,4.754,-0.504,27.961,27.513,0.448,OVERRUN by 2494.23s,1,0.0500,0,-1.4497,1,0.3000,0,-1.4497,0.000,0.300
2539.203,overrun,A_leg2,4.754,-0.504,27.961,27.513,0.448,OVERRUN by 2495.27s,1,0.0500,0,-1.4497,1,0.3000,0,-1.4497,0.000,0.300
2540.233,overrun,A_leg2,4.754,-0.504,27.961,27.513,0.448,OVERRUN by 2496.30s,1,0.0500,0,-1.4497,1,0.3000,0,-1.4497,0.000,0.300
2541.258,overrun,A_leg2,4.754,-0.504,27.961,27.513,0.448,OVERRUN by 2497.32s,1,0.0500,0,-1.4497,1,0.3000,0,-1.4497,0.000,0.300
2542.283,overrun,A_leg2,4.754,-0.504,27.961,27.513,0.448,OVERRUN by 2498.35s,1,0.0500,0,-1.4497,1,0.3000,0,-1.4497,0.000,0.300
2543.316,overrun,A_leg2,4.754,-0.504,27.961,27.513,0.448,OVERRUN by 2499.38s,1,0.0500,0,-1.4497,1,0.3000,0,-1.4497,0.000,0.300
2544.340,overrun,A_leg2,4.754,-0.504,27.961,27.513,0.448,OVERRUN by 2500.40s,1,0.0500,0,-1.4497,1,0.3000,0,-1.4497,0.000,0.300
2545.371,overrun,A_leg2,4.754,-0.504,27.961,27.513,0.448,OVERRUN by 2501.43s,1,0.0500,0,-1.4497,1,0.3000,0,-1.4497,0.000,0.300
2546.401,overrun,A_leg2,4.754,-0.504,27.961,27.513,0.448,OVERRUN by 2502.46s,1,0.0500,0,-1.4497,1,0.3000,0,-1.4497,0.000,0.300
2547.432,overrun,A_leg2,4.754,-0.504,27.961,27.513,0.448,OVERRUN by 2503.50s,1,0.0500,0,-1.4497,1,0.3000,0,-1.4497,0.000,0.300
2548.463,overrun,A_leg2,4.754,-0.504,27.961,27.513,0.448,OVERRUN by 2504.53s,1,0.0500,0,-1.4497,1,0.3000,0,-1.4497,0.000,0.300
2549.496,overrun,A_leg2,4.754,-0.504,27.961,27.513,0.448,OVERRUN by 2505.56s,1,0.0500,0,-1.4497,1,0.3000,0,-1.4497,0.000,0.300
2550.522,overrun,A_leg2,4.754,-0.504,27.961,27.513,0.448,OVERRUN by 2506.59s,1,0.0500,0,-1.4497,1,0.3000,0,-1.4497,0.000,0.300
2551.553,overrun,A_leg2,4.754,-0.504,27.961,27.513,0.448,OVERRUN by 2507.62s,1,0.0500,0,-1.4497,1,0.3000,0,-1.4497,0.000,0.300
2552.583,overrun,A_leg2,4.754,-0.504,27.961,27.513,0.448,OVERRUN by 2508.65s,1,0.0500,0,-1.4497,1,0.3000,0,-1.4497,0.000,0.300
2553.626,overrun,A_leg2,4.754,-0.504,27.961,27.513,0.448,OVERRUN by 2509.69s,1,0.0500,0,-1.4497,1,0.3000,0,-1.4497,0.000,0.300
2554.651,overrun,A_leg2,4.754,-0.504,27.961,27.513,0.448,OVERRUN by 2510.71s,1,0.0500,0,-1.4497,1,0.3000,0,-1.4497,0.000,0.300
2555.692,overrun,A_leg2,4.754,-0.504,27.961,27.513,0.448,OVERRUN by 2511.76s,1,0.0500,0,-1.4497,1,0.3000,0,-1.4497,0.000,0.300
2556.727,overrun,A_leg2,4.754,-0.504,27.961,27.513,0.448,OVERRUN by 2512.79s,1,0.0500,0,-1.4497,1,0.3000,0,-1.4497,0.000,0.300
2557.752,overrun,A_leg2,4.754,-0.504,27.961,27.513,0.448,OVERRUN by 2513.82s,1,0.0500,0,-1.4497,1,0.3000,0,-1.4497,0.000,0.300
2558.782,overrun,A_leg2,4.754,-0.504,27.961,27.513,0.448,OVERRUN by 2514.85s,1,0.0500,0,-1.4497,1,0.3000,0,-1.4497,0.000,0.300
2559.816,overrun,A_leg2,4.754,-0.504,27.961,27.513,0.448,OVERRUN by 2515.88s,1,0.0500,0,-1.4497,1,0.3000,0,-1.4497,0.000,0.300
2560.846,overrun,A_leg2,4.754,-0.504,27.961,27.513,0.448,OVERRUN by 2516.91s,1,0.0500,0,-1.4497,1,0.3000,0,-1.4497,0.000,0.300
2561.880,overrun,A_leg2,4.754,-0.504,27.961,27.513,0.448,OVERRUN by 2517.94s,1,0.0500,0,-1.4497,1,0.3000,0,-1.4497,0.000,0.300
2562.904,overrun,A_leg2,4.754,-0.504,27.961,27.513,0.448,OVERRUN by 2518.97s,1,0.0500,0,-1.4497,1,0.3000,0,-1.4497,0.000,0.300
2563.938,overrun,A_leg2,4.754,-0.504,27.961,27.513,0.448,OVERRUN by 2520.00s,1,0.0500,0,-1.4497,1,0.3000,0,-1.4497,0.000,0.300
2564.982,overrun,A_leg2,4.754,-0.504,27.961,27.513,0.448,OVERRUN by 2521.05s,1,0.0500,0,-1.4497,1,0.3000,0,-1.4497,0.000,0.300
2566.010,overrun,A_leg2,4.754,-0.504,27.961,27.513,0.448,OVERRUN by 2522.07s,1,0.0500,0,-1.4497,1,0.3000,0,-1.4497,0.000,0.300
2567.048,overrun,A_leg2,4.754,-0.504,27.961,27.513,0.448,OVERRUN by 2523.11s,1,0.0500,0,-1.4497,1,0.3000,0,-1.4497,0.000,0.300
2568.078,overrun,A_leg2,4.754,-0.504,27.961,27.513,0.448,OVERRUN by 2524.14s,1,0.0500,0,-1.4497,1,0.3000,0,-1.4497,0.000,0.300
2569.106,overrun,A_leg2,4.754,-0.504,27.961,27.513,0.448,OVERRUN by 2525.17s,1,0.0500,0,-1.4497,1,0.3000,0,-1.4497,0.000,0.300
2570.130,overrun,A_leg2,4.754,-0.504,27.961,27.513,0.448,OVERRUN by 2526.19s,1,0.0500,0,-1.4497,1,0.3000,0,-1.4497,0.000,0.300
2571.167,overrun,A_leg2,4.754,-0.504,27.961,27.513,0.448,OVERRUN by 2527.23s,1,0.0500,0,-1.4497,1,0.3000,0,-1.4497,0.000,0.300
2572.192,overrun,A_leg2,4.754,-0.504,27.961,27.513,0.448,OVERRUN by 2528.26s,1,0.0500,0,-1.4497,1,0.3000,0,-1.4497,0.000,0.300
2573.221,overrun,A_leg2,4.754,-0.504,27.961,27.513,0.448,OVERRUN by 2529.29s,1,0.0500,0,-1.4497,1,0.3000,0,-1.4497,0.000,0.300
2574.250,overrun,A_leg2,4.754,-0.504,27.961,27.513,0.448,OVERRUN by 2530.31s,1,0.0500,0,-1.4497,1,0.3000,0,-1.4497,0.000,0.300
2575.275,overrun,A_leg2,4.754,-0.504,27.961,27.513,0.448,OVERRUN by 2531.34s,1,0.0500,0,-1.4497,1,0.3000,0,-1.4497,0.000,0.300
2576.300,overrun,A_leg2,4.754,-0.504,27.961,27.513,0.448,OVERRUN by 2532.36s,1,0.0500,0,-1.4497,1,0.3000,0,-1.4497,0.000,0.300
2577.337,overrun,A_leg2,4.754,-0.504,27.961,27.513,0.448,OVERRUN by 2533.40s,1,0.0500,0,-1.4497,1,0.3000,0,-1.4497,0.000,0.300
2578.366,overrun,A_leg2,4.754,-0.504,27.961,27.513,0.448,OVERRUN by 2534.43s,1,0.0500,0,-1.4497,1,0.3000,0,-1.4497,0.000,0.300
2579.391,overrun,A_leg2,4.754,-0.504,27.961,27.513,0.448,OVERRUN by 2535.45s,1,0.0500,0,-1.4497,1,0.3000,0,-1.4497,0.000,0.300
2580.417,overrun,A_leg2,4.754,-0.504,27.961,27.513,0.448,OVERRUN by 2536.48s,1,0.0500,0,-1.4497,1,0.3000,0,-1.4497,0.000,0.300
2581.452,overrun,A_leg2,4.754,-0.504,27.961,27.513,0.448,OVERRUN by 2537.52s,1,0.0500,0,-1.4497,1,0.3000,0,-1.4497,0.000,0.300
2582.478,overrun,A_leg2,4.754,-0.504,27.961,27.513,0.448,OVERRUN by 2538.54s,1,0.0500,0,-1.4497,1,0.3000,0,-1.4497,0.000,0.300
2583.510,overrun,A_leg2,4.754,-0.504,27.961,27.513,0.448,OVERRUN by 2539.57s,1,0.0500,0,-1.4497,1,0.3000,0,-1.4497,0.000,0.300
2584.546,overrun,A_leg2,4.754,-0.504,27.961,27.513,0.448,OVERRUN by 2540.61s,1,0.0500,0,-1.4497,1,0.3000,0,-1.4497,0.000,0.300
2585.580,overrun,A_leg2,4.754,-0.504,27.961,27.513,0.448,OVERRUN by 2541.64s,1,0.0500,0,-1.4497,1,0.3000,0,-1.4497,0.000,0.300
2586.619,overrun,A_leg2,4.754,-0.504,27.961,27.513,0.448,OVERRUN by 2542.68s,1,0.0500,0,-1.4497,1,0.3000,0,-1.4497,0.000,0.300
2587.655,overrun,A_leg2,4.754,-0.504,27.961,27.513,0.448,OVERRUN by 2543.72s,1,0.0500,0,-1.4497,1,0.3000,0,-1.4497,0.000,0.300
2588.689,overrun,A_leg2,4.754,-0.504,27.961,27.513,0.448,OVERRUN by 2544.75s,1,0.0500,0,-1.4497,1,0.3000,0,-1.4497,0.000,0.300
2589.730,overrun,A_leg2,4.754,-0.504,27.961,27.513,0.448,OVERRUN by 2545.79s,1,0.0500,0,-1.4497,1,0.3000,0,-1.4497,0.000,0.300
2590.763,overrun,A_leg2,4.754,-0.504,27.961,27.513,0.448,OVERRUN by 2546.83s,1,0.0500,0,-1.4497,1,0.3000,0,-1.4497,0.000,0.300
2591.799,overrun,A_leg2,4.754,-0.504,27.961,27.513,0.448,OVERRUN by 2547.86s,1,0.0500,0,-1.4497,1,0.3000,0,-1.4497,0.000,0.300
2592.830,overrun,A_leg2,4.754,-0.504,27.961,27.513,0.448,OVERRUN by 2548.89s,1,0.0500,0,-1.4497,1,0.3000,0,-1.4497,0.000,0.300
2593.867,overrun,A_leg2,4.754,-0.504,27.961,27.513,0.448,OVERRUN by 2549.93s,1,0.0500,0,-1.4497,1,0.3000,0,-1.4497,0.000,0.300
2594.892,overrun,A_leg2,4.754,-0.504,27.961,27.513,0.448,OVERRUN by 2550.96s,1,0.0500,0,-1.4497,1,0.3000,0,-1.4497,0.000,0.300
2595.926,overrun,A_leg2,4.754,-0.504,27.961,27.513,0.448,OVERRUN by 2551.99s,1,0.0500,0,-1.4497,1,0.3000,0,-1.4497,0.000,0.300
2596.960,overrun,A_leg2,4.754,-0.504,27.961,27.513,0.448,OVERRUN by 2553.02s,1,0.0500,0,-1.4497,1,0.3000,0,-1.4497,0.000,0.300
2597.998,overrun,A_leg2,4.754,-0.504,27.961,27.513,0.448,OVERRUN by 2554.06s,1,0.0500,0,-1.4497,1,0.3000,0,-1.4497,0.000,0.300
2599.037,overrun,A_leg2,4.754,-0.504,27.961,27.513,0.448,OVERRUN by 2555.10s,1,0.0500,0,-1.4497,1,0.3000,0,-1.4497,0.000,0.300
2600.078,overrun,A_leg2,4.754,-0.504,27.961,27.513,0.448,OVERRUN by 2556.14s,1,0.0500,0,-1.4497,1,0.3000,0,-1.4497,0.000,0.300
2601.100,overrun,A_leg2,4.754,-0.504,27.961,27.513,0.448,OVERRUN by 2557.16s,1,0.0500,0,-1.4497,1,0.3000,0,-1.4497,0.000,0.300
2602.127,overrun,A_leg2,4.754,-0.504,27.961,27.513,0.448,OVERRUN by 2558.19s,1,0.0500,0,-1.4497,1,0.3000,0,-1.4497,0.000,0.300
2603.161,overrun,A_leg2,4.754,-0.504,27.961,27.513,0.448,OVERRUN by 2559.22s,1,0.0500,0,-1.4497,1,0.3000,0,-1.4497,0.000,0.300
2604.195,overrun,A_leg2,4.754,-0.504,27.961,27.513,0.448,OVERRUN by 2560.26s,1,0.0500,0,-1.4497,1,0.3000,0,-1.4497,0.000,0.300
2605.231,overrun,A_leg2,4.754,-0.504,27.961,27.513,0.448,OVERRUN by 2561.29s,1,0.0500,0,-1.4497,1,0.3000,0,-1.4497,0.000,0.300
2606.272,overrun,A_leg2,4.754,-0.504,27.961,27.513,0.448,OVERRUN by 2562.34s,1,0.0500,0,-1.4497,1,0.3000,0,-1.4497,0.000,0.300
2607.305,overrun,A_leg2,4.754,-0.504,27.961,27.513,0.448,OVERRUN by 2563.37s,1,0.0500,0,-1.4497,1,0.3000,0,-1.4497,0.000,0.300
2608.348,overrun,A_leg2,4.754,-0.504,27.961,27.513,0.448,OVERRUN by 2564.41s,1,0.0500,0,-1.4497,1,0.3000,0,-1.4497,0.000,0.300
2609.384,overrun,A_leg2,4.754,-0.504,27.961,27.513,0.448,OVERRUN by 2565.45s,1,0.0500,0,-1.4497,1,0.3000,0,-1.4497,0.000,0.300
2610.398,overrun,A_leg2,4.754,-0.504,27.961,27.513,0.448,OVERRUN by 2566.46s,1,0.0500,0,-1.4497,1,0.3000,0,-1.4497,0.000,0.300
2611.418,overrun,A_leg2,4.754,-0.504,27.961,27.513,0.448,OVERRUN by 2567.48s,1,0.0500,0,-1.4497,1,0.3000,0,-1.4497,0.000,0.300
2612.452,overrun,A_leg2,4.754,-0.504,27.961,27.513,0.448,OVERRUN by 2568.52s,1,0.0500,0,-1.4497,1,0.3000,0,-1.4497,0.000,0.300
2613.483,overrun,A_leg2,4.754,-0.504,27.961,27.513,0.448,OVERRUN by 2569.55s,1,0.0500,0,-1.4497,1,0.3000,0,-1.4497,0.000,0.300
2614.508,overrun,A_leg2,4.754,-0.504,27.961,27.513,0.448,OVERRUN by 2570.57s,1,0.0500,0,-1.4497,1,0.3000,0,-1.4497,0.000,0.300
2615.531,overrun,A_leg2,4.754,-0.504,27.961,27.513,0.448,OVERRUN by 2571.60s,1,0.0500,0,-1.4497,1,0.3000,0,-1.4497,0.000,0.300
2616.557,overrun,A_leg2,4.754,-0.504,27.961,27.513,0.448,OVERRUN by 2572.62s,1,0.0500,0,-1.4497,1,0.3000,0,-1.4497,0.000,0.300
2617.583,overrun,A_leg2,4.754,-0.504,27.961,27.513,0.448,OVERRUN by 2573.65s,1,0.0500,0,-1.4497,1,0.3000,0,-1.4497,0.000,0.300
2618.608,overrun,A_leg2,4.754,-0.504,27.961,27.513,0.448,OVERRUN by 2574.67s,1,0.0500,0,-1.4497,1,0.3000,0,-1.4497,0.000,0.300
2619.632,overrun,A_leg2,4.754,-0.504,27.961,27.513,0.448,OVERRUN by 2575.70s,1,0.0500,0,-1.4497,1,0.3000,0,-1.4497,0.000,0.300
2620.666,overrun,A_leg2,4.754,-0.504,27.961,27.513,0.448,OVERRUN by 2576.73s,1,0.0500,0,-1.4497,1,0.3000,0,-1.4497,0.000,0.300
2621.705,overrun,A_leg2,4.754,-0.504,27.961,27.513,0.448,OVERRUN by 2577.77s,1,0.0500,0,-1.4497,1,0.3000,0,-1.4497,0.000,0.300
2622.746,overrun,A_leg2,4.754,-0.504,27.961,27.513,0.448,OVERRUN by 2578.81s,1,0.0500,0,-1.4497,1,0.3000,0,-1.4497,0.000,0.300
2623.779,overrun,A_leg2,4.754,-0.504,27.961,27.513,0.448,OVERRUN by 2579.84s,1,0.0500,0,-1.4497,1,0.3000,0,-1.4497,0.000,0.300
2624.810,overrun,A_leg2,4.754,-0.504,27.961,27.513,0.448,OVERRUN by 2580.87s,1,0.0500,0,-1.4497,1,0.3000,0,-1.4497,0.000,0.300
2625.839,overrun,A_leg2,4.754,-0.504,27.961,27.513,0.448,OVERRUN by 2581.90s,1,0.0500,0,-1.4497,1,0.3000,0,-1.4497,0.000,0.300
2626.868,overrun,A_leg2,4.754,-0.504,27.961,27.513,0.448,OVERRUN by 2582.93s,1,0.0500,0,-1.4497,1,0.3000,0,-1.4497,0.000,0.300
2627.901,overrun,A_leg2,4.754,-0.504,27.961,27.513,0.448,OVERRUN by 2583.96s,1,0.0500,0,-1.4497,1,0.3000,0,-1.4497,0.000,0.300
2628.930,overrun,A_leg2,4.754,-0.504,27.961,27.513,0.448,OVERRUN by 2584.99s,1,0.0500,0,-1.4497,1,0.3000,0,-1.4497,0.000,0.300
2629.965,overrun,A_leg2,4.754,-0.504,27.961,27.513,0.448,OVERRUN by 2586.03s,1,0.0500,0,-1.4497,1,0.3000,0,-1.4497,0.000,0.300
2630.998,overrun,A_leg2,4.754,-0.504,27.961,27.513,0.448,OVERRUN by 2587.06s,1,0.0500,0,-1.4497,1,0.3000,0,-1.4497,0.000,0.300
2632.036,overrun,A_leg2,4.754,-0.504,27.961,27.513,0.448,OVERRUN by 2588.10s,1,0.0500,0,-1.4497,1,0.3000,0,-1.4497,0.000,0.300
2633.070,overrun,A_leg2,4.754,-0.504,27.961,27.513,0.448,OVERRUN by 2589.13s,1,0.0500,0,-1.4497,1,0.3000,0,-1.4497,0.000,0.300
2634.097,overrun,A_leg2,4.754,-0.504,27.961,27.513,0.448,OVERRUN by 2590.16s,1,0.0500,0,-1.4497,1,0.3000,0,-1.4497,0.000,0.300
2635.131,overrun,A_leg2,4.754,-0.504,27.961,27.513,0.448,OVERRUN by 2591.19s,1,0.0500,0,-1.4497,1,0.3000,0,-1.4497,0.000,0.300
2636.175,overrun,A_leg2,4.754,-0.504,27.961,27.513,0.448,OVERRUN by 2592.24s,1,0.0500,0,-1.4497,1,0.3000,0,-1.4497,0.000,0.300
2637.205,overrun,A_leg2,4.754,-0.504,27.961,27.513,0.448,OVERRUN by 2593.27s,1,0.0500,0,-1.4497,1,0.3000,0,-1.4497,0.000,0.300
2638.241,overrun,A_leg2,4.754,-0.504,27.961,27.513,0.448,OVERRUN by 2594.31s,1,0.0500,0,-1.4497,1,0.3000,0,-1.4497,0.000,0.300
2639.280,overrun,A_leg2,4.754,-0.504,27.961,27.513,0.448,OVERRUN by 2595.34s,1,0.0500,0,-1.4497,1,0.3000,0,-1.4497,0.000,0.300
2640.305,overrun,A_leg2,4.754,-0.504,27.961,27.513,0.448,OVERRUN by 2596.37s,1,0.0500,0,-1.4497,1,0.3000,0,-1.4497,0.000,0.300
2641.334,overrun,A_leg2,4.754,-0.504,27.961,27.513,0.448,OVERRUN by 2597.40s,1,0.0500,0,-1.4497,1,0.3000,0,-1.4497,0.000,0.300
2642.361,overrun,A_leg2,4.754,-0.504,27.961,27.513,0.448,OVERRUN by 2598.42s,1,0.0500,0,-1.4497,1,0.3000,0,-1.4497,0.000,0.300
2643.381,overrun,A_leg2,4.754,-0.504,27.961,27.513,0.448,OVERRUN by 2599.44s,1,0.0500,0,-1.4497,1,0.3000,0,-1.4497,0.000,0.300
2644.405,overrun,A_leg2,4.754,-0.504,27.961,27.513,0.448,OVERRUN by 2600.47s,1,0.0500,0,-1.4497,1,0.3000,0,-1.4497,0.000,0.300
2645.436,overrun,A_leg2,4.754,-0.504,27.961,27.513,0.448,OVERRUN by 2601.50s,1,0.0500,0,-1.4497,1,0.3000,0,-1.4497,0.000,0.300
2646.474,overrun,A_leg2,4.754,-0.504,27.961,27.513,0.448,OVERRUN by 2602.54s,1,0.0500,0,-1.4497,1,0.3000,0,-1.4497,0.000,0.300
2647.515,overrun,A_leg2,4.754,-0.504,27.961,27.513,0.448,OVERRUN by 2603.58s,1,0.0500,0,-1.4497,1,0.3000,0,-1.4497,0.000,0.300
2648.549,overrun,A_leg2,4.754,-0.504,27.961,27.513,0.448,OVERRUN by 2604.61s,1,0.0500,0,-1.4497,1,0.3000,0,-1.4497,0.000,0.300
2649.578,overrun,A_leg2,4.754,-0.504,27.961,27.513,0.448,OVERRUN by 2605.64s,1,0.0500,0,-1.4497,1,0.3000,0,-1.4497,0.000,0.300
2650.615,overrun,A_leg2,4.754,-0.504,27.961,27.513,0.448,OVERRUN by 2606.68s,1,0.0500,0,-1.4497,1,0.3000,0,-1.4497,0.000,0.300
2651.645,overrun,A_leg2,4.754,-0.504,27.961,27.513,0.448,OVERRUN by 2607.71s,1,0.0500,0,-1.4497,1,0.3000,0,-1.4497,0.000,0.300
2652.675,overrun,A_leg2,4.754,-0.504,27.961,27.513,0.448,OVERRUN by 2608.74s,1,0.0500,0,-1.4497,1,0.3000,0,-1.4497,0.000,0.300
2653.717,overrun,A_leg2,4.754,-0.504,27.961,27.513,0.448,OVERRUN by 2609.78s,1,0.0500,0,-1.4497,1,0.3000,0,-1.4497,0.000,0.300
2654.755,overrun,A_leg2,4.754,-0.504,27.961,27.513,0.448,OVERRUN by 2610.82s,1,0.0500,0,-1.4497,1,0.3000,0,-1.4497,0.000,0.300
2655.791,overrun,A_leg2,4.754,-0.504,27.961,27.513,0.448,OVERRUN by 2611.85s,1,0.0500,0,-1.4497,1,0.3000,0,-1.4497,0.000,0.300
2656.831,overrun,A_leg2,4.754,-0.504,27.961,27.513,0.448,OVERRUN by 2612.89s,1,0.0500,0,-1.4497,1,0.3000,0,-1.4497,0.000,0.300
2657.864,overrun,A_leg2,4.754,-0.504,27.961,27.513,0.448,OVERRUN by 2613.93s,1,0.0500,0,-1.4497,1,0.3000,0,-1.4497,0.000,0.300
2658.900,overrun,A_leg2,4.754,-0.504,27.961,27.513,0.448,OVERRUN by 2614.96s,1,0.0500,0,-1.4497,1,0.3000,0,-1.4497,0.000,0.300
2659.940,overrun,A_leg2,4.754,-0.504,27.961,27.513,0.448,OVERRUN by 2616.00s,1,0.0500,0,-1.4497,1,0.3000,0,-1.4497,0.000,0.300
2660.973,overrun,A_leg2,4.754,-0.504,27.961,27.513,0.448,OVERRUN by 2617.04s,1,0.0500,0,-1.4497,1,0.3000,0,-1.4497,0.000,0.300
2661.994,overrun,A_leg2,4.754,-0.504,27.961,27.513,0.448,OVERRUN by 2618.06s,1,0.0500,0,-1.4497,1,0.3000,0,-1.4497,0.000,0.300
2663.024,overrun,A_leg2,4.754,-0.504,27.961,27.513,0.448,OVERRUN by 2619.09s,1,0.0500,0,-1.4497,1,0.3000,0,-1.4497,0.000,0.300
2664.062,overrun,A_leg2,4.754,-0.504,27.961,27.513,0.448,OVERRUN by 2620.13s,1,0.0500,0,-1.4497,1,0.3000,0,-1.4497,0.000,0.300
2665.103,overrun,A_leg2,4.754,-0.504,27.961,27.513,0.448,OVERRUN by 2621.17s,1,0.0500,0,-1.4497,1,0.3000,0,-1.4497,0.000,0.300
2666.139,overrun,A_leg2,4.754,-0.504,27.961,27.513,0.448,OVERRUN by 2622.20s,1,0.0500,0,-1.4497,1,0.3000,0,-1.4497,0.000,0.300
2667.169,overrun,A_leg2,4.754,-0.504,27.961,27.513,0.448,OVERRUN by 2623.23s,1,0.0500,0,-1.4497,1,0.3000,0,-1.4497,0.000,0.300
2668.204,overrun,A_leg2,4.754,-0.504,27.961,27.513,0.448,OVERRUN by 2624.27s,1,0.0500,0,-1.4497,1,0.3000,0,-1.4497,0.000,0.300
2669.227,overrun,A_leg2,4.754,-0.504,27.961,27.513,0.448,OVERRUN by 2625.29s,1,0.0500,0,-1.4497,1,0.3000,0,-1.4497,0.000,0.300
2670.261,overrun,A_leg2,4.754,-0.504,27.961,27.513,0.448,OVERRUN by 2626.32s,1,0.0500,0,-1.4497,1,0.3000,0,-1.4497,0.000,0.300
2671.287,overrun,A_leg2,4.754,-0.504,27.961,27.513,0.448,OVERRUN by 2627.35s,1,0.0500,0,-1.4497,1,0.3000,0,-1.4497,0.000,0.300
2672.325,overrun,A_leg2,4.754,-0.504,27.961,27.513,0.448,OVERRUN by 2628.39s,1,0.0500,0,-1.4497,1,0.3000,0,-1.4497,0.000,0.300
2673.346,overrun,A_leg2,4.754,-0.504,27.961,27.513,0.448,OVERRUN by 2629.41s,1,0.0500,0,-1.4497,1,0.3000,0,-1.4497,0.000,0.300
2674.380,overrun,A_leg2,4.754,-0.504,27.961,27.513,0.448,OVERRUN by 2630.44s,1,0.0500,0,-1.4497,1,0.3000,0,-1.4497,0.000,0.300
2675.415,overrun,A_leg2,4.754,-0.504,27.961,27.513,0.448,OVERRUN by 2631.48s,1,0.0500,0,-1.4497,1,0.3000,0,-1.4497,0.000,0.300
2676.444,overrun,A_leg2,4.754,-0.504,27.961,27.513,0.448,OVERRUN by 2632.51s,1,0.0500,0,-1.4497,1,0.3000,0,-1.4497,0.000,0.300
2677.470,overrun,A_leg2,4.754,-0.504,27.961,27.513,0.448,OVERRUN by 2633.53s,1,0.0500,0,-1.4497,1,0.3000,0,-1.4497,0.000,0.300
2678.504,overrun,A_leg2,4.754,-0.504,27.961,27.513,0.448,OVERRUN by 2634.57s,1,0.0500,0,-1.4497,1,0.3000,0,-1.4497,0.000,0.300
2679.536,overrun,A_leg2,4.754,-0.504,27.961,27.513,0.448,OVERRUN by 2635.60s,1,0.0500,0,-1.4497,1,0.3000,0,-1.4497,0.000,0.300
2680.567,overrun,A_leg2,4.754,-0.504,27.961,27.513,0.448,OVERRUN by 2636.63s,1,0.0500,0,-1.4497,1,0.3000,0,-1.4497,0.000,0.300
2681.600,overrun,A_leg2,4.754,-0.504,27.961,27.513,0.448,OVERRUN by 2637.66s,1,0.0500,0,-1.4497,1,0.3000,0,-1.4497,0.000,0.300
2682.625,overrun,A_leg2,4.754,-0.504,27.961,27.513,0.448,OVERRUN by 2638.69s,1,0.0500,0,-1.4497,1,0.3000,0,-1.4497,0.000,0.300
2683.658,overrun,A_leg2,4.754,-0.504,27.961,27.513,0.448,OVERRUN by 2639.72s,1,0.0500,0,-1.4497,1,0.3000,0,-1.4497,0.000,0.300
2684.692,overrun,A_leg2,4.754,-0.504,27.961,27.513,0.448,OVERRUN by 2640.76s,1,0.0500,0,-1.4497,1,0.3000,0,-1.4497,0.000,0.300
2685.722,overrun,A_leg2,4.754,-0.504,27.961,27.513,0.448,OVERRUN by 2641.79s,1,0.0500,0,-1.4497,1,0.3000,0,-1.4497,0.000,0.300
2686.747,overrun,A_leg2,4.754,-0.504,27.961,27.513,0.448,OVERRUN by 2642.81s,1,0.0500,0,-1.4497,1,0.3000,0,-1.4497,0.000,0.300
2687.780,overrun,A_leg2,4.754,-0.504,27.961,27.513,0.448,OVERRUN by 2643.84s,1,0.0500,0,-1.4497,1,0.3000,0,-1.4497,0.000,0.300
2688.802,overrun,A_leg2,4.754,-0.504,27.961,27.513,0.448,OVERRUN by 2644.87s,1,0.0500,0,-1.4497,1,0.3000,0,-1.4497,0.000,0.300
2689.848,overrun,A_leg2,4.754,-0.504,27.961,27.513,0.448,OVERRUN by 2645.91s,1,0.0500,0,-1.4497,1,0.3000,0,-1.4497,0.000,0.300
2690.885,overrun,A_leg2,4.754,-0.504,27.961,27.513,0.448,OVERRUN by 2646.95s,1,0.0500,0,-1.4497,1,0.3000,0,-1.4497,0.000,0.300
2691.922,overrun,A_leg2,4.754,-0.504,27.961,27.513,0.448,OVERRUN by 2647.99s,1,0.0500,0,-1.4497,1,0.3000,0,-1.4497,0.000,0.300
2692.951,overrun,A_leg2,4.754,-0.504,27.961,27.513,0.448,OVERRUN by 2649.01s,1,0.0500,0,-1.4497,1,0.3000,0,-1.4497,0.000,0.300
2693.991,overrun,A_leg2,4.754,-0.504,27.961,27.513,0.448,OVERRUN by 2650.05s,1,0.0500,0,-1.4497,1,0.3000,0,-1.4497,0.000,0.300
2695.028,overrun,A_leg2,4.754,-0.504,27.961,27.513,0.448,OVERRUN by 2651.09s,1,0.0500,0,-1.4497,1,0.3000,0,-1.4497,0.000,0.300
2696.063,overrun,A_leg2,4.754,-0.504,27.961,27.513,0.448,OVERRUN by 2652.13s,1,0.0500,0,-1.4497,1,0.3000,0,-1.4497,0.000,0.300
2697.105,overrun,A_leg2,4.754,-0.504,27.961,27.513,0.448,OVERRUN by 2653.17s,1,0.0500,0,-1.4497,1,0.3000,0,-1.4497,0.000,0.300
2698.138,overrun,A_leg2,4.754,-0.504,27.961,27.513,0.448,OVERRUN by 2654.20s,1,0.0500,0,-1.4497,1,0.3000,0,-1.4497,0.000,0.300
2699.163,overrun,A_leg2,4.754,-0.504,27.961,27.513,0.448,OVERRUN by 2655.23s,1,0.0500,0,-1.4497,1,0.3000,0,-1.4497,0.000,0.300
2700.200,overrun,A_leg2,4.754,-0.504,27.961,27.513,0.448,OVERRUN by 2656.26s,1,0.0500,0,-1.4497,1,0.3000,0,-1.4497,0.000,0.300
2701.238,overrun,A_leg2,4.754,-0.504,27.961,27.513,0.448,OVERRUN by 2657.30s,1,0.0500,0,-1.4497,1,0.3000,0,-1.4497,0.000,0.300
2702.266,overrun,A_leg2,4.754,-0.504,27.961,27.513,0.448,OVERRUN by 2658.33s,1,0.0500,0,-1.4497,1,0.3000,0,-1.4497,0.000,0.300
2703.295,overrun,A_leg2,4.754,-0.504,27.961,27.513,0.448,OVERRUN by 2659.36s,1,0.0500,0,-1.4497,1,0.3000,0,-1.4497,0.000,0.300
2704.335,overrun,A_leg2,4.754,-0.504,27.961,27.513,0.448,OVERRUN by 2660.40s,1,0.0500,0,-1.4497,1,0.3000,0,-1.4497,0.000,0.300
2705.374,overrun,A_leg2,4.754,-0.504,27.961,27.513,0.448,OVERRUN by 2661.44s,1,0.0500,0,-1.4497,1,0.3000,0,-1.4497,0.000,0.300
2706.416,overrun,A_leg2,4.754,-0.504,27.961,27.513,0.448,OVERRUN by 2662.48s,1,0.0500,0,-1.4497,1,0.3000,0,-1.4497,0.000,0.300
2707.449,overrun,A_leg2,4.754,-0.504,27.961,27.513,0.448,OVERRUN by 2663.51s,1,0.0500,0,-1.4497,1,0.3000,0,-1.4497,0.000,0.300
2708.474,overrun,A_leg2,4.754,-0.504,27.961,27.513,0.448,OVERRUN by 2664.54s,1,0.0500,0,-1.4497,1,0.3000,0,-1.4497,0.000,0.300
2709.496,overrun,A_leg2,4.754,-0.504,27.961,27.513,0.448,OVERRUN by 2665.56s,1,0.0500,0,-1.4497,1,0.3000,0,-1.4497,0.000,0.300
2710.529,overrun,A_leg2,4.754,-0.504,27.961,27.513,0.448,OVERRUN by 2666.59s,1,0.0500,0,-1.4497,1,0.3000,0,-1.4497,0.000,0.300
2711.554,overrun,A_leg2,4.754,-0.504,27.961,27.513,0.448,OVERRUN by 2667.62s,1,0.0500,0,-1.4497,1,0.3000,0,-1.4497,0.000,0.300
2712.579,overrun,A_leg2,4.754,-0.504,27.961,27.513,0.448,OVERRUN by 2668.64s,1,0.0500,0,-1.4497,1,0.3000,0,-1.4497,0.000,0.300
2713.618,overrun,A_leg2,4.754,-0.504,27.961,27.513,0.448,OVERRUN by 2669.68s,1,0.0500,0,-1.4497,1,0.3000,0,-1.4497,0.000,0.300
2714.649,overrun,A_leg2,4.754,-0.504,27.961,27.513,0.448,OVERRUN by 2670.71s,1,0.0500,0,-1.4497,1,0.3000,0,-1.4497,0.000,0.300
2715.678,overrun,A_leg2,4.754,-0.504,27.961,27.513,0.448,OVERRUN by 2671.74s,1,0.0500,0,-1.4497,1,0.3000,0,-1.4497,0.000,0.300
2716.709,overrun,A_leg2,4.754,-0.504,27.961,27.513,0.448,OVERRUN by 2672.77s,1,0.0500,0,-1.4497,1,0.3000,0,-1.4497,0.000,0.300
2717.734,overrun,A_leg2,4.754,-0.504,27.961,27.513,0.448,OVERRUN by 2673.80s,1,0.0500,0,-1.4497,1,0.3000,0,-1.4497,0.000,0.300
2718.779,overrun,A_leg2,4.754,-0.504,27.961,27.513,0.448,OVERRUN by 2674.84s,1,0.0500,0,-1.4497,1,0.3000,0,-1.4497,0.000,0.300
2719.813,overrun,A_leg2,4.754,-0.504,27.961,27.513,0.448,OVERRUN by 2675.88s,1,0.0500,0,-1.4497,1,0.3000,0,-1.4497,0.000,0.300
2720.846,overrun,A_leg2,4.754,-0.504,27.961,27.513,0.448,OVERRUN by 2676.91s,1,0.0500,0,-1.4497,1,0.3000,0,-1.4497,0.000,0.300
2721.870,overrun,A_leg2,4.754,-0.504,27.961,27.513,0.448,OVERRUN by 2677.93s,1,0.0500,0,-1.4497,1,0.3000,0,-1.4497,0.000,0.300
2722.892,overrun,A_leg2,4.754,-0.504,27.961,27.513,0.448,OVERRUN by 2678.96s,1,0.0500,0,-1.4497,1,0.3000,0,-1.4497,0.000,0.300
2723.923,overrun,A_leg2,4.754,-0.504,27.961,27.513,0.448,OVERRUN by 2679.99s,1,0.0500,0,-1.4497,1,0.3000,0,-1.4497,0.000,0.300
2724.961,overrun,A_leg2,4.754,-0.504,27.961,27.513,0.448,OVERRUN by 2681.02s,1,0.0500,0,-1.4497,1,0.3000,0,-1.4497,0.000,0.300
2726.001,overrun,A_leg2,4.754,-0.504,27.961,27.513,0.448,OVERRUN by 2682.06s,1,0.0500,0,-1.4497,1,0.3000,0,-1.4497,0.000,0.300
2727.031,overrun,A_leg2,4.754,-0.504,27.961,27.513,0.448,OVERRUN by 2683.10s,1,0.0500,0,-1.4497,1,0.3000,0,-1.4497,0.000,0.300
2728.065,overrun,A_leg2,4.754,-0.504,27.961,27.513,0.448,OVERRUN by 2684.13s,1,0.0500,0,-1.4497,1,0.3000,0,-1.4497,0.000,0.300
2729.101,overrun,A_leg2,4.754,-0.504,27.961,27.513,0.448,OVERRUN by 2685.16s,1,0.0500,0,-1.4497,1,0.3000,0,-1.4497,0.000,0.300
2730.126,overrun,A_leg2,4.754,-0.504,27.961,27.513,0.448,OVERRUN by 2686.19s,1,0.0500,0,-1.4497,1,0.3000,0,-1.4497,0.000,0.300
2731.152,overrun,A_leg2,4.754,-0.504,27.961,27.513,0.448,OVERRUN by 2687.22s,1,0.0500,0,-1.4497,1,0.3000,0,-1.4497,0.000,0.300
2732.186,overrun,A_leg2,4.754,-0.504,27.961,27.513,0.448,OVERRUN by 2688.25s,1,0.0500,0,-1.4497,1,0.3000,0,-1.4497,0.000,0.300
2733.205,overrun,A_leg2,4.754,-0.504,27.961,27.513,0.448,OVERRUN by 2689.27s,1,0.0500,0,-1.4497,1,0.3000,0,-1.4497,0.000,0.300
2734.233,overrun,A_leg2,4.754,-0.504,27.961,27.513,0.448,OVERRUN by 2690.30s,1,0.0500,0,-1.4497,1,0.3000,0,-1.4497,0.000,0.300
2735.252,overrun,A_leg2,4.754,-0.504,27.961,27.513,0.448,OVERRUN by 2691.32s,1,0.0500,0,-1.4497,1,0.3000,0,-1.4497,0.000,0.300
2736.290,overrun,A_leg2,4.754,-0.504,27.961,27.513,0.448,OVERRUN by 2692.35s,1,0.0500,0,-1.4497,1,0.3000,0,-1.4497,0.000,0.300
2737.327,overrun,A_leg2,4.754,-0.504,27.961,27.513,0.448,OVERRUN by 2693.39s,1,0.0500,0,-1.4497,1,0.3000,0,-1.4497,0.000,0.300
2738.352,overrun,A_leg2,4.754,-0.504,27.961,27.513,0.448,OVERRUN by 2694.42s,1,0.0500,0,-1.4497,1,0.3000,0,-1.4497,0.000,0.300
2739.378,overrun,A_leg2,4.754,-0.504,27.961,27.513,0.448,OVERRUN by 2695.44s,1,0.0500,0,-1.4497,1,0.3000,0,-1.4497,0.000,0.300
2740.420,overrun,A_leg2,4.754,-0.504,27.961,27.513,0.448,OVERRUN by 2696.48s,1,0.0500,0,-1.4497,1,0.3000,0,-1.4497,0.000,0.300
2741.445,overrun,A_leg2,4.754,-0.504,27.961,27.513,0.448,OVERRUN by 2697.51s,1,0.0500,0,-1.4497,1,0.3000,0,-1.4497,0.000,0.300
2742.474,overrun,A_leg2,4.754,-0.504,27.961,27.513,0.448,OVERRUN by 2698.54s,1,0.0500,0,-1.4497,1,0.3000,0,-1.4497,0.000,0.300
2743.504,overrun,A_leg2,4.754,-0.504,27.961,27.513,0.448,OVERRUN by 2699.57s,1,0.0500,0,-1.4497,1,0.3000,0,-1.4497,0.000,0.300
2744.541,overrun,A_leg2,4.754,-0.504,27.961,27.513,0.448,OVERRUN by 2700.60s,1,0.0500,0,-1.4497,1,0.3000,0,-1.4497,0.000,0.300
2745.562,overrun,A_leg2,4.754,-0.504,27.961,27.513,0.448,OVERRUN by 2701.63s,1,0.0500,0,-1.4497,1,0.3000,0,-1.4497,0.000,0.300
2746.587,overrun,A_leg2,4.754,-0.504,27.961,27.513,0.448,OVERRUN by 2702.65s,1,0.0500,0,-1.4497,1,0.3000,0,-1.4497,0.000,0.300
2747.609,overrun,A_leg2,4.754,-0.504,27.961,27.513,0.448,OVERRUN by 2703.67s,1,0.0500,0,-1.4497,1,0.3000,0,-1.4497,0.000,0.300
2748.634,overrun,A_leg2,4.754,-0.504,27.961,27.513,0.448,OVERRUN by 2704.70s,1,0.0500,0,-1.4497,1,0.3000,0,-1.4497,0.000,0.300
2749.655,overrun,A_leg2,4.754,-0.504,27.961,27.513,0.448,OVERRUN by 2705.72s,1,0.0500,0,-1.4497,1,0.3000,0,-1.4497,0.000,0.300
2750.676,overrun,A_leg2,4.754,-0.504,27.961,27.513,0.448,OVERRUN by 2706.74s,1,0.0500,0,-1.4497,1,0.3000,0,-1.4497,0.000,0.300
2751.699,overrun,A_leg2,4.754,-0.504,27.961,27.513,0.448,OVERRUN by 2707.76s,1,0.0500,0,-1.4497,1,0.3000,0,-1.4497,0.000,0.300
2752.721,overrun,A_leg2,4.754,-0.504,27.961,27.513,0.448,OVERRUN by 2708.78s,1,0.0500,0,-1.4497,1,0.3000,0,-1.4497,0.000,0.300
2753.749,overrun,A_leg2,4.754,-0.504,27.961,27.513,0.448,OVERRUN by 2709.81s,1,0.0500,0,-1.4497,1,0.3000,0,-1.4497,0.000,0.300
2754.766,overrun,A_leg2,4.754,-0.504,27.961,27.513,0.448,OVERRUN by 2710.83s,1,0.0500,0,-1.4497,1,0.3000,0,-1.4497,0.000,0.300
2755.795,overrun,A_leg2,4.754,-0.504,27.961,27.513,0.448,OVERRUN by 2711.86s,1,0.0500,0,-1.4497,1,0.3000,0,-1.4497,0.000,0.300
2756.826,overrun,A_leg2,4.754,-0.504,27.961,27.513,0.448,OVERRUN by 2712.89s,1,0.0500,0,-1.4497,1,0.3000,0,-1.4497,0.000,0.300
2757.862,overrun,A_leg2,4.754,-0.504,27.961,27.513,0.448,OVERRUN by 2713.93s,1,0.0500,0,-1.4497,1,0.3000,0,-1.4497,0.000,0.300
2758.898,overrun,A_leg2,4.754,-0.504,27.961,27.513,0.448,OVERRUN by 2714.96s,1,0.0500,0,-1.4497,1,0.3000,0,-1.4497,0.000,0.300
2759.927,overrun,A_leg2,4.754,-0.504,27.961,27.513,0.448,OVERRUN by 2715.99s,1,0.0500,0,-1.4497,1,0.3000,0,-1.4497,0.000,0.300
2760.957,overrun,A_leg2,4.754,-0.504,27.961,27.513,0.448,OVERRUN by 2717.02s,1,0.0500,0,-1.4497,1,0.3000,0,-1.4497,0.000,0.300
2761.988,overrun,A_leg2,4.754,-0.504,27.961,27.513,0.448,OVERRUN by 2718.05s,1,0.0500,0,-1.4497,1,0.3000,0,-1.4497,0.000,0.300
2763.028,overrun,A_leg2,4.754,-0.504,27.961,27.513,0.448,OVERRUN by 2719.09s,1,0.0500,0,-1.4497,1,0.3000,0,-1.4497,0.000,0.300
2764.051,overrun,A_leg2,4.754,-0.504,27.961,27.513,0.448,OVERRUN by 2720.11s,1,0.0500,0,-1.4497,1,0.3000,0,-1.4497,0.000,0.300
2765.086,overrun,A_leg2,4.754,-0.504,27.961,27.513,0.448,OVERRUN by 2721.15s,1,0.0500,0,-1.4497,1,0.3000,0,-1.4497,0.000,0.300
2766.105,overrun,A_leg2,4.754,-0.504,27.961,27.513,0.448,OVERRUN by 2722.17s,1,0.0500,0,-1.4497,1,0.3000,0,-1.4497,0.000,0.300
2767.119,overrun,A_leg2,4.754,-0.504,27.961,27.513,0.448,OVERRUN by 2723.18s,1,0.0500,0,-1.4497,1,0.3000,0,-1.4497,0.000,0.300
2768.155,overrun,A_leg2,4.754,-0.504,27.961,27.513,0.448,OVERRUN by 2724.22s,1,0.0500,0,-1.4497,1,0.3000,0,-1.4497,0.000,0.300
2769.178,overrun,A_leg2,4.754,-0.504,27.961,27.513,0.448,OVERRUN by 2725.24s,1,0.0500,0,-1.4497,1,0.3000,0,-1.4497,0.000,0.300
2770.210,overrun,A_leg2,4.754,-0.504,27.961,27.513,0.448,OVERRUN by 2726.27s,1,0.0500,0,-1.4497,1,0.3000,0,-1.4497,0.000,0.300
2771.232,overrun,A_leg2,4.754,-0.504,27.961,27.513,0.448,OVERRUN by 2727.30s,1,0.0500,0,-1.4497,1,0.3000,0,-1.4497,0.000,0.300
2772.260,overrun,A_leg2,4.754,-0.504,27.961,27.513,0.448,OVERRUN by 2728.32s,1,0.0500,0,-1.4497,1,0.3000,0,-1.4497,0.000,0.300
2773.296,overrun,A_leg2,4.754,-0.504,27.961,27.513,0.448,OVERRUN by 2729.36s,1,0.0500,0,-1.4497,1,0.3000,0,-1.4497,0.000,0.300
2774.330,overrun,A_leg2,4.754,-0.504,27.961,27.513,0.448,OVERRUN by 2730.39s,1,0.0500,0,-1.4497,1,0.3000,0,-1.4497,0.000,0.300
2775.362,overrun,A_leg2,4.754,-0.504,27.961,27.513,0.448,OVERRUN by 2731.43s,1,0.0500,0,-1.4497,1,0.3000,0,-1.4497,0.000,0.300
2776.390,overrun,A_leg2,4.754,-0.504,27.961,27.513,0.448,OVERRUN by 2732.45s,1,0.0500,0,-1.4497,1,0.3000,0,-1.4497,0.000,0.300
2777.421,overrun,A_leg2,4.754,-0.504,27.961,27.513,0.448,OVERRUN by 2733.49s,1,0.0500,0,-1.4497,1,0.3000,0,-1.4497,0.000,0.300
2778.453,overrun,A_leg2,4.754,-0.504,27.961,27.513,0.448,OVERRUN by 2734.52s,1,0.0500,0,-1.4497,1,0.3000,0,-1.4497,0.000,0.300
2779.478,overrun,A_leg2,4.754,-0.504,27.961,27.513,0.448,OVERRUN by 2735.54s,1,0.0500,0,-1.4497,1,0.3000,0,-1.4497,0.000,0.300
2780.511,overrun,A_leg2,4.754,-0.504,27.961,27.513,0.448,OVERRUN by 2736.57s,1,0.0500,0,-1.4497,1,0.3000,0,-1.4497,0.000,0.300
2781.538,overrun,A_leg2,4.754,-0.504,27.961,27.513,0.448,OVERRUN by 2737.60s,1,0.0500,0,-1.4497,1,0.3000,0,-1.4497,0.000,0.300
2782.573,overrun,A_leg2,4.754,-0.504,27.961,27.513,0.448,OVERRUN by 2738.64s,1,0.0500,0,-1.4497,1,0.3000,0,-1.4497,0.000,0.300
2783.595,overrun,A_leg2,4.754,-0.504,27.961,27.513,0.448,OVERRUN by 2739.66s,1,0.0500,0,-1.4497,1,0.3000,0,-1.4497,0.000,0.300
2784.625,overrun,A_leg2,4.754,-0.504,27.961,27.513,0.448,OVERRUN by 2740.69s,1,0.0500,0,-1.4497,1,0.3000,0,-1.4497,0.000,0.300
2785.669,overrun,A_leg2,4.754,-0.504,27.961,27.513,0.448,OVERRUN by 2741.73s,1,0.0500,0,-1.4497,1,0.3000,0,-1.4497,0.000,0.300
2786.696,overrun,A_leg2,4.754,-0.504,27.961,27.513,0.448,OVERRUN by 2742.76s,1,0.0500,0,-1.4497,1,0.3000,0,-1.4497,0.000,0.300
2787.721,overrun,A_leg2,4.754,-0.504,27.961,27.513,0.448,OVERRUN by 2743.79s,1,0.0500,0,-1.4497,1,0.3000,0,-1.4497,0.000,0.300
2788.746,overrun,A_leg2,4.754,-0.504,27.961,27.513,0.448,OVERRUN by 2744.81s,1,0.0500,0,-1.4497,1,0.3000,0,-1.4497,0.000,0.300
2789.763,overrun,A_leg2,4.754,-0.504,27.961,27.513,0.448,OVERRUN by 2745.83s,1,0.0500,0,-1.4497,1,0.3000,0,-1.4497,0.000,0.300
2790.790,overrun,A_leg2,4.754,-0.504,27.961,27.513,0.448,OVERRUN by 2746.85s,1,0.0500,0,-1.4497,1,0.3000,0,-1.4497,0.000,0.300
2791.826,overrun,A_leg2,4.754,-0.504,27.961,27.513,0.448,OVERRUN by 2747.89s,1,0.0500,0,-1.4497,1,0.3000,0,-1.4497,0.000,0.300
2792.851,overrun,A_leg2,4.754,-0.504,27.961,27.513,0.448,OVERRUN by 2748.92s,1,0.0500,0,-1.4497,1,0.3000,0,-1.4497,0.000,0.300
2793.894,overrun,A_leg2,4.754,-0.504,27.961,27.513,0.448,OVERRUN by 2749.96s,1,0.0500,0,-1.4497,1,0.3000,0,-1.4497,0.000,0.300
2794.924,overrun,A_leg2,4.754,-0.504,27.961,27.513,0.448,OVERRUN by 2750.99s,1,0.0500,0,-1.4497,1,0.3000,0,-1.4497,0.000,0.300
2795.948,overrun,A_leg2,4.754,-0.504,27.961,27.513,0.448,OVERRUN by 2752.01s,1,0.0500,0,-1.4497,1,0.3000,0,-1.4497,0.000,0.300
2796.976,overrun,A_leg2,4.754,-0.504,27.961,27.513,0.448,OVERRUN by 2753.04s,1,0.0500,0,-1.4497,1,0.3000,0,-1.4497,0.000,0.300
2797.999,overrun,A_leg2,4.754,-0.504,27.961,27.513,0.448,OVERRUN by 2754.06s,1,0.0500,0,-1.4497,1,0.3000,0,-1.4497,0.000,0.300
2799.031,overrun,A_leg2,4.754,-0.504,27.961,27.513,0.448,OVERRUN by 2755.09s,1,0.0500,0,-1.4497,1,0.3000,0,-1.4497,0.000,0.300
2800.065,overrun,A_leg2,4.754,-0.504,27.961,27.513,0.448,OVERRUN by 2756.13s,1,0.0500,0,-1.4497,1,0.3000,0,-1.4497,0.000,0.300
2801.090,overrun,A_leg2,4.754,-0.504,27.961,27.513,0.448,OVERRUN by 2757.15s,1,0.0500,0,-1.4497,1,0.3000,0,-1.4497,0.000,0.300
2802.113,overrun,A_leg2,4.754,-0.504,27.961,27.513,0.448,OVERRUN by 2758.18s,1,0.0500,0,-1.4497,1,0.3000,0,-1.4497,0.000,0.300
2803.141,overrun,A_leg2,4.754,-0.504,27.961,27.513,0.448,OVERRUN by 2759.21s,1,0.0500,0,-1.4497,1,0.3000,0,-1.4497,0.000,0.300
2804.177,overrun,A_leg2,4.754,-0.504,27.961,27.513,0.448,OVERRUN by 2760.24s,1,0.0500,0,-1.4497,1,0.3000,0,-1.4497,0.000,0.300
2805.207,overrun,A_leg2,4.754,-0.504,27.961,27.513,0.448,OVERRUN by 2761.27s,1,0.0500,0,-1.4497,1,0.3000,0,-1.4497,0.000,0.300
2806.235,overrun,A_leg2,4.754,-0.504,27.961,27.513,0.448,OVERRUN by 2762.30s,1,0.0500,0,-1.4497,1,0.3000,0,-1.4497,0.000,0.300
2807.262,overrun,A_leg2,4.754,-0.504,27.961,27.513,0.448,OVERRUN by 2763.33s,1,0.0500,0,-1.4497,1,0.3000,0,-1.4497,0.000,0.300
2808.292,overrun,A_leg2,4.754,-0.504,27.961,27.513,0.448,OVERRUN by 2764.36s,1,0.0500,0,-1.4497,1,0.3000,0,-1.4497,0.000,0.300
2809.330,overrun,A_leg2,4.754,-0.504,27.961,27.513,0.448,OVERRUN by 2765.39s,1,0.0500,0,-1.4497,1,0.3000,0,-1.4497,0.000,0.300
2810.361,overrun,A_leg2,4.754,-0.504,27.961,27.513,0.448,OVERRUN by 2766.42s,1,0.0500,0,-1.4497,1,0.3000,0,-1.4497,0.000,0.300
2811.385,overrun,A_leg2,4.754,-0.504,27.961,27.513,0.448,OVERRUN by 2767.45s,1,0.0500,0,-1.4497,1,0.3000,0,-1.4497,0.000,0.300
2812.411,overrun,A_leg2,4.754,-0.504,27.961,27.513,0.448,OVERRUN by 2768.47s,1,0.0500,0,-1.4497,1,0.3000,0,-1.4497,0.000,0.300
2813.431,overrun,A_leg2,4.754,-0.504,27.961,27.513,0.448,OVERRUN by 2769.49s,1,0.0500,0,-1.4497,1,0.3000,0,-1.4497,0.000,0.300
2814.463,overrun,A_leg2,4.754,-0.504,27.961,27.513,0.448,OVERRUN by 2770.53s,1,0.0500,0,-1.4497,1,0.3000,0,-1.4497,0.000,0.300
2815.501,overrun,A_leg2,4.754,-0.504,27.961,27.513,0.448,OVERRUN by 2771.56s,1,0.0500,0,-1.4497,1,0.3000,0,-1.4497,0.000,0.300
2816.521,overrun,A_leg2,4.754,-0.504,27.961,27.513,0.448,OVERRUN by 2772.58s,1,0.0500,0,-1.4497,1,0.3000,0,-1.4497,0.000,0.300
2817.541,overrun,A_leg2,4.754,-0.504,27.961,27.513,0.448,OVERRUN by 2773.60s,1,0.0500,0,-1.4497,1,0.3000,0,-1.4497,0.000,0.300
2818.569,overrun,A_leg2,4.754,-0.504,27.961,27.513,0.448,OVERRUN by 2774.63s,1,0.0500,0,-1.4497,1,0.3000,0,-1.4497,0.000,0.300
2819.597,overrun,A_leg2,4.754,-0.504,27.961,27.513,0.448,OVERRUN by 2775.66s,1,0.0500,0,-1.4497,1,0.3000,0,-1.4497,0.000,0.300
2820.633,overrun,A_leg2,4.754,-0.504,27.961,27.513,0.448,OVERRUN by 2776.70s,1,0.0500,0,-1.4497,1,0.3000,0,-1.4497,0.000,0.300
2821.670,overrun,A_leg2,4.754,-0.504,27.961,27.513,0.448,OVERRUN by 2777.73s,1,0.0500,0,-1.4497,1,0.3000,0,-1.4497,0.000,0.300
2822.704,overrun,A_leg2,4.754,-0.504,27.961,27.513,0.448,OVERRUN by 2778.77s,1,0.0500,0,-1.4497,1,0.3000,0,-1.4497,0.000,0.300
2823.724,overrun,A_leg2,4.754,-0.504,27.961,27.513,0.448,OVERRUN by 2779.79s,1,0.0500,0,-1.4497,1,0.3000,0,-1.4497,0.000,0.300
2824.742,overrun,A_leg2,4.754,-0.504,27.961,27.513,0.448,OVERRUN by 2780.81s,1,0.0500,0,-1.4497,1,0.3000,0,-1.4497,0.000,0.300
2825.775,overrun,A_leg2,4.754,-0.504,27.961,27.513,0.448,OVERRUN by 2781.84s,1,0.0500,0,-1.4497,1,0.3000,0,-1.4497,0.000,0.300
2826.799,overrun,A_leg2,4.754,-0.504,27.961,27.513,0.448,OVERRUN by 2782.86s,1,0.0500,0,-1.4497,1,0.3000,0,-1.4497,0.000,0.300
2827.829,overrun,A_leg2,4.754,-0.504,27.961,27.513,0.448,OVERRUN by 2783.89s,1,0.0500,0,-1.4497,1,0.3000,0,-1.4497,0.000,0.300
2828.847,overrun,A_leg2,4.754,-0.504,27.961,27.513,0.448,OVERRUN by 2784.91s,1,0.0500,0,-1.4497,1,0.3000,0,-1.4497,0.000,0.300
2829.874,overrun,A_leg2,4.754,-0.504,27.961,27.513,0.448,OVERRUN by 2785.94s,1,0.0500,0,-1.4497,1,0.3000,0,-1.4497,0.000,0.300
2830.890,overrun,A_leg2,4.754,-0.504,27.961,27.513,0.448,OVERRUN by 2786.95s,1,0.0500,0,-1.4497,1,0.3000,0,-1.4497,0.000,0.300
2831.909,overrun,A_leg2,4.754,-0.504,27.961,27.513,0.448,OVERRUN by 2787.97s,1,0.0500,0,-1.4497,1,0.3000,0,-1.4497,0.000,0.300
2832.932,overrun,A_leg2,4.754,-0.504,27.961,27.513,0.448,OVERRUN by 2789.00s,1,0.0500,0,-1.4497,1,0.3000,0,-1.4497,0.000,0.300
2833.965,overrun,A_leg2,4.754,-0.504,27.961,27.513,0.448,OVERRUN by 2790.03s,1,0.0500,0,-1.4497,1,0.3000,0,-1.4497,0.000,0.300
2835.005,overrun,A_leg2,4.754,-0.504,27.961,27.513,0.448,OVERRUN by 2791.07s,1,0.0500,0,-1.4497,1,0.3000,0,-1.4497,0.000,0.300
2836.025,overrun,A_leg2,4.754,-0.504,27.961,27.513,0.448,OVERRUN by 2792.09s,1,0.0500,0,-1.4497,1,0.3000,0,-1.4497,0.000,0.300
2837.045,overrun,A_leg2,4.754,-0.504,27.961,27.513,0.448,OVERRUN by 2793.11s,1,0.0500,0,-1.4497,1,0.3000,0,-1.4497,0.000,0.300
2838.075,overrun,A_leg2,4.754,-0.504,27.961,27.513,0.448,OVERRUN by 2794.14s,1,0.0500,0,-1.4497,1,0.3000,0,-1.4497,0.000,0.300
2839.082,overrun,A_leg2,4.754,-0.504,27.961,27.513,0.448,OVERRUN by 2795.15s,1,0.0500,0,-1.4497,1,0.3000,0,-1.4497,0.000,0.300
2840.104,overrun,A_leg2,4.754,-0.504,27.961,27.513,0.448,OVERRUN by 2796.17s,1,0.0500,0,-1.4497,1,0.3000,0,-1.4497,0.000,0.300
2841.132,overrun,A_leg2,4.754,-0.504,27.961,27.513,0.448,OVERRUN by 2797.20s,1,0.0500,0,-1.4497,1,0.3000,0,-1.4497,0.000,0.300
2842.157,overrun,A_leg2,4.754,-0.504,27.961,27.513,0.448,OVERRUN by 2798.22s,1,0.0500,0,-1.4497,1,0.3000,0,-1.4497,0.000,0.300
2843.195,overrun,A_leg2,4.754,-0.504,27.961,27.513,0.448,OVERRUN by 2799.26s,1,0.0500,0,-1.4497,1,0.3000,0,-1.4497,0.000,0.300
2844.222,overrun,A_leg2,4.754,-0.504,27.961,27.513,0.448,OVERRUN by 2800.29s,1,0.0500,0,-1.4497,1,0.3000,0,-1.4497,0.000,0.300
2845.256,overrun,A_leg2,4.754,-0.504,27.961,27.513,0.448,OVERRUN by 2801.32s,1,0.0500,0,-1.4497,1,0.3000,0,-1.4497,0.000,0.300
2846.285,overrun,A_leg2,4.754,-0.504,27.961,27.513,0.448,OVERRUN by 2802.35s,1,0.0500,0,-1.4497,1,0.3000,0,-1.4497,0.000,0.300
2847.307,overrun,A_leg2,4.754,-0.504,27.961,27.513,0.448,OVERRUN by 2803.37s,1,0.0500,0,-1.4497,1,0.3000,0,-1.4497,0.000,0.300
2848.325,overrun,A_leg2,4.754,-0.504,27.961,27.513,0.448,OVERRUN by 2804.39s,1,0.0500,0,-1.4497,1,0.3000,0,-1.4497,0.000,0.300
2849.357,overrun,A_leg2,4.754,-0.504,27.961,27.513,0.448,OVERRUN by 2805.42s,1,0.0500,0,-1.4497,1,0.3000,0,-1.4497,0.000,0.300
2850.383,overrun,A_leg2,4.754,-0.504,27.961,27.513,0.448,OVERRUN by 2806.45s,1,0.0500,0,-1.4497,1,0.3000,0,-1.4497,0.000,0.300
2851.410,overrun,A_leg2,4.754,-0.504,27.961,27.513,0.448,OVERRUN by 2807.47s,1,0.0500,0,-1.4497,1,0.3000,0,-1.4497,0.000,0.300
2852.427,overrun,A_leg2,4.754,-0.504,27.961,27.513,0.448,OVERRUN by 2808.49s,1,0.0500,0,-1.4497,1,0.3000,0,-1.4497,0.000,0.300
2853.459,overrun,A_leg2,4.754,-0.504,27.961,27.513,0.448,OVERRUN by 2809.52s,1,0.0500,0,-1.4497,1,0.3000,0,-1.4497,0.000,0.300
2854.488,overrun,A_leg2,4.754,-0.504,27.961,27.513,0.448,OVERRUN by 2810.55s,1,0.0500,0,-1.4497,1,0.3000,0,-1.4497,0.000,0.300
2855.519,overrun,A_leg2,4.754,-0.504,27.961,27.513,0.448,OVERRUN by 2811.58s,1,0.0500,0,-1.4497,1,0.3000,0,-1.4497,0.000,0.300
2856.401,end,,,,,,,Execution complete,,,,,,,,,,
