t,event,task,x,y,scheduled_start,actual_start,schedule_deviation,note,phi1_bool,phi1_rob,phi2_bool,phi2_rob,phi3_bool,phi3_rob,phi_all_bool,phi_all_rob,speed,vmax
0.000,start,,,,,,,Schedule-following execution with STL,,,,,,,,,,
0.000,task_start,A_leg0,0.000,0.000,0.013,0.000,0.012,Deviation: 0.012s,1,0.0500,0,-inf,1,0.4000,0,-inf,0.000,0.400
1.022,pose,A_leg0,0.380,0.000,0.013,0.000,0.012,,1,0.0500,0,-1.4700,1,0.0239,0,-1.4700,0.363,0.400
2.060,pose,A_leg0,0.760,0.000,0.013,0.000,0.012,,1,0.0500,0,-1.0900,1,0.0359,0,-1.0900,0.364,0.400
3.084,pose,A_leg0,1.140,0.000,0.013,0.000,0.012,,1,0.0500,0,-0.7100,1,0.0031,0,-0.7100,0.363,0.400
4.106,pose,A_leg0,1.520,0.000,0.013,0.000,0.012,,1,0.0500,0,-0.3300,1,0.0072,0,-0.3300,0.363,0.400
5.024,task_complete,A_leg0,1.860,0.000,0.013,0.000,0.012,Completed in 5.02s (scheduled: 13.36s),1,0.0500,1,0.0100,1,0.0061,1,0.0061,0.363,0.400
5.131,waiting,A_leg1,1.860,0.000,13.369,,,Waiting 8.2s until scheduled start,1,0.0500,1,0.0100,1,0.0367,1,0.0100,0.000,0.400
6.161,waiting,A_leg1,1.860,0.000,13.369,,,Waiting 7.2s until scheduled start,1,0.0500,1,0.0100,1,0.4000,1,0.0100,0.000,0.400
7.184,waiting,A_leg1,1.860,0.000,13.369,,,Waiting 6.2s until scheduled start,1,0.0500,1,0.0100,1,0.4000,1,0.0100,0.000,0.400
8.204,waiting,A_leg1,1.860,0.000,13.369,,,Waiting 5.2s until scheduled start,1,0.0500,1,0.0100,1,0.4000,1,0.0100,0.000,0.400
9.238,waiting,A_leg1,1.860,0.000,13.369,,,Waiting 4.1s until scheduled start,1,0.0500,1,0.0100,1,0.4000,1,0.0100,0.000,0.400
10.262,waiting,A_leg1,1.860,0.000,13.369,,,Waiting 3.1s until scheduled start,1,0.0500,1,0.0100,1,0.2000,1,0.0100,0.000,0.200
11.284,waiting,A_leg1,1.860,0.000,13.369,,,Waiting 2.1s until scheduled start,1,0.0500,0,-1000000.0000,1,0.2000,0,-1000000.0000,0.000,0.200
12.317,waiting,A_leg1,1.860,0.000,13.369,,,Waiting 1.1s until scheduled start,1,0.0500,0,-1000000.0000,1,0.2000,0,-1000000.0000,0.000,0.200
12.917,task_start,A_leg1,1.860,0.000,13.369,12.917,0.451,Deviation: 0.451s,1,0.0500,0,-inf,1,0.2000,0,-inf,0.000,0.200
13.350,pose,A_leg1,1.939,-0.013,13.369,12.917,0.451,,1,0.0500,0,-2.1355,1,0.0019,0,-2.1355,0.198,0.200
14.382,pose,A_leg1,2.116,-0.081,13.369,12.917,0.451,,1,0.0500,0,-1.9463,1,0.0098,0,-1.9463,0.182,0.200
15.407,pose,A_leg1,2.288,-0.162,13.369,12.917,0.451,,1,0.0500,0,-1.7563,1,0.0033,0,-1.7563,0.182,0.200
16.434,pose,A_leg1,2.458,-0.246,13.369,12.917,0.451,,1,0.0500,0,-1.5663,1,0.0036,0,-1.5663,0.181,0.200
17.459,pose,A_leg1,2.629,-0.329,13.369,12.917,0.451,,1,0.0500,0,-1.3763,1,0.0004,0,-1.3763,0.200,0.200
18.479,pose,A_leg1,2.800,-0.413,13.369,12.917,0.451,,1,0.0500,0,-1.1863,1,0.0048,0,-1.1863,0.183,0.200
19.510,pose,A_leg1,2.970,-0.496,13.369,12.917,0.451,,1,0.0500,0,-0.9963,1,0.0069,0,-0.9963,0.193,0.200
20.539,pose,A_leg1,3.186,-0.602,13.369,12.917,0.451,,1,0.0500,0,-0.7563,1,0.0087,0,-0.7563,0.272,0.300
21.567,pose,A_leg1,3.442,-0.727,13.369,12.917,0.451,,1,0.0500,0,-0.4713,1,0.0135,0,-0.4713,0.272,0.300
22.596,pose,A_leg1,3.698,-0.852,13.369,12.917,0.451,,1,0.0500,0,-0.1863,1,0.0224,0,-0.1863,0.273,0.300
23.299,task_complete,A_leg1,3.873,-0.938,13.369,12.917,0.451,Completed in 10.38s (scheduled: 14.59s),1,0.0500,1,0.0087,1,0.0099,1,0.0087,0.280,0.300
23.627,waiting,A_leg2,3.873,-0.938,27.961,,,Waiting 4.3s until scheduled start,1,0.0500,1,0.0087,1,0.3000,1,0.0087,0.000,0.300
24.660,waiting,A_leg2,3.873,-0.938,27.961,,,Waiting 3.3s until scheduled start,1,0.0500,1,0.0087,1,0.3000,1,0.0087,0.000,0.300
25.686,waiting,A_leg2,3.873,-0.938,27.961,,,Waiting 2.3s until scheduled start,1,0.0500,1,0.0087,1,0.3000,1,0.0087,0.000,0.300
26.725,waiting,A_leg2,3.873,-0.938,27.961,,,Waiting 1.2s until scheduled start,1,0.0500,1,0.0087,1,0.3000,1,0.0087,0.000,0.300
27.485,task_start,A_leg2,3.873,-0.938,27.961,27.485,0.477,Deviation: 0.477s,1,0.0500,0,-inf,1,0.3000,0,-inf,0.000,0.300
27.755,pose,A_leg2,3.944,-0.961,27.961,27.485,0.477,,1,0.0500,0,-2.3724,1,0.0092,0,-2.3724,0.272,0.300
28.780,pose,A_leg2,4.217,-0.908,27.961,27.485,0.477,,1,0.0500,0,-2.1214,1,0.0040,0,-2.1214,0.272,0.300
29.808,pose,A_leg2,4.453,-0.747,27.961,27.485,0.477,,1,0.0500,0,-1.8375,1,0.0172,0,-1.8375,0.278,0.300
30.842,pose,A_leg2,4.676,-0.571,27.961,27.485,0.477,,1,0.0500,0,-1.5525,1,0.0214,0,-1.5525,0.272,0.300
31.871,pose,A_leg2,4.758,-0.505,27.961,27.485,0.477,FENCE: blocked entry to danger zone,1,0.0500,0,-1.4475,1,0.3000,0,-1.4475,0.000,0.300
32.906,pose,A_leg2,4.758,-0.505,27.961,27.485,0.477,FENCE: blocked entry to danger zone,1,0.0500,0,-1.4475,1,0.3000,0,-1.4475,0.000,0.300
33.946,pose,A_leg2,4.758,-0.505,27.961,27.485,0.477,FENCE: blocked entry to danger zone,1,0.0500,0,-1.4475,1,0.3000,0,-1.4475,0.000,0.300
34.977,pose,A_leg2,4.758,-0.505,27.961,27.485,0.477,FENCE: blocked entry to danger zone,1,0.0500,0,-1.4475,1,0.3000,0,-1.4475,0.000,0.300
36.009,pose,A_leg2,4.758,-0.505,27.961,27.485,0.477,FENCE: blocked entry to danger zone,1,0.0500,0,-1.4475,1,0.3000,0,-1.4475,0.000,0.300
37.039,pose,A_leg2,4.758,-0.505,27.961,27.485,0.477,FENCE: blocked entry to danger zone,1,0.0500,0,-1.4475,1,0.3000,0,-1.4475,0.000,0.300
38.063,pose,A_leg2,4.758,-0.505,27.961,27.485,0.477,FENCE: blocked entry to danger zone,1,0.0500,0,-1.4475,1,0.3000,0,-1.4475,0.000,0.300
39.079,pose,A_leg2,4.758,-0.505,27.961,27.485,0.477,FENCE: blocked entry to danger zone,1,0.0500,0,-1.4475,1,0.3000,0,-1.4475,0.000,0.300
40.110,pose,A_leg2,4.758,-0.505,27.961,27.485,0.477,FENCE: blocked entry to danger zone,1,0.0500,0,-1.4475,1,0.3000,0,-1.4475,0.000,0.300
41.135,pose,A_leg2,4.758,-0.505,27.961,27.485,0.477,FENCE: blocked entry to danger zone,1,0.0500,0,-1.4475,1,0.3000,0,-1.4475,0.000,0.300
42.159,pose,A_leg2,4.758,-0.505,27.961,27.485,0.477,FENCE: blocked entry to danger zone,1,0.0500,0,-1.4475,1,0.3000,0,-1.4475,0.000,0.300
43.189,pose,A_leg2,4.758,-0.505,27.961,27.485,0.477,FENCE: blocked entry to danger zone,1,0.0500,0,-1.4475,1,0.3000,0,-1.4475,0.000,0.300
44.219,overrun,A_leg2,4.758,-0.505,27.961,27.485,0.477,OVERRUN by 0.28s,1,0.0500,0,-1.4475,1,0.3000,0,-1.4475,0.000,0.300
45.256,overrun,A_leg2,4.758,-0.505,27.961,27.485,0.477,OVERRUN by 1.32s,1,0.0500,0,-1.4475,1,0.3000,0,-1.4475,0.000,0.300
46.280,overrun,A_leg2,4.758,-0.505,27.961,27.485,0.477,OVERRUN by 2.34s,1,0.0500,0,-1.4475,1,0.3000,0,-1.4475,0.000,0.300
47.306,overrun,A_leg2,4.758,-0.505,27.961,27.485,0.477,OVERRUN by 3.37s,1,0.0500,0,-1.4475,1,0.3000,0,-1.4475,0.000,0.300
48.340,overrun,A_leg2,4.758,-0.505,27.961,27.485,0.477,OVERRUN by 4.40s,1,0.0500,0,-1.4475,1,0.3000,0,-1.4475,0.000,0.300
49.366,overrun,A_leg2,4.758,-0.505,27.961,27.485,0.477,OVERRUN by 5.43s,1,0.0500,0,-1.4475,1,0.3000,0,-1.4475,0.000,0.300
50.400,overrun,A_leg2,4.758,-0.505,27.961,27.485,0.477,OVERRUN by 6.46s,1,0.0500,0,-1.4475,1,0.3000,0,-1.4475,0.000,0.300
51.434,overrun,A_leg2,4.758,-0.505,27.961,27.485,0.477,OVERRUN by 7.50s,1,0.0500,0,-1.4475,1,0.3000,0,-1.4475,0.000,0.300
52.459,overrun,A_leg2,4.758,-0.505,27.961,27.485,0.477,OVERRUN by 8.52s,1,0.0500,0,-1.4475,1,0.3000,0,-1.4475,0.000,0.300
53.485,overrun,A_leg2,4.758,-0.505,27.961,27.485,0.477,OVERRUN by 9.55s,1,0.0500,0,-1.4475,1,0.3000,0,-1.4475,0.000,0.300
54.514,overrun,A_leg2,4.758,-0.505,27.961,27.485,0.477,OVERRUN by 10.58s,1,0.0500,0,-1.4475,1,0.3000,0,-1.4475,0.000,0.300
55.545,overrun,A_leg2,4.758,-0.505,27.961,27.485,0.477,OVERRUN by 11.61s,1,0.0500,0,-1.4475,1,0.3000,0,-1.4475,0.000,0.300
56.574,overrun,A_leg2,4.758,-0.505,27.961,27.485,0.477,OVERRUN by 12.64s,1,0.0500,0,-1.4475,1,0.3000,0,-1.4475,0.000,0.300
57.600,overrun,A_leg2,4.758,-0.505,27.961,27.485,0.477,OVERRUN by 13.66s,1,0.0500,0,-1.4475,1,0.3000,0,-1.4475,0.000,0.300
58.642,overrun,A_leg2,4.758,-0.505,27.961,27.485,0.477,OVERRUN by 14.71s,1,0.0500,0,-1.4475,1,0.3000,0,-1.4475,0.000,0.300
59.674,overrun,A_leg2,4.758,-0.505,27.961,27.485,0.477,OVERRUN by 15.74s,1,0.0500,0,-1.4475,1,0.3000,0,-1.4475,0.000,0.300
60.702,overrun,A_leg2,4.758,-0.505,27.961,27.485,0.477,OVERRUN by 16.77s,1,0.0500,0,-1.4475,1,0.3000,0,-1.4475,0.000,0.300
61.728,overrun,A_leg2,4.758,-0.505,27.961,27.485,0.477,OVERRUN by 17.79s,1,0.0500,0,-1.4475,1,0.3000,0,-1.4475,0.000,0.300
62.755,overrun,A_leg2,4.758,-0.505,27.961,27.485,0.477,OVERRUN by 18.82s,1,0.0500,0,-1.4475,1,0.3000,0,-1.4475,0.000,0.300
63.772,overrun,A_leg2,4.758,-0.505,27.961,27.485,0.477,OVERRUN by 19.84s,1,0.0500,0,-1.4475,1,0.3000,0,-1.4475,0.000,0.300
64.797,overrun,A_leg2,4.758,-0.505,27.961,27.485,0.477,OVERRUN by 20.86s,1,0.0500,0,-1.4475,1,0.3000,0,-1.4475,0.000,0.300
65.833,overrun,A_leg2,4.758,-0.505,27.961,27.485,0.477,OVERRUN by 21.90s,1,0.0500,0,-1.4475,1,0.3000,0,-1.4475,0.000,0.300
66.867,overrun,A_leg2,4.758,-0.505,27.961,27.485,0.477,OVERRUN by 22.93s,1,0.0500,0,-1.4475,1,0.3000,0,-1.4475,0.000,0.300
67.905,overrun,A_leg2,4.758,-0.505,27.961,27.485,0.477,OVERRUN by 23.97s,1,0.0500,0,-1.4475,1,0.3000,0,-1.4475,0.000,0.300
68.933,overrun,A_leg2,4.758,-0.505,27.961,27.485,0.477,OVERRUN by 25.00s,1,0.0500,0,-1.4475,1,0.3000,0,-1.4475,0.000,0.300
69.968,overrun,A_leg2,4.758,-0.505,27.961,27.485,0.477,OVERRUN by 26.03s,1,0.0500,0,-1.4475,1,0.3000,0,-1.4475,0.000,0.300
71.001,overrun,A_leg2,4.758,-0.505,27.961,27.485,0.477,OVERRUN by 27.07s,1,0.0500,0,-1.4475,1,0.3000,0,-1.4475,0.000,0.300
72.035,overrun,A_leg2,4.758,-0.505,27.961,27.485,0.477,OVERRUN by 28.10s,1,0.0500,0,-1.4475,1,0.3000,0,-1.4475,0.000,0.300
73.072,overrun,A_leg2,4.758,-0.505,27.961,27.485,0.477,OVERRUN by 29.14s,1,0.0500,0,-1.4475,1,0.3000,0,-1.4475,0.000,0.300
74.111,overrun,A_leg2,4.758,-0.505,27.961,27.485,0.477,OVERRUN by 30.17s,1,0.0500,0,-1.4475,1,0.3000,0,-1.4475,0.000,0.300
75.148,overrun,A_leg2,4.758,-0.505,27.961,27.485,0.477,OVERRUN by 31.21s,1,0.0500,0,-1.4475,1,0.3000,0,-1.4475,0.000,0.300
76.182,overrun,A_leg2,4.758,-0.505,27.961,27.485,0.477,OVERRUN by 32.25s,1,0.0500,0,-1.4475,1,0.3000,0,-1.4475,0.000,0.300
77.208,overrun,A_leg2,4.758,-0.505,27.961,27.485,0.477,OVERRUN by 33.27s,1,0.0500,0,-1.4475,1,0.3000,0,-1.4475,0.000,0.300
78.243,overrun,A_leg2,4.758,-0.505,27.961,27.485,0.477,OVERRUN by 34.31s,1,0.0500,0,-1.4475,1,0.3000,0,-1.4475,0.000,0.300
79.272,overrun,A_leg2,4.758,-0.505,27.961,27.485,0.477,OVERRUN by 35.34s,1,0.0500,0,-1.4475,1,0.3000,0,-1.4475,0.000,0.300
80.295,overrun,A_leg2,4.758,-0.505,27.961,27.485,0.477,OVERRUN by 36.36s,1,0.0500,0,-1.4475,1,0.3000,0,-1.4475,0.000,0.300
81.333,overrun,A_leg2,4.758,-0.505,27.961,27.485,0.477,OVERRUN by 37.40s,1,0.0500,0,-1.4475,1,0.3000,0,-1.4475,0.000,0.300
82.375,overrun,A_leg2,4.758,-0.505,27.961,27.485,0.477,OVERRUN by 38.44s,1,0.0500,0,-1.4475,1,0.3000,0,-1.4475,0.000,0.300
83.401,overrun,A_leg2,4.758,-0.505,27.961,27.485,0.477,OVERRUN by 39.47s,1,0.0500,0,-1.4475,1,0.3000,0,-1.4475,0.000,0.300
84.438,overrun,A_leg2,4.758,-0.505,27.961,27.485,0.477,OVERRUN by 40.50s,1,0.0500,0,-1.4475,1,0.3000,0,-1.4475,0.000,0.300
85.474,overrun,A_leg2,4.758,-0.505,27.961,27.485,0.477,OVERRUN by 41.54s,1,0.0500,0,-1.4475,1,0.3000,0,-1.4475,0.000,0.300
86.502,overrun,A_leg2,4.758,-0.505,27.961,27.485,0.477,OVERRUN by 42.57s,1,0.0500,0,-1.4475,1,0.3000,0,-1.4475,0.000,0.300
87.533,overrun,A_leg2,4.758,-0.505,27.961,27.485,0.477,OVERRUN by 43.60s,1,0.0500,0,-1.4475,1,0.3000,0,-1.4475,0.000,0.300
88.556,overrun,A_leg2,4.758,-0.505,27.961,27.485,0.477,OVERRUN by 44.62s,1,0.0500,0,-1.4475,1,0.3000,0,-1.4475,0.000,0.300
89.575,overrun,A_leg2,4.758,-0.505,27.961,27.485,0.477,OVERRUN by 45.64s,1,0.0500,0,-1.4475,1,0.3000,0,-1.4475,0.000,0.300
90.602,overrun,A_leg2,4.758,-0.505,27.961,27.485,0.477,OVERRUN by 46.67s,1,0.0500,0,-1.4475,1,0.3000,0,-1.4475,0.000,0.300
91.627,overrun,A_leg2,4.758,-0.505,27.961,27.485,0.477,OVERRUN by 47.69s,1,0.0500,0,-1.4475,1,0.3000,0,-1.4475,0.000,0.300
92.660,overrun,A_leg2,4.758,-0.505,27.961,27.485,0.477,OVERRUN by 48.72s,1,0.0500,0,-1.4475,1,0.3000,0,-1.4475,0.000,0.300
93.695,overrun,A_leg2,4.758,-0.505,27.961,27.485,0.477,OVERRUN by 49.76s,1,0.0500,0,-1.4475,1,0.3000,0,-1.4475,0.000,0.300
94.715,overrun,A_leg2,4.758,-0.505,27.961,27.485,0.477,OVERRUN by 50.78s,1,0.0500,0,-1.4475,1,0.3000,0,-1.4475,0.000,0.300
95.733,overrun,A_leg2,4.758,-0.505,27.961,27.485,0.477,OVERRUN by 51.80s,1,0.0500,0,-1.4475,1,0.3000,0,-1.4475,0.000,0.300
96.765,overrun,A_leg2,4.758,-0.505,27.961,27.485,0.477,OVERRUN by 52.83s,1,0.0500,0,-1.4475,1,0.3000,0,-1.4475,0.000,0.300
97.802,overrun,A_leg2,4.758,-0.505,27.961,27.485,0.477,OVERRUN by 53.87s,1,0.0500,0,-1.4475,1,0.3000,0,-1.4475,0.000,0.300
98.827,overrun,A_leg2,4.758,-0.505,27.961,27.485,0.477,OVERRUN by 54.89s,1,0.0500,0,-1.4475,1,0.3000,0,-1.4475,0.000,0.300
99.862,overrun,A_leg2,4.758,-0.505,27.961,27.485,0.477,OVERRUN by 55.93s,1,0.0500,0,-1.4475,1,0.3000,0,-1.4475,0.000,0.300
100.891,overrun,A_leg2,4.758,-0.505,27.961,27.485,0.477,OVERRUN by 56.95s,1,0.0500,0,-1.4475,1,0.3000,0,-1.4475,0.000,0.300
101.924,overrun,A_leg2,4.758,-0.505,27.961,27.485,0.477,OVERRUN by 57.99s,1,0.0500,0,-1.4475,1,0.3000,0,-1.4475,0.000,0.300
102.955,overrun,A_leg2,4.758,-0.505,27.961,27.485,0.477,OVERRUN by 59.02s,1,0.0500,0,-1.4475,1,0.3000,0,-1.4475,0.000,0.300
103.990,overrun,A_leg2,4.758,-0.505,27.961,27.485,0.477,OVERRUN by 60.05s,1,0.0500,0,-1.4475,1,0.3000,0,-1.4475,0.000,0.300
105.028,overrun,A_leg2,4.758,-0.505,27.961,27.485,0.477,OVERRUN by 61.09s,1,0.0500,0,-1.4475,1,0.3000,0,-1.4475,0.000,0.300
106.060,overrun,A_leg2,4.758,-0.505,27.961,27.485,0.477,OVERRUN by 62.12s,1,0.0500,0,-1.4475,1,0.3000,0,-1.4475,0.000,0.300
107.097,overrun,A_leg2,4.758,-0.505,27.961,27.485,0.477,OVERRUN by 63.16s,1,0.0500,0,-1.4475,1,0.3000,0,-1.4475,0.000,0.300
108.125,overrun,A_leg2,4.758,-0.505,27.961,27.485,0.477,OVERRUN by 64.19s,1,0.0500,0,-1.4475,1,0.3000,0,-1.4475,0.000,0.300
109.142,overrun,A_leg2,4.758,-0.505,27.961,27.485,0.477,OVERRUN by 65.21s,1,0.0500,0,-1.4475,1,0.3000,0,-1.4475,0.000,0.300
110.166,overrun,A_leg2,4.758,-0.505,27.961,27.485,0.477,OVERRUN by 66.23s,1,0.0500,0,-1.4475,1,0.3000,0,-1.4475,0.000,0.300
111.183,overrun,A_leg2,4.758,-0.505,27.961,27.485,0.477,OVERRUN by 67.25s,1,0.0500,0,-1.4475,1,0.3000,0,-1.4475,0.000,0.300
112.220,overrun,A_leg2,4.758,-0.505,27.961,27.485,0.477,OVERRUN by 68.28s,1,0.0500,0,-1.4475,1,0.3000,0,-1.4475,0.000,0.300
113.252,overrun,A_leg2,4.758,-0.505,27.961,27.485,0.477,OVERRUN by 69.32s,1,0.0500,0,-1.4475,1,0.3000,0,-1.4475,0.000,0.300
114.290,overrun,A_leg2,4.758,-0.505,27.961,27.485,0.477,OVERRUN by 70.35s,1,0.0500,0,-1.4475,1,0.3000,0,-1.4475,0.000,0.300
115.324,overrun,A_leg2,4.758,-0.505,27.961,27.485,0.477,OVERRUN by 71.39s,1,0.0500,0,-1.4475,1,0.3000,0,-1.4475,0.000,0.300
116.367,overrun,A_leg2,4.758,-0.505,27.961,27.485,0.477,OVERRUN by 72.43s,1,0.0500,0,-1.4475,1,0.3000,0,-1.4475,0.000,0.300
117.386,overrun,A_leg2,4.758,-0.505,27.961,27.485,0.477,OVERRUN by 73.45s,1,0.0500,0,-1.4475,1,0.3000,0,-1.4475,0.000,0.300
118.410,overrun,A_leg2,4.758,-0.505,27.961,27.485,0.477,OVERRUN by 74.47s,1,0.0500,0,-1.4475,1,0.3000,0,-1.4475,0.000,0.300
119.442,overrun,A_leg2,4.758,-0.505,27.961,27.485,0.477,OVERRUN by 75.51s,1,0.0500,0,-1.4475,1,0.3000,0,-1.4475,0.000,0.300
120.462,overrun,A_leg2,4.758,-0.505,27.961,27.485,0.477,OVERRUN by 76.53s,1,0.0500,0,-1.4475,1,0.3000,0,-1.4475,0.000,0.300
121.501,overrun,A_leg2,4.758,-0.505,27.961,27.485,0.477,OVERRUN by 77.56s,1,0.0500,0,-1.4475,1,0.3000,0,-1.4475,0.000,0.300
122.546,overrun,A_leg2,4.758,-0.505,27.961,27.485,0.477,OVERRUN by 78.61s,1,0.0500,0,-1.4475,1,0.3000,0,-1.4475,0.000,0.300
123.577,overrun,A_leg2,4.758,-0.505,27.961,27.485,0.477,OVERRUN by 79.64s,1,0.0500,0,-1.4475,1,0.3000,0,-1.4475,0.000,0.300
124.600,overrun,A_leg2,4.758,-0.505,27.961,27.485,0.477,OVERRUN by 80.66s,1,0.0500,0,-1.4475,1,0.3000,0,-1.4475,0.000,0.300
125.632,overrun,A_leg2,4.758,-0.505,27.961,27.485,0.477,OVERRUN by 81.70s,1,0.0500,0,-1.4475,1,0.3000,0,-1.4475,0.000,0.300
126.662,overrun,A_leg2,4.758,-0.505,27.961,27.485,0.477,OVERRUN by 82.73s,1,0.0500,0,-1.4475,1,0.3000,0,-1.4475,0.000,0.300
127.690,overrun,A_leg2,4.758,-0.505,27.961,27.485,0.477,OVERRUN by 83.75s,1,0.0500,0,-1.4475,1,0.3000,0,-1.4475,0.000,0.300
128.708,overrun,A_leg2,4.758,-0.505,27.961,27.485,0.477,OVERRUN by 84.77s,1,0.0500,0,-1.4475,1,0.3000,0,-1.4475,0.000,0.300
129.746,overrun,A_leg2,4.758,-0.505,27.961,27.485,0.477,OVERRUN by 85.81s,1,0.0500,0,-1.4475,1,0.3000,0,-1.4475,0.000,0.300
130.778,overrun,A_leg2,4.758,-0.505,27.961,27.485,0.477,OVERRUN by 86.84s,1,0.0500,0,-1.4475,1,0.3000,0,-1.4475,0.000,0.300
131.803,overrun,A_leg2,4.758,-0.505,27.961,27.485,0.477,OVERRUN by 87.87s,1,0.0500,0,-1.4475,1,0.3000,0,-1.4475,0.000,0.300
132.831,overrun,A_leg2,4.758,-0.505,27.961,27.485,0.477,OVERRUN by 88.89s,1,0.0500,0,-1.4475,1,0.3000,0,-1.4475,0.000,0.300
133.855,overrun,A_leg2,4.758,-0.505,27.961,27.485,0.477,OVERRUN by 89.92s,1,0.0500,0,-1.4475,1,0.3000,0,-1.4475,0.000,0.300
134.891,overrun,A_leg2,4.758,-0.505,27.961,27.485,0.477,OVERRUN by 90.96s,1,0.0500,0,-1.4475,1,0.3000,0,-1.4475,0.000,0.300
135.928,overrun,A_leg2,4.758,-0.505,27.961,27.485,0.477,OVERRUN by 91.99s,1,0.0500,0,-1.4475,1,0.3000,0,-1.4475,0.000,0.300
136.968,overrun,A_leg2,4.758,-0.505,27.961,27.485,0.477,OVERRUN by 93.03s,1,0.0500,0,-1.4475,1,0.3000,0,-1.4475,0.000,0.300
138.003,overrun,A_leg2,4.758,-0.505,27.961,27.485,0.477,OVERRUN by 94.07s,1,0.0500,0,-1.4475,1,0.3000,0,-1.4475,0.000,0.300
139.035,overrun,A_leg2,4.758,-0.505,27.961,27.485,0.477,OVERRUN by 95.10s,1,0.0500,0,-1.4475,1,0.3000,0,-1.4475,0.000,0.300
140.074,overrun,A_leg2,4.758,-0.505,27.961,27.485,0.477,OVERRUN by 96.14s,1,0.0500,0,-1.4475,1,0.3000,0,-1.4475,0.000,0.300
141.104,overrun,A_leg2,4.758,-0.505,27.961,27.485,0.477,OVERRUN by 97.17s,1,0.0500,0,-1.4475,1,0.3000,0,-1.4475,0.000,0.300
142.143,overrun,A_leg2,4.758,-0.505,27.961,27.485,0.477,OVERRUN by 98.21s,1,0.0500,0,-1.4475,1,0.3000,0,-1.4475,0.000,0.300
143.175,overrun,A_leg2,4.758,-0.505,27.961,27.485,0.477,OVERRUN by 99.24s,1,0.0500,0,-1.4475,1,0.3000,0,-1.4475,0.000,0.300
144.199,overrun,A_leg2,4.758,-0.505,27.961,27.485,0.477,OVERRUN by 100.26s,1,0.0500,0,-1.4475,1,0.3000,0,-1.4475,0.000,0.300
145.237,overrun,A_leg2,4.758,-0.505,27.961,27.485,0.477,OVERRUN by 101.30s,1,0.0500,0,-1.4475,1,0.3000,0,-1.4475,0.000,0.300
146.263,overrun,A_leg2,4.758,-0.505,27.961,27.485,0.477,OVERRUN by 102.33s,1,0.0500,0,-1.4475,1,0.3000,0,-1.4475,0.000,0.300
147.307,overrun,A_leg2,4.758,-0.505,27.961,27.485,0.477,OVERRUN by 103.37s,1,0.0500,0,-1.4475,1,0.3000,0,-1.4475,0.000,0.300
148.338,overrun,A_leg2,4.758,-0.505,27.961,27.485,0.477,OVERRUN by 104.40s,1,0.0500,0,-1.4475,1,0.3000,0,-1.4475,0.000,0.300
149.380,overrun,A_leg2,4.758,-0.505,27.961,27.485,0.477,OVERRUN by 105.44s,1,0.0500,0,-1.4475,1,0.3000,0,-1.4475,0.000,0.300
150.404,overrun,A_leg2,4.758,-0.505,27.961,27.485,0.477,OVERRUN by 106.47s,1,0.0500,0,-1.4475,1,0.3000,0,-1.4475,0.000,0.300
151.422,overrun,A_leg2,4.758,-0.505,27.961,27.485,0.477,OVERRUN by 107.49s,1,0.0500,0,-1.4475,1,0.3000,0,-1.4475,0.000,0.300
152.446,overrun,A_leg2,4.758,-0.505,27.961,27.485,0.477,OVERRUN by 108.51s,1,0.0500,0,-1.4475,1,0.3000,0,-1.4475,0.000,0.300
153.483,overrun,A_leg2,4.758,-0.505,27.961,27.485,0.477,OVERRUN by 109.55s,1,0.0500,0,-1.4475,1,0.3000,0,-1.4475,0.000,0.300
154.526,overrun,A_leg2,4.758,-0.505,27.961,27.485,0.477,OVERRUN by 110.59s,1,0.0500,0,-1.4475,1,0.3000,0,-1.4475,0.000,0.300
155.563,overrun,A_leg2,4.758,-0.505,27.961,27.485,0.477,OVERRUN by 111.63s,1,0.0500,0,-1.4475,1,0.3000,0,-1.4475,0.000,0.300
156.590,overrun,A_leg2,4.758,-0.505,27.961,27.485,0.477,OVERRUN by 112.65s,1,0.0500,0,-1.4475,1,0.3000,0,-1.4475,0.000,0.300
157.629,overrun,A_leg2,4.758,-0.505,27.961,27.485,0.477,OVERRUN by 113.69s,1,0.0500,0,-1.4475,1,0.3000,0,-1.4475,0.000,0.300
158.663,overrun,A_leg2,4.758,-0.505,27.961,27.485,0.477,OVERRUN by 114.73s,1,0.0500,0,-1.4475,1,0.3000,0,-1.4475,0.000,0.300
159.706,overrun,A_leg2,4.758,-0.505,27.961,27.485,0.477,OVERRUN by 115.77s,1,0.0500,0,-1.4475,1,0.3000,0,-1.4475,0.000,0.300
160.737,overrun,A_leg2,4.758,-0.505,27.961,27.485,0.477,OVERRUN by 116.80s,1,0.0500,0,-1.4475,1,0.3000,0,-1.4475,0.000,0.300
161.774,overrun,A_leg2,4.758,-0.505,27.961,27.485,0.477,OVERRUN by 117.84s,1,0.0500,0,-1.4475,1,0.3000,0,-1.4475,0.000,0.300
162.804,overrun,A_leg2,4.758,-0.505,27.961,27.485,0.477,OVERRUN by 118.87s,1,0.0500,0,-1.4475,1,0.3000,0,-1.4475,0.000,0.300
163.843,overrun,A_leg2,4.758,-0.505,27.961,27.485,0.477,OVERRUN by 119.91s,1,0.0500,0,-1.4475,1,0.3000,0,-1.4475,0.000,0.300
164.882,overrun,A_leg2,4.758,-0.505,27.961,27.485,0.477,OVERRUN by 120.95s,1,0.0500,0,-1.4475,1,0.3000,0,-1.4475,0.000,0.300
165.920,overrun,A_leg2,4.758,-0.505,27.961,27.485,0.477,OVERRUN by 121.98s,1,0.0500,0,-1.4475,1,0.3000,0,-1.4475,0.000,0.300
166.945,overrun,A_leg2,4.758,-0.505,27.961,27.485,0.477,OVERRUN by 123.01s,1,0.0500,0,-1.4475,1,0.3000,0,-1.4475,0.000,0.300
167.958,overrun,A_leg2,4.758,-0.505,27.961,27.485,0.477,OVERRUN by 124.02s,1,0.0500,0,-1.4475,1,0.3000,0,-1.4475,0.000,0.300
168.988,overrun,A_leg2,4.758,-0.505,27.961,27.485,0.477,OVERRUN by 125.05s,1,0.0500,0,-1.4475,1,0.3000,0,-1.4475,0.000,0.300
170.024,overrun,A_leg2,4.758,-0.505,27.961,27.485,0.477,OVERRUN by 126.09s,1,0.0500,0,-1.4475,1,0.3000,0,-1.4475,0.000,0.300
171.065,overrun,A_leg2,4.758,-0.505,27.961,27.485,0.477,OVERRUN by 127.13s,1,0.0500,0,-1.4475,1,0.3000,0,-1.4475,0.000,0.300
172.087,overrun,A_leg2,4.758,-0.505,27.961,27.485,0.477,OVERRUN by 128.15s,1,0.0500,0,-1.4475,1,0.3000,0,-1.4475,0.000,0.300
173.108,overrun,A_leg2,4.758,-0.505,27.961,27.485,0.477,OVERRUN by 129.17s,1,0.0500,0,-1.4475,1,0.3000,0,-1.4475,0.000,0.300
174.148,overrun,A_leg2,4.758,-0.505,27.961,27.485,0.477,OVERRUN by 130.21s,1,0.0500,0,-1.4475,1,0.3000,0,-1.4475,0.000,0.300
175.183,overrun,A_leg2,4.758,-0.505,27.961,27.485,0.477,OVERRUN by 131.25s,1,0.0500,0,-1.4475,1,0.3000,0,-1.4475,0.000,0.300
176.207,overrun,A_leg2,4.758,-0.505,27.961,27.485,0.477,OVERRUN by 132.27s,1,0.0500,0,-1.4475,1,0.3000,0,-1.4475,0.000,0.300
177.239,overrun,A_leg2,4.758,-0.505,27.961,27.485,0.477,OVERRUN by 133.30s,1,0.0500,0,-1.4475,1,0.3000,0,-1.4475,0.000,0.300
178.260,overrun,A_leg2,4.758,-0.505,27.961,27.485,0.477,OVERRUN by 134.32s,1,0.0500,0,-1.4475,1,0.3000,0,-1.4475,0.000,0.300
179.280,overrun,A_leg2,4.758,-0.505,27.961,27.485,0.477,OVERRUN by 135.34s,1,0.0500,0,-1.4475,1,0.3000,0,-1.4475,0.000,0.300
180.304,overrun,A_leg2,4.758,-0.505,27.961,27.485,0.477,OVERRUN by 136.37s,1,0.0500,0,-1.4475,1,0.3000,0,-1.4475,0.000,0.300
181.333,overrun,A_leg2,4.758,-0.505,27.961,27.485,0.477,OVERRUN by 137.40s,1,0.0500,0,-1.4475,1,0.3000,0,-1.4475,0.000,0.300
182.367,overrun,A_leg2,4.758,-0.505,27.961,27.485,0.477,OVERRUN by 138.43s,1,0.0500,0,-1.4475,1,0.3000,0,-1.4475,0.000,0.300
183.398,overrun,A_leg2,4.758,-0.505,27.961,27.485,0.477,OVERRUN by 139.46s,1,0.0500,0,-1.4475,1,0.3000,0,-1.4475,0.000,0.300
184.435,overrun,A_leg2,4.758,-0.505,27.961,27.485,0.477,OVERRUN by 140.50s,1,0.0500,0,-1.4475,1,0.3000,0,-1.4475,0.000,0.300
185.470,overrun,A_leg2,4.758,-0.505,27.961,27.485,0.477,OVERRUN by 141.53s,1,0.0500,0,-1.4475,1,0.3000,0,-1.4475,0.000,0.300
186.509,overrun,A_leg2,4.758,-0.505,27.961,27.485,0.477,OVERRUN by 142.57s,1,0.0500,0,-1.4475,1,0.3000,0,-1.4475,0.000,0.300
187.532,overrun,A_leg2,4.758,-0.505,27.961,27.485,0.477,OVERRUN by 143.60s,1,0.0500,0,-1.4475,1,0.3000,0,-1.4475,0.000,0.300
188.559,overrun,A_leg2,4.758,-0.505,27.961,27.485,0.477,OVERRUN by 144.62s,1,0.0500,0,-1.4475,1,0.3000,0,-1.4475,0.000,0.300
189.586,overrun,A_leg2,4.758,-0.505,27.961,27.485,0.477,OVERRUN by 145.65s,1,0.0500,0,-1.4475,1,0.3000,0,-1.4475,0.000,0.300
190.614,overrun,A_leg2,4.758,-0.505,27.961,27.485,0.477,OVERRUN by 146.68s,1,0.0500,0,-1.4475,1,0.3000,0,-1.4475,0.000,0.300
191.644,overrun,A_leg2,4.758,-0.505,27.961,27.485,0.477,OVERRUN by 147.71s,1,0.0500,0,-1.4475,1,0.3000,0,-1.4475,0.000,0.300
192.678,overrun,A_leg2,4.758,-0.505,27.961,27.485,0.477,OVERRUN by 148.74s,1,0.0500,0,-1.4475,1,0.3000,0,-1.4475,0.000,0.300
193.706,overrun,A_leg2,4.758,-0.505,27.961,27.485,0.477,OVERRUN by 149.77s,1,0.0500,0,-1.4475,1,0.3000,0,-1.4475,0.000,0.300
194.738,overrun,A_leg2,4.758,-0.505,27.961,27.485,0.477,OVERRUN by 150.80s,1,0.0500,0,-1.4475,1,0.3000,0,-1.4475,0.000,0.300
195.772,overrun,A_leg2,4.758,-0.505,27.961,27.485,0.477,OVERRUN by 151.84s,1,0.0500,0,-1.4475,1,0.3000,0,-1.4475,0.000,0.300
196.791,overrun,A_leg2,4.758,-0.505,27.961,27.485,0.477,OVERRUN by 152.85s,1,0.0500,0,-1.4475,1,0.3000,0,-1.4475,0.000,0.300
197.807,overrun,A_leg2,4.758,-0.505,27.961,27.485,0.477,OVERRUN by 153.87s,1,0.0500,0,-1.4475,1,0.3000,0,-1.4475,0.000,0.300
198.828,overrun,A_leg2,4.758,-0.505,27.961,27.485,0.477,OVERRUN by 154.89s,1,0.0500,0,-1.4475,1,0.3000,0,-1.4475,0.000,0.300
199.862,overrun,A_leg2,4.758,-0.505,27.961,27.485,0.477,OVERRUN by 155.93s,1,0.0500,0,-1.4475,1,0.3000,0,-1.4475,0.000,0.300
200.894,overrun,A_leg2,4.758,-0.505,27.961,27.485,0.477,OVERRUN by 156.96s,1,0.0500,0,-1.4475,1,0.3000,0,-1.4475,0.000,0.300
201.936,overrun,A_leg2,4.758,-0.505,27.961,27.485,0.477,OVERRUN by 158.00s,1,0.0500,0,-1.4475,1,0.3000,0,-1.4475,0.000,0.300
202.978,overrun,A_leg2,4.758,-0.505,27.961,27.485,0.477,OVERRUN by 159.04s,1,0.0500,0,-1.4475,1,0.3000,0,-1.4475,0.000,0.300
204.017,overrun,A_leg2,4.758,-0.505,27.961,27.485,0.477,OVERRUN by 160.08s,1,0.0500,0,-1.4475,1,0.3000,0,-1.4475,0.000,0.300
205.038,overrun,A_leg2,4.758,-0.505,27.961,27.485,0.477,OVERRUN by 161.10s,1,0.0500,0,-1.4475,1,0.3000,0,-1.4475,0.000,0.300
206.070,overrun,A_leg2,4.758,-0.505,27.961,27.485,0.477,OVERRUN by 162.13s,1,0.0500,0,-1.4475,1,0.3000,0,-1.4475,0.000,0.300
207.094,overrun,A_leg2,4.758,-0.505,27.961,27.485,0.477,OVERRUN by 163.16s,1,0.0500,0,-1.4475,1,0.3000,0,-1.4475,0.000,0.300
208.127,overrun,A_leg2,4.758,-0.505,27.961,27.485,0.477,OVERRUN by 164.19s,1,0.0500,0,-1.4475,1,0.3000,0,-1.4475,0.000,0.300
209.153,overrun,A_leg2,4.758,-0.505,27.961,27.485,0.477,OVERRUN by 165.22s,1,0.0500,0,-1.4475,1,0.3000,0,-1.4475,0.000,0.300
210.174,overrun,A_leg2,4.758,-0.505,27.961,27.485,0.477,OVERRUN by 166.24s,1,0.0500,0,-1.4475,1,0.3000,0,-1.4475,0.000,0.300
211.201,overrun,A_leg2,4.758,-0.505,27.961,27.485,0.477,OVERRUN by 167.27s,1,0.0500,0,-1.4475,1,0.3000,0,-1.4475,0.000,0.300
212.232,overrun,A_leg2,4.758,-0.505,27.961,27.485,0.477,OVERRUN by 168.30s,1,0.0500,0,-1.4475,1,0.3000,0,-1.4475,0.000,0.300
213.267,overrun,A_leg2,4.758,-0.505,27.961,27.485,0.477,OVERRUN by 169.33s,1,0.0500,0,-1.4475,1,0.3000,0,-1.4475,0.000,0.300
214.274,overrun,A_leg2,4.758,-0.505,27.961,27.485,0.477,OVERRUN by 170.34s,1,0.0500,0,-1.4475,1,0.3000,0,-1.4475,0.000,0.300
215.297,overrun,A_leg2,4.758,-0.505,27.961,27.485,0.477,OVERRUN by 171.36s,1,0.0500,0,-1.4475,1,0.3000,0,-1.4475,0.000,0.300
216.326,overrun,A_leg2,4.758,-0.505,27.961,27.485,0.477,OVERRUN by 172.39s,1,0.0500,0,-1.4475,1,0.3000,0,-1.4475,0.000,0.300
217.357,overrun,A_leg2,4.758,-0.505,27.961,27.485,0.477,OVERRUN by 173.42s,1,0.0500,0,-1.4475,1,0.3000,0,-1.4475,0.000,0.300
218.387,overrun,A_leg2,4.758,-0.505,27.961,27.485,0.477,OVERRUN by 174.45s,1,0.0500,0,-1.4475,1,0.3000,0,-1.4475,0.000,0.300
219.420,overrun,A_leg2,4.758,-0.505,27.961,27.485,0.477,OVERRUN by 175.48s,1,0.0500,0,-1.4475,1,0.3000,0,-1.4475,0.000,0.300
220.448,overrun,A_leg2,4.758,-0.505,27.961,27.485,0.477,OVERRUN by 176.51s,1,0.0500,0,-1.4475,1,0.3000,0,-1.4475,0.000,0.300
221.485,overrun,A_leg2,4.758,-0.505,27.961,27.485,0.477,OVERRUN by 177.55s,1,0.0500,0,-1.4475,1,0.3000,0,-1.4475,0.000,0.300
222.521,overrun,A_leg2,4.758,-0.505,27.961,27.485,0.477,OVERRUN by 178.58s,1,0.0500,0,-1.4475,1,0.3000,0,-1.4475,0.000,0.300
223.558,overrun,A_leg2,4.758,-0.505,27.961,27.485,0.477,OVERRUN by 179.62s,1,0.0500,0,-1.4475,1,0.3000,0,-1.4475,0.000,0.300
224.592,overrun,A_leg2,4.758,-0.505,27.961,27.485,0.477,OVERRUN by 180.66s,1,0.0500,0,-1.4475,1,0.3000,0,-1.4475,0.000,0.300
225.628,overrun,A_leg2,4.758,-0.505,27.961,27.485,0.477,OVERRUN by 181.69s,1,0.0500,0,-1.4475,1,0.3000,0,-1.4475,0.000,0.300
226.662,overrun,A_leg2,4.758,-0.505,27.961,27.485,0.477,OVERRUN by 182.73s,1,0.0500,0,-1.4475,1,0.3000,0,-1.4475,0.000,0.300
227.698,overrun,A_leg2,4.758,-0.505,27.961,27.485,0.477,OVERRUN by 183.76s,1,0.0500,0,-1.4475,1,0.3000,0,-1.4475,0.000,0.300
228.721,overrun,A_leg2,4.758,-0.505,27.961,27.485,0.477,OVERRUN by 184.79s,1,0.0500,0,-1.4475,1,0.3000,0,-1.4475,0.000,0.300
229.758,overrun,A_leg2,4.758,-0.505,27.961,27.485,0.477,OVERRUN by 185.82s,1,0.0500,0,-1.4475,1,0.3000,0,-1.4475,0.000,0.300
230.794,overrun,A_leg2,4.758,-0.505,27.961,27.485,0.477,OVERRUN by 186.86s,1,0.0500,0,-1.4475,1,0.3000,0,-1.4475,0.000,0.300
231.822,overrun,A_leg2,4.758,-0.505,27.961,27.485,0.477,OVERRUN by 187.89s,1,0.0500,0,-1.4475,1,0.3000,0,-1.4475,0.000,0.300
232.855,overrun,A_leg2,4.758,-0.505,27.961,27.485,0.477,OVERRUN by 188.92s,1,0.0500,0,-1.4475,1,0.3000,0,-1.4475,0.000,0.300
233.892,overrun,A_leg2,4.758,-0.505,27.961,27.485,0.477,OVERRUN by 189.96s,1,0.0500,0,-1.4475,1,0.3000,0,-1.4475,0.000,0.300
234.931,overrun,A_leg2,4.758,-0.505,27.961,27.485,0.477,OVERRUN by 190.99s,1,0.0500,0,-1.4475,1,0.3000,0,-1.4475,0.000,0.300
235.966,overrun,A_leg2,4.758,-0.505,27.961,27.485,0.477,OVERRUN by 192.03s,1,0.0500,0,-1.4475,1,0.3000,0,-1.4475,0.000,0.300
236.997,overrun,A_leg2,4.758,-0.505,27.961,27.485,0.477,OVERRUN by 193.06s,1,0.0500,0,-1.4475,1,0.3000,0,-1.4475,0.000,0.300
238.038,overrun,A_leg2,4.758,-0.505,27.961,27.485,0.477,OVERRUN by 194.10s,1,0.0500,0,-1.4475,1,0.3000,0,-1.4475,0.000,0.300
239.075,overrun,A_leg2,4.758,-0.505,27.961,27.485,0.477,OVERRUN by 195.14s,1,0.0500,0,-1.4475,1,0.3000,0,-1.4475,0.000,0.300
240.113,overrun,A_leg2,4.758,-0.505,27.961,27.485,0.477,OVERRUN by 196.18s,1,0.0500,0,-1.4475,1,0.3000,0,-1.4475,0.000,0.300
241.149,overrun,A_leg2,4.758,-0.505,27.961,27.485,0.477,OVERRUN by 197.21s,1,0.0500,0,-1.4475,1,0.3000,0,-1.4475,0.000,0.300
242.188,overrun,A_leg2,4.758,-0.505,27.961,27.485,0.477,OVERRUN by 198.25s,1,0.0500,0,-1.4475,1,0.3000,0,-1.4475,0.000,0.300
243.225,overrun,A_leg2,4.758,-0.505,27.961,27.485,0.477,OVERRUN by 199.29s,1,0.0500,0,-1.4475,1,0.3000,0,-1.4475,0.000,0.300
244.258,overrun,A_leg2,4.758,-0.505,27.961,27.485,0.477,OVERRUN by 200.32s,1,0.0500,0,-1.4475,1,0.3000,0,-1.4475,0.000,0.300
245.298,overrun,A_leg2,4.758,-0.505,27.961,27.485,0.477,OVERRUN by 201.36s,1,0.0500,0,-1.4475,1,0.3000,0,-1.4475,0.000,0.300
246.337,overrun,A_leg2,4.758,-0.505,27.961,27.485,0.477,OVERRUN by 202.40s,1,0.0500,0,-1.4475,1,0.3000,0,-1.4475,0.000,0.300
247.371,overrun,A_leg2,4.758,-0.505,27.961,27.485,0.477,OVERRUN by 203.43s,1,0.0500,0,-1.4475,1,0.3000,0,-1.4475,0.000,0.300
248.410,overrun,A_leg2,4.758,-0.505,27.961,27.485,0.477,OVERRUN by 204.47s,1,0.0500,0,-1.4475,1,0.3000,0,-1.4475,0.000,0.300
249.450,overrun,A_leg2,4.758,-0.505,27.961,27.485,0.477,OVERRUN by 205.51s,1,0.0500,0,-1.4475,1,0.3000,0,-1.4475,0.000,0.300
250.487,overrun,A_leg2,4.758,-0.505,27.961,27.485,0.477,OVERRUN by 206.55s,1,0.0500,0,-1.4475,1,0.3000,0,-1.4475,0.000,0.300
251.520,overrun,A_leg2,4.758,-0.505,27.961,27.485,0.477,OVERRUN by 207.58s,1,0.0500,0,-1.4475,1,0.3000,0,-1.4475,0.000,0.300
252.550,overrun,A_leg2,4.758,-0.505,27.961,27.485,0.477,OVERRUN by 208.61s,1,0.0500,0,-1.4475,1,0.3000,0,-1.4475,0.000,0.300
253.571,overrun,A_leg2,4.758,-0.505,27.961,27.485,0.477,OVERRUN by 209.63s,1,0.0500,0,-1.4475,1,0.3000,0,-1.4475,0.000,0.300
254.583,overrun,A_leg2,4.758,-0.505,27.961,27.485,0.477,OVERRUN by 210.65s,1,0.0500,0,-1.4475,1,0.3000,0,-1.4475,0.000,0.300
255.618,overrun,A_leg2,4.758,-0.505,27.961,27.485,0.477,OVERRUN by 211.68s,1,0.0500,0,-1.4475,1,0.3000,0,-1.4475,0.000,0.300
256.637,overrun,A_leg2,4.758,-0.505,27.961,27.485,0.477,OVERRUN by 212.70s,1,0.0500,0,-1.4475,1,0.3000,0,-1.4475,0.000,0.300
257.680,overrun,A_leg2,4.758,-0.505,27.961,27.485,0.477,OVERRUN by 213.74s,1,0.0500,0,-1.4475,1,0.3000,0,-1.4475,0.000,0.300
258.714,overrun,A_leg2,4.758,-0.505,27.961,27.485,0.477,OVERRUN by 214.78s,1,0.0500,0,-1.4475,1,0.3000,0,-1.4475,0.000,0.300
259.746,overrun,A_leg2,4.758,-0.505,27.961,27.485,0.477,OVERRUN by 215.81s,1,0.0500,0,-1.4475,1,0.3000,0,-1.4475,0.000,0.300
260.780,overrun,A_leg2,4.758,-0.505,27.961,27.485,0.477,OVERRUN by 216.84s,1,0.0500,0,-1.4475,1,0.3000,0,-1.4475,0.000,0.300
261.806,overrun,A_leg2,4.758,-0.505,27.961,27.485,0.477,OVERRUN by 217.87s,1,0.0500,0,-1.4475,1,0.3000,0,-1.4475,0.000,0.300
262.824,overrun,A_leg2,4.758,-0.505,27.961,27.485,0.477,OVERRUN by 218.89s,1,0.0500,0,-1.4475,1,0.3000,0,-1.4475,0.000,0.300
263.846,overrun,A_leg2,4.758,-0.505,27.961,27.485,0.477,OVERRUN by 219.91s,1,0.0500,0,-1.4475,1,0.3000,0,-1.4475,0.000,0.300
264.874,overrun,A_leg2,4.758,-0.505,27.961,27.485,0.477,OVERRUN by 220.94s,1,0.0500,0,-1.4475,1,0.3000,0,-1.4475,0.000,0.300
265.898,overrun,A_leg2,4.758,-0.505,27.961,27.485,0.477,OVERRUN by 221.96s,1,0.0500,0,-1.4475,1,0.3000,0,-1.4475,0.000,0.300
266.928,overrun,A_leg2,4.758,-0.505,27.961,27.485,0.477,OVERRUN by 222.99s,1,0.0500,0,-1.4475,1,0.3000,0,-1.4475,0.000,0.300
267.964,overrun,A_leg2,4.758,-0.505,27.961,27.485,0.477,OVERRUN by 224.03s,1,0.0500,0,-1.4475,1,0.3000,0,-1.4475,0.000,0.300
268.978,overrun,A_leg2,4.758,-0.505,27.961,27.485,0.477,OVERRUN by 225.04s,1,0.0500,0,-1.4475,1,0.3000,0,-1.4475,0.000,0.300
270.011,overrun,A_leg2,4.758,-0.505,27.961,27.485,0.477,OVERRUN by 226.07s,1,0.0500,0,-1.4475,1,0.3000,0,-1.4475,0.000,0.300
271.042,overrun,A_leg2,4.758,-0.505,27.961,27.485,0.477,OVERRUN by 227.11s,1,0.0500,0,-1.4475,1,0.3000,0,-1.4475,0.000,0.300
272.076,overrun,A_leg2,4.758,-0.505,27.961,27.485,0.477,OVERRUN by 228.14s,1,0.0500,0,-1.4475,1,0.3000,0,-1.4475,0.000,0.300
273.099,overrun,A_leg2,4.758,-0.505,27.961,27.485,0.477,OVERRUN by 229.16s,1,0.0500,0,-1.4475,1,0.3000,0,-1.4475,0.000,0.300
274.105,overrun,A_leg2,4.758,-0.505,27.961,27.485,0.477,OVERRUN by 230.17s,1,0.0500,0,-1.4475,1,0.3000,0,-1.4475,0.000,0.300
275.138,overrun,A_leg2,4.758,-0.505,27.961,27.485,0.477,OVERRUN by 231.20s,1,0.0500,0,-1.4475,1,0.3000,0,-1.4475,0.000,0.300
276.167,overrun,A_leg2,4.758,-0.505,27.961,27.485,0.477,OVERRUN by 232.23s,1,0.0500,0,-1.4475,1,0.3000,0,-1.4475,0.000,0.300
277.193,overrun,A_leg2,4.758,-0.505,27.961,27.485,0.477,OVERRUN by 233.26s,1,0.0500,0,-1.4475,1,0.3000,0,-1.4475,0.000,0.300
278.227,overrun,A_leg2,4.758,-0.505,27.961,27.485,0.477,OVERRUN by 234.29s,1,0.0500,0,-1.4475,1,0.3000,0,-1.4475,0.000,0.300
279.259,overrun,A_leg2,4.758,-0.505,27.961,27.485,0.477,OVERRUN by 235.32s,1,0.0500,0,-1.4475,1,0.3000,0,-1.4475,0.000,0.300
280.294,overrun,A_leg2,4.758,-0.505,27.961,27.485,0.477,OVERRUN by 236.36s,1,0.0500,0,-1.4475,1,0.3000,0,-1.4475,0.000,0.300
281.323,overrun,A_leg2,4.758,-0.505,27.961,27.485,0.477,OVERRUN by 237.39s,1,0.0500,0,-1.4475,1,0.3000,0,-1.4475,0.000,0.300
282.355,overrun,A_leg2,4.758,-0.505,27.961,27.485,0.477,OVERRUN by 238.42s,1,0.0500,0,-1.4475,1,0.3000,0,-1.4475,0.000,0.300
283.387,overrun,A_leg2,4.758,-0.505,27.961,27.485,0.477,OVERRUN by 239.45s,1,0.0500,0,-1.4475,1,0.3000,0,-1.4475,0.000,0.300
284.411,overrun,A_leg2,4.758,-0.505,27.961,27.485,0.477,OVERRUN by 240.47s,1,0.0500,0,-1.4475,1,0.3000,0,-1.4475,0.000,0.300
285.445,overrun,A_leg2,4.758,-0.505,27.961,27.485,0.477,OVERRUN by 241.51s,1,0.0500,0,-1.4475,1,0.3000,0,-1.4475,0.000,0.300
286.465,overrun,A_leg2,4.758,-0.505,27.961,27.485,0.477,OVERRUN by 242.53s,1,0.0500,0,-1.4475,1,0.3000,0,-1.4475,0.000,0.300
287.502,overrun,A_leg2,4.758,-0.505,27.961,27.485,0.477,OVERRUN by 243.57s,1,0.0500,0,-1.4475,1,0.3000,0,-1.4475,0.000,0.300
288.541,overrun,A_leg2,4.758,-0.505,27.961,27.485,0.477,OVERRUN by 244.60s,1,0.0500,0,-1.4475,1,0.3000,0,-1.4475,0.000,0.300
289.573,overrun,A_leg2,4.758,-0.505,27.961,27.485,0.477,OVERRUN by 245.64s,1,0.0500,0,-1.4475,1,0.3000,0,-1.4475,0.000,0.300
290.598,overrun,A_leg2,4.758,-0.505,27.961,27.485,0.477,OVERRUN by 246.66s,1,0.0500,0,-1.4475,1,0.3000,0,-1.4475,0.000,0.300
291.641,overrun,A_leg2,4.758,-0.505,27.961,27.485,0.477,OVERRUN by 247.71s,1,0.0500,0,-1.4475,1,0.3000,0,-1.4475,0.000,0.300
292.677,overrun,A_leg2,4.758,-0.505,27.961,27.485,0.477,OVERRUN by 248.74s,1,0.0500,0,-1.4475,1,0.3000,0,-1.4475,0.000,0.300
293.712,overrun,A_leg2,4.758,-0.505,27.961,27.485,0.477,OVERRUN by 249.78s,1,0.0500,0,-1.4475,1,0.3000,0,-1.4475,0.000,0.300
294.752,overrun,A_leg2,4.758,-0.505,27.961,27.485,0.477,OVERRUN by 250.82s,1,0.0500,0,-1.4475,1,0.3000,0,-1.4475,0.000,0.300
295.783,overrun,A_leg2,4.758,-0.505,27.961,27.485,0.477,OVERRUN by 251.85s,1,0.0500,0,-1.4475,1,0.3000,0,-1.4475,0.000,0.300
296.812,overrun,A_leg2,4.758,-0.505,27.961,27.485,0.477,OVERRUN by 252.88s,1,0.0500,0,-1.4475,1,0.3000,0,-1.4475,0.000,0.300
297.848,overrun,A_leg2,4.758,-0.505,27.961,27.485,0.477,OVERRUN by 253.91s,1,0.0500,0,-1.4475,1,0.3000,0,-1.4475,0.000,0.300
298.882,overrun,A_leg2,4.758,-0.505,27.961,27.485,0.477,OVERRUN by 254.95s,1,0.0500,0,-1.4475,1,0.3000,0,-1.4475,0.000,0.300
299.909,overrun,A_leg2,4.758,-0.505,27.961,27.485,0.477,OVERRUN by 255.97s,1,0.0500,0,-1.4475,1,0.3000,0,-1.4475,0.000,0.300
300.948,overrun,A_leg2,4.758,-0.505,27.961,27.485,0.477,OVERRUN by 257.01s,1,0.0500,0,-1.4475,1,0.3000,0,-1.4475,0.000,0.300
301.972,overrun,A_leg2,4.758,-0.505,27.961,27.485,0.477,OVERRUN by 258.04s,1,0.0500,0,-1.4475,1,0.3000,0,-1.4475,0.000,0.300
303.005,overrun,A_leg2,4.758,-0.505,27.961,27.485,0.477,OVERRUN by 259.07s,1,0.0500,0,-1.4475,1,0.3000,0,-1.4475,0.000,0.300
304.044,overrun,A_leg2,4.758,-0.505,27.961,27.485,0.477,OVERRUN by 260.11s,1,0.0500,0,-1.4475,1,0.3000,0,-1.4475,0.000,0.300
305.082,overrun,A_leg2,4.758,-0.505,27.961,27.485,0.477,OVERRUN by 261.15s,1,0.0500,0,-1.4475,1,0.3000,0,-1.4475,0.000,0.300
306.115,overrun,A_leg2,4.758,-0.505,27.961,27.485,0.477,OVERRUN by 262.18s,1,0.0500,0,-1.4475,1,0.3000,0,-1.4475,0.000,0.300
307.159,overrun,A_leg2,4.758,-0.505,27.961,27.485,0.477,OVERRUN by 263.22s,1,0.0500,0,-1.4475,1,0.3000,0,-1.4475,0.000,0.300
308.185,overrun,A_leg2,4.758,-0.505,27.961,27.485,0.477,OVERRUN by 264.25s,1,0.0500,0,-1.4475,1,0.3000,0,-1.4475,0.000,0.300
309.211,overrun,A_leg2,4.758,-0.505,27.961,27.485,0.477,OVERRUN by 265.27s,1,0.0500,0,-1.4475,1,0.3000,0,-1.4475,0.000,0.300
310.236,overrun,A_leg2,4.758,-0.505,27.961,27.485,0.477,OVERRUN by 266.30s,1,0.0500,0,-1.4475,1,0.3000,0,-1.4475,0.000,0.300
311.267,overrun,A_leg2,4.758,-0.505,27.961,27.485,0.477,OVERRUN by 267.33s,1,0.0500,0,-1.4475,1,0.3000,0,-1.4475,0.000,0.300
312.298,overrun,A_leg2,4.758,-0.505,27.961,27.485,0.477,OVERRUN by 268.36s,1,0.0500,0,-1.4475,1,0.3000,0,-1.4475,0.000,0.300
313.322,overrun,A_leg2,4.758,-0.505,27.961,27.485,0.477,OVERRUN by 269.39s,1,0.0500,0,-1.4475,1,0.3000,0,-1.4475,0.000,0.300
314.357,overrun,A_leg2,4.758,-0.505,27.961,27.485,0.477,OVERRUN by 270.42s,1,0.0500,0,-1.4475,1,0.3000,0,-1.4475,0.000,0.300
315.395,overrun,A_leg2,4.758,-0.505,27.961,27.485,0.477,OVERRUN by 271.46s,1,0.0500,0,-1.4475,1,0.3000,0,-1.4475,0.000,0.300
316.424,overrun,A_leg2,4.758,-0.505,27.961,27.485,0.477,OVERRUN by 272.49s,1,0.0500,0,-1.4475,1,0.3000,0,-1.4475,0.000,0.300
317.452,overrun,A_leg2,4.758,-0.505,27.961,27.485,0.477,OVERRUN by 273.52s,1,0.0500,0,-1.4475,1,0.3000,0,-1.4475,0.000,0.300
318.493,overrun,A_leg2,4.758,-0.505,27.961,27.485,0.477,OVERRUN by 274.56s,1,0.0500,0,-1.4475,1,0.3000,0,-1.4475,0.000,0.300
319.534,overrun,A_leg2,4.758,-0.505,27.961,27.485,0.477,OVERRUN by 275.60s,1,0.0500,0,-1.4475,1,0.3000,0,-1.4475,0.000,0.300
320.567,overrun,A_leg2,4.758,-0.505,27.961,27.485,0.477,OVERRUN by 276.63s,1,0.0500,0,-1.4475,1,0.3000,0,-1.4475,0.000,0.300
321.599,overrun,A_leg2,4.758,-0.505,27.961,27.485,0.477,OVERRUN by 277.66s,1,0.0500,0,-1.4475,1,0.3000,0,-1.4475,0.000,0.300
322.626,overrun,A_leg2,4.758,-0.505,27.961,27.485,0.477,OVERRUN by 278.69s,1,0.0500,0,-1.4475,1,0.3000,0,-1.4475,0.000,0.300
323.658,overrun,A_leg2,4.758,-0.505,27.961,27.485,0.477,OVERRUN by 279.72s,1,0.0500,0,-1.4475,1,0.3000,0,-1.4475,0.000,0.300
324.694,overrun,A_leg2,4.758,-0.505,27.961,27.485,0.477,OVERRUN by 280.76s,1,0.0500,0,-1.4475,1,0.3000,0,-1.4475,0.000,0.300
325.716,overrun,A_leg2,4.758,-0.505,27.961,27.485,0.477,OVERRUN by 281.78s,1,0.0500,0,-1.4475,1,0.3000,0,-1.4475,0.000,0.300
326.751,overrun,A_leg2,4.758,-0.505,27.961,27.485,0.477,OVERRUN by 282.82s,1,0.0500,0,-1.4475,1,0.3000,0,-1.4475,0.000,0.300
327.778,overrun,A_leg2,4.758,-0.505,27.961,27.485,0.477,OVERRUN by 283.84s,1,0.0500,0,-1.4475,1,0.3000,0,-1.4475,0.000,0.300
328.805,overrun,A_leg2,4.758,-0.505,27.961,27.485,0.477,OVERRUN by 284.87s,1,0.0500,0,-1.4475,1,0.3000,0,-1.4475,0.000,0.300
329.848,overrun,A_leg2,4.758,-0.505,27.961,27.485,0.477,OVERRUN by 285.91s,1,0.0500,0,-1.4475,1,0.3000,0,-1.4475,0.000,0.300
330.885,overrun,A_leg2,4.758,-0.505,27.961,27.485,0.477,OVERRUN by 286.95s,1,0.0500,0,-1.4475,1,0.3000,0,-1.4475,0.000,0.300
331.908,overrun,A_leg2,4.758,-0.505,27.961,27.485,0.477,OVERRUN by 287.97s,1,0.0500,0,-1.4475,1,0.3000,0,-1.4475,0.000,0.300
332.949,overrun,A_leg2,4.758,-0.505,27.961,27.485,0.477,OVERRUN by 289.01s,1,0.0500,0,-1.4475,1,0.3000,0,-1.4475,0.000,0.300
333.973,overrun,A_leg2,4.758,-0.505,27.961,27.485,0.477,OVERRUN by 290.04s,1,0.0500,0,-1.4475,1,0.3000,0,-1.4475,0.000,0.300
335.006,overrun,A_leg2,4.758,-0.505,27.961,27.485,0.477,OVERRUN by 291.07s,1,0.0500,0,-1.4475,1,0.3000,0,-1.4475,0.000,0.300
336.036,overrun,A_leg2,4.758,-0.505,27.961,27.485,0.477,OVERRUN by 292.10s,1,0.0500,0,-1.4475,1,0.3000,0,-1.4475,0.000,0.300
337.067,overrun,A_leg2,4.758,-0.505,27.961,27.485,0.477,OVERRUN by 293.13s,1,0.0500,0,-1.4475,1,0.3000,0,-1.4475,0.000,0.300
338.109,overrun,A_leg2,4.758,-0.505,27.961,27.485,0.477,OVERRUN by 294.17s,1,0.0500,0,-1.4475,1,0.3000,0,-1.4475,0.000,0.300
339.144,overrun,A_leg2,4.758,-0.505,27.961,27.485,0.477,OVERRUN by 295.21s,1,0.0500,0,-1.4475,1,0.3000,0,-1.4475,0.000,0.300
340.170,overrun,A_leg2,4.758,-0.505,27.961,27.485,0.477,OVERRUN by 296.23s,1,0.0500,0,-1.4475,1,0.3000,0,-1.4475,0.000,0.300
341.195,overrun,A_leg2,4.758,-0.505,27.961,27.485,0.477,OVERRUN by 297.26s,1,0.0500,0,-1.4475,1,0.3000,0,-1.4475,0.000,0.300
342.219,overrun,A_leg2,4.758,-0.505,27.961,27.485,0.477,OVERRUN by 298.28s,1,0.0500,0,-1.4475,1,0.3000,0,-1.4475,0.000,0.300
343.246,overrun,A_leg2,4.758,-0.505,27.961,27.485,0.477,OVERRUN by 299.31s,1,0.0500,0,-1.4475,1,0.3000,0,-1.4475,0.000,0.300
344.277,overrun,A_leg2,4.758,-0.505,27.961,27.485,0.477,OVERRUN by 300.34s,1,0.0500,0,-1.4475,1,0.3000,0,-1.4475,0.000,0.300
345.311,overrun,A_leg2,4.758,-0.505,27.961,27.485,0.477,OVERRUN by 301.37s,1,0.0500,0,-1.4475,1,0.3000,0,-1.4475,0.000,0.300
346.345,overrun,A_leg2,4.758,-0.505,27.961,27.485,0.477,OVERRUN by 302.41s,1,0.0500,0,-1.4475,1,0.3000,0,-1.4475,0.000,0.300
347.381,overrun,A_leg2,4.758,-0.505,27.961,27.485,0.477,OVERRUN by 303.44s,1,0.0500,0,-1.4475,1,0.3000,0,-1.4475,0.000,0.300
348.417,overrun,A_leg2,4.758,-0.505,27.961,27.485,0.477,OVERRUN by 304.48s,1,0.0500,0,-1.4475,1,0.3000,0,-1.4475,0.000,0.300
349.451,overrun,A_leg2,4.758,-0.505,27.961,27.485,0.477,OVERRUN by 305.52s,1,0.0500,0,-1.4475,1,0.3000,0,-1.4475,0.000,0.300
350.479,overrun,A_leg2,4.758,-0.505,27.961,27.485,0.477,OVERRUN by 306.54s,1,0.0500,0,-1.4475,1,0.3000,0,-1.4475,0.000,0.300
351.512,overrun,A_leg2,4.758,-0.505,27.961,27.485,0.477,OVERRUN by 307.58s,1,0.0500,0,-1.4475,1,0.3000,0,-1.4475,0.000,0.300
352.537,overrun,A_leg2,4.758,-0.505,27.961,27.485,0.477,OVERRUN by 308.60s,1,0.0500,0,-1.4475,1,0.3000,0,-1.4475,0.000,0.300
353.567,overrun,A_leg2,4.758,-0.505,27.961,27.485,0.477,OVERRUN by 309.63s,1,0.0500,0,-1.4475,1,0.3000,0,-1.4475,0.000,0.300
354.597,overrun,A_leg2,4.758,-0.505,27.961,27.485,0.477,OVERRUN by 310.66s,1,0.0500,0,-1.4475,1,0.3000,0,-1.4475,0.000,0.300
355.626,overrun,A_leg2,4.758,-0.505,27.961,27.485,0.477,OVERRUN by 311.69s,1,0.0500,0,-1.4475,1,0.3000,0,-1.4475,0.000,0.300
356.648,overrun,A_leg2,4.758,-0.505,27.961,27.485,0.477,OVERRUN by 312.71s,1,0.0500,0,-1.4475,1,0.3000,0,-1.4475,0.000,0.300
357.685,overrun,A_leg2,4.758,-0.505,27.961,27.485,0.477,OVERRUN by 313.75s,1,0.0500,0,-1.4475,1,0.3000,0,-1.4475,0.000,0.300
358.718,overrun,A_leg2,4.758,-0.505,27.961,27.485,0.477,OVERRUN by 314.78s,1,0.0500,0,-1.4475,1,0.3000,0,-1.4475,0.000,0.300
359.748,overrun,A_leg2,4.758,-0.505,27.961,27.485,0.477,OVERRUN by 315.81s,1,0.0500,0,-1.4475,1,0.3000,0,-1.4475,0.000,0.300
360.775,overrun,A_leg2,4.758,-0.505,27.961,27.485,0.477,OVERRUN by 316.84s,1,0.0500,0,-1.4475,1,0.3000,0,-1.4475,0.000,0.300
361.808,overrun,A_leg2,4.758,-0.505,27.961,27.485,0.477,OVERRUN by 317.87s,1,0.0500,0,-1.4475,1,0.3000,0,-1.4475,0.000,0.300
362.842,overrun,A_leg2,4.758,-0.505,27.961,27.485,0.477,OVERRUN by 318.91s,1,0.0500,0,-1.4475,1,0.3000,0,-1.4475,0.000,0.300
363.873,overrun,A_leg2,4.758,-0.505,27.961,27.485,0.477,OVERRUN by 319.94s,1,0.0500,0,-1.4475,1,0.3000,0,-1.4475,0.000,0.300
364.906,overrun,A_leg2,4.758,-0.505,27.961,27.485,0.477,OVERRUN by 320.97s,1,0.0500,0,-1.4475,1,0.3000,0,-1.4475,0.000,0.300
365.935,overrun,A_leg2,4.758,-0.505,27.961,27.485,0.477,OVERRUN by 322.00s,1,0.0500,0,-1.4475,1,0.3000,0,-1.4475,0.000,0.300
366.945,overrun,A_leg2,4.758,-0.505,27.961,27.485,0.477,OVERRUN by 323.01s,1,0.0500,0,-1.4475,1,0.3000,0,-1.4475,0.000,0.300
367.969,overrun,A_leg2,4.758,-0.505,27.961,27.485,0.477,OVERRUN by 324.03s,1,0.0500,0,-1.4475,1,0.3000,0,-1.4475,0.000,0.300
368.992,overrun,A_leg2,4.758,-0.505,27.961,27.485,0.477,OVERRUN by 325.06s,1,0.0500,0,-1.4475,1,0.3000,0,-1.4475,0.000,0.300
370.030,overrun,A_leg2,4.758,-0.505,27.961,27.485,0.477,OVERRUN by 326.09s,1,0.0500,0,-1.4475,1,0.3000,0,-1.4475,0.000,0.300
371.067,overrun,A_leg2,4.758,-0.505,27.961,27.485,0.477,OVERRUN by 327.13s,1,0.0500,0,-1.4475,1,0.3000,0,-1.4475,0.000,0.300
372.107,overrun,A_leg2,4.758,-0.505,27.961,27.485,0.477,OVERRUN by 328.17s,1,0.0500,0,-1.4475,1,0.3000,0,-1.4475,0.000,0.300
373.139,overrun,A_leg2,4.758,-0.505,27.961,27.485,0.477,OVERRUN by 329.20s,1,0.0500,0,-1.4475,1,0.3000,0,-1.4475,0.000,0.300
374.167,overrun,A_leg2,4.758,-0.505,27.961,27.485,0.477,OVERRUN by 330.23s,1,0.0500,0,-1.4475,1,0.3000,0,-1.4475,0.000,0.300
375.201,overrun,A_leg2,4.758,-0.505,27.961,27.485,0.477,OVERRUN by 331.27s,1,0.0500,0,-1.4475,1,0.3000,0,-1.4475,0.000,0.300
376.244,overrun,A_leg2,4.758,-0.505,27.961,27.485,0.477,OVERRUN by 332.31s,1,0.0500,0,-1.4475,1,0.3000,0,-1.4475,0.000,0.300
377.278,overrun,A_leg2,4.758,-0.505,27.961,27.485,0.477,OVERRUN by 333.34s,1,0.0500,0,-1.4475,1,0.3000,0,-1.4475,0.000,0.300
378.315,overrun,A_leg2,4.758,-0.505,27.961,27.485,0.477,OVERRUN by 334.38s,1,0.0500,0,-1.4475,1,0.3000,0,-1.4475,0.000,0.300
379.335,overrun,A_leg2,4.758,-0.505,27.961,27.485,0.477,OVERRUN by 335.40s,1,0.0500,0,-1.4475,1,0.3000,0,-1.4475,0.000,0.300
380.367,overrun,A_leg2,4.758,-0.505,27.961,27.485,0.477,OVERRUN by 336.43s,1,0.0500,0,-1.4475,1,0.3000,0,-1.4475,0.000,0.300
381.407,overrun,A_leg2,4.758,-0.505,27.961,27.485,0.477,OVERRUN by 337.47s,1,0.0500,0,-1.4475,1,0.3000,0,-1.4475,0.000,0.300
382.416,overrun,A_leg2,4.758,-0.505,27.961,27.485,0.477,OVERRUN by 338.48s,1,0.0500,0,-1.4475,1,0.3000,0,-1.4475,0.000,0.300
383.440,overrun,A_leg2,4.758,-0.505,27.961,27.485,0.477,OVERRUN by 339.50s,1,0.0500,0,-1.4475,1,0.3000,0,-1.4475,0.000,0.300
384.471,overrun,A_leg2,4.758,-0.505,27.961,27.485,0.477,OVERRUN by 340.53s,1,0.0500,0,-1.4475,1,0.3000,0,-1.4475,0.000,0.300
385.511,overrun,A_leg2,4.758,-0.505,27.961,27.485,0.477,OVERRUN by 341.57s,1,0.0500,0,-1.4475,1,0.3000,0,-1.4475,0.000,0.300
386.542,overrun,A_leg2,4.758,-0.505,27.961,27.485,0.477,OVERRUN by 342.61s,1,0.0500,0,-1.4475,1,0.3000,0,-1.4475,0.000,0.300
387.565,overrun,A_leg2,4.758,-0.505,27.961,27.485,0.477,OVERRUN by 343.63s,1,0.0500,0,-1.4475,1,0.3000,0,-1.4475,0.000,0.300
388.600,overrun,A_leg2,4.758,-0.505,27.961,27.485,0.477,OVERRUN by 344.66s,1,0.0500,0,-1.4475,1,0.3000,0,-1.4475,0.000,0.300
389.635,overrun,A_leg2,4.758,-0.505,27.961,27.485,0.477,OVERRUN by 345.70s,1,0.0500,0,-1.4475,1,0.3000,0,-1.4475,0.000,0.300
390.672,overrun,A_leg2,4.758,-0.505,27.961,27.485,0.477,OVERRUN by 346.74s,1,0.0500,0,-1.4475,1,0.3000,0,-1.4475,0.000,0.300
391.707,overrun,A_leg2,4.758,-0.505,27.961,27.485,0.477,OVERRUN by 347.77s,1,0.0500,0,-1.4475,1,0.3000,0,-1.4475,0.000,0.300
392.739,overrun,A_leg2,4.758,-0.505,27.961,27.485,0.477,OVERRUN by 348.80s,1,0.0500,0,-1.4475,1,0.3000,0,-1.4475,0.000,0.300
393.767,overrun,A_leg2,4.758,-0.505,27.961,27.485,0.477,OVERRUN by 349.83s,1,0.0500,0,-1.4475,1,0.3000,0,-1.4475,0.000,0.300
394.803,overrun,A_leg2,4.758,-0.505,27.961,27.485,0.477,OVERRUN by 350.87s,1,0.0500,0,-1.4475,1,0.3000,0,-1.4475,0.000,0.300
395.840,overrun,A_leg2,4.758,-0.505,27.961,27.485,0.477,OVERRUN by 351.90s,1,0.0500,0,-1.4475,1,0.3000,0,-1.4475,0.000,0.300
396.869,overrun,A_leg2,4.758,-0.505,27.961,27.485,0.477,OVERRUN by 352.93s,1,0.0500,0,-1.4475,1,0.3000,0,-1.4475,0.000,0.300
397.911,overrun,A_leg2,4.758,-0.505,27.961,27.485,0.477,OVERRUN by 353.98s,1,0.0500,0,-1.4475,1,0.3000,0,-1.4475,0.000,0.300
398.951,overrun,A_leg2,4.758,-0.505,27.961,27.485,0.477,OVERRUN by 355.01s,1,0.0500,0,-1.4475,1,0.3000,0,-1.4475,0.000,0.300
399.983,overrun,A_leg2,4.758,-0.505,27.961,27.485,0.477,OVERRUN by 356.05s,1,0.0500,0,-1.4475,1,0.3000,0,-1.4475,0.000,0.300
401.010,overrun,A_leg2,4.758,-0.505,27.961,27.485,0.477,OVERRUN by 357.07s,1,0.0500,0,-1.4475,1,0.3000,0,-1.4475,0.000,0.300
402.035,overrun,A_leg2,4.758,-0.505,27.961,27.485,0.477,OVERRUN by 358.10s,1,0.0500,0,-1.4475,1,0.3000,0,-1.4475,0.000,0.300
403.073,overrun,A_leg2,4.758,-0.505,27.961,27.485,0.477,OVERRUN by 359.14s,1,0.0500,0,-1.4475,1,0.3000,0,-1.4475,0.000,0.300
404.114,overrun,A_leg2,4.758,-0.505,27.961,27.485,0.477,OVERRUN by 360.18s,1,0.0500,0,-1.4475,1,0.3000,0,-1.4475,0.000,0.300
405.150,overrun,A_leg2,4.758,-0.505,27.961,27.485,0.477,OVERRUN by 361.21s,1,0.0500,0,-1.4475,1,0.3000,0,-1.4475,0.000,0.300
406.182,overrun,A_leg2,4.758,-0.505,27.961,27.485,0.477,OVERRUN by 362.25s,1,0.0500,0,-1.4475,1,0.3000,0,-1.4475,0.000,0.300
407.208,overrun,A_leg2,4.758,-0.505,27.961,27.485,0.477,OVERRUN by 363.27s,1,0.0500,0,-1.4475,1,0.3000,0,-1.4475,0.000,0.300
408.247,overrun,A_leg2,4.758,-0.505,27.961,27.485,0.477,OVERRUN by 364.31s,1,0.0500,0,-1.4475,1,0.3000,0,-1.4475,0.000,0.300
409.284,overrun,A_leg2,4.758,-0.505,27.961,27.485,0.477,OVERRUN by 365.35s,1,0.0500,0,-1.4475,1,0.3000,0,-1.4475,0.000,0.300
410.323,overrun,A_leg2,4.758,-0.505,27.961,27.485,0.477,OVERRUN by 366.39s,1,0.0500,0,-1.4475,1,0.3000,0,-1.4475,0.000,0.300
411.364,overrun,A_leg2,4.758,-0.505,27.961,27.485,0.477,OVERRUN by 367.43s,1,0.0500,0,-1.4475,1,0.3000,0,-1.4475,0.000,0.300
412.397,overrun,A_leg2,4.758,-0.505,27.961,27.485,0.477,OVERRUN by 368.46s,1,0.0500,0,-1.4475,1,0.3000,0,-1.4475,0.000,0.300
413.419,overrun,A_leg2,4.758,-0.505,27.961,27.485,0.477,OVERRUN by 369.48s,1,0.0500,0,-1.4475,1,0.3000,0,-1.4475,0.000,0.300
414.447,overrun,A_leg2,4.758,-0.505,27.961,27.485,0.477,OVERRUN by 370.51s,1,0.0500,0,-1.4475,1,0.3000,0,-1.4475,0.000,0.300
415.479,overrun,A_leg2,4.758,-0.505,27.961,27.485,0.477,OVERRUN by 371.54s,1,0.0500,0,-1.4475,1,0.3000,0,-1.4475,0.000,0.300
416.519,overrun,A_leg2,4.758,-0.505,27.961,27.485,0.477,OVERRUN by 372.58s,1,0.0500,0,-1.4475,1,0.3000,0,-1.4475,0.000,0.300
417.546,overrun,A_leg2,4.758,-0.505,27.961,27.485,0.477,OVERRUN by 373.61s,1,0.0500,0,-1.4475,1,0.3000,0,-1.4475,0.000,0.300
418.581,overrun,A_leg2,4.758,-0.505,27.961,27.485,0.477,OVERRUN by 374.64s,1,0.0500,0,-1.4475,1,0.3000,0,-1.4475,0.000,0.300
419.613,overrun,A_leg2,4.758,-0.505,27.961,27.485,0.477,OVERRUN by 375.68s,1,0.0500,0,-1.4475,1,0.3000,0,-1.4475,0.000,0.300
420.647,overrun,A_leg2,4.758,-0.505,27.961,27.485,0.477,OVERRUN by 376.71s,1,0.0500,0,-1.4475,1,0.3000,0,-1.4475,0.000,0.300
421.681,overrun,A_leg2,4.758,-0.505,27.961,27.485,0.477,OVERRUN by 377.74s,1,0.0500,0,-1.4475,1,0.3000,0,-1.4475,0.000,0.300
422.706,overrun,A_leg2,4.758,-0.505,27.961,27.485,0.477,OVERRUN by 378.77s,1,0.0500,0,-1.4475,1,0.3000,0,-1.4475,0.000,0.300
423.738,overrun,A_leg2,4.758,-0.505,27.961,27.485,0.477,OVERRUN by 379.80s,1,0.0500,0,-1.4475,1,0.3000,0,-1.4475,0.000,0.300
424.771,overrun,A_leg2,4.758,-0.505,27.961,27.485,0.477,OVERRUN by 380.83s,1,0.0500,0,-1.4475,1,0.3000,0,-1.4475,0.000,0.300
425.803,overrun,A_leg2,4.758,-0.505,27.961,27.485,0.477,OVERRUN by 381.87s,1,0.0500,0,-1.4475,1,0.3000,0,-1.4475,0.000,0.300
426.831,overrun,A_leg2,4.758,-0.505,27.961,27.485,0.477,OVERRUN by 382.89s,1,0.0500,0,-1.4475,1,0.3000,0,-1.4475,0.000,0.300
427.864,overrun,A_leg2,4.758,-0.505,27.961,27.485,0.477,OVERRUN by 383.93s,1,0.0500,0,-1.4475,1,0.3000,0,-1.4475,0.000,0.300
428.899,overrun,A_leg2,4.758,-0.505,27.961,27.485,0.477,OVERRUN by 384.96s,1,0.0500,0,-1.4475,1,0.3000,0,-1.4475,0.000,0.300
429.924,overrun,A_leg2,4.758,-0.505,27.961,27.485,0.477,OVERRUN by 385.99s,1,0.0500,0,-1.4475,1,0.3000,0,-1.4475,0.000,0.300
430.953,overrun,A_leg2,4.758,-0.505,27.961,27.485,0.477,OVERRUN by 387.02s,1,0.0500,0,-1.4475,1,0.3000,0,-1.4475,0.000,0.300
431.980,overrun,A_leg2,4.758,-0.505,27.961,27.485,0.477,OVERRUN by 388.04s,1,0.0500,0,-1.4475,1,0.3000,0,-1.4475,0.000,0.300
433.013,overrun,A_leg2,4.758,-0.505,27.961,27.485,0.477,OVERRUN by 389.08s,1,0.0500,0,-1.4475,1,0.3000,0,-1.4475,0.000,0.300
434.031,overrun,A_leg2,4.758,-0.505,27.961,27.485,0.477,OVERRUN by 390.10s,1,0.0500,0,-1.4475,1,0.3000,0,-1.4475,0.000,0.300
435.057,overrun,A_leg2,4.758,-0.505,27.961,27.485,0.477,OVERRUN by 391.12s,1,0.0500,0,-1.4475,1,0.3000,0,-1.4475,0.000,0.300
436.098,overrun,A_leg2,4.758,-0.505,27.961,27.485,0.477,OVERRUN by 392.16s,1,0.0500,0,-1.4475,1,0.3000,0,-1.4475,0.000,0.300
437.141,overrun,A_leg2,4.758,-0.505,27.961,27.485,0.477,OVERRUN by 393.20s,1,0.0500,0,-1.4475,1,0.3000,0,-1.4475,0.000,0.300
438.175,overrun,A_leg2,4.758,-0.505,27.961,27.485,0.477,OVERRUN by 394.24s,1,0.0500,0,-1.4475,1,0.3000,0,-1.4475,0.000,0.300
439.198,overrun,A_leg2,4.758,-0.505,27.961,27.485,0.477,OVERRUN by 395.26s,1,0.0500,0,-1.4475,1,0.3000,0,-1.4475,0.000,0.300
440.228,overrun,A_leg2,4.758,-0.505,27.961,27.485,0.477,OVERRUN by 396.29s,1,0.0500,0,-1.4475,1,0.3000,0,-1.4475,0.000,0.300
441.262,overrun,A_leg2,4.758,-0.505,27.961,27.485,0.477,OVERRUN by 397.33s,1,0.0500,0,-1.4475,1,0.3000,0,-1.4475,0.000,0.300
442.289,overrun,A_leg2,4.758,-0.505,27.961,27.485,0.477,OVERRUN by 398.35s,1,0.0500,0,-1.4475,1,0.3000,0,-1.4475,0.000,0.300
443.309,overrun,A_leg2,4.758,-0.505,27.961,27.485,0.477,OVERRUN by 399.37s,1,0.0500,0,-1.4475,1,0.3000,0,-1.4475,0.000,0.300
444.344,overrun,A_leg2,4.758,-0.505,27.961,27.485,0.477,OVERRUN by 400.41s,1,0.0500,0,-1.4475,1,0.3000,0,-1.4475,0.000,0.300
445.370,overrun,A_leg2,4.758,-0.505,27.961,27.485,0.477,OVERRUN by 401.43s,1,0.0500,0,-1.4475,1,0.3000,0,-1.4475,0.000,0.300
446.384,overrun,A_leg2,4.758,-0.505,27.961,27.485,0.477,OVERRUN by 402.45s,1,0.0500,0,-1.4475,1,0.3000,0,-1.4475,0.000,0.300
447.410,overrun,A_leg2,4.758,-0.505,27.961,27.485,0.477,OVERRUN by 403.47s,1,0.0500,0,-1.4475,1,0.3000,0,-1.4475,0.000,0.300
448.440,overrun,A_leg2,4.758,-0.505,27.961,27.485,0.477,OVERRUN by 404.50s,1,0.0500,0,-1.4475,1,0.3000,0,-1.4475,0.000,0.300
449.466,overrun,A_leg2,4.758,-0.505,27.961,27.485,0.477,OVERRUN by 405.53s,1,0.0500,0,-1.4475,1,0.3000,0,-1.4475,0.000,0.300
450.497,overrun,A_leg2,4.758,-0.505,27.961,27.485,0.477,OVERRUN by 406.56s,1,0.0500,0,-1.4475,1,0.3000,0,-1.4475,0.000,0.300
451.527,overrun,A_leg2,4.758,-0.505,27.961,27.485,0.477,OVERRUN by 407.59s,1,0.0500,0,-1.4475,1,0.3000,0,-1.4475,0.000,0.300
452.552,overrun,A_leg2,4.758,-0.505,27.961,27.485,0.477,OVERRUN by 408.62s,1,0.0500,0,-1.4475,1,0.3000,0,-1.4475,0.000,0.300
453.588,overrun,A_leg2,4.758,-0.505,27.961,27.485,0.477,OVERRUN by 409.65s,1,0.0500,0,-1.4475,1,0.3000,0,-1.4475,0.000,0.300
454.626,overrun,A_leg2,4.758,-0.505,27.961,27.485,0.477,OVERRUN by 410.69s,1,0.0500,0,-1.4475,1,0.3000,0,-1.4475,0.000,0.300
455.653,overrun,A_leg2,4.758,-0.505,27.961,27.485,0.477,OVERRUN by 411.72s,1,0.0500,0,-1.4475,1,0.3000,0,-1.4475,0.000,0.300
456.677,overrun,A_leg2,4.758,-0.505,27.961,27.485,0.477,OVERRUN by 412.74s,1,0.0500,0,-1.4475,1,0.3000,0,-1.4475,0.000,0.300
457.713,overrun,A_leg2,4.758,-0.505,27.961,27.485,0.477,OVERRUN by 413.78s,1,0.0500,0,-1.4475,1,0.3000,0,-1.4475,0.000,0.300
458.754,overrun,A_leg2,4.758,-0.505,27.961,27.485,0.477,OVERRUN by 414.82s,1,0.0500,0,-1.4475,1,0.3000,0,-1.4475,0.000,0.300
459.789,overrun,A_leg2,4.758,-0.505,27.961,27.485,0.477,OVERRUN by 415.85s,1,0.0500,0,-1.4475,1,0.3000,0,-1.4475,0.000,0.300
460.821,overrun,A_leg2,4.758,-0.505,27.961,27.485,0.477,OVERRUN by 416.88s,1,0.0500,0,-1.4475,1,0.3000,0,-1.4475,0.000,0.300
461.852,overrun,A_leg2,4.758,-0.505,27.961,27.485,0.477,OVERRUN by 417.92s,1,0.0500,0,-1.4475,1,0.3000,0,-1.4475,0.000,0.300
462.880,overrun,A_leg2,4.758,-0.505,27.961,27.485,0.477,OVERRUN by 418.94s,1,0.0500,0,-1.4475,1,0.3000,0,-1.4475,0.000,0.300
463.926,overrun,A_leg2,4.758,-0.505,27.961,27.485,0.477,OVERRUN by 419.99s,1,0.0500,0,-1.4475,1,0.3000,0,-1.4475,0.000,0.300
464.965,overrun,A_leg2,4.758,-0.505,27.961,27.485,0.477,OVERRUN by 421.03s,1,0.0500,0,-1.4475,1,0.3000,0,-1.4475,0.000,0.300
466.002,overrun,A_leg2,4.758,-0.505,27.961,27.485,0.477,OVERRUN by 422.07s,1,0.0500,0,-1.4475,1,0.3000,0,-1.4475,0.000,0.300
467.033,overrun,A_leg2,4.758,-0.505,27.961,27.485,0.477,OVERRUN by 423.10s,1,0.0500,0,-1.4475,1,0.3000,0,-1.4475,0.000,0.300
468.062,overrun,A_leg2,4.758,-0.505,27.961,27.485,0.477,OVERRUN by 424.13s,1,0.0500,0,-1.4475,1,0.3000,0,-1.4475,0.000,0.300
469.092,overrun,A_leg2,4.758,-0.505,27.961,27.485,0.477,OVERRUN by 425.16s,1,0.0500,0,-1.4475,1,0.3000,0,-1.4475,0.000,0.300
470.133,overrun,A_leg2,4.758,-0.505,27.961,27.485,0.477,OVERRUN by 426.20s,1,0.0500,0,-1.4475,1,0.3000,0,-1.4475,0.000,0.300
471.172,overrun,A_leg2,4.758,-0.505,27.961,27.485,0.477,OVERRUN by 427.24s,1,0.0500,0,-1.4475,1,0.3000,0,-1.4475,0.000,0.300
472.207,overrun,A_leg2,4.758,-0.505,27.961,27.485,0.477,OVERRUN by 428.27s,1,0.0500,0,-1.4475,1,0.3000,0,-1.4475,0.000,0.300
473.240,overrun,A_leg2,4.758,-0.505,27.961,27.485,0.477,OVERRUN by 429.30s,1,0.0500,0,-1.4475,1,0.3000,0,-1.4475,0.000,0.300
474.264,overrun,A_leg2,4.758,-0.505,27.961,27.485,0.477,OVERRUN by 430.33s,1,0.0500,0,-1.4475,1,0.3000,0,-1.4475,0.000,0.300
475.303,overrun,A_leg2,4.758,-0.505,27.961,27.485,0.477,OVERRUN by 431.37s,1,0.0500,0,-1.4475,1,0.3000,0,-1.4475,0.000,0.300
476.338,overrun,A_leg2,4.758,-0.505,27.961,27.485,0.477,OVERRUN by 432.40s,1,0.0500,0,-1.4475,1,0.3000,0,-1.4475,0.000,0.300
477.367,overrun,A_leg2,4.758,-0.505,27.961,27.485,0.477,OVERRUN by 433.43s,1,0.0500,0,-1.4475,1,0.3000,0,-1.4475,0.000,0.300
478.393,overrun,A_leg2,4.758,-0.505,27.961,27.485,0.477,OVERRUN by 434.46s,1,0.0500,0,-1.4475,1,0.3000,0,-1.4475,0.000,0.300
479.421,overrun,A_leg2,4.758,-0.505,27.961,27.485,0.477,OVERRUN by 435.48s,1,0.0500,0,-1.4475,1,0.3000,0,-1.4475,0.000,0.300
480.440,overrun,A_leg2,4.758,-0.505,27.961,27.485,0.477,OVERRUN by 436.50s,1,0.0500,0,-1.4475,1,0.3000,0,-1.4475,0.000,0.300
481.469,overrun,A_leg2,4.758,-0.505,27.961,27.485,0.477,OVERRUN by 437.53s,1,0.0500,0,-1.4475,1,0.3000,0,-1.4475,0.000,0.300
482.494,overrun,A_leg2,4.758,-0.505,27.961,27.485,0.477,OVERRUN by 438.56s,1,0.0500,0,-1.4475,1,0.3000,0,-1.4475,0.000,0.300
483.531,overrun,A_leg2,4.758,-0.505,27.961,27.485,0.477,OVERRUN by 439.59s,1,0.0500,0,-1.4475,1,0.3000,0,-1.4475,0.000,0.300
484.569,overrun,A_leg2,4.758,-0.505,27.961,27.485,0.477,OVERRUN by 440.63s,1,0.0500,0,-1.4475,1,0.3000,0,-1.4475,0.000,0.300
485.601,overrun,A_leg2,4.758,-0.505,27.961,27.485,0.477,OVERRUN by 441.67s,1,0.0500,0,-1.4475,1,0.3000,0,-1.4475,0.000,0.300
486.635,overrun,A_leg2,4.758,-0.505,27.961,27.485,0.477,OVERRUN by 442.70s,1,0.0500,0,-1.4475,1,0.3000,0,-1.4475,0.000,0.300
487.673,overrun,A_leg2,4.758,-0.505,27.961,27.485,0.477,OVERRUN by 443.74s,1,0.0500,0,-1.4475,1,0.3000,0,-1.4475,0.000,0.300
488.710,overrun,A_leg2,4.758,-0.505,27.961,27.485,0.477,OVERRUN by 444.77s,1,0.0500,0,-1.4475,1,0.3000,0,-1.4475,0.000,0.300
489.745,overrun,A_leg2,4.758,-0.505,27.961,27.485,0.477,OVERRUN by 445.81s,1,0.0500,0,-1.4475,1,0.3000,0,-1.4475,0.000,0.300
490.776,overrun,A_leg2,4.758,-0.505,27.961,27.485,0.477,OVERRUN by 446.84s,1,0.0500,0,-1.4475,1,0.3000,0,-1.4475,0.000,0.300
491.792,overrun,A_leg2,4.758,-0.505,27.961,27.485,0.477,OVERRUN by 447.86s,1,0.0500,0,-1.4475,1,0.3000,0,-1.4475,0.000,0.300
492.824,overrun,A_leg2,4.758,-0.505,27.961,27.485,0.477,OVERRUN by 448.89s,1,0.0500,0,-1.4475,1,0.3000,0,-1.4475,0.000,0.300
493.857,overrun,A_leg2,4.758,-0.505,27.961,27.485,0.477,OVERRUN by 449.92s,1,0.0500,0,-1.4475,1,0.3000,0,-1.4475,0.000,0.300
494.882,overrun,A_leg2,4.758,-0.505,27.961,27.485,0.477,OVERRUN by 450.95s,1,0.0500,0,-1.4475,1,0.3000,0,-1.4475,0.000,0.300
495.900,overrun,A_leg2,4.758,-0.505,27.961,27.485,0.477,OVERRUN by 451.96s,1,0.0500,0,-1.4475,1,0.3000,0,-1.4475,0.000,0.300
496.931,overrun,A_leg2,4.758,-0.505,27.961,27.485,0.477,OVERRUN by 452.99s,1,0.0500,0,-1.4475,1,0.3000,0,-1.4475,0.000,0.300
497.965,overrun,A_leg2,4.758,-0.505,27.961,27.485,0.477,OVERRUN by 454.03s,1,0.0500,0,-1.4475,1,0.3000,0,-1.4475,0.000,0.300
498.987,overrun,A_leg2,4.758,-0.505,27.961,27.485,0.477,OVERRUN by 455.05s,1,0.0500,0,-1.4475,1,0.3000,0,-1.4475,0.000,0.300
500.024,overrun,A_leg2,4.758,-0.505,27.961,27.485,0.477,OVERRUN by 456.09s,1,0.0500,0,-1.4475,1,0.3000,0,-1.4475,0.000,0.300
501.053,overrun,A_leg2,4.758,-0.505,27.961,27.485,0.477,OVERRUN by 457.12s,1,0.0500,0,-1.4475,1,0.3000,0,-1.4475,0.000,0.300
502.086,overrun,A_leg2,4.758,-0.505,27.961,27.485,0.477,OVERRUN by 458.15s,1,0.0500,0,-1.4475,1,0.3000,0,-1.4475,0.000,0.300
503.118,overrun,A_leg2,4.758,-0.505,27.961,27.485,0.477,OVERRUN by 459.18s,1,0.0500,0,-1.4475,1,0.3000,0,-1.4475,0.000,0.300
504.154,overrun,A_leg2,4.758,-0.505,27.961,27.485,0.477,OVERRUN by 460.22s,1,0.0500,0,-1.4475,1,0.3000,0,-1.4475,0.000,0.300
505.185,overrun,A_leg2,4.758,-0.505,27.961,27.485,0.477,OVERRUN by 461.25s,1,0.0500,0,-1.4475,1,0.3000,0,-1.4475,0.000,0.300
506.218,overrun,A_leg2,4.758,-0.505,27.961,27.485,0.477,OVERRUN by 462.28s,1,0.0500,0,-1.4475,1,0.3000,0,-1.4475,0.000,0.300
507.241,overrun,A_leg2,4.758,-0.505,27.961,27.485,0.477,OVERRUN by 463.30s,1,0.0500,0,-1.4475,1,0.3000,0,-1.4475,0.000,0.300
508.276,overrun,A_leg2,4.758,-0.505,27.961,27.485,0.477,OVERRUN by 464.34s,1,0.0500,0,-1.4475,1,0.3000,0,-1.4475,0.000,0.300
509.293,overrun,A_leg2,4.758,-0.505,27.961,27.485,0.477,OVERRUN by 465.36s,1,0.0500,0,-1.4475,1,0.3000,0,-1.4475,0.000,0.300
510.327,overrun,A_leg2,4.758,-0.505,27.961,27.485,0.477,OVERRUN by 466.39s,1,0.0500,0,-1.4475,1,0.3000,0,-1.4475,0.000,0.300
511.349,overrun,A_leg2,4.758,-0.505,27.961,27.485,0.477,OVERRUN by 467.41s,1,0.0500,0,-1.4475,1,0.3000,0,-1.4475,0.000,0.300
512.375,overrun,A_leg2,4.758,-0.505,27.961,27.485,0.477,OVERRUN by 468.44s,1,0.0500,0,-1.4475,1,0.3000,0,-1.4475,0.000,0.300
513.406,overrun,A_leg2,4.758,-0.505,27.961,27.485,0.477,OVERRUN by 469.47s,1,0.0500,0,-1.4475,1,0.3000,0,-1.4475,0.000,0.300
514.427,overrun,A_leg2,4.758,-0.505,27.961,27.485,0.477,OVERRUN by 470.49s,1,0.0500,0,-1.4475,1,0.3000,0,-1.4475,0.000,0.300
515.464,overrun,A_leg2,4.758,-0.505,27.961,27.485,0.477,OVERRUN by 471.53s,1,0.0500,0,-1.4475,1,0.3000,0,-1.4475,0.000,0.300
516.491,overrun,A_leg2,4.758,-0.505,27.961,27.485,0.477,OVERRUN by 472.56s,1,0.0500,0,-1.4475,1,0.3000,0,-1.4475,0.000,0.300
517.525,overrun,A_leg2,4.758,-0.505,27.961,27.485,0.477,OVERRUN by 473.59s,1,0.0500,0,-1.4475,1,0.3000,0,-1.4475,0.000,0.300
518.553,overrun,A_leg2,4.758,-0.505,27.961,27.485,0.477,OVERRUN by 474.62s,1,0.0500,0,-1.4475,1,0.3000,0,-1.4475,0.000,0.300
519.584,overrun,A_leg2,4.758,-0.505,27.961,27.485,0.477,OVERRUN by 475.65s,1,0.0500,0,-1.4475,1,0.3000,0,-1.4475,0.000,0.300
520.614,overrun,A_leg2,4.758,-0.505,27.961,27.485,0.477,OVERRUN by 476.68s,1,0.0500,0,-1.4475,1,0.3000,0,-1.4475,0.000,0.300
521.636,overrun,A_leg2,4.758,-0.505,27.961,27.485,0.477,OVERRUN by 477.70s,1,0.0500,0,-1.4475,1,0.3000,0,-1.4475,0.000,0.300
522.662,overrun,A_leg2,4.758,-0.505,27.961,27.485,0.477,OVERRUN by 478.73s,1,0.0500,0,-1.4475,1,0.3000,0,-1.4475,0.000,0.300
523.685,overrun,A_leg2,4.758,-0.505,27.961,27.485,0.477,OVERRUN by 479.75s,1,0.0500,0,-1.4475,1,0.3000,0,-1.4475,0.000,0.300
524.719,overrun,A_leg2,4.758,-0.505,27.961,27.485,0.477,OVERRUN by 480.78s,1,0.0500,0,-1.4475,1,0.3000,0,-1.4475,0.000,0.300
525.744,overrun,A_leg2,4.758,-0.505,27.961,27.485,0.477,OVERRUN by 481.81s,1,0.0500,0,-1.4475,1,0.3000,0,-1.4475,0.000,0.300
526.778,overrun,A_leg2,4.758,-0.505,27.961,27.485,0.477,OVERRUN by 482.84s,1,0.0500,0,-1.4475,1,0.3000,0,-1.4475,0.000,0.300
527.807,overrun,A_leg2,4.758,-0.505,27.961,27.485,0.477,OVERRUN by 483.87s,1,0.0500,0,-1.4475,1,0.3000,0,-1.4475,0.000,0.300
528.844,overrun,A_leg2,4.758,-0.505,27.961,27.485,0.477,OVERRUN by 484.91s,1,0.0500,0,-1.4475,1,0.3000,0,-1.4475,0.000,0.300
529.884,overrun,A_leg2,4.758,-0.505,27.961,27.485,0.477,OVERRUN by 485.95s,1,0.0500,0,-1.4475,1,0.3000,0,-1.4475,0.000,0.300
530.925,overrun,A_leg2,4.758,-0.505,27.961,27.485,0.477,OVERRUN by 486.99s,1,0.0500,0,-1.4475,1,0.3000,0,-1.4475,0.000,0.300
531.959,overrun,A_leg2,4.758,-0.505,27.961,27.485,0.477,OVERRUN by 488.02s,1,0.0500,0,-1.4475,1,0.3000,0,-1.4475,0.000,0.300
533.004,overrun,A_leg2,4.758,-0.505,27.961,27.485,0.477,OVERRUN by 489.07s,1,0.0500,0,-1.4475,1,0.3000,0,-1.4475,0.000,0.300
534.035,overrun,A_leg2,4.758,-0.505,27.961,27.485,0.477,OVERRUN by 490.10s,1,0.0500,0,-1.4475,1,0.3000,0,-1.4475,0.000,0.300
535.061,overrun,A_leg2,4.758,-0.505,27.961,27.485,0.477,OVERRUN by 491.12s,1,0.0500,0,-1.4475,1,0.3000,0,-1.4475,0.000,0.300
536.088,overrun,A_leg2,4.758,-0.505,27.961,27.485,0.477,OVERRUN by 492.15s,1,0.0500,0,-1.4475,1,0.3000,0,-1.4475,0.000,0.300
537.124,overrun,A_leg2,4.758,-0.505,27.961,27.485,0.477,OVERRUN by 493.19s,1,0.0500,0,-1.4475,1,0.3000,0,-1.4475,0.000,0.300
538.165,overrun,A_leg2,4.758,-0.505,27.961,27.485,0.477,OVERRUN by 494.23s,1,0.0500,0,-1.4475,1,0.3000,0,-1.4475,0.000,0.300
539.196,overrun,A_leg2,4.758,-0.505,27.961,27.485,0.477,OVERRUN by 495.26s,1,0.0500,0,-1.4475,1,0.3000,0,-1.4475,0.000,0.300
540.230,overrun,A_leg2,4.758,-0.505,27.961,27.485,0.477,OVERRUN by 496.29s,1,0.0500,0,-1.4475,1,0.3000,0,-1.4475,0.000,0.300
541.269,overrun,A_leg2,4.758,-0.505,27.961,27.485,0.477,OVERRUN by 497.33s,1,0.0500,0,-1.4475,1,0.3000,0,-1.4475,0.000,0.300
542.304,overrun,A_leg2,4.758,-0.505,27.961,27.485,0.477,OVERRUN by 498.37s,1,0.0500,0,-1.4475,1,0.3000,0,-1.4475,0.000,0.300
543.336,overrun,A_leg2,4.758,-0.505,27.961,27.485,0.477,OVERRUN by 499.40s,1,0.0500,0,-1.4475,1,0.3000,0,-1.4475,0.000,0.300
544.370,overrun,A_leg2,4.758,-0.505,27.961,27.485,0.477,OVERRUN by 500.43s,1,0.0500,0,-1.4475,1,0.3000,0,-1.4475,0.000,0.300
545.396,overrun,A_leg2,4.758,-0.505,27.961,27.485,0.477,OVERRUN by 501.46s,1,0.0500,0,-1.4475,1,0.3000,0,-1.4475,0.000,0.300
546.426,overrun,A_leg2,4.758,-0.505,27.961,27.485,0.477,OVERRUN by 502.49s,1,0.0500,0,-1.4475,1,0.3000,0,-1.4475,0.000,0.300
547.454,overrun,A_leg2,4.758,-0.505,27.961,27.485,0.477,OVERRUN by 503.52s,1,0.0500,0,-1.4475,1,0.3000,0,-1.4475,0.000,0.300
548.483,overrun,A_leg2,4.758,-0.505,27.961,27.485,0.477,OVERRUN by 504.55s,1,0.0500,0,-1.4475,1,0.3000,0,-1.4475,0.000,0.300
549.515,overrun,A_leg2,4.758,-0.505,27.961,27.485,0.477,OVERRUN by 505.58s,1,0.0500,0,-1.4475,1,0.3000,0,-1.4475,0.000,0.300
550.544,overrun,A_leg2,4.758,-0.505,27.961,27.485,0.477,OVERRUN by 506.61s,1,0.0500,0,-1.4475,1,0.3000,0,-1.4475,0.000,0.300
551.587,overrun,A_leg2,4.758,-0.505,27.961,27.485,0.477,OVERRUN by 507.65s,1,0.0500,0,-1.4475,1,0.3000,0,-1.4475,0.000,0.300
552.612,overrun,A_leg2,4.758,-0.505,27.961,27.485,0.477,OVERRUN by 508.68s,1,0.0500,0,-1.4475,1,0.3000,0,-1.4475,0.000,0.300
553.651,overrun,A_leg2,4.758,-0.505,27.961,27.485,0.477,OVERRUN by 509.72s,1,0.0500,0,-1.4475,1,0.3000,0,-1.4475,0.000,0.300
554.693,overrun,A_leg2,4.758,-0.505,27.961,27.485,0.477,OVERRUN by 510.76s,1,0.0500,0,-1.4475,1,0.3000,0,-1.4475,0.000,0.300
555.727,overrun,A_leg2,4.758,-0.505,27.961,27.485,0.477,OVERRUN by 511.79s,1,0.0500,0,-1.4475,1,0.3000,0,-1.4475,0.000,0.300
556.764,overrun,A_leg2,4.758,-0.505,27.961,27.485,0.477,OVERRUN by 512.83s,1,0.0500,0,-1.4475,1,0.3000,0,-1.4475,0.000,0.300
557.791,overrun,A_leg2,4.758,-0.505,27.961,27.485,0.477,OVERRUN by 513.86s,1,0.0500,0,-1.4475,1,0.3000,0,-1.4475,0.000,0.300
558.815,overrun,A_leg2,4.758,-0.505,27.961,27.485,0.477,OVERRUN by 514.88s,1,0.0500,0,-1.4475,1,0.3000,0,-1.4475,0.000,0.300
559.849,overrun,A_leg2,4.758,-0.505,27.961,27.485,0.477,OVERRUN by 515.91s,1,0.0500,0,-1.4475,1,0.3000,0,-1.4475,0.000,0.300
560.877,overrun,A_leg2,4.758,-0.505,27.961,27.485,0.477,OVERRUN by 516.94s,1,0.0500,0,-1.4475,1,0.3000,0,-1.4475,0.000,0.300
561.906,overrun,A_leg2,4.758,-0.505,27.961,27.485,0.477,OVERRUN by 517.97s,1,0.0500,0,-1.4475,1,0.3000,0,-1.4475,0.000,0.300
562.939,overrun,A_leg2,4.758,-0.505,27.961,27.485,0.477,OVERRUN by 519.00s,1,0.0500,0,-1.4475,1,0.3000,0,-1.4475,0.000,0.300
563.968,overrun,A_leg2,4.758,-0.505,27.961,27.485,0.477,OVERRUN by 520.03s,1,0.0500,0,-1.4475,1,0.3000,0,-1.4475,0.000,0.300
564.998,overrun,A_leg2,4.758,-0.505,27.961,27.485,0.477,OVERRUN by 521.06s,1,0.0500,0,-1.4475,1,0.3000,0,-1.4475,0.000,0.300
566.033,overrun,A_leg2,4.758,-0.505,27.961,27.485,0.477,OVERRUN by 522.10s,1,0.0500,0,-1.4475,1,0.3000,0,-1.4475,0.000,0.300
567.066,overrun,A_leg2,4.758,-0.505,27.961,27.485,0.477,OVERRUN by 523.13s,1,0.0500,0,-1.4475,1,0.3000,0,-1.4475,0.000,0.300
568.099,overrun,A_leg2,4.758,-0.505,27.961,27.485,0.477,OVERRUN by 524.16s,1,0.0500,0,-1.4475,1,0.3000,0,-1.4475,0.000,0.300
569.133,overrun,A_leg2,4.758,-0.505,27.961,27.485,0.477,OVERRUN by 525.20s,1,0.0500,0,-1.4475,1,0.3000,0,-1.4475,0.000,0.300
570.156,overrun,A_leg2,4.758,-0.505,27.961,27.485,0.477,OVERRUN by 526.22s,1,0.0500,0,-1.4475,1,0.3000,0,-1.4475,0.000,0.300
571.194,overrun,A_leg2,4.758,-0.505,27.961,27.485,0.477,OVERRUN by 527.26s,1,0.0500,0,-1.4475,1,0.3000,0,-1.4475,0.000,0.300
572.226,overrun,A_leg2,4.758,-0.505,27.961,27.485,0.477,OVERRUN by 528.29s,1,0.0500,0,-1.4475,1,0.3000,0,-1.4475,0.000,0.300
573.254,overrun,A_leg2,4.758,-0.505,27.961,27.485,0.477,OVERRUN by 529.32s,1,0.0500,0,-1.4475,1,0.3000,0,-1.4475,0.000,0.300
574.291,overrun,A_leg2,4.758,-0.505,27.961,27.485,0.477,OVERRUN by 530.36s,1,0.0500,0,-1.4475,1,0.3000,0,-1.4475,0.000,0.300
575.329,overrun,A_leg2,4.758,-0.505,27.961,27.485,0.477,OVERRUN by 531.39s,1,0.0500,0,-1.4475,1,0.3000,0,-1.4475,0.000,0.300
576.364,overrun,A_leg2,4.758,-0.505,27.961,27.485,0.477,OVERRUN by 532.43s,1,0.0500,0,-1.4475,1,0.3000,0,-1.4475,0.000,0.300
577.406,overrun,A_leg2,4.758,-0.505,27.961,27.485,0.477,OVERRUN by 533.47s,1,0.0500,0,-1.4475,1,0.3000,0,-1.4475,0.000,0.300
578.438,overrun,A_leg2,4.758,-0.505,27.961,27.485,0.477,OVERRUN by 534.50s,1,0.0500,0,-1.4475,1,0.3000,0,-1.4475,0.000,0.300
579.470,overrun,A_leg2,4.758,-0.505,27.961,27.485,0.477,OVERRUN by 535.53s,1,0.0500,0,-1.4475,1,0.3000,0,-1.4475,0.000,0.300
580.505,overrun,A_leg2,4.758,-0.505,27.961,27.485,0.477,OVERRUN by 536.57s,1,0.0500,0,-1.4475,1,0.3000,0,-1.4475,0.000,0.300
581.535,overrun,A_leg2,4.758,-0.505,27.961,27.485,0.477,OVERRUN by 537.60s,1,0.0500,0,-1.4475,1,0.3000,0,-1.4475,0.000,0.300
582.566,overrun,A_leg2,4.758,-0.505,27.961,27.485,0.477,OVERRUN by 538.63s,1,0.0500,0,-1.4475,1,0.3000,0,-1.4475,0.000,0.300
583.598,overrun,A_leg2,4.758,-0.505,27.961,27.485,0.477,OVERRUN by 539.66s,1,0.0500,0,-1.4475,1,0.3000,0,-1.4475,0.000,0.300
584.630,overrun,A_leg2,4.758,-0.505,27.961,27.485,0.477,OVERRUN by 540.69s,1,0.0500,0,-1.4475,1,0.3000,0,-1.4475,0.000,0.300
585.663,overrun,A_leg2,4.758,-0.505,27.961,27.485,0.477,OVERRUN by 541.73s,1,0.0500,0,-1.4475,1,0.3000,0,-1.4475,0.000,0.300
586.689,overrun,A_leg2,4.758,-0.505,27.961,27.485,0.477,OVERRUN by 542.75s,1,0.0500,0,-1.4475,1,0.3000,0,-1.4475,0.000,0.300
587.721,overrun,A_leg2,4.758,-0.505,27.961,27.485,0.477,OVERRUN by 543.78s,1,0.0500,0,-1.4475,1,0.3000,0,-1.4475,0.000,0.300
588.757,overrun,A_leg2,4.758,-0.505,27.961,27.485,0.477,OVERRUN by 544.82s,1,0.0500,0,-1.4475,1,0.3000,0,-1.4475,0.000,0.300
589.789,overrun,A_leg2,4.758,-0.505,27.961,27.485,0.477,OVERRUN by 545.85s,1,0.0500,0,-1.4475,1,0.3000,0,-1.4475,0.000,0.300
590.826,overrun,A_leg2,4.758,-0.505,27.961,27.485,0.477,OVERRUN by 546.89s,1,0.0500,0,-1.4475,1,0.3000,0,-1.4475,0.000,0.300
591.855,overrun,A_leg2,4.758,-0.505,27.961,27.485,0.477,OVERRUN by 547.92s,1,0.0500,0,-1.4475,1,0.3000,0,-1.4475,0.000,0.300
592.892,overrun,A_leg2,4.758,-0.505,27.961,27.485,0.477,OVERRUN by 548.96s,1,0.0500,0,-1.4475,1,0.3000,0,-1.4475,0.000,0.300
593.925,overrun,A_leg2,4.758,-0.505,27.961,27.485,0.477,OVERRUN by 549.99s,1,0.0500,0,-1.4475,1,0.3000,0,-1.4475,0.000,0.300
594.963,overrun,A_leg2,4.758,-0.505,27.961,27.485,0.477,OVERRUN by 551.03s,1,0.0500,0,-1.4475,1,0.3000,0,-1.4475,0.000,0.300
596.007,overrun,A_leg2,4.758,-0.505,27.961,27.485,0.477,OVERRUN by 552.07s,1,0.0500,0,-1.4475,1,0.3000,0,-1.4475,0.000,0.300
597.049,overrun,A_leg2,4.758,-0.505,27.961,27.485,0.477,OVERRUN by 553.11s,1,0.0500,0,-1.4475,1,0.3000,0,-1.4475,0.000,0.300
598.073,overrun,A_leg2,4.758,-0.505,27.961,27.485,0.477,OVERRUN by 554.14s,1,0.0500,0,-1.4475,1,0.3000,0,-1.4475,0.000,0.300
599.111,overrun,A_leg2,4.758,-0.505,27.961,27.485,0.477,OVERRUN by 555.17s,1,0.0500,0,-1.4475,1,0.3000,0,-1.4475,0.000,0.300
600.149,overrun,A_leg2,4.758,-0.505,27.961,27.485,0.477,OVERRUN by 556.21s,1,0.0500,0,-1.4475,1,0.3000,0,-1.4475,0.000,0.300
601.191,overrun,A_leg2,4.758,-0.505,27.961,27.485,0.477,OVERRUN by 557.25s,1,0.0500,0,-1.4475,1,0.3000,0,-1.4475,0.000,0.300
602.224,overrun,A_leg2,4.758,-0.505,27.961,27.485,0.477,OVERRUN by 558.29s,1,0.0500,0,-1.4475,1,0.3000,0,-1.4475,0.000,0.300
603.267,overrun,A_leg2,4.758,-0.505,27.961,27.485,0.477,OVERRUN by 559.33s,1,0.0500,0,-1.4475,1,0.3000,0,-1.4475,0.000,0.300
604.298,overrun,A_leg2,4.758,-0.505,27.961,27.485,0.477,OVERRUN by 560.36s,1,0.0500,0,-1.4475,1,0.3000,0,-1.4475,0.000,0.300
605.335,overrun,A_leg2,4.758,-0.505,27.961,27.485,0.477,OVERRUN by 561.40s,1,0.0500,0,-1.4475,1,0.3000,0,-1.4475,0.000,0.300
606.373,overrun,A_leg2,4.758,-0.505,27.961,27.485,0.477,OVERRUN by 562.44s,1,0.0500,0,-1.4475,1,0.3000,0,-1.4475,0.000,0.300
607.401,overrun,A_leg2,4.758,-0.505,27.961,27.485,0.477,OVERRUN by 563.46s,1,0.0500,0,-1.4475,1,0.3000,0,-1.4475,0.000,0.300
608.432,overrun,A_leg2,4.758,-0.505,27.961,27.485,0.477,OVERRUN by 564.50s,1,0.0500,0,-1.4475,1,0.3000,0,-1.4475,0.000,0.300
609.454,overrun,A_leg2,4.758,-0.505,27.961,27.485,0.477,OVERRUN by 565.52s,1,0.0500,0,-1.4475,1,0.3000,0,-1.4475,0.000,0.300
610.487,overrun,A_leg2,4.758,-0.505,27.961,27.485,0.477,OVERRUN by 566.55s,1,0.0500,0,-1.4475,1,0.3000,0,-1.4475,0.000,0.300
611.519,overrun,A_leg2,4.758,-0.505,27.961,27.485,0.477,OVERRUN by 567.58s,1,0.0500,0,-1.4475,1,0.3000,0,-1.4475,0.000,0.300
612.553,overrun,A_leg2,4.758,-0.505,27.961,27.485,0.477,OVERRUN by 568.62s,1,0.0500,0,-1.4475,1,0.3000,0,-1.4475,0.000,0.300
613.582,overrun,A_leg2,4.758,-0.505,27.961,27.485,0.477,OVERRUN by 569.65s,1,0.0500,0,-1.4475,1,0.3000,0,-1.4475,0.000,0.300
614.612,overrun,A_leg2,4.758,-0.505,27.961,27.485,0.477,OVERRUN by 570.68s,1,0.0500,0,-1.4475,1,0.3000,0,-1.4475,0.000,0.300
615.650,overrun,A_leg2,4.758,-0.505,27.961,27.485,0.477,OVERRUN by 571.71s,1,0.0500,0,-1.4475,1,0.3000,0,-1.4475,0.000,0.300
616.688,overrun,A_leg2,4.758,-0.505,27.961,27.485,0.477,OVERRUN by 572.75s,1,0.0500,0,-1.4475,1,0.3000,0,-1.4475,0.000,0.300
617.719,overrun,A_leg2,4.758,-0.505,27.961,27.485,0.477,OVERRUN by 573.78s,1,0.0500,0,-1.4475,1,0.3000,0,-1.4475,0.000,0.300
618.750,overrun,A_leg2,4.758,-0.505,27.961,27.485,0.477,OVERRUN by 574.81s,1,0.0500,0,-1.4475,1,0.3000,0,-1.4475,0.000,0.300
619.788,overrun,A_leg2,4.758,-0.505,27.961,27.485,0.477,OVERRUN by 575.85s,1,0.0500,0,-1.4475,1,0.3000,0,-1.4475,0.000,0.300
620.828,overrun,A_leg2,4.758,-0.505,27.961,27.485,0.477,OVERRUN by 576.89s,1,0.0500,0,-1.4475,1,0.3000,0,-1.4475,0.000,0.300
621.866,overrun,A_leg2,4.758,-0.505,27.961,27.485,0.477,OVERRUN by 577.93s,1,0.0500,0,-1.4475,1,0.3000,0,-1.4475,0.000,0.300
622.892,overrun,A_leg2,4.758,-0.505,27.961,27.485,0.477,OVERRUN by 578.96s,1,0.0500,0,-1.4475,1,0.3000,0,-1.4475,0.000,0.300
623.934,overrun,A_leg2,4.758,-0.505,27.961,27.485,0.477,OVERRUN by 580.00s,1,0.0500,0,-1.4475,1,0.3000,0,-1.4475,0.000,0.300
624.957,overrun,A_leg2,4.758,-0.505,27.961,27.485,0.477,OVERRUN by 581.02s,1,0.0500,0,-1.4475,1,0.3000,0,-1.4475,0.000,0.300
625.986,overrun,A_leg2,4.758,-0.505,27.961,27.485,0.477,OVERRUN by 582.05s,1,0.0500,0,-1.4475,1,0.3000,0,-1.4475,0.000,0.300
627.023,overrun,A_leg2,4.758,-0.505,27.961,27.485,0.477,OVERRUN by 583.09s,1,0.0500,0,-1.4475,1,0.3000,0,-1.4475,0.000,0.300
628.062,overrun,A_leg2,4.758,-0.505,27.961,27.485,0.477,OVERRUN by 584.13s,1,0.0500,0,-1.4475,1,0.3000,0,-1.4475,0.000,0.300
629.094,overrun,A_leg2,4.758,-0.505,27.961,27.485,0.477,OVERRUN by 585.16s,1,0.0500,0,-1.4475,1,0.3000,0,-1.4475,0.000,0.300
630.128,overrun,A_leg2,4.758,-0.505,27.961,27.485,0.477,OVERRUN by 586.19s,1,0.0500,0,-1.4475,1,0.3000,0,-1.4475,0.000,0.300
631.167,overrun,A_leg2,4.758,-0.505,27.961,27.485,0.477,OVERRUN by 587.23s,1,0.0500,0,-1.4475,1,0.3000,0,-1.4475,0.000,0.300
632.193,overrun,A_leg2,4.758,-0.505,27.961,27.485,0.477,OVERRUN by 588.26s,1,0.0500,0,-1.4475,1,0.3000,0,-1.4475,0.000,0.300
633.224,overrun,A_leg2,4.758,-0.505,27.961,27.485,0.477,OVERRUN by 589.29s,1,0.0500,0,-1.4475,1,0.3000,0,-1.4475,0.000,0.300
634.259,overrun,A_leg2,4.758,-0.505,27.961,27.485,0.477,OVERRUN by 590.32s,1,0.0500,0,-1.4475,1,0.3000,0,-1.4475,0.000,0.300
635.297,overrun,A_leg2,4.758,-0.505,27.961,27.485,0.477,OVERRUN by 591.36s,1,0.0500,0,-1.4475,1,0.3000,0,-1.4475,0.000,0.300
636.336,overrun,A_leg2,4.758,-0.505,27.961,27.485,0.477,OVERRUN by 592.40s,1,0.0500,0,-1.4475,1,0.3000,0,-1.4475,0.000,0.300
637.372,overrun,A_leg2,4.758,-0.505,27.961,27.485,0.477,OVERRUN by 593.44s,1,0.0500,0,-1.4475,1,0.3000,0,-1.4475,0.000,0.300
638.410,overrun,A_leg2,4.758,-0.505,27.961,27.485,0.477,OVERRUN by 594.47s,1,0.0500,0,-1.4475,1,0.3000,0,-1.4475,0.000,0.300
639.443,overrun,A_leg2,4.758,-0.505,27.961,27.485,0.477,OVERRUN by 595.51s,1,0.0500,0,-1.4475,1,0.3000,0,-1.4475,0.000,0.300
640.458,overrun,A_leg2,4.758,-0.505,27.961,27.485,0.477,OVERRUN by 596.52s,1,0.0500,0,-1.4475,1,0.3000,0,-1.4475,0.000,0.300
641.497,overrun,A_leg2,4.758,-0.505,27.961,27.485,0.477,OVERRUN by 597.56s,1,0.0500,0,-1.4475,1,0.3000,0,-1.4475,0.000,0.300
642.529,overrun,A_leg2,4.758,-0.505,27.961,27.485,0.477,OVERRUN by 598.59s,1,0.0500,0,-1.4475,1,0.3000,0,-1.4475,0.000,0.300
643.556,overrun,A_leg2,4.758,-0.505,27.961,27.485,0.477,OVERRUN by 599.62s,1,0.0500,0,-1.4475,1,0.3000,0,-1.4475,0.000,0.300
644.580,overrun,A_leg2,4.758,-0.505,27.961,27.485,0.477,OVERRUN by 600.64s,1,0.0500,0,-1.4475,1,0.3000,0,-1.4475,0.000,0.300
645.602,overrun,A_leg2,4.758,-0.505,27.961,27.485,0.477,OVERRUN by 601.67s,1,0.0500,0,-1.4475,1,0.3000,0,-1.4475,0.000,0.300
646.635,overrun,A_leg2,4.758,-0.505,27.961,27.485,0.477,OVERRUN by 602.70s,1,0.0500,0,-1.4475,1,0.3000,0,-1.4475,0.000,0.300
647.674,overrun,A_leg2,4.758,-0.505,27.961,27.485,0.477,OVERRUN by 603.74s,1,0.0500,0,-1.4475,1,0.3000,0,-1.4475,0.000,0.300
648.697,overrun,A_leg2,4.758,-0.505,27.961,27.485,0.477,OVERRUN by 604.76s,1,0.0500,0,-1.4475,1,0.3000,0,-1.4475,0.000,0.300
649.730,overrun,A_leg2,4.758,-0.505,27.961,27.485,0.477,OVERRUN by 605.79s,1,0.0500,0,-1.4475,1,0.3000,0,-1.4475,0.000,0.300
650.758,overrun,A_leg2,4.758,-0.505,27.961,27.485,0.477,OVERRUN by 606.82s,1,0.0500,0,-1.4475,1,0.3000,0,-1.4475,0.000,0.300
651.787,overrun,A_leg2,4.758,-0.505,27.961,27.485,0.477,OVERRUN by 607.85s,1,0.0500,0,-1.4475,1,0.3000,0,-1.4475,0.000,0.300
652.806,overrun,A_leg2,4.758,-0.505,27.961,27.485,0.477,OVERRUN by 608.87s,1,0.0500,0,-1.4475,1,0.3000,0,-1.4475,0.000,0.300
653.841,overrun,A_leg2,4.758,-0.505,27.961,27.485,0.477,OVERRUN by 609.90s,1,0.0500,0,-1.4475,1,0.3000,0,-1.4475,0.000,0.300
654.869,overrun,A_leg2,4.758,-0.505,27.961,27.485,0.477,OVERRUN by 610.93s,1,0.0500,0,-1.4475,1,0.3000,0,-1.4475,0.000,0.300
655.906,overrun,A_leg2,4.758,-0.505,27.961,27.485,0.477,OVERRUN by 611.97s,1,0.0500,0,-1.4475,1,0.3000,0,-1.4475,0.000,0.300
656.936,overrun,A_leg2,4.758,-0.505,27.961,27.485,0.477,OVERRUN by 613.00s,1,0.0500,0,-1.4475,1,0.3000,0,-1.4475,0.000,0.300
657.965,overrun,A_leg2,4.758,-0.505,27.961,27.485,0.477,OVERRUN by 614.03s,1,0.0500,0,-1.4475,1,0.3000,0,-1.4475,0.000,0.300
659.000,overrun,A_leg2,4.758,-0.505,27.961,27.485,0.477,OVERRUN by 615.06s,1,0.0500,0,-1.4475,1,0.3000,0,-1.4475,0.000,0.300
660.031,overrun,A_leg2,4.758,-0.505,27.961,27.485,0.477,OVERRUN by 616.10s,1,0.0500,0,-1.4475,1,0.3000,0,-1.4475,0.000,0.300
661.074,overrun,A_leg2,4.758,-0.505,27.961,27.485,0.477,OVERRUN by 617.14s,1,0.0500,0,-1.4475,1,0.3000,0,-1.4475,0.000,0.300
662.116,overrun,A_leg2,4.758,-0.505,27.961,27.485,0.477,OVERRUN by 618.18s,1,0.0500,0,-1.4475,1,0.3000,0,-1.4475,0.000,0.300
663.156,overrun,A_leg2,4.758,-0.505,27.961,27.485,0.477,OVERRUN by 619.22s,1,0.0500,0,-1.4475,1,0.3000,0,-1.4475,0.000,0.300
664.187,overrun,A_leg2,4.758,-0.505,27.961,27.485,0.477,OVERRUN by 620.25s,1,0.0500,0,-1.4475,1,0.3000,0,-1.4475,0.000,0.300
665.211,overrun,A_leg2,4.758,-0.505,27.961,27.485,0.477,OVERRUN by 621.27s,1,0.0500,0,-1.4475,1,0.3000,0,-1.4475,0.000,0.300
666.238,overrun,A_leg2,4.758,-0.505,27.961,27.485,0.477,OVERRUN by 622.30s,1,0.0500,0,-1.4475,1,0.3000,0,-1.4475,0.000,0.300
667.270,overrun,A_leg2,4.758,-0.505,27.961,27.485,0.477,OVERRUN by 623.33s,1,0.0500,0,-1.4475,1,0.3000,0,-1.4475,0.000,0.300
668.285,overrun,A_leg2,4.758,-0.505,27.961,27.485,0.477,OVERRUN by 624.35s,1,0.0500,0,-1.4475,1,0.3000,0,-1.4475,0.000,0.300
669.296,overrun,A_leg2,4.758,-0.505,27.961,27.485,0.477,OVERRUN by 625.36s,1,0.0500,0,-1.4475,1,0.3000,0,-1.4475,0.000,0.300
670.333,overrun,A_leg2,4.758,-0.505,27.961,27.485,0.477,OVERRUN by 626.40s,1,0.0500,0,-1.4475,1,0.3000,0,-1.4475,0.000,0.300
671.353,overrun,A_leg2,4.758,-0.505,27.961,27.485,0.477,OVERRUN by 627.42s,1,0.0500,0,-1.4475,1,0.3000,0,-1.4475,0.000,0.300
672.384,overrun,A_leg2,4.758,-0.505,27.961,27.485,0.477,OVERRUN by 628.45s,1,0.0500,0,-1.4475,1,0.3000,0,-1.4475,0.000,0.300
673.420,overrun,A_leg2,4.758,-0.505,27.961,27.485,0.477,OVERRUN by 629.48s,1,0.0500,0,-1.4475,1,0.3000,0,-1.4475,0.000,0.300
674.460,overrun,A_leg2,4.758,-0.505,27.961,27.485,0.477,OVERRUN by 630.52s,1,0.0500,0,-1.4475,1,0.3000,0,-1.4475,0.000,0.300
675.488,overrun,A_leg2,4.758,-0.505,27.961,27.485,0.477,OVERRUN by 631.55s,1,0.0500,0,-1.4475,1,0.3000,0,-1.4475,0.000,0.300
676.508,overrun,A_leg2,4.758,-0.505,27.961,27.485,0.477,OVERRUN by 632.57s,1,0.0500,0,-1.4475,1,0.3000,0,-1.4475,0.000,0.300
677.546,overrun,A_leg2,4.758,-0.505,27.961,27.485,0.477,OVERRUN by 633.61s,1,0.0500,0,-1.4475,1,0.3000,0,-1.4475,0.000,0.300
678.569,overrun,A_leg2,4.758,-0.505,27.961,27.485,0.477,OVERRUN by 634.63s,1,0.0500,0,-1.4475,1,0.3000,0,-1.4475,0.000,0.300
679.603,overrun,A_leg2,4.758,-0.505,27.961,27.485,0.477,OVERRUN by 635.67s,1,0.0500,0,-1.4475,1,0.3000,0,-1.4475,0.000,0.300
680.635,overrun,A_leg2,4.758,-0.505,27.961,27.485,0.477,OVERRUN by 636.70s,1,0.0500,0,-1.4475,1,0.3000,0,-1.4475,0.000,0.300
681.670,overrun,A_leg2,4.758,-0.505,27.961,27.485,0.477,OVERRUN by 637.73s,1,0.0500,0,-1.4475,1,0.3000,0,-1.4475,0.000,0.300
682.706,overrun,A_leg2,4.758,-0.505,27.961,27.485,0.477,OVERRUN by 638.77s,1,0.0500,0,-1.4475,1,0.3000,0,-1.4475,0.000,0.300
683.738,overrun,A_leg2,4.758,-0.505,27.961,27.485,0.477,OVERRUN by 639.80s,1,0.0500,0,-1.4475,1,0.3000,0,-1.4475,0.000,0.300
684.782,overrun,A_leg2,4.758,-0.505,27.961,27.485,0.477,OVERRUN by 640.85s,1,0.0500,0,-1.4475,1,0.3000,0,-1.4475,0.000,0.300
685.822,overrun,A_leg2,4.758,-0.505,27.961,27.485,0.477,OVERRUN by 641.89s,1,0.0500,0,-1.4475,1,0.3000,0,-1.4475,0.000,0.300
686.867,overrun,A_leg2,4.758,-0.505,27.961,27.485,0.477,OVERRUN by 642.93s,1,0.0500,0,-1.4475,1,0.3000,0,-1.4475,0.000,0.300
687.905,overrun,A_leg2,4.758,-0.505,27.961,27.485,0.477,OVERRUN by 643.97s,1,0.0500,0,-1.4475,1,0.3000,0,-1.4475,0.000,0.300
688.941,overrun,A_leg2,4.758,-0.505,27.961,27.485,0.477,OVERRUN by 645.00s,1,0.0500,0,-1.4475,1,0.3000,0,-1.4475,0.000,0.300
689.968,overrun,A_leg2,4.758,-0.505,27.961,27.485,0.477,OVERRUN by 646.03s,1,0.0500,0,-1.4475,1,0.3000,0,-1.4475,0.000,0.300
691.004,overrun,A_leg2,4.758,-0.505,27.961,27.485,0.477,OVERRUN by 647.07s,1,0.0500,0,-1.4475,1,0.3000,0,-1.4475,0.000,0.300
692.034,overrun,A_leg2,4.758,-0.505,27.961,27.485,0.477,OVERRUN by 648.10s,1,0.0500,0,-1.4475,1,0.3000,0,-1.4475,0.000,0.300
693.059,overrun,A_leg2,4.758,-0.505,27.961,27.485,0.477,OVERRUN by 649.12s,1,0.0500,0,-1.4475,1,0.3000,0,-1.4475,0.000,0.300
694.087,overrun,A_leg2,4.758,-0.505,27.961,27.485,0.477,OVERRUN by 650.15s,1,0.0500,0,-1.4475,1,0.3000,0,-1.4475,0.000,0.300
695.122,overrun,A_leg2,4.758,-0.505,27.961,27.485,0.477,OVERRUN by 651.19s,1,0.0500,0,-1.4475,1,0.3000,0,-1.4475,0.000,0.300
696.152,overrun,A_leg2,4.758,-0.505,27.961,27.485,0.477,OVERRUN by 652.22s,1,0.0500,0,-1.4475,1,0.3000,0,-1.4475,0.000,0.300
697.190,overrun,A_leg2,4.758,-0.505,27.961,27.485,0.477,OVERRUN by 653.25s,1,0.0500,0,-1.4475,1,0.3000,0,-1.4475,0.000,0.300
698.217,overrun,A_leg2,4.758,-0.505,27.961,27.485,0.477,OVERRUN by 654.28s,1,0.0500,0,-1.4475,1,0.3000,0,-1.4475,0.000,0.300
699.245,overrun,A_leg2,4.758,-0.505,27.961,27.485,0.477,OVERRUN by 655.31s,1,0.0500,0,-1.4475,1,0.3000,0,-1.4475,0.000,0.300
700.280,overrun,A_leg2,4.758,-0.505,27.961,27.485,0.477,OVERRUN by 656.34s,1,0.0500,0,-1.4475,1,0.3000,0,-1.4475,0.000,0.300
701.313,overrun,A_leg2,4.758,-0.505,27.961,27.485,0.477,OVERRUN by 657.38s,1,0.0500,0,-1.4475,1,0.3000,0,-1.4475,0.000,0.300
702.341,overrun,A_leg2,4.758,-0.505,27.961,27.485,0.477,OVERRUN by 658.40s,1,0.0500,0,-1.4475,1,0.3000,0,-1.4475,0.000,0.300
703.364,overrun,A_leg2,4.758,-0.505,27.961,27.485,0.477,OVERRUN by 659.43s,1,0.0500,0,-1.4475,1,0.3000,0,-1.4475,0.000,0.300
704.394,overrun,A_leg2,4.758,-0.505,27.961,27.485,0.477,OVERRUN by 660.46s,1,0.0500,0,-1.4475,1,0.3000,0,-1.4475,0.000,0.300
705.424,overrun,A_leg2,4.758,-0.505,27.961,27.485,0.477,OVERRUN by 661.49s,1,0.0500,0,-1.4475,1,0.3000,0,-1.4475,0.000,0.300
706.449,overrun,A_leg2,4.758,-0.505,27.961,27.485,0.477,OVERRUN by 662.51s,1,0.0500,0,-1.4475,1,0.3000,0,-1.4475,0.000,0.300
707.489,overrun,A_leg2,4.758,-0.505,27.961,27.485,0.477,OVERRUN by 663.55s,1,0.0500,0,-1.4475,1,0.3000,0,-1.4475,0.000,0.300
708.512,overrun,A_leg2,4.758,-0.505,27.961,27.485,0.477,OVERRUN by 664.58s,1,0.0500,0,-1.4475,1,0.3000,0,-1.4475,0.000,0.300
709.543,overrun,A_leg2,4.758,-0.505,27.961,27.485,0.477,OVERRUN by 665.61s,1,0.0500,0,-1.4475,1,0.3000,0,-1.4475,0.000,0.300
710.576,overrun,A_leg2,4.758,-0.505,27.961,27.485,0.477,OVERRUN by 666.64s,1,0.0500,0,-1.4475,1,0.3000,0,-1.4475,0.000,0.300
711.599,overrun,A_leg2,4.758,-0.505,27.961,27.485,0.477,OVERRUN by 667.66s,1,0.0500,0,-1.4475,1,0.3000,0,-1.4475,0.000,0.300
712.622,overrun,A_leg2,4.758,-0.505,27.961,27.485,0.477,OVERRUN by 668.69s,1,0.0500,0,-1.4475,1,0.3000,0,-1.4475,0.000,0.300
713.649,overrun,A_leg2,4.758,-0.505,27.961,27.485,0.477,OVERRUN by 669.71s,1,0.0500,0,-1.4475,1,0.3000,0,-1.4475,0.000,0.300
714.677,overrun,A_leg2,4.758,-0.505,27.961,27.485,0.477,OVERRUN by 670.74s,1,0.0500,0,-1.4475,1,0.3000,0,-1.4475,0.000,0.300
715.712,overrun,A_leg2,4.758,-0.505,27.961,27.485,0.477,OVERRUN by 671.78s,1,0.0500,0,-1.4475,1,0.3000,0,-1.4475,0.000,0.300
716.744,overrun,A_leg2,4.758,-0.505,27.961,27.485,0.477,OVERRUN by 672.81s,1,0.0500,0,-1.4475,1,0.3000,0,-1.4475,0.000,0.300
717.777,overrun,A_leg2,4.758,-0.505,27.961,27.485,0.477,OVERRUN by 673.84s,1,0.0500,0,-1.4475,1,0.3000,0,-1.4475,0.000,0.300
718.794,overrun,A_leg2,4.758,-0.505,27.961,27.485,0.477,OVERRUN by 674.86s,1,0.0500,0,-1.4475,1,0.3000,0,-1.4475,0.000,0.300
719.836,overrun,A_leg2,4.758,-0.505,27.961,27.485,0.477,OVERRUN by 675.90s,1,0.0500,0,-1.4475,1,0.3000,0,-1.4475,0.000,0.300
720.860,overrun,A_leg2,4.758,-0.505,27.961,27.485,0.477,OVERRUN by 676.92s,1,0.0500,0,-1.4475,1,0.3000,0,-1.4475,0.000,0.300
721.891,overrun,A_leg2,4.758,-0.505,27.961,27.485,0.477,OVERRUN by 677.95s,1,0.0500,0,-1.4475,1,0.3000,0,-1.4475,0.000,0.300
722.922,overrun,A_leg2,4.758,-0.505,27.961,27.485,0.477,OVERRUN by 678.99s,1,0.0500,0,-1.4475,1,0.3000,0,-1.4475,0.000,0.300
723.959,overrun,A_leg2,4.758,-0.505,27.961,27.485,0.477,OVERRUN by 680.02s,1,0.0500,0,-1.4475,1,0.3000,0,-1.4475,0.000,0.300
724.989,overrun,A_leg2,4.758,-0.505,27.961,27.485,0.477,OVERRUN by 681.05s,1,0.0500,0,-1.4475,1,0.3000,0,-1.4475,0.000,0.300
726.015,overrun,A_leg2,4.758,-0.505,27.961,27.485,0.477,OVERRUN by 682.08s,1,0.0500,0,-1.4475,1,0.3000,0,-1.4475,0.000,0.300
727.044,overrun,A_leg2,4.758,-0.505,27.961,27.485,0.477,OVERRUN by 683.11s,1,0.0500,0,-1.4475,1,0.3000,0,-1.4475,0.000,0.300
728.072,overrun,A_leg2,4.758,-0.505,27.961,27.485,0.477,OVERRUN by 684.14s,1,0.0500,0,-1.4475,1,0.3000,0,-1.4475,0.000,0.300
729.108,overrun,A_leg2,4.758,-0.505,27.961,27.485,0.477,OVERRUN by 685.17s,1,0.0500,0,-1.4475,1,0.3000,0,-1.4475,0.000,0.300
730.144,overrun,A_leg2,4.758,-0.505,27.961,27.485,0.477,OVERRUN by 686.21s,1,0.0500,0,-1.4475,1,0.3000,0,-1.4475,0.000,0.300
731.172,overrun,A_leg2,4.758,-0.505,27.961,27.485,0.477,OVERRUN by 687.24s,1,0.0500,0,-1.4475,1,0.3000,0,-1.4475,0.000,0.300
732.209,overrun,A_leg2,4.758,-0.505,27.961,27.485,0.477,OVERRUN by 688.27s,1,0.0500,0,-1.4475,1,0.3000,0,-1.4475,0.000,0.300
733.247,overrun,A_leg2,4.758,-0.505,27.961,27.485,0.477,OVERRUN by 689.31s,1,0.0500,0,-1.4475,1,0.3000,0,-1.4475,0.000,0.300
734.293,overrun,A_leg2,4.758,-0.505,27.961,27.485,0.477,OVERRUN by 690.36s,1,0.0500,0,-1.4475,1,0.3000,0,-1.4475,0.000,0.300
735.321,overrun,A_leg2,4.758,-0.505,27.961,27.485,0.477,OVERRUN by 691.39s,1,0.0500,0,-1.4475,1,0.3000,0,-1.4475,0.000,0.300
736.358,overrun,A_leg2,4.758,-0.505,27.961,27.485,0.477,OVERRUN by 692.42s,1,0.0500,0,-1.4475,1,0.3000,0,-1.4475,0.000,0.300
737.376,overrun,A_leg2,4.758,-0.505,27.961,27.485,0.477,OVERRUN by 693.44s,1,0.0500,0,-1.4475,1,0.3000,0,-1.4475,0.000,0.300
738.401,overrun,A_leg2,4.758,-0.505,27.961,27.485,0.477,OVERRUN by 694.47s,1,0.0500,0,-1.4475,1,0.3000,0,-1.4475,0.000,0.300
739.426,overrun,A_leg2,4.758,-0.505,27.961,27.485,0.477,OVERRUN by 695.49s,1,0.0500,0,-1.4475,1,0.3000,0,-1.4475,0.000,0.300
740.456,overrun,A_leg2,4.758,-0.505,27.961,27.485,0.477,OVERRUN by 696.52s,1,0.0500,0,-1.4475,1,0.3000,0,-1.4475,0.000,0.300
741.491,overrun,A_leg2,4.758,-0.505,27.961,27.485,0.477,OVERRUN by 697.55s,1,0.0500,0,-1.4475,1,0.3000,0,-1.4475,0.000,0.300
742.528,overrun,A_leg2,4.758,-0.505,27.961,27.485,0.477,OVERRUN by 698.59s,1,0.0500,0,-1.4475,1,0.3000,0,-1.4475,0.000,0.300
743.551,overrun,A_leg2,4.758,-0.505,27.961,27.485,0.477,OVERRUN by 699.61s,1,0.0500,0,-1.4475,1,0.3000,0,-1.4475,0.000,0.300
744.584,overrun,A_leg2,4.758,-0.505,27.961,27.485,0.477,OVERRUN by 700.65s,1,0.0500,0,-1.4475,1,0.3000,0,-1.4475,0.000,0.300
745.620,overrun,A_leg2,4.758,-0.505,27.961,27.485,0.477,OVERRUN by 701.68s,1,0.0500,0,-1.4475,1,0.3000,0,-1.4475,0.000,0.300
746.655,overrun,A_leg2,4.758,-0.505,27.961,27.485,0.477,OVERRUN by 702.72s,1,0.0500,0,-1.4475,1,0.3000,0,-1.4475,0.000,0.300
747.693,overrun,A_leg2,4.758,-0.505,27.961,27.485,0.477,OVERRUN by 703.76s,1,0.0500,0,-1.4475,1,0.3000,0,-1.4475,0.000,0.300
748.728,overrun,A_leg2,4.758,-0.505,27.961,27.485,0.477,OVERRUN by 704.79s,1,0.0500,0,-1.4475,1,0.3000,0,-1.4475,0.000,0.300
749.753,overrun,A_leg2,4.758,-0.505,27.961,27.485,0.477,OVERRUN by 705.82s,1,0.0500,0,-1.4475,1,0.3000,0,-1.4475,0.000,0.300
750.784,overrun,A_leg2,4.758,-0.505,27.961,27.485,0.477,OVERRUN by 706.85s,1,0.0500,0,-1.4475,1,0.3000,0,-1.4475,0.000,0.300
751.819,overrun,A_leg2,4.758,-0.505,27.961,27.485,0.477,OVERRUN by 707.88s,1,0.0500,0,-1.4475,1,0.3000,0,-1.4475,0.000,0.300
752.847,overrun,A_leg2,4.758,-0.505,27.961,27.485,0.477,OVERRUN by 708.91s,1,0.0500,0,-1.4475,1,0.3000,0,-1.4475,0.000,0.300
753.879,overrun,A_leg2,4.758,-0.505,27.961,27.485,0.477,OVERRUN by 709.94s,1,0.0500,0,-1.4475,1,0.3000,0,-1.4475,0.000,0.300
754.907,overrun,A_leg2,4.758,-0.505,27.961,27.485,0.477,OVERRUN by 710.97s,1,0.0500,0,-1.4475,1,0.3000,0,-1.4475,0.000,0.300
755.938,overrun,A_leg2,4.758,-0.505,27.961,27.485,0.477,OVERRUN by 712.00s,1,0.0500,0,-1.4475,1,0.3000,0,-1.4475,0.000,0.300
756.978,overrun,A_leg2,4.758,-0.505,27.961,27.485,0.477,OVERRUN by 713.04s,1,0.0500,0,-1.4475,1,0.3000,0,-1.4475,0.000,0.300
758.011,overrun,A_leg2,4.758,-0.505,27.961,27.485,0.477,OVERRUN by 714.07s,1,0.0500,0,-1.4475,1,0.3000,0,-1.4475,0.000,0.300
759.049,overrun,A_leg2,4.758,-0.505,27.961,27.485,0.477,OVERRUN by 715.11s,1,0.0500,0,-1.4475,1,0.3000,0,-1.4475,0.000,0.300
760.076,overrun,A_leg2,4.758,-0.505,27.961,27.485,0.477,OVERRUN by 716.14s,1,0.0500,0,-1.4475,1,0.3000,0,-1.4475,0.000,0.300
761.102,overrun,A_leg2,4.758,-0.505,27.961,27.485,0.477,OVERRUN by 717.17s,1,0.0500,0,-1.4475,1,0.3000,0,-1.4475,0.000,0.300
762.121,overrun,A_leg2,4.758,-0.505,27.961,27.485,0.477,OVERRUN by 718.18s,1,0.0500,0,-1.4475,1,0.3000,0,-1.4475,0.000,0.300
763.161,overrun,A_leg2,4.758,-0.505,27.961,27.485,0.477,OVERRUN by 719.22s,1,0.0500,0,-1.4475,1,0.3000,0,-1.4475,0.000,0.300
764.182,overrun,A_leg2,4.758,-0.505,27.961,27.485,0.477,OVERRUN by 720.25s,1,0.0500,0,-1.4475,1,0.3000,0,-1.4475,0.000,0.300
765.208,overrun,A_leg2,4.758,-0.505,27.961,27.485,0.477,OVERRUN by 721.27s,1,0.0500,0,-1.4475,1,0.3000,0,-1.4475,0.000,0.300
766.239,overrun,A_leg2,4.758,-0.505,27.961,27.485,0.477,OVERRUN by 722.30s,1,0.0500,0,-1.4475,1,0.3000,0,-1.4475,0.000,0.300
767.276,overrun,A_leg2,4.758,-0.505,27.961,27.485,0.477,OVERRUN by 723.34s,1,0.0500,0,-1.4475,1,0.3000,0,-1.4475,0.000,0.300
768.318,overrun,A_leg2,4.758,-0.505,27.961,27.485,0.477,OVERRUN by 724.38s,1,0.0500,0,-1.4475,1,0.3000,0,-1.4475,0.000,0.300
769.349,overrun,A_leg2,4.758,-0.505,27.961,27.485,0.477,OVERRUN by 725.41s,1,0.0500,0,-1.4475,1,0.3000,0,-1.4475,0.000,0.300
770.381,overrun,A_leg2,4.758,-0.505,27.961,27.485,0.477,OVERRUN by 726.45s,1,0.0500,0,-1.4475,1,0.3000,0,-1.4475,0.000,0.300
771.415,overrun,A_leg2,4.758,-0.505,27.961,27.485,0.477,OVERRUN by 727.48s,1,0.0500,0,-1.4475,1,0.3000,0,-1.4475,0.000,0.300
772.444,overrun,A_leg2,4.758,-0.505,27.961,27.485,0.477,OVERRUN by 728.51s,1,0.0500,0,-1.4475,1,0.3000,0,-1.4475,0.000,0.300
773.484,overrun,A_leg2,4.758,-0.505,27.961,27.485,0.477,OVERRUN by 729.55s,1,0.0500,0,-1.4475,1,0.3000,0,-1.4475,0.000,0.300
774.522,overrun,A_leg2,4.758,-0.505,27.961,27.485,0.477,OVERRUN by 730.59s,1,0.0500,0,-1.4475,1,0.3000,0,-1.4475,0.000,0.300
775.559,overrun,A_leg2,4.758,-0.505,27.961,27.485,0.477,OVERRUN by 731.62s,1,0.0500,0,-1.4475,1,0.3000,0,-1.4475,0.000,0.300
776.602,overrun,A_leg2,4.758,-0.505,27.961,27.485,0.477,OVERRUN by 732.67s,1,0.0500,0,-1.4475,1,0.3000,0,-1.4475,0.000,0.300
777.636,overrun,A_leg2,4.758,-0.505,27.961,27.485,0.477,OVERRUN by 733.70s,1,0.0500,0,-1.4475,1,0.3000,0,-1.4475,0.000,0.300
778.663,overrun,A_leg2,4.758,-0.505,27.961,27.485,0.477,OVERRUN by 734.73s,1,0.0500,0,-1.4475,1,0.3000,0,-1.4475,0.000,0.300
779.702,overrun,A_leg2,4.758,-0.505,27.961,27.485,0.477,OVERRUN by 735.77s,1,0.0500,0,-1.4475,1,0.3000,0,-1.4475,0.000,0.300
780.739,overrun,A_leg2,4.758,-0.505,27.961,27.485,0.477,OVERRUN by 736.80s,1,0.0500,0,-1.4475,1,0.3000,0,-1.4475,0.000,0.300
781.766,overrun,A_leg2,4.758,-0.505,27.961,27.485,0.477,OVERRUN by 737.83s,1,0.0500,0,-1.4475,1,0.3000,0,-1.4475,0.000,0.300
782.799,overrun,A_leg2,4.758,-0.505,27.961,27.485,0.477,OVERRUN by 738.86s,1,0.0500,0,-1.4475,1,0.3000,0,-1.4475,0.000,0.300
783.820,overrun,A_leg2,4.758,-0.505,27.961,27.485,0.477,OVERRUN by 739.88s,1,0.0500,0,-1.4475,1,0.3000,0,-1.4475,0.000,0.300
784.860,overrun,A_leg2,4.758,-0.505,27.961,27.485,0.477,OVERRUN by 740.92s,1,0.0500,0,-1.4475,1,0.3000,0,-1.4475,0.000,0.300
785.896,overrun,A_leg2,4.758,-0.505,27.961,27.485,0.477,OVERRUN by 741.96s,1,0.0500,0,-1.4475,1,0.3000,0,-1.4475,0.000,0.300
786.941,overrun,A_leg2,4.758,-0.505,27.961,27.485,0.477,OVERRUN by 743.00s,1,0.0500,0,-1.4475,1,0.3000,0,-1.4475,0.000,0.300
787.981,overrun,A_leg2,4.758,-0.505,27.961,27.485,0.477,OVERRUN by 744.05s,1,0.0500,0,-1.4475,1,0.3000,0,-1.4475,0.000,0.300
789.006,overrun,A_leg2,4.758,-0.505,27.961,27.485,0.477,OVERRUN by 745.07s,1,0.0500,0,-1.4475,1,0.3000,0,-1.4475,0.000,0.300
790.030,overrun,A_leg2,4.758,-0.505,27.961,27.485,0.477,OVERRUN by 746.09s,1,0.0500,0,-1.4475,1,0.3000,0,-1.4475,0.000,0.300
791.063,overrun,A_leg2,4.758,-0.505,27.961,27.485,0.477,OVERRUN by 747.13s,1,0.0500,0,-1.4475,1,0.3000,0,-1.4475,0.000,0.300
792.096,overrun,A_leg2,4.758,-0.505,27.961,27.485,0.477,OVERRUN by 748.16s,1,0.0500,0,-1.4475,1,0.3000,0,-1.4475,0.000,0.300
793.129,overrun,A_leg2,4.758,-0.505,27.961,27.485,0.477,OVERRUN by 749.19s,1,0.0500,0,-1.4475,1,0.3000,0,-1.4475,0.000,0.300
794.152,overrun,A_leg2,4.758,-0.505,27.961,27.485,0.477,OVERRUN by 750.22s,1,0.0500,0,-1.4475,1,0.3000,0,-1.4475,0.000,0.300
795.180,overrun,A_leg2,4.758,-0.505,27.961,27.485,0.477,OVERRUN by 751.24s,1,0.0500,0,-1.4475,1,0.3000,0,-1.4475,0.000,0.300
796.207,overrun,A_leg2,4.758,-0.505,27.961,27.485,0.477,OVERRUN by 752.27s,1,0.0500,0,-1.4475,1,0.3000,0,-1.4475,0.000,0.300
797.242,overrun,A_leg2,4.758,-0.505,27.961,27.485,0.477,OVERRUN by 753.31s,1,0.0500,0,-1.4475,1,0.3000,0,-1.4475,0.000,0.300
798.262,overrun,A_leg2,4.758,-0.505,27.961,27.485,0.477,OVERRUN by 754.33s,1,0.0500,0,-1.4475,1,0.3000,0,-1.4475,0.000,0.300
799.290,overrun,A_leg2,4.758,-0.505,27.961,27.485,0.477,OVERRUN by 755.35s,1,0.0500,0,-1.4475,1,0.3000,0,-1.4475,0.000,0.300
800.328,overrun,A_leg2,4.758,-0.505,27.961,27.485,0.477,OVERRUN by 756.39s,1,0.0500,0,-1.4475,1,0.3000,0,-1.4475,0.000,0.300
801.347,overrun,A_leg2,4.758,-0.505,27.961,27.485,0.477,OVERRUN by 757.41s,1,0.0500,0,-1.4475,1,0.3000,0,-1.4475,0.000,0.300
802.383,overrun,A_leg2,4.758,-0.505,27.961,27.485,0.477,OVERRUN by 758.45s,1,0.0500,0,-1.4475,1,0.3000,0,-1.4475,0.000,0.300
803.424,overrun,A_leg2,4.758,-0.505,27.961,27.485,0.477,OVERRUN by 759.49s,1,0.0500,0,-1.4475,1,0.3000,0,-1.4475,0.000,0.300
804.455,overrun,A_leg2,4.758,-0.505,27.961,27.485,0.477,OVERRUN by 760.52s,1,0.0500,0,-1.4475,1,0.3000,0,-1.4475,0.000,0.300
805.498,overrun,A_leg2,4.758,-0.505,27.961,27.485,0.477,OVERRUN by 761.56s,1,0.0500,0,-1.4475,1,0.3000,0,-1.4475,0.000,0.300
806.535,overrun,A_leg2,4.758,-0.505,27.961,27.485,0.477,OVERRUN by 762.60s,1,0.0500,0,-1.4475,1,0.3000,0,-1.4475,0.000,0.300
807.573,overrun,A_leg2,4.758,-0.505,27.961,27.485,0.477,OVERRUN by 763.64s,1,0.0500,0,-1.4475,1,0.3000,0,-1.4475,0.000,0.300
808.607,overrun,A_leg2,4.758,-0.505,27.961,27.485,0.477,OVERRUN by 764.67s,1,0.0500,0,-1.4475,1,0.3000,0,-1.4475,0.000,0.300
809.642,overrun,A_leg2,4.758,-0.505,27.961,27.485,0.477,OVERRUN by 765.71s,1,0.0500,0,-1.4475,1,0.3000,0,-1.4475,0.000,0.300
810.677,overrun,A_leg2,4.758,-0.505,27.961,27.485,0.477,OVERRUN by 766.74s,1,0.0500,0,-1.4475,1,0.3000,0,-1.4475,0.000,0.300
811.717,overrun,A_leg2,4.758,-0.505,27.961,27.485,0.477,OVERRUN by 767.78s,1,0.0500,0,-1.4475,1,0.3000,0,-1.4475,0.000,0.300
812.749,overrun,A_leg2,4.758,-0.505,27.961,27.485,0.477,OVERRUN by 768.81s,1,0.0500,0,-1.4475,1,0.3000,0,-1.4475,0.000,0.300
813.772,overrun,A_leg2,4.758,-0.505,27.961,27.485,0.477,OVERRUN by 769.84s,1,0.0500,0,-1.4475,1,0.3000,0,-1.4475,0.000,0.300
814.806,overrun,A_leg2,4.758,-0.505,27.961,27.485,0.477,OVERRUN by 770.87s,1,0.0500,0,-1.4475,1,0.3000,0,-1.4475,0.000,0.300
815.843,overrun,A_leg2,4.758,-0.505,27.961,27.485,0.477,OVERRUN by 771.91s,1,0.0500,0,-1.4475,1,0.3000,0,-1.4475,0.000,0.300
816.882,overrun,A_leg2,4.758,-0.505,27.961,27.485,0.477,OVERRUN by 772.95s,1,0.0500,0,-1.4475,1,0.3000,0,-1.4475,0.000,0.300
817.917,overrun,A_leg2,4.758,-0.505,27.961,27.485,0.477,OVERRUN by 773.98s,1,0.0500,0,-1.4475,1,0.3000,0,-1.4475,0.000,0.300
818.959,overrun,A_leg2,4.758,-0.505,27.961,27.485,0.477,OVERRUN by 775.02s,1,0.0500,0,-1.4475,1,0.3000,0,-1.4475,0.000,0.300
819.997,overrun,A_leg2,4.758,-0.505,27.961,27.485,0.477,OVERRUN by 776.06s,1,0.0500,0,-1.4475,1,0.3000,0,-1.4475,0.000,0.300
821.040,overrun,A_leg2,4.758,-0.505,27.961,27.485,0.477,OVERRUN by 777.10s,1,0.0500,0,-1.4475,1,0.3000,0,-1.4475,0.000,0.300
822.086,overrun,A_leg2,4.758,-0.505,27.961,27.485,0.477,OVERRUN by 778.15s,1,0.0500,0,-1.4475,1,0.3000,0,-1.4475,0.000,0.300
823.131,overrun,A_leg2,4.758,-0.505,27.961,27.485,0.477,OVERRUN by 779.19s,1,0.0500,0,-1.4475,1,0.3000,0,-1.4475,0.000,0.300
824.158,overrun,A_leg2,4.758,-0.505,27.961,27.485,0.477,OVERRUN by 780.22s,1,0.0500,0,-1.4475,1,0.3000,0,-1.4475,0.000,0.300
825.198,overrun,A_leg2,4.758,-0.505,27.961,27.485,0.477,OVERRUN by 781.26s,1,0.0500,0,-1.4475,1,0.3000,0,-1.4475,0.000,0.300
826.230,overrun,A_leg2,4.758,-0.505,27.961,27.485,0.477,OVERRUN by 782.29s,1,0.0500,0,-1.4475,1,0.3000,0,-1.4475,0.000,0.300
827.262,overrun,A_leg2,4.758,-0.505,27.961,27.485,0.477,OVERRUN by 783.33s,1,0.0500,0,-1.4475,1,0.3000,0,-1.4475,0.000,0.300
828.301,overrun,A_leg2,4.758,-0.505,27.961,27.485,0.477,OVERRUN by 784.36s,1,0.0500,0,-1.4475,1,0.3000,0,-1.4475,0.000,0.300
829.340,overrun,A_leg2,4.758,-0.505,27.961,27.485,0.477,OVERRUN by 785.40s,1,0.0500,0,-1.4475,1,0.3000,0,-1.4475,0.000,0.300
830.372,overrun,A_leg2,4.758,-0.505,27.961,27.485,0.477,OVERRUN by 786.44s,1,0.0500,0,-1.4475,1,0.3000,0,-1.4475,0.000,0.300
831.403,overrun,A_leg2,4.758,-0.505,27.961,27.485,0.477,OVERRUN by 787.47s,1,0.0500,0,-1.4475,1,0.3000,0,-1.4475,0.000,0.300
832.439,overrun,A_leg2,4.758,-0.505,27.961,27.485,0.477,OVERRUN by 788.50s,1,0.0500,0,-1.4475,1,0.3000,0,-1.4475,0.000,0.300
833.478,overrun,A_leg2,4.758,-0.505,27.961,27.485,0.477,OVERRUN by 789.54s,1,0.0500,0,-1.4475,1,0.3000,0,-1.4475,0.000,0.300
834.513,overrun,A_leg2,4.758,-0.505,27.961,27.485,0.477,OVERRUN by 790.58s,1,0.0500,0,-1.4475,1,0.3000,0,-1.4475,0.000,0.300
835.547,overrun,A_leg2,4.758,-0.505,27.961,27.485,0.477,OVERRUN by 791.61s,1,0.0500,0,-1.4475,1,0.3000,0,-1.4475,0.000,0.300
836.591,overrun,A_leg2,4.758,-0.505,27.961,27.485,0.477,OVERRUN by 792.65s,1,0.0500,0,-1.4475,1,0.3000,0,-1.4475,0.000,0.300
837.626,overrun,A_leg2,4.758,-0.505,27.961,27.485,0.477,OVERRUN by 793.69s,1,0.0500,0,-1.4475,1,0.3000,0,-1.4475,0.000,0.300
838.655,overrun,A_leg2,4.758,-0.505,27.961,27.485,0.477,OVERRUN by 794.72s,1,0.0500,0,-1.4475,1,0.3000,0,-1.4475,0.000,0.300
839.700,overrun,A_leg2,4.758,-0.505,27.961,27.485,0.477,OVERRUN by 795.76s,1,0.0500,0,-1.4475,1,0.3000,0,-1.4475,0.000,0.300
840.742,overrun,A_leg2,4.758,-0.505,27.961,27.485,0.477,OVERRUN by 796.81s,1,0.0500,0,-1.4475,1,0.3000,0,-1.4475,0.000,0.300
841.784,overrun,A_leg2,4.758,-0.505,27.961,27.485,0.477,OVERRUN by 797.85s,1,0.0500,0,-1.4475,1,0.3000,0,-1.4475,0.000,0.300
842.821,overrun,A_leg2,4.758,-0.505,27.961,27.485,0.477,OVERRUN by 798.88s,1,0.0500,0,-1.4475,1,0.3000,0,-1.4475,0.000,0.300
843.859,overrun,A_leg2,4.758,-0.505,27.961,27.485,0.477,OVERRUN by 799.92s,1,0.0500,0,-1.4475,1,0.3000,0,-1.4475,0.000,0.300
844.892,overrun,A_leg2,4.758,-0.505,27.961,27.485,0.477,OVERRUN by 800.96s,1,0.0500,0,-1.4475,1,0.3000,0,-1.4475,0.000,0.300
845.931,overrun,A_leg2,4.758,-0.505,27.961,27.485,0.477,OVERRUN by 802.00s,1,0.0500,0,-1.4475,1,0.3000,0,-1.4475,0.000,0.300
846.968,overrun,A_leg2,4.758,-0.505,27.961,27.485,0.477,OVERRUN by 803.03s,1,0.0500,0,-1.4475,1,0.3000,0,-1.4475,0.000,0.300
848.009,overrun,A_leg2,4.758,-0.505,27.961,27.485,0.477,OVERRUN by 804.07s,1,0.0500,0,-1.4475,1,0.3000,0,-1.4475,0.000,0.300
849.047,overrun,A_leg2,4.758,-0.505,27.961,27.485,0.477,OVERRUN by 805.11s,1,0.0500,0,-1.4475,1,0.3000,0,-1.4475,0.000,0.300
850.094,overrun,A_leg2,4.758,-0.505,27.961,27.485,0.477,OVERRUN by 806.16s,1,0.0500,0,-1.4475,1,0.3000,0,-1.4475,0.000,0.300
851.124,overrun,A_leg2,4.758,-0.505,27.961,27.485,0.477,OVERRUN by 807.19s,1,0.0500,0,-1.4475,1,0.3000,0,-1.4475,0.000,0.300
852.156,overrun,A_leg2,4.758,-0.505,27.961,27.485,0.477,OVERRUN by 808.22s,1,0.0500,0,-1.4475,1,0.3000,0,-1.4475,0.000,0.300
853.180,overrun,A_leg2,4.758,-0.505,27.961,27.485,0.477,OVERRUN by 809.24s,1,0.0500,0,-1.4475,1,0.3000,0,-1.4475,0.000,0.300
854.199,overrun,A_leg2,4.758,-0.505,27.961,27.485,0.477,OVERRUN by 810.26s,1,0.0500,0,-1.4475,1,0.3000,0,-1.4475,0.000,0.300
855.236,overrun,A_leg2,4.758,-0.505,27.961,27.485,0.477,OVERRUN by 811.30s,1,0.0500,0,-1.4475,1,0.3000,0,-1.4475,0.000,0.300
856.258,overrun,A_leg2,4.758,-0.505,27.961,27.485,0.477,OVERRUN by 812.32s,1,0.0500,0,-1.4475,1,0.3000,0,-1.4475,0.000,0.300
857.290,overrun,A_leg2,4.758,-0.505,27.961,27.485,0.477,OVERRUN by 813.35s,1,0.0500,0,-1.4475,1,0.3000,0,-1.4475,0.000,0.300
858.320,overrun,A_leg2,4.758,-0.505,27.961,27.485,0.477,OVERRUN by 814.38s,1,0.0500,0,-1.4475,1,0.3000,0,-1.4475,0.000,0.300
859.354,overrun,A_leg2,4.758,-0.505,27.961,27.485,0.477,OVERRUN by 815.42s,1,0.0500,0,-1.4475,1,0.3000,0,-1.4475,0.000,0.300
860.393,overrun,A_leg2,4.758,-0.505,27.961,27.485,0.477,OVERRUN by 816.46s,1,0.0500,0,-1.4475,1,0.3000,0,-1.4475,0.000,0.300
861.426,overrun,A_leg2,4.758,-0.505,27.961,27.485,0.477,OVERRUN by 817.49s,1,0.0500,0,-1.4475,1,0.3000,0,-1.4475,0.000,0.300
862.466,overrun,A_leg2,4.758,-0.505,27.961,27.485,0.477,OVERRUN by 818.53s,1,0.0500,0,-1.4475,1,0.3000,0,-1.4475,0.000,0.300
863.507,overrun,A_leg2,4.758,-0.505,27.961,27.485,0.477,OVERRUN by 819.57s,1,0.0500,0,-1.4475,1,0.3000,0,-1.4475,0.000,0.300
864.546,overrun,A_leg2,4.758,-0.505,27.961,27.485,0.477,OVERRUN by 820.61s,1,0.0500,0,-1.4475,1,0.3000,0,-1.4475,0.000,0.300
865.582,overrun,A_leg2,4.758,-0.505,27.961,27.485,0.477,OVERRUN by 821.65s,1,0.0500,0,-1.4475,1,0.3000,0,-1.4475,0.000,0.300
866.614,overrun,A_leg2,4.758,-0.505,27.961,27.485,0.477,OVERRUN by 822.68s,1,0.0500,0,-1.4475,1,0.3000,0,-1.4475,0.000,0.300
867.646,overrun,A_leg2,4.758,-0.505,27.961,27.485,0.477,OVERRUN by 823.71s,1,0.0500,0,-1.4475,1,0.3000,0,-1.4475,0.000,0.300
868.676,overrun,A_leg2,4.758,-0.505,27.961,27.485,0.477,OVERRUN by 824.74s,1,0.0500,0,-1.4475,1,0.3000,0,-1.4475,0.000,0.300
869.699,overrun,A_leg2,4.758,-0.505,27.961,27.485,0.477,OVERRUN by 825.76s,1,0.0500,0,-1.4475,1,0.3000,0,-1.4475,0.000,0.300
870.732,overrun,A_leg2,4.758,-0.505,27.961,27.485,0.477,OVERRUN by 826.80s,1,0.0500,0,-1.4475,1,0.3000,0,-1.4475,0.000,0.300
871.770,overrun,A_leg2,4.758,-0.505,27.961,27.485,0.477,OVERRUN by 827.83s,1,0.0500,0,-1.4475,1,0.3000,0,-1.4475,0.000,0.300
872.795,overrun,A_leg2,4.758,-0.505,27.961,27.485,0.477,OVERRUN by 828.86s,1,0.0500,0,-1.4475,1,0.3000,0,-1.4475,0.000,0.300
873.825,overrun,A_leg2,4.758,-0.505,27.961,27.485,0.477,OVERRUN by 829.89s,1,0.0500,0,-1.4475,1,0.3000,0,-1.4475,0.000,0.300
874.862,overrun,A_leg2,4.758,-0.505,27.961,27.485,0.477,OVERRUN by 830.93s,1,0.0500,0,-1.4475,1,0.3000,0,-1.4475,0.000,0.300
875.888,overrun,A_leg2,4.758,-0.505,27.961,27.485,0.477,OVERRUN by 831.95s,1,0.0500,0,-1.4475,1,0.3000,0,-1.4475,0.000,0.300
876.929,overrun,A_leg2,4.758,-0.505,27.961,27.485,0.477,OVERRUN by 832.99s,1,0.0500,0,-1.4475,1,0.3000,0,-1.4475,0.000,0.300
877.966,overrun,A_leg2,4.758,-0.505,27.961,27.485,0.477,OVERRUN by 834.03s,1,0.0500,0,-1.4475,1,0.3000,0,-1.4475,0.000,0.300
878.997,overrun,A_leg2,4.758,-0.505,27.961,27.485,0.477,OVERRUN by 835.06s,1,0.0500,0,-1.4475,1,0.3000,0,-1.4475,0.000,0.300
880.029,overrun,A_leg2,4.758,-0.505,27.961,27.485,0.477,OVERRUN by 836.09s,1,0.0500,0,-1.4475,1,0.3000,0,-1.4475,0.000,0.300
881.057,overrun,A_leg2,4.758,-0.505,27.961,27.485,0.477,OVERRUN by 837.12s,1,0.0500,0,-1.4475,1,0.3000,0,-1.4475,0.000,0.300
882.091,overrun,A_leg2,4.758,-0.505,27.961,27.485,0.477,OVERRUN by 838.15s,1,0.0500,0,-1.4475,1,0.3000,0,-1.4475,0.000,0.300
883.123,overrun,A_leg2,4.758,-0.505,27.961,27.485,0.477,OVERRUN by 839.19s,1,0.0500,0,-1.4475,1,0.3000,0,-1.4475,0.000,0.300
884.165,overrun,A_leg2,4.758,-0.505,27.961,27.485,0.477,OVERRUN by 840.23s,1,0.0500,0,-1.4475,1,0.3000,0,-1.4475,0.000,0.300
885.199,overrun,A_leg2,4.758,-0.505,27.961,27.485,0.477,OVERRUN by 841.26s,1,0.0500,0,-1.4475,1,0.3000,0,-1.4475,0.000,0.300
886.232,overrun,A_leg2,4.758,-0.505,27.961,27.485,0.477,OVERRUN by 842.30s,1,0.0500,0,-1.4475,1,0.3000,0,-1.4475,0.000,0.300
887.268,overrun,A_leg2,4.758,-0.505,27.961,27.485,0.477,OVERRUN by 843.33s,1,0.0500,0,-1.4475,1,0.3000,0,-1.4475,0.000,0.300
888.305,overrun,A_leg2,4.758,-0.505,27.961,27.485,0.477,OVERRUN by 844.37s,1,0.0500,0,-1.4475,1,0.3000,0,-1.4475,0.000,0.300
889.338,overrun,A_leg2,4.758,-0.505,27.961,27.485,0.477,OVERRUN by 845.40s,1,0.0500,0,-1.4475,1,0.3000,0,-1.4475,0.000,0.300
890.378,overrun,A_leg2,4.758,-0.505,27.961,27.485,0.477,OVERRUN by 846.44s,1,0.0500,0,-1.4475,1,0.3000,0,-1.4475,0.000,0.300
891.406,overrun,A_leg2,4.758,-0.505,27.961,27.485,0.477,OVERRUN by 847.47s,1,0.0500,0,-1.4475,1,0.3000,0,-1.4475,0.000,0.300
892.433,overrun,A_leg2,4.758,-0.505,27.961,27.485,0.477,OVERRUN by 848.50s,1,0.0500,0,-1.4475,1,0.3000,0,-1.4475,0.000,0.300
893.461,overrun,A_leg2,4.758,-0.505,27.961,27.485,0.477,OVERRUN by 849.52s,1,0.0500,0,-1.4475,1,0.3000,0,-1.4475,0.000,0.300
894.497,overrun,A_leg2,4.758,-0.505,27.961,27.485,0.477,OVERRUN by 850.56s,1,0.0500,0,-1.4475,1,0.3000,0,-1.4475,0.000,0.300
895.536,overrun,A_leg2,4.758,-0.505,27.961,27.485,0.477,OVERRUN by 851.60s,1,0.0500,0,-1.4475,1,0.3000,0,-1.4475,0.000,0.300
896.575,overrun,A_leg2,4.758,-0.505,27.961,27.485,0.477,OVERRUN by 852.64s,1,0.0500,0,-1.4475,1,0.3000,0,-1.4475,0.000,0.300
897.616,overrun,A_leg2,4.758,-0.505,27.961,27.485,0.477,OVERRUN by 853.68s,1,0.0500,0,-1.4475,1,0.3000,0,-1.4475,0.000,0.300
898.655,overrun,A_leg2,4.758,-0.505,27.961,27.485,0.477,OVERRUN by 854.72s,1,0.0500,0,-1.4475,1,0.3000,0,-1.4475,0.000,0.300
899.697,overrun,A_leg2,4.758,-0.505,27.961,27.485,0.477,OVERRUN by 855.76s,1,0.0500,0,-1.4475,1,0.3000,0,-1.4475,0.000,0.300
900.730,overrun,A_leg2,4.758,-0.505,27.961,27.485,0.477,OVERRUN by 856.79s,1,0.0500,0,-1.4475,1,0.3000,0,-1.4475,0.000,0.300
901.771,overrun,A_leg2,4.758,-0.505,27.961,27.485,0.477,OVERRUN by 857.84s,1,0.0500,0,-1.4475,1,0.3000,0,-1.4475,0.000,0.300
902.788,overrun,A_leg2,4.758,-0.505,27.961,27.485,0.477,OVERRUN by 858.85s,1,0.0500,0,-1.4475,1,0.3000,0,-1.4475,0.000,0.300
903.809,overrun,A_leg2,4.758,-0.505,27.961,27.485,0.477,OVERRUN by 859.87s,1,0.0500,0,-1.4475,1,0.3000,0,-1.4475,0.000,0.300
904.840,overrun,A_leg2,4.758,-0.505,27.961,27.485,0.477,OVERRUN by 860.90s,1,0.0500,0,-1.4475,1,0.3000,0,-1.4475,0.000,0.300
905.875,overrun,A_leg2,4.758,-0.505,27.961,27.485,0.477,OVERRUN by 861.94s,1,0.0500,0,-1.4475,1,0.3000,0,-1.4475,0.000,0.300
906.917,overrun,A_leg2,4.758,-0.505,27.961,27.485,0.477,OVERRUN by 862.98s,1,0.0500,0,-1.4475,1,0.3000,0,-1.4475,0.000,0.300
907.944,overrun,A_leg2,4.758,-0.505,27.961,27.485,0.477,OVERRUN by 864.01s,1,0.0500,0,-1.4475,1,0.3000,0,-1.4475,0.000,0.300
908.982,overrun,A_leg2,4.758,-0.505,27.961,27.485,0.477,OVERRUN by 865.05s,1,0.0500,0,-1.4475,1,0.3000,0,-1.4475,0.000,0.300
910.013,overrun,A_leg2,4.758,-0.505,27.961,27.485,0.477,OVERRUN by 866.08s,1,0.0500,0,-1.4475,1,0.3000,0,-1.4475,0.000,0.300
911.043,overrun,A_leg2,4.758,-0.505,27.961,27.485,0.477,OVERRUN by 867.11s,1,0.0500,0,-1.4475,1,0.3000,0,-1.4475,0.000,0.300
912.083,overrun,A_leg2,4.758,-0.505,27.961,27.485,0.477,OVERRUN by 868.15s,1,0.0500,0,-1.4475,1,0.3000,0,-1.4475,0.000,0.300
913.117,overrun,A_leg2,4.758,-0.505,27.961,27.485,0.477,OVERRUN by 869.18s,1,0.0500,0,-1.4475,1,0.3000,0,-1.4475,0.000,0.300
914.160,overrun,A_leg2,4.758,-0.505,27.961,27.485,0.477,OVERRUN by 870.22s,1,0.0500,0,-1.4475,1,0.3000,0,-1.4475,0.000,0.300
915.189,overrun,A_leg2,4.758,-0.505,27.961,27.485,0.477,OVERRUN by 871.25s,1,0.0500,0,-1.4475,1,0.3000,0,-1.4475,0.000,0.300
916.219,overrun,A_leg2,4.758,-0.505,27.961,27.485,0.477,OVERRUN by 872.28s,1,0.0500,0,-1.4475,1,0.3000,0,-1.4475,0.000,0.300
917.251,overrun,A_leg2,4.758,-0.505,27.961,27.485,0.477,OVERRUN by 873.31s,1,0.0500,0,-1.4475,1,0.3000,0,-1.4475,0.000,0.300
918.285,overrun,A_leg2,4.758,-0.505,27.961,27.485,0.477,OVERRUN by 874.35s,1,0.0500,0,-1.4475,1,0.3000,0,-1.4475,0.000,0.300
919.324,overrun,A_leg2,4.758,-0.505,27.961,27.485,0.477,OVERRUN by 875.39s,1,0.0500,0,-1.4475,1,0.3000,0,-1.4475,0.000,0.300
920.363,overrun,A_leg2,4.758,-0.505,27.961,27.485,0.477,OVERRUN by 876.43s,1,0.0500,0,-1.4475,1,0.3000,0,-1.4475,0.000,0.300
921.393,overrun,A_leg2,4.758,-0.505,27.961,27.485,0.477,OVERRUN by 877.46s,1,0.0500,0,-1.4475,1,0.3000,0,-1.4475,0.000,0.300
922.430,overrun,A_leg2,4.758,-0.505,27.961,27.485,0.477,OVERRUN by 878.49s,1,0.0500,0,-1.4475,1,0.3000,0,-1.4475,0.000,0.300
923.468,overrun,A_leg2,4.758,-0.505,27.961,27.485,0.477,OVERRUN by 879.53s,1,0.0500,0,-1.4475,1,0.3000,0,-1.4475,0.000,0.300
924.506,overrun,A_leg2,4.758,-0.505,27.961,27.485,0.477,OVERRUN by 880.57s,1,0.0500,0,-1.4475,1,0.3000,0,-1.4475,0.000,0.300
925.538,overrun,A_leg2,4.758,-0.505,27.961,27.485,0.477,OVERRUN by 881.60s,1,0.0500,0,-1.4475,1,0.3000,0,-1.4475,0.000,0.300
926.577,overrun,A_leg2,4.758,-0.505,27.961,27.485,0.477,OVERRUN by 882.64s,1,0.0500,0,-1.4475,1,0.3000,0,-1.4475,0.000,0.300
927.620,overrun,A_leg2,4.758,-0.505,27.961,27.485,0.477,OVERRUN by 883.68s,1,0.0500,0,-1.4475,1,0.3000,0,-1.4475,0.000,0.300
928.662,overrun,A_leg2,4.758,-0.505,27.961,27.485,0.477,OVERRUN by 884.73s,1,0.0500,0,-1.4475,1,0.3000,0,-1.4475,0.000,0.300
929.698,overrun,A_leg2,4.758,-0.505,27.961,27.485,0.477,OVERRUN by 885.76s,1,0.0500,0,-1.4475,1,0.3000,0,-1.4475,0.000,0.300
930.739,overrun,A_leg2,4.758,-0.505,27.961,27.485,0.477,OVERRUN by 886.80s,1,0.0500,0,-1.4475,1,0.3000,0,-1.4475,0.000,0.300
931.777,overrun,A_leg2,4.758,-0.505,27.961,27.485,0.477,OVERRUN by 887.84s,1,0.0500,0,-1.4475,1,0.3000,0,-1.4475,0.000,0.300
932.809,overrun,A_leg2,4.758,-0.505,27.961,27.485,0.477,OVERRUN by 888.87s,1,0.0500,0,-1.4475,1,0.3000,0,-1.4475,0.000,0.300
933.845,overrun,A_leg2,4.758,-0.505,27.961,27.485,0.477,OVERRUN by 889.91s,1,0.0500,0,-1.4475,1,0.3000,0,-1.4475,0.000,0.300
934.883,overrun,A_leg2,4.758,-0.505,27.961,27.485,0.477,OVERRUN by 890.95s,1,0.0500,0,-1.4475,1,0.3000,0,-1.4475,0.000,0.300
935.923,overrun,A_leg2,4.758,-0.505,27.961,27.485,0.477,OVERRUN by 891.99s,1,0.0500,0,-1.4475,1,0.3000,0,-1.4475,0.000,0.300
936.961,overrun,A_leg2,4.758,-0.505,27.961,27.485,0.477,OVERRUN by 893.02s,1,0.0500,0,-1.4475,1,0.3000,0,-1.4475,0.000,0.300
938.007,overrun,A_leg2,4.758,-0.505,27.961,27.485,0.477,OVERRUN by 894.07s,1,0.0500,0,-1.4475,1,0.3000,0,-1.4475,0.000,0.300
939.034,overrun,A_leg2,4.758,-0.505,27.961,27.485,0.477,OVERRUN by 895.10s,1,0.0500,0,-1.4475,1,0.3000,0,-1.4475,0.000,0.300
940.080,overrun,A_leg2,4.758,-0.505,27.961,27.485,0.477,OVERRUN by 896.14s,1,0.0500,0,-1.4475,1,0.3000,0,-1.4475,0.000,0.300
941.107,overrun,A_leg2,4.758,-0.505,27.961,27.485,0.477,OVERRUN by 897.17s,1,0.0500,0,-1.4475,1,0.3000,0,-1.4475,0.000,0.300
942.140,overrun,A_leg2,4.758,-0.505,27.961,27.485,0.477,OVERRUN by 898.20s,1,0.0500,0,-1.4475,1,0.3000,0,-1.4475,0.000,0.300
943.168,overrun,A_leg2,4.758,-0.505,27.961,27.485,0.477,OVERRUN by 899.23s,1,0.0500,0,-1.4475,1,0.3000,0,-1.4475,0.000,0.300
944.194,overrun,A_leg2,4.758,-0.505,27.961,27.485,0.477,OVERRUN by 900.26s,1,0.0500,0,-1.4475,1,0.3000,0,-1.4475,0.000,0.300
945.222,overrun,A_leg2,4.758,-0.505,27.961,27.485,0.477,OVERRUN by 901.29s,1,0.0500,0,-1.4475,1,0.3000,0,-1.4475,0.000,0.300
946.259,overrun,A_leg2,4.758,-0.505,27.961,27.485,0.477,OVERRUN by 902.32s,1,0.0500,0,-1.4475,1,0.3000,0,-1.4475,0.000,0.300
947.297,overrun,A_leg2,4.758,-0.505,27.961,27.485,0.477,OVERRUN by 903.36s,1,0.0500,0,-1.4475,1,0.3000,0,-1.4475,0.000,0.300
948.332,overrun,A_leg2,4.758,-0.505,27.961,27.485,0.477,OVERRUN by 904.40s,1,0.0500,0,-1.4475,1,0.3000,0,-1.4475,0.000,0.300
949.359,overrun,A_leg2,4.758,-0.505,27.961,27.485,0.477,OVERRUN by 905.42s,1,0.0500,0,-1.4475,1,0.3000,0,-1.4475,0.000,0.300
950.398,overrun,A_leg2,4.758,-0.505,27.961,27.485,0.477,OVERRUN by 906.46s,1,0.0500,0,-1.4475,1,0.3000,0,-1.4475,0.000,0.300
951.442,overrun,A_leg2,4.758,-0.505,27.961,27.485,0.477,OVERRUN by 907.51s,1,0.0500,0,-1.4475,1,0.3000,0,-1.4475,0.000,0.300
952.484,overrun,A_leg2,4.758,-0.505,27.961,27.485,0.477,OVERRUN by 908.55s,1,0.0500,0,-1.4475,1,0.3000,0,-1.4475,0.000,0.300
953.525,overrun,A_leg2,4.758,-0.505,27.961,27.485,0.477,OVERRUN by 909.59s,1,0.0500,0,-1.4475,1,0.3000,0,-1.4475,0.000,0.300
954.560,overrun,A_leg2,4.758,-0.505,27.961,27.485,0.477,OVERRUN by 910.62s,1,0.0500,0,-1.4475,1,0.3000,0,-1.4475,0.000,0.300
955.590,overrun,A_leg2,4.758,-0.505,27.961,27.485,0.477,OVERRUN by 911.65s,1,0.0500,0,-1.4475,1,0.3000,0,-1.4475,0.000,0.300
956.619,overrun,A_leg2,4.758,-0.505,27.961,27.485,0.477,OVERRUN by 912.68s,1,0.0500,0,-1.4475,1,0.3000,0,-1.4475,0.000,0.300
957.655,overrun,A_leg2,4.758,-0.505,27.961,27.485,0.477,OVERRUN by 913.72s,1,0.0500,0,-1.4475,1,0.3000,0,-1.4475,0.000,0.300
958.693,overrun,A_leg2,4.758,-0.505,27.961,27.485,0.477,OVERRUN by 914.76s,1,0.0500,0,-1.4475,1,0.3000,0,-1.4475,0.000,0.300
959.714,overrun,A_leg2,4.758,-0.505,27.961,27.485,0.477,OVERRUN by 915.78s,1,0.0500,0,-1.4475,1,0.3000,0,-1.4475,0.000,0.300
960.744,overrun,A_leg2,4.758,-0.505,27.961,27.485,0.477,OVERRUN by 916.81s,1,0.0500,0,-1.4475,1,0.3000,0,-1.4475,0.000,0.300
961.782,overrun,A_leg2,4.758,-0.505,27.961,27.485,0.477,OVERRUN by 917.85s,1,0.0500,0,-1.4475,1,0.3000,0,-1.4475,0.000,0.300
962.811,overrun,A_leg2,4.758,-0.505,27.961,27.485,0.477,OVERRUN by 918.88s,1,0.0500,0,-1.4475,1,0.3000,0,-1.4475,0.000,0.300
963.851,overrun,A_leg2,4.758,-0.505,27.961,27.485,0.477,OVERRUN by 919.91s,1,0.0500,0,-1.4475,1,0.3000,0,-1.4475,0.000,0.300
964.887,overrun,A_leg2,4.758,-0.505,27.961,27.485,0.477,OVERRUN by 920.95s,1,0.0500,0,-1.4475,1,0.3000,0,-1.4475,0.000,0.300
965.924,overrun,A_leg2,4.758,-0.505,27.961,27.485,0.477,OVERRUN by 921.99s,1,0.0500,0,-1.4475,1,0.3000,0,-1.4475,0.000,0.300
966.959,overrun,A_leg2,4.758,-0.505,27.961,27.485,0.477,OVERRUN by 923.02s,1,0.0500,0,-1.4475,1,0.3000,0,-1.4475,0.000,0.300
967.995,overrun,A_leg2,4.758,-0.505,27.961,27.485,0.477,OVERRUN by 924.06s,1,0.0500,0,-1.4475,1,0.3000,0,-1.4475,0.000,0.300
969.026,overrun,A_leg2,4.758,-0.505,27.961,27.485,0.477,OVERRUN by 925.09s,1,0.0500,0,-1.4475,1,0.3000,0,-1.4475,0.000,0.300
970.052,overrun,A_leg2,4.758,-0.505,27.961,27.485,0.477,OVERRUN by 926.12s,1,0.0500,0,-1.4475,1,0.3000,0,-1.4475,0.000,0.300
971.074,overrun,A_leg2,4.758,-0.505,27.961,27.485,0.477,OVERRUN by 927.14s,1,0.0500,0,-1.4475,1,0.3000,0,-1.4475,0.000,0.300
972.105,overrun,A_leg2,4.758,-0.505,27.961,27.485,0.477,OVERRUN by 928.17s,1,0.0500,0,-1.4475,1,0.3000,0,-1.4475,0.000,0.300
973.126,overrun,A_leg2,4.758,-0.505,27.961,27.485,0.477,OVERRUN by 929.19s,1,0.0500,0,-1.4475,1,0.3000,0,-1.4475,0.000,0.300
974.153,overrun,A_leg2,4.758,-0.505,27.961,27.485,0.477,OVERRUN by 930.22s,1,0.0500,0,-1.4475,1,0.3000,0,-1.4475,0.000,0.300
975.177,overrun,A_leg2,4.758,-0.505,27.961,27.485,0.477,OVERRUN by 931.24s,1,0.0500,0,-1.4475,1,0.3000,0,-1.4475,0.000,0.300
976.201,overrun,A_leg2,4.758,-0.505,27.961,27.485,0.477,OVERRUN by 932.26s,1,0.0500,0,-1.4475,1,0.3000,0,-1.4475,0.000,0.300
977.223,overrun,A_leg2,4.758,-0.505,27.961,27.485,0.477,OVERRUN by 933.29s,1,0.0500,0,-1.4475,1,0.3000,0,-1.4475,0.000,0.300
978.245,overrun,A_leg2,4.758,-0.505,27.961,27.485,0.477,OVERRUN by 934.31s,1,0.0500,0,-1.4475,1,0.3000,0,-1.4475,0.000,0.300
979.273,overrun,A_leg2,4.758,-0.505,27.961,27.485,0.477,OVERRUN by 935.34s,1,0.0500,0,-1.4475,1,0.3000,0,-1.4475,0.000,0.300
980.305,overrun,A_leg2,4.758,-0.505,27.961,27.485,0.477,OVERRUN by 936.37s,1,0.0500,0,-1.4475,1,0.3000,0,-1.4475,0.000,0.300
981.338,overrun,A_leg2,4.758,-0.505,27.961,27.485,0.477,OVERRUN by 937.40s,1,0.0500,0,-1.4475,1,0.3000,0,-1.4475,0.000,0.300
982.381,overrun,A_leg2,4.758,-0.505,27.961,27.485,0.477,OVERRUN by 938.44s,1,0.0500,0,-1.4475,1,0.3000,0,-1.4475,0.000,0.300
983.414,overrun,A_leg2,4.758,-0.505,27.961,27.485,0.477,OVERRUN by 939.48s,1,0.0500,0,-1.4475,1,0.3000,0,-1.4475,0.000,0.300
984.452,overrun,A_leg2,4.758,-0.505,27.961,27.485,0.477,OVERRUN by 940.52s,1,0.0500,0,-1.4475,1,0.3000,0,-1.4475,0.000,0.300
985.488,overrun,A_leg2,4.758,-0.505,27.961,27.485,0.477,OVERRUN by 941.55s,1,0.0500,0,-1.4475,1,0.3000,0,-1.4475,0.000,0.300
986.527,overrun,A_leg2,4.758,-0.505,27.961,27.485,0.477,OVERRUN by 942.59s,1,0.0500,0,-1.4475,1,0.3000,0,-1.4475,0.000,0.300
987.563,overrun,A_leg2,4.758,-0.505,27.961,27.485,0.477,OVERRUN by 943.63s,1,0.0500,0,-1.4475,1,0.3000,0,-1.4475,0.000,0.300
988.597,overrun,A_leg2,4.758,-0.505,27.961,27.485,0.477,OVERRUN by 944.66s,1,0.0500,0,-1.4475,1,0.3000,0,-1.4475,0.000,0.300
989.622,overrun,A_leg2,4.758,-0.505,27.961,27.485,0.477,OVERRUN by 945.69s,1,0.0500,0,-1.4475,1,0.3000,0,-1.4475,0.000,0.300
990.662,overrun,A_leg2,4.758,-0.505,27.961,27.485,0.477,OVERRUN by 946.73s,1,0.0500,0,-1.4475,1,0.3000,0,-1.4475,0.000,0.300
991.687,overrun,A_leg2,4.758,-0.505,27.961,27.485,0.477,OVERRUN by 947.75s,1,0.0500,0,-1.4475,1,0.3000,0,-1.4475,0.000,0.300
992.718,overrun,A_leg2,4.758,-0.505,27.961,27.485,0.477,OVERRUN by 948.78s,1,0.0500,0,-1.4475,1,0.3000,0,-1.4475,0.000,0.300
993.740,overrun,A_leg2,4.758,-0.505,27.961,27.485,0.477,OVERRUN by 949.80s,1,0.0500,0,-1.4475,1,0.3000,0,-1.4475,0.000,0.300
994.772,overrun,A_leg2,4.758,-0.505,27.961,27.485,0.477,OVERRUN by 950.84s,1,0.0500,0,-1.4475,1,0.3000,0,-1.4475,0.000,0.300
995.794,overrun,A_leg2,4.758,-0.505,27.961,27.485,0.477,OVERRUN by 951.86s,1,0.0500,0,-1.4475,1,0.3000,0,-1.4475,0.000,0.300
996.816,overrun,A_leg2,4.758,-0.505,27.961,27.485,0.477,OVERRUN by 952.88s,1,0.0500,0,-1.4475,1,0.3000,0,-1.4475,0.000,0.300
997.844,overrun,A_leg2,4.758,-0.505,27.961,27.485,0.477,OVERRUN by 953.91s,1,0.0500,0,-1.4475,1,0.3000,0,-1.4475,0.000,0.300
998.867,overrun,A_leg2,4.758,-0.505,27.961,27.485,0.477,OVERRUN by 954.93s,1,0.0500,0,-1.4475,1,0.3000,0,-1.4475,0.000,0.300
999.893,overrun,A_leg2,4.758,-0.505,27.961,27.485,0.477,OVERRUN by 955.96s,1,0.0500,0,-1.4475,1,0.3000,0,-1.4475,0.000,0.300
1000.919,overrun,A_leg2,4.758,-0.505,27.961,27.485,0.477,OVERRUN by 956.98s,1,0.0500,0,-1.4475,1,0.3000,0,-1.4475,0.000,0.300
1001.940,overrun,A_leg2,4.758,-0.505,27.961,27.485,0.477,OVERRUN by 958.00s,1,0.0500,0,-1.4475,1,0.3000,0,-1.4475,0.000,0.300
1002.953,overrun,A_leg2,4.758,-0.505,27.961,27.485,0.477,OVERRUN by 959.02s,1,0.0500,0,-1.4475,1,0.3000,0,-1.4475,0.000,0.300
1003.980,overrun,A_leg2,4.758,-0.505,27.961,27.485,0.477,OVERRUN by 960.04s,1,0.0500,0,-1.4475,1,0.3000,0,-1.4475,0.000,0.300
1005.010,overrun,A_leg2,4.758,-0.505,27.961,27.485,0.477,OVERRUN by 961.07s,1,0.0500,0,-1.4475,1,0.3000,0,-1.4475,0.000,0.300
1006.039,overrun,A_leg2,4.758,-0.505,27.961,27.485,0.477,OVERRUN by 962.10s,1,0.0500,0,-1.4475,1,0.3000,0,-1.4475,0.000,0.300
1007.065,overrun,A_leg2,4.758,-0.505,27.961,27.485,0.477,OVERRUN by 963.13s,1,0.0500,0,-1.4475,1,0.3000,0,-1.4475,0.000,0.300
1008.098,overrun,A_leg2,4.758,-0.505,27.961,27.485,0.477,OVERRUN by 964.16s,1,0.0500,0,-1.4475,1,0.3000,0,-1.4475,0.000,0.300
1009.123,overrun,A_leg2,4.758,-0.505,27.961,27.485,0.477,OVERRUN by 965.19s,1,0.0500,0,-1.4475,1,0.3000,0,-1.4475,0.000,0.300
1010.161,overrun,A_leg2,4.758,-0.505,27.961,27.485,0.477,OVERRUN by 966.23s,1,0.0500,0,-1.4475,1,0.3000,0,-1.4475,0.000,0.300
1011.181,overrun,A_leg2,4.758,-0.505,27.961,27.485,0.477,OVERRUN by 967.24s,1,0.0500,0,-1.4475,1,0.3000,0,-1.4475,0.000,0.300
1012.213,overrun,A_leg2,4.758,-0.505,27.961,27.485,0.477,OVERRUN by 968.28s,1,0.0500,0,-1.4475,1,0.3000,0,-1.4475,0.000,0.300
1013.245,overrun,A_leg2,4.758,-0.505,27.961,27.485,0.477,OVERRUN by 969.31s,1,0.0500,0,-1.4475,1,0.3000,0,-1.4475,0.000,0.300
1014.275,overrun,A_leg2,4.758,-0.505,27.961,27.485,0.477,OVERRUN by 970.34s,1,0.0500,0,-1.4475,1,0.3000,0,-1.4475,0.000,0.300
1015.308,overrun,A_leg2,4.758,-0.505,27.961,27.485,0.477,OVERRUN by 971.37s,1,0.0500,0,-1.4475,1,0.3000,0,-1.4475,0.000,0.300
1016.332,overrun,A_leg2,4.758,-0.505,27.961,27.485,0.477,OVERRUN by 972.40s,1,0.0500,0,-1.4475,1,0.3000,0,-1.4475,0.000,0.300
1017.356,overrun,A_leg2,4.758,-0.505,27.961,27.485,0.477,OVERRUN by 973.42s,1,0.0500,0,-1.4475,1,0.3000,0,-1.4475,0.000,0.300
1018.388,overrun,A_leg2,4.758,-0.505,27.961,27.485,0.477,OVERRUN by 974.45s,1,0.0500,0,-1.4475,1,0.3000,0,-1.4475,0.000,0.300
1019.428,overrun,A_leg2,4.758,-0.505,27.961,27.485,0.477,OVERRUN by 975.49s,1,0.0500,0,-1.4475,1,0.3000,0,-1.4475,0.000,0.300
1020.457,overrun,A_leg2,4.758,-0.505,27.961,27.485,0.477,OVERRUN by 976.52s,1,0.0500,0,-1.4475,1,0.3000,0,-1.4475,0.000,0.300
1021.489,overrun,A_leg2,4.758,-0.505,27.961,27.485,0.477,OVERRUN by 977.55s,1,0.0500,0,-1.4475,1,0.3000,0,-1.4475,0.000,0.300
1022.523,overrun,A_leg2,4.758,-0.505,27.961,27.485,0.477,OVERRUN by 978.59s,1,0.0500,0,-1.4475,1,0.3000,0,-1.4475,0.000,0.300
1023.557,overrun,A_leg2,4.758,-0.505,27.961,27.485,0.477,OVERRUN by 979.62s,1,0.0500,0,-1.4475,1,0.3000,0,-1.4475,0.000,0.300
1024.574,overrun,A_leg2,4.758,-0.505,27.961,27.485,0.477,OVERRUN by 980.64s,1,0.0500,0,-1.4475,1,0.3000,0,-1.4475,0.000,0.300
1025.609,overrun,A_leg2,4.758,-0.505,27.961,27.485,0.477,OVERRUN by 981.67s,1,0.0500,0,-1.4475,1,0.3000,0,-1.4475,0.000,0.300
1026.637,overrun,A_leg2,4.758,-0.505,27.961,27.485,0.477,OVERRUN by 982.70s,1,0.0500,0,-1.4475,1,0.3000,0,-1.4475,0.000,0.300
1027.674,overrun,A_leg2,4.758,-0.505,27.961,27.485,0.477,OVERRUN by 983.74s,1,0.0500,0,-1.4475,1,0.3000,0,-1.4475,0.000,0.300
1028.709,overrun,A_leg2,4.758,-0.505,27.961,27.485,0.477,OVERRUN by 984.77s,1,0.0500,0,-1.4475,1,0.3000,0,-1.4475,0.000,0.300
1029.732,overrun,A_leg2,4.758,-0.505,27.961,27.485,0.477,OVERRUN by 985.80s,1,0.0500,0,-1.4475,1,0.3000,0,-1.4475,0.000,0.300
1030.762,overrun,A_leg2,4.758,-0.505,27.961,27.485,0.477,OVERRUN by 986.83s,1,0.0500,0,-1.4475,1,0.3000,0,-1.4475,0.000,0.300
1031.789,overrun,A_leg2,4.758,-0.505,27.961,27.485,0.477,OVERRUN by 987.85s,1,0.0500,0,-1.4475,1,0.3000,0,-1.4475,0.000,0.300
1032.811,overrun,A_leg2,4.758,-0.505,27.961,27.485,0.477,OVERRUN by 988.87s,1,0.0500,0,-1.4475,1,0.3000,0,-1.4475,0.000,0.300
1033.843,overrun,A_leg2,4.758,-0.505,27.961,27.485,0.477,OVERRUN by 989.91s,1,0.0500,0,-1.4475,1,0.3000,0,-1.4475,0.000,0.300
1034.865,overrun,A_leg2,4.758,-0.505,27.961,27.485,0.477,OVERRUN by 990.93s,1,0.0500,0,-1.4475,1,0.3000,0,-1.4475,0.000,0.300
1035.908,overrun,A_leg2,4.758,-0.505,27.961,27.485,0.477,OVERRUN by 991.97s,1,0.0500,0,-1.4475,1,0.3000,0,-1.4475,0.000,0.300
1036.928,overrun,A_leg2,4.758,-0.505,27.961,27.485,0.477,OVERRUN by 992.99s,1,0.0500,0,-1.4475,1,0.3000,0,-1.4475,0.000,0.300
1037.961,overrun,A_leg2,4.758,-0.505,27.961,27.485,0.477,OVERRUN by 994.03s,1,0.0500,0,-1.4475,1,0.3000,0,-1.4475,0.000,0.300
1038.996,overrun,A_leg2,4.758,-0.505,27.961,27.485,0.477,OVERRUN by 995.06s,1,0.0500,0,-1.4475,1,0.3000,0,-1.4475,0.000,0.300
1040.030,overrun,A_leg2,4.758,-0.505,27.961,27.485,0.477,OVERRUN by 996.09s,1,0.0500,0,-1.4475,1,0.3000,0,-1.4475,0.000,0.300
1041.065,overrun,A_leg2,4.758,-0.505,27.961,27.485,0.477,OVERRUN by 997.13s,1,0.0500,0,-1.4475,1,0.3000,0,-1.4475,0.000,0.300
1042.095,overrun,A_leg2,4.758,-0.505,27.961,27.485,0.477,OVERRUN by 998.16s,1,0.0500,0,-1.4475,1,0.3000,0,-1.4475,0.000,0.300
1043.126,overrun,A_leg2,4.758,-0.505,27.961,27.485,0.477,OVERRUN by 999.19s,1,0.0500,0,-1.4475,1,0.3000,0,-1.4475,0.000,0.300
1044.144,overrun,A_leg2,4.758,-0.505,27.961,27.485,0.477,OVERRUN by 1000.21s,1,0.0500,0,-1.4475,1,0.3000,0,-1.4475,0.000,0.300
1045.178,overrun,A_leg2,4.758,-0.505,27.961,27.485,0.477,OVERRUN by 1001.24s,1,0.0500,0,-1.4475,1,0.3000,0,-1.4475,0.000,0.300
1046.200,overrun,A_leg2,4.758,-0.505,27.961,27.485,0.477,OVERRUN by 1002.26s,1,0.0500,0,-1.4475,1,0.3000,0,-1.4475,0.000,0.300
1047.234,overrun,A_leg2,4.758,-0.505,27.961,27.485,0.477,OVERRUN by 1003.30s,1,0.0500,0,-1.4475,1,0.3000,0,-1.4475,0.000,0.300
1048.269,overrun,A_leg2,4.758,-0.505,27.961,27.485,0.477,OVERRUN by 1004.33s,1,0.0500,0,-1.4475,1,0.3000,0,-1.4475,0.000,0.300
1049.308,overrun,A_leg2,4.758,-0.505,27.961,27.485,0.477,OVERRUN by 1005.37s,1,0.0500,0,-1.4475,1,0.3000,0,-1.4475,0.000,0.300
1050.337,overrun,A_leg2,4.758,-0.505,27.961,27.485,0.477,OVERRUN by 1006.40s,1,0.0500,0,-1.4475,1,0.3000,0,-1.4475,0.000,0.300
1051.379,overrun,A_leg2,4.758,-0.505,27.961,27.485,0.477,OVERRUN by 1007.44s,1,0.0500,0,-1.4475,1,0.3000,0,-1.4475,0.000,0.300
1052.419,overrun,A_leg2,4.758,-0.505,27.961,27.485,0.477,OVERRUN by 1008.48s,1,0.0500,0,-1.4475,1,0.3000,0,-1.4475,0.000,0.300
1053.452,overrun,A_leg2,4.758,-0.505,27.961,27.485,0.477,OVERRUN by 1009.52s,1,0.0500,0,-1.4475,1,0.3000,0,-1.4475,0.000,0.300
1054.479,overrun,A_leg2,4.758,-0.505,27.961,27.485,0.477,OVERRUN by 1010.54s,1,0.0500,0,-1.4475,1,0.3000,0,-1.4475,0.000,0.300
1055.522,overrun,A_leg2,4.758,-0.505,27.961,27.485,0.477,OVERRUN by 1011.59s,1,0.0500,0,-1.4475,1,0.3000,0,-1.4475,0.000,0.300
1056.547,overrun,A_leg2,4.758,-0.505,27.961,27.485,0.477,OVERRUN by 1012.61s,1,0.0500,0,-1.4475,1,0.3000,0,-1.4475,0.000,0.300
1057.579,overrun,A_leg2,4.758,-0.505,27.961,27.485,0.477,OVERRUN by 1013.64s,1,0.0500,0,-1.4475,1,0.3000,0,-1.4475,0.000,0.300
1058.608,overrun,A_leg2,4.758,-0.505,27.961,27.485,0.477,OVERRUN by 1014.67s,1,0.0500,0,-1.4475,1,0.3000,0,-1.4475,0.000,0.300
1059.651,overrun,A_leg2,4.758,-0.505,27.961,27.485,0.477,OVERRUN by 1015.71s,1,0.0500,0,-1.4475,1,0.3000,0,-1.4475,0.000,0.300
1060.685,overrun,A_leg2,4.758,-0.505,27.961,27.485,0.477,OVERRUN by 1016.75s,1,0.0500,0,-1.4475,1,0.3000,0,-1.4475,0.000,0.300
1061.716,overrun,A_leg2,4.758,-0.505,27.961,27.485,0.477,OVERRUN by 1017.78s,1,0.0500,0,-1.4475,1,0.3000,0,-1.4475,0.000,0.300
1062.745,overrun,A_leg2,4.758,-0.505,27.961,27.485,0.477,OVERRUN by 1018.81s,1,0.0500,0,-1.4475,1,0.3000,0,-1.4475,0.000,0.300
1063.777,overrun,A_leg2,4.758,-0.505,27.961,27.485,0.477,OVERRUN by 1019.84s,1,0.0500,0,-1.4475,1,0.3000,0,-1.4475,0.000,0.300
1064.804,overrun,A_leg2,4.758,-0.505,27.961,27.485,0.477,OVERRUN by 1020.87s,1,0.0500,0,-1.4475,1,0.3000,0,-1.4475,0.000,0.300
1065.840,overrun,A_leg2,4.758,-0.505,27.961,27.485,0.477,OVERRUN by 1021.90s,1,0.0500,0,-1.4475,1,0.3000,0,-1.4475,0.000,0.300
1066.875,overrun,A_leg2,4.758,-0.505,27.961,27.485,0.477,OVERRUN by 1022.94s,1,0.0500,0,-1.4475,1,0.3000,0,-1.4475,0.000,0.300
1067.898,overrun,A_leg2,4.758,-0.505,27.961,27.485,0.477,OVERRUN by 1023.96s,1,0.0500,0,-1.4475,1,0.3000,0,-1.4475,0.000,0.300
1068.933,overrun,A_leg2,4.758,-0.505,27.961,27.485,0.477,OVERRUN by 1025.00s,1,0.0500,0,-1.4475,1,0.3000,0,-1.4475,0.000,0.300
1069.963,overrun,A_leg2,4.758,-0.505,27.961,27.485,0.477,OVERRUN by 1026.03s,1,0.0500,0,-1.4475,1,0.3000,0,-1.4475,0.000,0.300
1070.991,overrun,A_leg2,4.758,-0.505,27.961,27.485,0.477,OVERRUN by 1027.05s,1,0.0500,0,-1.4475,1,0.3000,0,-1.4475,0.000,0.300
1072.026,overrun,A_leg2,4.758,-0.505,27.961,27.485,0.477,OVERRUN by 1028.09s,1,0.0500,0,-1.4475,1,0.3000,0,-1.4475,0.000,0.300
1073.050,overrun,A_leg2,4.758,-0.505,27.961,27.485,0.477,OVERRUN by 1029.11s,1,0.0500,0,-1.4475,1,0.3000,0,-1.4475,0.000,0.300
1074.075,overrun,A_leg2,4.758,-0.505,27.961,27.485,0.477,OVERRUN by 1030.14s,1,0.0500,0,-1.4475,1,0.3000,0,-1.4475,0.000,0.300
1075.101,overrun,A_leg2,4.758,-0.505,27.961,27.485,0.477,OVERRUN by 1031.16s,1,0.0500,0,-1.4475,1,0.3000,0,-1.4475,0.000,0.300
1076.121,overrun,A_leg2,4.758,-0.505,27.961,27.485,0.477,OVERRUN by 1032.19s,1,0.0500,0,-1.4475,1,0.3000,0,-1.4475,0.000,0.300
1077.147,overrun,A_leg2,4.758,-0.505,27.961,27.485,0.477,OVERRUN by 1033.21s,1,0.0500,0,-1.4475,1,0.3000,0,-1.4475,0.000,0.300
1078.150,overrun,A_leg2,4.758,-0.505,27.961,27.485,0.477,OVERRUN by 1034.21s,1,0.0500,0,-1.4475,1,0.3000,0,-1.4475,0.000,0.300
1079.167,overrun,A_leg2,4.758,-0.505,27.961,27.485,0.477,OVERRUN by 1035.23s,1,0.0500,0,-1.4475,1,0.3000,0,-1.4475,0.000,0.300
1080.190,overrun,A_leg2,4.758,-0.505,27.961,27.485,0.477,OVERRUN by 1036.25s,1,0.0500,0,-1.4475,1,0.3000,0,-1.4475,0.000,0.300
1081.220,overrun,A_leg2,4.758,-0.505,27.961,27.485,0.477,OVERRUN by 1037.28s,1,0.0500,0,-1.4475,1,0.3000,0,-1.4475,0.000,0.300
1082.237,overrun,A_leg2,4.758,-0.505,27.961,27.485,0.477,OVERRUN by 1038.30s,1,0.0500,0,-1.4475,1,0.3000,0,-1.4475,0.000,0.300
1083.253,overrun,A_leg2,4.758,-0.505,27.961,27.485,0.477,OVERRUN by 1039.32s,1,0.0500,0,-1.4475,1,0.3000,0,-1.4475,0.000,0.300
1084.269,overrun,A_leg2,4.758,-0.505,27.961,27.485,0.477,OVERRUN by 1040.33s,1,0.0500,0,-1.4475,1,0.3000,0,-1.4475,0.000,0.300
1085.292,overrun,A_leg2,4.758,-0.505,27.961,27.485,0.477,OVERRUN by 1041.36s,1,0.0500,0,-1.4475,1,0.3000,0,-1.4475,0.000,0.300
1086.316,overrun,A_leg2,4.758,-0.505,27.961,27.485,0.477,OVERRUN by 1042.38s,1,0.0500,0,-1.4475,1,0.3000,0,-1.4475,0.000,0.300
1087.334,overrun,A_leg2,4.758,-0.505,27.961,27.485,0.477,OVERRUN by 1043.40s,1,0.0500,0,-1.4475,1,0.3000,0,-1.4475,0.000,0.300
1088.360,overrun,A_leg2,4.758,-0.505,27.961,27.485,0.477,OVERRUN by 1044.42s,1,0.0500,0,-1.4475,1,0.3000,0,-1.4475,0.000,0.300
1089.384,overrun,A_leg2,4.758,-0.505,27.961,27.485,0.477,OVERRUN by 1045.45s,1,0.0500,0,-1.4475,1,0.3000,0,-1.4475,0.000,0.300
1090.414,overrun,A_leg2,4.758,-0.505,27.961,27.485,0.477,OVERRUN by 1046.48s,1,0.0500,0,-1.4475,1,0.3000,0,-1.4475,0.000,0.300
1091.431,overrun,A_leg2,4.758,-0.505,27.961,27.485,0.477,OVERRUN by 1047.49s,1,0.0500,0,-1.4475,1,0.3000,0,-1.4475,0.000,0.300
1092.465,overrun,A_leg2,4.758,-0.505,27.961,27.485,0.477,OVERRUN by 1048.53s,1,0.0500,0,-1.4475,1,0.3000,0,-1.4475,0.000,0.300
1093.484,overrun,A_leg2,4.758,-0.505,27.961,27.485,0.477,OVERRUN by 1049.55s,1,0.0500,0,-1.4475,1,0.3000,0,-1.4475,0.000,0.300
1094.512,overrun,A_leg2,4.758,-0.505,27.961,27.485,0.477,OVERRUN by 1050.58s,1,0.0500,0,-1.4475,1,0.3000,0,-1.4475,0.000,0.300
1095.537,overrun,A_leg2,4.758,-0.505,27.961,27.485,0.477,OVERRUN by 1051.60s,1,0.0500,0,-1.4475,1,0.3000,0,-1.4475,0.000,0.300
1096.561,overrun,A_leg2,4.758,-0.505,27.961,27.485,0.477,OVERRUN by 1052.62s,1,0.0500,0,-1.4475,1,0.3000,0,-1.4475,0.000,0.300
1097.590,overrun,A_leg2,4.758,-0.505,27.961,27.485,0.477,OVERRUN by 1053.65s,1,0.0500,0,-1.4475,1,0.3000,0,-1.4475,0.000,0.300
1098.604,overrun,A_leg2,4.758,-0.505,27.961,27.485,0.477,OVERRUN by 1054.67s,1,0.0500,0,-1.4475,1,0.3000,0,-1.4475,0.000,0.300
1099.619,overrun,A_leg2,4.758,-0.505,27.961,27.485,0.477,OVERRUN by 1055.68s,1,0.0500,0,-1.4475,1,0.3000,0,-1.4475,0.000,0.300
1100.639,overrun,A_leg2,4.758,-0.505,27.961,27.485,0.477,OVERRUN by 1056.70s,1,0.0500,0,-1.4475,1,0.3000,0,-1.4475,0.000,0.300
1101.674,overrun,A_leg2,4.758,-0.505,27.961,27.485,0.477,OVERRUN by 1057.74s,1,0.0500,0,-1.4475,1,0.3000,0,-1.4475,0.000,0.300
1102.709,overrun,A_leg2,4.758,-0.505,27.961,27.485,0.477,OVERRUN by 1058.77s,1,0.0500,0,-1.4475,1,0.3000,0,-1.4475,0.000,0.300
1103.745,overrun,A_leg2,4.758,-0.505,27.961,27.485,0.477,OVERRUN by 1059.81s,1,0.0500,0,-1.4475,1,0.3000,0,-1.4475,0.000,0.300
1104.779,overrun,A_leg2,4.758,-0.505,27.961,27.485,0.477,OVERRUN by 1060.84s,1,0.0500,0,-1.4475,1,0.3000,0,-1.4475,0.000,0.300
1105.798,overrun,A_leg2,4.758,-0.505,27.961,27.485,0.477,OVERRUN by 1061.86s,1,0.0500,0,-1.4475,1,0.3000,0,-1.4475,0.000,0.300
1106.816,overrun,A_leg2,4.758,-0.505,27.961,27.485,0.477,OVERRUN by 1062.88s,1,0.0500,0,-1.4475,1,0.3000,0,-1.4475,0.000,0.300
1107.847,overrun,A_leg2,4.758,-0.505,27.961,27.485,0.477,OVERRUN by 1063.91s,1,0.0500,0,-1.4475,1,0.3000,0,-1.4475,0.000,0.300
1108.879,overrun,A_leg2,4.758,-0.505,27.961,27.485,0.477,OVERRUN by 1064.94s,1,0.0500,0,-1.4475,1,0.3000,0,-1.4475,0.000,0.300
1109.909,overrun,A_leg2,4.758,-0.505,27.961,27.485,0.477,OVERRUN by 1065.97s,1,0.0500,0,-1.4475,1,0.3000,0,-1.4475,0.000,0.300
1110.932,overrun,A_leg2,4.758,-0.505,27.961,27.485,0.477,OVERRUN by 1067.00s,1,0.0500,0,-1.4475,1,0.3000,0,-1.4475,0.000,0.300
1111.959,overrun,A_leg2,4.758,-0.505,27.961,27.485,0.477,OVERRUN by 1068.02s,1,0.0500,0,-1.4475,1,0.3000,0,-1.4475,0.000,0.300
1112.979,overrun,A_leg2,4.758,-0.505,27.961,27.485,0.477,OVERRUN by 1069.04s,1,0.0500,0,-1.4475,1,0.3000,0,-1.4475,0.000,0.300
1114.002,overrun,A_leg2,4.758,-0.505,27.961,27.485,0.477,OVERRUN by 1070.07s,1,0.0500,0,-1.4475,1,0.3000,0,-1.4475,0.000,0.300
1115.026,overrun,A_leg2,4.758,-0.505,27.961,27.485,0.477,OVERRUN by 1071.09s,1,0.0500,0,-1.4475,1,0.3000,0,-1.4475,0.000,0.300
1116.059,overrun,A_leg2,4.758,-0.505,27.961,27.485,0.477,OVERRUN by 1072.12s,1,0.0500,0,-1.4475,1,0.3000,0,-1.4475,0.000,0.300
1117.087,overrun,A_leg2,4.758,-0.505,27.961,27.485,0.477,OVERRUN by 1073.15s,1,0.0500,0,-1.4475,1,0.3000,0,-1.4475,0.000,0.300
1118.114,overrun,A_leg2,4.758,-0.505,27.961,27.485,0.477,OVERRUN by 1074.18s,1,0.0500,0,-1.4475,1,0.3000,0,-1.4475,0.000,0.300
1119.137,overrun,A_leg2,4.758,-0.505,27.961,27.485,0.477,OVERRUN by 1075.20s,1,0.0500,0,-1.4475,1,0.3000,0,-1.4475,0.000,0.300
1120.167,overrun,A_leg2,4.758,-0.505,27.961,27.485,0.477,OVERRUN by 1076.23s,1,0.0500,0,-1.4475,1,0.3000,0,-1.4475,0.000,0.300
1121.188,overrun,A_leg2,4.758,-0.505,27.961,27.485,0.477,OVERRUN by 1077.25s,1,0.0500,0,-1.4475,1,0.3000,0,-1.4475,0.000,0.300
1122.206,overrun,A_leg2,4.758,-0.505,27.961,27.485,0.477,OVERRUN by 1078.27s,1,0.0500,0,-1.4475,1,0.3000,0,-1.4475,0.000,0.300
1123.223,overrun,A_leg2,4.758,-0.505,27.961,27.485,0.477,OVERRUN by 1079.29s,1,0.0500,0,-1.4475,1,0.3000,0,-1.4475,0.000,0.300
1124.249,overrun,A_leg2,4.758,-0.505,27.961,27.485,0.477,OVERRUN by 1080.31s,1,0.0500,0,-1.4475,1,0.3000,0,-1.4475,0.000,0.300
1125.271,overrun,A_leg2,4.758,-0.505,27.961,27.485,0.477,OVERRUN by 1081.34s,1,0.0500,0,-1.4475,1,0.3000,0,-1.4475,0.000,0.300
1126.297,overrun,A_leg2,4.758,-0.505,27.961,27.485,0.477,OVERRUN by 1082.36s,1,0.0500,0,-1.4475,1,0.3000,0,-1.4475,0.000,0.300
1127.318,overrun,A_leg2,4.758,-0.505,27.961,27.485,0.477,OVERRUN by 1083.38s,1,0.0500,0,-1.4475,1,0.3000,0,-1.4475,0.000,0.300
1128.330,overrun,A_leg2,4.758,-0.505,27.961,27.485,0.477,OVERRUN by 1084.39s,1,0.0500,0,-1.4475,1,0.3000,0,-1.4475,0.000,0.300
1129.350,overrun,A_leg2,4.758,-0.505,27.961,27.485,0.477,OVERRUN by 1085.41s,1,0.0500,0,-1.4475,1,0.3000,0,-1.4475,0.000,0.300
1130.385,overrun,A_leg2,4.758,-0.505,27.961,27.485,0.477,OVERRUN by 1086.45s,1,0.0500,0,-1.4475,1,0.3000,0,-1.4475,0.000,0.300
1131.414,overrun,A_leg2,4.758,-0.505,27.961,27.485,0.477,OVERRUN by 1087.48s,1,0.0500,0,-1.4475,1,0.3000,0,-1.4475,0.000,0.300
1132.430,overrun,A_leg2,4.758,-0.505,27.961,27.485,0.477,OVERRUN by 1088.49s,1,0.0500,0,-1.4475,1,0.3000,0,-1.4475,0.000,0.300
1133.452,overrun,A_leg2,4.758,-0.505,27.961,27.485,0.477,OVERRUN by 1089.52s,1,0.0500,0,-1.4475,1,0.3000,0,-1.4475,0.000,0.300
1134.476,overrun,A_leg2,4.758,-0.505,27.961,27.485,0.477,OVERRUN by 1090.54s,1,0.0500,0,-1.4475,1,0.3000,0,-1.4475,0.000,0.300
1135.499,overrun,A_leg2,4.758,-0.505,27.961,27.485,0.477,OVERRUN by 1091.56s,1,0.0500,0,-1.4475,1,0.3000,0,-1.4475,0.000,0.300
1136.522,overrun,A_leg2,4.758,-0.505,27.961,27.485,0.477,OVERRUN by 1092.59s,1,0.0500,0,-1.4475,1,0.3000,0,-1.4475,0.000,0.300
1137.539,overrun,A_leg2,4.758,-0.505,27.961,27.485,0.477,OVERRUN by 1093.60s,1,0.0500,0,-1.4475,1,0.3000,0,-1.4475,0.000,0.300
1138.567,overrun,A_leg2,4.758,-0.505,27.961,27.485,0.477,OVERRUN by 1094.63s,1,0.0500,0,-1.4475,1,0.3000,0,-1.4475,0.000,0.300
1139.581,overrun,A_leg2,4.758,-0.505,27.961,27.485,0.477,OVERRUN by 1095.64s,1,0.0500,0,-1.4475,1,0.3000,0,-1.4475,0.000,0.300
1140.605,overrun,A_leg2,4.758,-0.505,27.961,27.485,0.477,OVERRUN by 1096.67s,1,0.0500,0,-1.4475,1,0.3000,0,-1.4475,0.000,0.300
1141.634,overrun,A_leg2,4.758,-0.505,27.961,27.485,0.477,OVERRUN by 1097.70s,1,0.0500,0,-1.4475,1,0.3000,0,-1.4475,0.000,0.300
1142.655,overrun,A_leg2,4.758,-0.505,27.961,27.485,0.477,OVERRUN by 1098.72s,1,0.0500,0,-1.4475,1,0.3000,0,-1.4475,0.000,0.300
1143.685,overrun,A_leg2,4.758,-0.505,27.961,27.485,0.477,OVERRUN by 1099.75s,1,0.0500,0,-1.4475,1,0.3000,0,-1.4475,0.000,0.300
1144.704,overrun,A_leg2,4.758,-0.505,27.961,27.485,0.477,OVERRUN by 1100.77s,1,0.0500,0,-1.4475,1,0.3000,0,-1.4475,0.000,0.300
1145.728,overrun,A_leg2,4.758,-0.505,27.961,27.485,0.477,OVERRUN by 1101.79s,1,0.0500,0,-1.4475,1,0.3000,0,-1.4475,0.000,0.300
1146.753,overrun,A_leg2,4.758,-0.505,27.961,27.485,0.477,OVERRUN by 1102.82s,1,0.0500,0,-1.4475,1,0.3000,0,-1.4475,0.000,0.300
1147.784,overrun,A_leg2,4.758,-0.505,27.961,27.485,0.477,OVERRUN by 1103.85s,1,0.0500,0,-1.4475,1,0.3000,0,-1.4475,0.000,0.300
1148.805,overrun,A_leg2,4.758,-0.505,27.961,27.485,0.477,OVERRUN by 1104.87s,1,0.0500,0,-1.4475,1,0.3000,0,-1.4475,0.000,0.300
1149.817,overrun,A_leg2,4.758,-0.505,27.961,27.485,0.477,OVERRUN by 1105.88s,1,0.0500,0,-1.4475,1,0.3000,0,-1.4475,0.000,0.300
1150.841,overrun,A_leg2,4.758,-0.505,27.961,27.485,0.477,OVERRUN by 1106.91s,1,0.0500,0,-1.4475,1,0.3000,0,-1.4475,0.000,0.300
1151.864,overrun,A_leg2,4.758,-0.505,27.961,27.485,0.477,OVERRUN by 1107.93s,1,0.0500,0,-1.4475,1,0.3000,0,-1.4475,0.000,0.300
1152.892,overrun,A_leg2,4.758,-0.505,27.961,27.485,0.477,OVERRUN by 1108.96s,1,0.0500,0,-1.4475,1,0.3000,0,-1.4475,0.000,0.300
1153.912,overrun,A_leg2,4.758,-0.505,27.961,27.485,0.477,OVERRUN by 1109.98s,1,0.0500,0,-1.4475,1,0.3000,0,-1.4475,0.000,0.300
1154.940,overrun,A_leg2,4.758,-0.505,27.961,27.485,0.477,OVERRUN by 1111.00s,1,0.0500,0,-1.4475,1,0.3000,0,-1.4475,0.000,0.300
1155.958,overrun,A_leg2,4.758,-0.505,27.961,27.485,0.477,OVERRUN by 1112.02s,1,0.0500,0,-1.4475,1,0.3000,0,-1.4475,0.000,0.300
1156.984,overrun,A_leg2,4.758,-0.505,27.961,27.485,0.477,OVERRUN by 1113.05s,1,0.0500,0,-1.4475,1,0.3000,0,-1.4475,0.000,0.300
1158.008,overrun,A_leg2,4.758,-0.505,27.961,27.485,0.477,OVERRUN by 1114.07s,1,0.0500,0,-1.4475,1,0.3000,0,-1.4475,0.000,0.300
1159.042,overrun,A_leg2,4.758,-0.505,27.961,27.485,0.477,OVERRUN by 1115.11s,1,0.0500,0,-1.4475,1,0.3000,0,-1.4475,0.000,0.300
1160.056,overrun,A_leg2,4.758,-0.505,27.961,27.485,0.477,OVERRUN by 1116.12s,1,0.0500,0,-1.4475,1,0.3000,0,-1.4475,0.000,0.300
1161.076,overrun,A_leg2,4.758,-0.505,27.961,27.485,0.477,OVERRUN by 1117.14s,1,0.0500,0,-1.4475,1,0.3000,0,-1.4475,0.000,0.300
1162.099,overrun,A_leg2,4.758,-0.505,27.961,27.485,0.477,OVERRUN by 1118.16s,1,0.0500,0,-1.4475,1,0.3000,0,-1.4475,0.000,0.300
1163.123,overrun,A_leg2,4.758,-0.505,27.961,27.485,0.477,OVERRUN by 1119.19s,1,0.0500,0,-1.4475,1,0.3000,0,-1.4475,0.000,0.300
1164.137,overrun,A_leg2,4.758,-0.505,27.961,27.485,0.477,OVERRUN by 1120.20s,1,0.0500,0,-1.4475,1,0.3000,0,-1.4475,0.000,0.300
1165.153,overrun,A_leg2,4.758,-0.505,27.961,27.485,0.477,OVERRUN by 1121.22s,1,0.0500,0,-1.4475,1,0.3000,0,-1.4475,0.000,0.300
1166.176,overrun,A_leg2,4.758,-0.505,27.961,27.485,0.477,OVERRUN by 1122.24s,1,0.0500,0,-1.4475,1,0.3000,0,-1.4475,0.000,0.300
1167.188,overrun,A_leg2,4.758,-0.505,27.961,27.485,0.477,OVERRUN by 1123.25s,1,0.0500,0,-1.4475,1,0.3000,0,-1.4475,0.000,0.300
1168.205,overrun,A_leg2,4.758,-0.505,27.961,27.485,0.477,OVERRUN by 1124.27s,1,0.0500,0,-1.4475,1,0.3000,0,-1.4475,0.000,0.300
1169.221,overrun,A_leg2,4.758,-0.505,27.961,27.485,0.477,OVERRUN by 1125.28s,1,0.0500,0,-1.4475,1,0.3000,0,-1.4475,0.000,0.300
1170.235,overrun,A_leg2,4.758,-0.505,27.961,27.485,0.477,OVERRUN by 1126.30s,1,0.0500,0,-1.4475,1,0.3000,0,-1.4475,0.000,0.300
1171.260,overrun,A_leg2,4.758,-0.505,27.961,27.485,0.477,OVERRUN by 1127.32s,1,0.0500,0,-1.4475,1,0.3000,0,-1.4475,0.000,0.300
1172.279,overrun,A_leg2,4.758,-0.505,27.961,27.485,0.477,OVERRUN by 1128.34s,1,0.0500,0,-1.4475,1,0.3000,0,-1.4475,0.000,0.300
1173.299,overrun,A_leg2,4.758,-0.505,27.961,27.485,0.477,OVERRUN by 1129.36s,1,0.0500,0,-1.4475,1,0.3000,0,-1.4475,0.000,0.300
1174.328,overrun,A_leg2,4.758,-0.505,27.961,27.485,0.477,OVERRUN by 1130.39s,1,0.0500,0,-1.4475,1,0.3000,0,-1.4475,0.000,0.300
1175.341,overrun,A_leg2,4.758,-0.505,27.961,27.485,0.477,OVERRUN by 1131.41s,1,0.0500,0,-1.4475,1,0.3000,0,-1.4475,0.000,0.300
1176.365,overrun,A_leg2,4.758,-0.505,27.961,27.485,0.477,OVERRUN by 1132.43s,1,0.0500,0,-1.4475,1,0.3000,0,-1.4475,0.000,0.300
1177.381,overrun,A_leg2,4.758,-0.505,27.961,27.485,0.477,OVERRUN by 1133.45s,1,0.0500,0,-1.4475,1,0.3000,0,-1.4475,0.000,0.300
1178.405,overrun,A_leg2,4.758,-0.505,27.961,27.485,0.477,OVERRUN by 1134.47s,1,0.0500,0,-1.4475,1,0.3000,0,-1.4475,0.000,0.300
1179.423,overrun,A_leg2,4.758,-0.505,27.961,27.485,0.477,OVERRUN by 1135.49s,1,0.0500,0,-1.4475,1,0.3000,0,-1.4475,0.000,0.300
1180.441,overrun,A_leg2,4.758,-0.505,27.961,27.485,0.477,OVERRUN by 1136.50s,1,0.0500,0,-1.4475,1,0.3000,0,-1.4475,0.000,0.300
1181.451,overrun,A_leg2,4.758,-0.505,27.961,27.485,0.477,OVERRUN by 1137.51s,1,0.0500,0,-1.4475,1,0.3000,0,-1.4475,0.000,0.300
1182.468,overrun,A_leg2,4.758,-0.505,27.961,27.485,0.477,OVERRUN by 1138.53s,1,0.0500,0,-1.4475,1,0.3000,0,-1.4475,0.000,0.300
1183.499,overrun,A_leg2,4.758,-0.505,27.961,27.485,0.477,OVERRUN by 1139.56s,1,0.0500,0,-1.4475,1,0.3000,0,-1.4475,0.000,0.300
1184.518,overrun,A_leg2,4.758,-0.505,27.961,27.485,0.477,OVERRUN by 1140.58s,1,0.0500,0,-1.4475,1,0.3000,0,-1.4475,0.000,0.300
1185.544,overrun,A_leg2,4.758,-0.505,27.961,27.485,0.477,OVERRUN by 1141.61s,1,0.0500,0,-1.4475,1,0.3000,0,-1.4475,0.000,0.300
1186.558,overrun,A_leg2,4.758,-0.505,27.961,27.485,0.477,OVERRUN by 1142.62s,1,0.0500,0,-1.4475,1,0.3000,0,-1.4475,0.000,0.300
1187.586,overrun,A_leg2,4.758,-0.505,27.961,27.485,0.477,OVERRUN by 1143.65s,1,0.0500,0,-1.4475,1,0.3000,0,-1.4475,0.000,0.300
1188.613,overrun,A_leg2,4.758,-0.505,27.961,27.485,0.477,OVERRUN by 1144.68s,1,0.0500,0,-1.4475,1,0.3000,0,-1.4475,0.000,0.300
1189.638,overrun,A_leg2,4.758,-0.505,27.961,27.485,0.477,OVERRUN by 1145.70s,1,0.0500,0,-1.4475,1,0.3000,0,-1.4475,0.000,0.300
1190.663,overrun,A_leg2,4.758,-0.505,27.961,27.485,0.477,OVERRUN by 1146.73s,1,0.0500,0,-1.4475,1,0.3000,0,-1.4475,0.000,0.300
1191.683,overrun,A_leg2,4.758,-0.505,27.961,27.485,0.477,OVERRUN by 1147.75s,1,0.0500,0,-1.4475,1,0.3000,0,-1.4475,0.000,0.300
1192.708,overrun,A_leg2,4.758,-0.505,27.961,27.485,0.477,OVERRUN by 1148.77s,1,0.0500,0,-1.4475,1,0.3000,0,-1.4475,0.000,0.300
1193.723,overrun,A_leg2,4.758,-0.505,27.961,27.485,0.477,OVERRUN by 1149.79s,1,0.0500,0,-1.4475,1,0.3000,0,-1.4475,0.000,0.300
1194.746,overrun,A_leg2,4.758,-0.505,27.961,27.485,0.477,OVERRUN by 1150.81s,1,0.0500,0,-1.4475,1,0.3000,0,-1.4475,0.000,0.300
1195.777,overrun,A_leg2,4.758,-0.505,27.961,27.485,0.477,OVERRUN by 1151.84s,1,0.0500,0,-1.4475,1,0.3000,0,-1.4475,0.000,0.300
1196.804,overrun,A_leg2,4.758,-0.505,27.961,27.485,0.477,OVERRUN by 1152.87s,1,0.0500,0,-1.4475,1,0.3000,0,-1.4475,0.000,0.300
1197.832,overrun,A_leg2,4.758,-0.505,27.961,27.485,0.477,OVERRUN by 1153.90s,1,0.0500,0,-1.4475,1,0.3000,0,-1.4475,0.000,0.300
1198.858,overrun,A_leg2,4.758,-0.505,27.961,27.485,0.477,OVERRUN by 1154.92s,1,0.0500,0,-1.4475,1,0.3000,0,-1.4475,0.000,0.300
1199.886,overrun,A_leg2,4.758,-0.505,27.961,27.485,0.477,OVERRUN by 1155.95s,1,0.0500,0,-1.4475,1,0.3000,0,-1.4475,0.000,0.300
1200.904,overrun,A_leg2,4.758,-0.505,27.961,27.485,0.477,OVERRUN by 1156.97s,1,0.0500,0,-1.4475,1,0.3000,0,-1.4475,0.000,0.300
1201.932,overrun,A_leg2,4.758,-0.505,27.961,27.485,0.477,OVERRUN by 1158.00s,1,0.0500,0,-1.4475,1,0.3000,0,-1.4475,0.000,0.300
1202.954,overrun,A_leg2,4.758,-0.505,27.961,27.485,0.477,OVERRUN by 1159.02s,1,0.0500,0,-1.4475,1,0.3000,0,-1.4475,0.000,0.300
1203.991,overrun,A_leg2,4.758,-0.505,27.961,27.485,0.477,OVERRUN by 1160.06s,1,0.0500,0,-1.4475,1,0.3000,0,-1.4475,0.000,0.300
1205.004,overrun,A_leg2,4.758,-0.505,27.961,27.485,0.477,OVERRUN by 1161.07s,1,0.0500,0,-1.4475,1,0.3000,0,-1.4475,0.000,0.300
1206.034,overrun,A_leg2,4.758,-0.505,27.961,27.485,0.477,OVERRUN by 1162.10s,1,0.0500,0,-1.4475,1,0.3000,0,-1.4475,0.000,0.300
1207.042,overrun,A_leg2,4.758,-0.505,27.961,27.485,0.477,OVERRUN by 1163.11s,1,0.0500,0,-1.4475,1,0.3000,0,-1.4475,0.000,0.300
1208.065,overrun,A_leg2,4.758,-0.505,27.961,27.485,0.477,OVERRUN by 1164.13s,1,0.0500,0,-1.4475,1,0.3000,0,-1.4475,0.000,0.300
1209.080,overrun,A_leg2,4.758,-0.505,27.961,27.485,0.477,OVERRUN by 1165.14s,1,0.0500,0,-1.4475,1,0.3000,0,-1.4475,0.000,0.300
1210.109,overrun,A_leg2,4.758,-0.505,27.961,27.485,0.477,OVERRUN by 1166.17s,1,0.0500,0,-1.4475,1,0.3000,0,-1.4475,0.000,0.300
1211.134,overrun,A_leg2,4.758,-0.505,27.961,27.485,0.477,OVERRUN by 1167.20s,1,0.0500,0,-1.4475,1,0.3000,0,-1.4475,0.000,0.300
1212.153,overrun,A_leg2,4.758,-0.505,27.961,27.485,0.477,OVERRUN by 1168.22s,1,0.0500,0,-1.4475,1,0.3000,0,-1.4475,0.000,0.300
1213.180,overrun,A_leg2,4.758,-0.505,27.961,27.485,0.477,OVERRUN by 1169.24s,1,0.0500,0,-1.4475,1,0.3000,0,-1.4475,0.000,0.300
1214.201,overrun,A_leg2,4.758,-0.505,27.961,27.485,0.477,OVERRUN by 1170.26s,1,0.0500,0,-1.4475,1,0.3000,0,-1.4475,0.000,0.300
1215.230,overrun,A_leg2,4.758,-0.505,27.961,27.485,0.477,OVERRUN by 1171.29s,1,0.0500,0,-1.4475,1,0.3000,0,-1.4475,0.000,0.300
1216.254,overrun,A_leg2,4.758,-0.505,27.961,27.485,0.477,OVERRUN by 1172.32s,1,0.0500,0,-1.4475,1,0.3000,0,-1.4475,0.000,0.300
1217.287,overrun,A_leg2,4.758,-0.505,27.961,27.485,0.477,OVERRUN by 1173.35s,1,0.0500,0,-1.4475,1,0.3000,0,-1.4475,0.000,0.300
1218.321,overrun,A_leg2,4.758,-0.505,27.961,27.485,0.477,OVERRUN by 1174.38s,1,0.0500,0,-1.4475,1,0.3000,0,-1.4475,0.000,0.300
1219.358,overrun,A_leg2,4.758,-0.505,27.961,27.485,0.477,OVERRUN by 1175.42s,1,0.0500,0,-1.4475,1,0.3000,0,-1.4475,0.000,0.300
1220.391,overrun,A_leg2,4.758,-0.505,27.961,27.485,0.477,OVERRUN by 1176.46s,1,0.0500,0,-1.4475,1,0.3000,0,-1.4475,0.000,0.300
1221.425,overrun,A_leg2,4.758,-0.505,27.961,27.485,0.477,OVERRUN by 1177.49s,1,0.0500,0,-1.4475,1,0.3000,0,-1.4475,0.000,0.300
1222.442,overrun,A_leg2,4.758,-0.505,27.961,27.485,0.477,OVERRUN by 1178.51s,1,0.0500,0,-1.4475,1,0.3000,0,-1.4475,0.000,0.300
1223.466,overrun,A_leg2,4.758,-0.505,27.961,27.485,0.477,OVERRUN by 1179.53s,1,0.0500,0,-1.4475,1,0.3000,0,-1.4475,0.000,0.300
1224.504,overrun,A_leg2,4.758,-0.505,27.961,27.485,0.477,OVERRUN by 1180.57s,1,0.0500,0,-1.4475,1,0.3000,0,-1.4475,0.000,0.300
1225.543,overrun,A_leg2,4.758,-0.505,27.961,27.485,0.477,OVERRUN by 1181.61s,1,0.0500,0,-1.4475,1,0.3000,0,-1.4475,0.000,0.300
1226.584,overrun,A_leg2,4.758,-0.505,27.961,27.485,0.477,OVERRUN by 1182.65s,1,0.0500,0,-1.4475,1,0.3000,0,-1.4475,0.000,0.300
1227.618,overrun,A_leg2,4.758,-0.505,27.961,27.485,0.477,OVERRUN by 1183.68s,1,0.0500,0,-1.4475,1,0.3000,0,-1.4475,0.000,0.300
1228.649,overrun,A_leg2,4.758,-0.505,27.961,27.485,0.477,OVERRUN by 1184.71s,1,0.0500,0,-1.4475,1,0.3000,0,-1.4475,0.000,0.300
1229.692,overrun,A_leg2,4.758,-0.505,27.961,27.485,0.477,OVERRUN by 1185.76s,1,0.0500,0,-1.4475,1,0.3000,0,-1.4475,0.000,0.300
1230.732,overrun,A_leg2,4.758,-0.505,27.961,27.485,0.477,OVERRUN by 1186.80s,1,0.0500,0,-1.4475,1,0.3000,0,-1.4475,0.000,0.300
1231.767,overrun,A_leg2,4.758,-0.505,27.961,27.485,0.477,OVERRUN by 1187.83s,1,0.0500,0,-1.4475,1,0.3000,0,-1.4475,0.000,0.300
1232.810,overrun,A_leg2,4.758,-0.505,27.961,27.485,0.477,OVERRUN by 1188.87s,1,0.0500,0,-1.4475,1,0.3000,0,-1.4475,0.000,0.300
1233.841,overrun,A_leg2,4.758,-0.505,27.961,27.485,0.477,OVERRUN by 1189.91s,1,0.0500,0,-1.4475,1,0.3000,0,-1.4475,0.000,0.300
1234.881,overrun,A_leg2,4.758,-0.505,27.961,27.485,0.477,OVERRUN by 1190.94s,1,0.0500,0,-1.4475,1,0.3000,0,-1.4475,0.000,0.300
1235.925,overrun,A_leg2,4.758,-0.505,27.961,27.485,0.477,OVERRUN by 1191.99s,1,0.0500,0,-1.4475,1,0.3000,0,-1.4475,0.000,0.300
1236.960,overrun,A_leg2,4.758,-0.505,27.961,27.485,0.477,OVERRUN by 1193.02s,1,0.0500,0,-1.4475,1,0.3000,0,-1.4475,0.000,0.300
1238.004,overrun,A_leg2,4.758,-0.505,27.961,27.485,0.477,OVERRUN by 1194.07s,1,0.0500,0,-1.4475,1,0.3000,0,-1.4475,0.000,0.300
1239.038,overrun,A_leg2,4.758,-0.505,27.961,27.485,0.477,OVERRUN by 1195.10s,1,0.0500,0,-1.4475,1,0.3000,0,-1.4475,0.000,0.300
1240.073,overrun,A_leg2,4.758,-0.505,27.961,27.485,0.477,OVERRUN by 1196.14s,1,0.0500,0,-1.4475,1,0.3000,0,-1.4475,0.000,0.300
1241.101,overrun,A_leg2,4.758,-0.505,27.961,27.485,0.477,OVERRUN by 1197.16s,1,0.0500,0,-1.4475,1,0.3000,0,-1.4475,0.000,0.300
1242.143,overrun,A_leg2,4.758,-0.505,27.961,27.485,0.477,OVERRUN by 1198.21s,1,0.0500,0,-1.4475,1,0.3000,0,-1.4475,0.000,0.300
1243.188,overrun,A_leg2,4.758,-0.505,27.961,27.485,0.477,OVERRUN by 1199.25s,1,0.0500,0,-1.4475,1,0.3000,0,-1.4475,0.000,0.300
1244.220,overrun,A_leg2,4.758,-0.505,27.961,27.485,0.477,OVERRUN by 1200.28s,1,0.0500,0,-1.4475,1,0.3000,0,-1.4475,0.000,0.300
1245.254,overrun,A_leg2,4.758,-0.505,27.961,27.485,0.477,OVERRUN by 1201.32s,1,0.0500,0,-1.4475,1,0.3000,0,-1.4475,0.000,0.300
1246.289,overrun,A_leg2,4.758,-0.505,27.961,27.485,0.477,OVERRUN by 1202.35s,1,0.0500,0,-1.4475,1,0.3000,0,-1.4475,0.000,0.300
1247.328,overrun,A_leg2,4.758,-0.505,27.961,27.485,0.477,OVERRUN by 1203.39s,1,0.0500,0,-1.4475,1,0.3000,0,-1.4475,0.000,0.300
1248.366,overrun,A_leg2,4.758,-0.505,27.961,27.485,0.477,OVERRUN by 1204.43s,1,0.0500,0,-1.4475,1,0.3000,0,-1.4475,0.000,0.300
1249.408,overrun,A_leg2,4.758,-0.505,27.961,27.485,0.477,OVERRUN by 1205.47s,1,0.0500,0,-1.4475,1,0.3000,0,-1.4475,0.000,0.300
1250.438,overrun,A_leg2,4.758,-0.505,27.961,27.485,0.477,OVERRUN by 1206.50s,1,0.0500,0,-1.4475,1,0.3000,0,-1.4475,0.000,0.300
1251.481,overrun,A_leg2,4.758,-0.505,27.961,27.485,0.477,OVERRUN by 1207.55s,1,0.0500,0,-1.4475,1,0.3000,0,-1.4475,0.000,0.300
1252.516,overrun,A_leg2,4.758,-0.505,27.961,27.485,0.477,OVERRUN by 1208.58s,1,0.0500,0,-1.4475,1,0.3000,0,-1.4475,0.000,0.300
1253.552,overrun,A_leg2,4.758,-0.505,27.961,27.485,0.477,OVERRUN by 1209.62s,1,0.0500,0,-1.4475,1,0.3000,0,-1.4475,0.000,0.300
1254.594,overrun,A_leg2,4.758,-0.505,27.961,27.485,0.477,OVERRUN by 1210.66s,1,0.0500,0,-1.4475,1,0.3000,0,-1.4475,0.000,0.300
1255.630,overrun,A_leg2,4.758,-0.505,27.961,27.485,0.477,OVERRUN by 1211.69s,1,0.0500,0,-1.4475,1,0.3000,0,-1.4475,0.000,0.300
1256.671,overrun,A_leg2,4.758,-0.505,27.961,27.485,0.477,OVERRUN by 1212.73s,1,0.0500,0,-1.4475,1,0.3000,0,-1.4475,0.000,0.300
1257.703,overrun,A_leg2,4.758,-0.505,27.961,27.485,0.477,OVERRUN by 1213.77s,1,0.0500,0,-1.4475,1,0.3000,0,-1.4475,0.000,0.300
1258.739,overrun,A_leg2,4.758,-0.505,27.961,27.485,0.477,OVERRUN by 1214.80s,1,0.0500,0,-1.4475,1,0.3000,0,-1.4475,0.000,0.300
1259.771,overrun,A_leg2,4.758,-0.505,27.961,27.485,0.477,OVERRUN by 1215.83s,1,0.0500,0,-1.4475,1,0.3000,0,-1.4475,0.000,0.300
1260.812,overrun,A_leg2,4.758,-0.505,27.961,27.485,0.477,OVERRUN by 1216.88s,1,0.0500,0,-1.4475,1,0.3000,0,-1.4475,0.000,0.300
1261.841,overrun,A_leg2,4.758,-0.505,27.961,27.485,0.477,OVERRUN by 1217.90s,1,0.0500,0,-1.4475,1,0.3000,0,-1.4475,0.000,0.300
1262.878,overrun,A_leg2,4.758,-0.505,27.961,27.485,0.477,OVERRUN by 1218.94s,1,0.0500,0,-1.4475,1,0.3000,0,-1.4475,0.000,0.300
1263.915,overrun,A_leg2,4.758,-0.505,27.961,27.485,0.477,OVERRUN by 1219.98s,1,0.0500,0,-1.4475,1,0.3000,0,-1.4475,0.000,0.300
1264.944,overrun,A_leg2,4.758,-0.505,27.961,27.485,0.477,OVERRUN by 1221.01s,1,0.0500,0,-1.4475,1,0.3000,0,-1.4475,0.000,0.300
1265.978,overrun,A_leg2,4.758,-0.505,27.961,27.485,0.477,OVERRUN by 1222.04s,1,0.0500,0,-1.4475,1,0.3000,0,-1.4475,0.000,0.300
1267.022,overrun,A_leg2,4.758,-0.505,27.961,27.485,0.477,OVERRUN by 1223.09s,1,0.0500,0,-1.4475,1,0.3000,0,-1.4475,0.000,0.300
1268.065,overrun,A_leg2,4.758,-0.505,27.961,27.485,0.477,OVERRUN by 1224.13s,1,0.0500,0,-1.4475,1,0.3000,0,-1.4475,0.000,0.300
1269.103,overrun,A_leg2,4.758,-0.505,27.961,27.485,0.477,OVERRUN by 1225.17s,1,0.0500,0,-1.4475,1,0.3000,0,-1.4475,0.000,0.300
1270.122,overrun,A_leg2,4.758,-0.505,27.961,27.485,0.477,OVERRUN by 1226.19s,1,0.0500,0,-1.4475,1,0.3000,0,-1.4475,0.000,0.300
1271.152,overrun,A_leg2,4.758,-0.505,27.961,27.485,0.477,OVERRUN by 1227.22s,1,0.0500,0,-1.4475,1,0.3000,0,-1.4475,0.000,0.300
1272.185,overrun,A_leg2,4.758,-0.505,27.961,27.485,0.477,OVERRUN by 1228.25s,1,0.0500,0,-1.4475,1,0.3000,0,-1.4475,0.000,0.300
1273.228,overrun,A_leg2,4.758,-0.505,27.961,27.485,0.477,OVERRUN by 1229.29s,1,0.0500,0,-1.4475,1,0.3000,0,-1.4475,0.000,0.300
1274.269,overrun,A_leg2,4.758,-0.505,27.961,27.485,0.477,OVERRUN by 1230.33s,1,0.0500,0,-1.4475,1,0.3000,0,-1.4475,0.000,0.300
1275.311,overrun,A_leg2,4.758,-0.505,27.961,27.485,0.477,OVERRUN by 1231.37s,1,0.0500,0,-1.4475,1,0.3000,0,-1.4475,0.000,0.300
1276.354,overrun,A_leg2,4.758,-0.505,27.961,27.485,0.477,OVERRUN by 1232.42s,1,0.0500,0,-1.4475,1,0.3000,0,-1.4475,0.000,0.300
1277.386,overrun,A_leg2,4.758,-0.505,27.961,27.485,0.477,OVERRUN by 1233.45s,1,0.0500,0,-1.4475,1,0.3000,0,-1.4475,0.000,0.300
1278.414,overrun,A_leg2,4.758,-0.505,27.961,27.485,0.477,OVERRUN by 1234.48s,1,0.0500,0,-1.4475,1,0.3000,0,-1.4475,0.000,0.300
1279.455,overrun,A_leg2,4.758,-0.505,27.961,27.485,0.477,OVERRUN by 1235.52s,1,0.0500,0,-1.4475,1,0.3000,0,-1.4475,0.000,0.300
1280.493,overrun,A_leg2,4.758,-0.505,27.961,27.485,0.477,OVERRUN by 1236.56s,1,0.0500,0,-1.4475,1,0.3000,0,-1.4475,0.000,0.300
1281.532,overrun,A_leg2,4.758,-0.505,27.961,27.485,0.477,OVERRUN by 1237.60s,1,0.0500,0,-1.4475,1,0.3000,0,-1.4475,0.000,0.300
1282.572,overrun,A_leg2,4.758,-0.505,27.961,27.485,0.477,OVERRUN by 1238.64s,1,0.0500,0,-1.4475,1,0.3000,0,-1.4475,0.000,0.300
1283.613,overrun,A_leg2,4.758,-0.505,27.961,27.485,0.477,OVERRUN by 1239.68s,1,0.0500,0,-1.4475,1,0.3000,0,-1.4475,0.000,0.300
1284.650,overrun,A_leg2,4.758,-0.505,27.961,27.485,0.477,OVERRUN by 1240.71s,1,0.0500,0,-1.4475,1,0.3000,0,-1.4475,0.000,0.300
1285.686,overrun,A_leg2,4.758,-0.505,27.961,27.485,0.477,OVERRUN by 1241.75s,1,0.0500,0,-1.4475,1,0.3000,0,-1.4475,0.000,0.300
1286.718,overrun,A_leg2,4.758,-0.505,27.961,27.485,0.477,OVERRUN by 1242.78s,1,0.0500,0,-1.4475,1,0.3000,0,-1.4475,0.000,0.300
1287.754,overrun,A_leg2,4.758,-0.505,27.961,27.485,0.477,OVERRUN by 1243.82s,1,0.0500,0,-1.4475,1,0.3000,0,-1.4475,0.000,0.300
1288.792,overrun,A_leg2,4.758,-0.505,27.961,27.485,0.477,OVERRUN by 1244.86s,1,0.0500,0,-1.4475,1,0.3000,0,-1.4475,0.000,0.300
1289.837,overrun,A_leg2,4.758,-0.505,27.961,27.485,0.477,OVERRUN by 1245.90s,1,0.0500,0,-1.4475,1,0.3000,0,-1.4475,0.000,0.300
1290.873,overrun,A_leg2,4.758,-0.505,27.961,27.485,0.477,OVERRUN by 1246.94s,1,0.0500,0,-1.4475,1,0.3000,0,-1.4475,0.000,0.300
1291.914,overrun,A_leg2,4.758,-0.505,27.961,27.485,0.477,OVERRUN by 1247.98s,1,0.0500,0,-1.4475,1,0.3000,0,-1.4475,0.000,0.300
1292.951,overrun,A_leg2,4.758,-0.505,27.961,27.485,0.477,OVERRUN by 1249.01s,1,0.0500,0,-1.4475,1,0.3000,0,-1.4475,0.000,0.300
1293.991,overrun,A_leg2,4.758,-0.505,27.961,27.485,0.477,OVERRUN by 1250.05s,1,0.0500,0,-1.4475,1,0.3000,0,-1.4475,0.000,0.300
1295.015,overrun,A_leg2,4.758,-0.505,27.961,27.485,0.477,OVERRUN by 1251.08s,1,0.0500,0,-1.4475,1,0.3000,0,-1.4475,0.000,0.300
1296.049,overrun,A_leg2,4.758,-0.505,27.961,27.485,0.477,OVERRUN by 1252.11s,1,0.0500,0,-1.4475,1,0.3000,0,-1.4475,0.000,0.300
1297.086,overrun,A_leg2,4.758,-0.505,27.961,27.485,0.477,OVERRUN by 1253.15s,1,0.0500,0,-1.4475,1,0.3000,0,-1.4475,0.000,0.300
1298.121,overrun,A_leg2,4.758,-0.505,27.961,27.485,0.477,OVERRUN by 1254.18s,1,0.0500,0,-1.4475,1,0.3000,0,-1.4475,0.000,0.300
1299.143,overrun,A_leg2,4.758,-0.505,27.961,27.485,0.477,OVERRUN by 1255.21s,1,0.0500,0,-1.4475,1,0.3000,0,-1.4475,0.000,0.300
1300.187,overrun,A_leg2,4.758,-0.505,27.961,27.485,0.477,OVERRUN by 1256.25s,1,0.0500,0,-1.4475,1,0.3000,0,-1.4475,0.000,0.300
1301.223,overrun,A_leg2,4.758,-0.505,27.961,27.485,0.477,OVERRUN by 1257.29s,1,0.0500,0,-1.4475,1,0.3000,0,-1.4475,0.000,0.300
1302.259,overrun,A_leg2,4.758,-0.505,27.961,27.485,0.477,OVERRUN by 1258.32s,1,0.0500,0,-1.4475,1,0.3000,0,-1.4475,0.000,0.300
1303.299,overrun,A_leg2,4.758,-0.505,27.961,27.485,0.477,OVERRUN by 1259.36s,1,0.0500,0,-1.4475,1,0.3000,0,-1.4475,0.000,0.300
1304.333,overrun,A_leg2,4.758,-0.505,27.961,27.485,0.477,OVERRUN by 1260.40s,1,0.0500,0,-1.4475,1,0.3000,0,-1.4475,0.000,0.300
1305.365,overrun,A_leg2,4.758,-0.505,27.961,27.485,0.477,OVERRUN by 1261.43s,1,0.0500,0,-1.4475,1,0.3000,0,-1.4475,0.000,0.300
1306.396,overrun,A_leg2,4.758,-0.505,27.961,27.485,0.477,OVERRUN by 1262.46s,1,0.0500,0,-1.4475,1,0.3000,0,-1.4475,0.000,0.300
1307.429,overrun,A_leg2,4.758,-0.505,27.961,27.485,0.477,OVERRUN by 1263.49s,1,0.0500,0,-1.4475,1,0.3000,0,-1.4475,0.000,0.300
1308.466,overrun,A_leg2,4.758,-0.505,27.961,27.485,0.477,OVERRUN by 1264.53s,1,0.0500,0,-1.4475,1,0.3000,0,-1.4475,0.000,0.300
1309.502,overrun,A_leg2,4.758,-0.505,27.961,27.485,0.477,OVERRUN by 1265.57s,1,0.0500,0,-1.4475,1,0.3000,0,-1.4475,0.000,0.300
1310.541,overrun,A_leg2,4.758,-0.505,27.961,27.485,0.477,OVERRUN by 1266.61s,1,0.0500,0,-1.4475,1,0.3000,0,-1.4475,0.000,0.300
1311.578,overrun,A_leg2,4.758,-0.505,27.961,27.485,0.477,OVERRUN by 1267.64s,1,0.0500,0,-1.4475,1,0.3000,0,-1.4475,0.000,0.300
1312.613,overrun,A_leg2,4.758,-0.505,27.961,27.485,0.477,OVERRUN by 1268.68s,1,0.0500,0,-1.4475,1,0.3000,0,-1.4475,0.000,0.300
1313.645,overrun,A_leg2,4.758,-0.505,27.961,27.485,0.477,OVERRUN by 1269.71s,1,0.0500,0,-1.4475,1,0.3000,0,-1.4475,0.000,0.300
1314.679,overrun,A_leg2,4.758,-0.505,27.961,27.485,0.477,OVERRUN by 1270.74s,1,0.0500,0,-1.4475,1,0.3000,0,-1.4475,0.000,0.300
1315.715,overrun,A_leg2,4.758,-0.505,27.961,27.485,0.477,OVERRUN by 1271.78s,1,0.0500,0,-1.4475,1,0.3000,0,-1.4475,0.000,0.300
1316.745,overrun,A_leg2,4.758,-0.505,27.961,27.485,0.477,OVERRUN by 1272.81s,1,0.0500,0,-1.4475,1,0.3000,0,-1.4475,0.000,0.300
1317.785,overrun,A_leg2,4.758,-0.505,27.961,27.485,0.477,OVERRUN by 1273.85s,1,0.0500,0,-1.4475,1,0.3000,0,-1.4475,0.000,0.300
1318.819,overrun,A_leg2,4.758,-0.505,27.961,27.485,0.477,OVERRUN by 1274.88s,1,0.0500,0,-1.4475,1,0.3000,0,-1.4475,0.000,0.300
1319.854,overrun,A_leg2,4.758,-0.505,27.961,27.485,0.477,OVERRUN by 1275.92s,1,0.0500,0,-1.4475,1,0.3000,0,-1.4475,0.000,0.300
1320.890,overrun,A_leg2,4.758,-0.505,27.961,27.485,0.477,OVERRUN by 1276.95s,1,0.0500,0,-1.4475,1,0.3000,0,-1.4475,0.000,0.300
1321.923,overrun,A_leg2,4.758,-0.505,27.961,27.485,0.477,OVERRUN by 1277.99s,1,0.0500,0,-1.4475,1,0.3000,0,-1.4475,0.000,0.300
1322.960,overrun,A_leg2,4.758,-0.505,27.961,27.485,0.477,OVERRUN by 1279.02s,1,0.0500,0,-1.4475,1,0.3000,0,-1.4475,0.000,0.300
1324.005,overrun,A_leg2,4.758,-0.505,27.961,27.485,0.477,OVERRUN by 1280.07s,1,0.0500,0,-1.4475,1,0.3000,0,-1.4475,0.000,0.300
1325.043,overrun,A_leg2,4.758,-0.505,27.961,27.485,0.477,OVERRUN by 1281.11s,1,0.0500,0,-1.4475,1,0.3000,0,-1.4475,0.000,0.300
1326.078,overrun,A_leg2,4.758,-0.505,27.961,27.485,0.477,OVERRUN by 1282.14s,1,0.0500,0,-1.4475,1,0.3000,0,-1.4475,0.000,0.300
1327.120,overrun,A_leg2,4.758,-0.505,27.961,27.485,0.477,OVERRUN by 1283.18s,1,0.0500,0,-1.4475,1,0.3000,0,-1.4475,0.000,0.300
1328.158,overrun,A_leg2,4.758,-0.505,27.961,27.485,0.477,OVERRUN by 1284.22s,1,0.0500,0,-1.4475,1,0.3000,0,-1.4475,0.000,0.300
1329.197,overrun,A_leg2,4.758,-0.505,27.961,27.485,0.477,OVERRUN by 1285.26s,1,0.0500,0,-1.4475,1,0.3000,0,-1.4475,0.000,0.300
1330.235,overrun,A_leg2,4.758,-0.505,27.961,27.485,0.477,OVERRUN by 1286.30s,1,0.0500,0,-1.4475,1,0.3000,0,-1.4475,0.000,0.300
1331.270,overrun,A_leg2,4.758,-0.505,27.961,27.485,0.477,OVERRUN by 1287.33s,1,0.0500,0,-1.4475,1,0.3000,0,-1.4475,0.000,0.300
1332.315,overrun,A_leg2,4.758,-0.505,27.961,27.485,0.477,OVERRUN by 1288.38s,1,0.0500,0,-1.4475,1,0.3000,0,-1.4475,0.000,0.300
1333.330,overrun,A_leg2,4.758,-0.505,27.961,27.485,0.477,OVERRUN by 1289.39s,1,0.0500,0,-1.4475,1,0.3000,0,-1.4475,0.000,0.300
1334.369,overrun,A_leg2,4.758,-0.505,27.961,27.485,0.477,OVERRUN by 1290.43s,1,0.0500,0,-1.4475,1,0.3000,0,-1.4475,0.000,0.300
1335.408,overrun,A_leg2,4.758,-0.505,27.961,27.485,0.477,OVERRUN by 1291.47s,1,0.0500,0,-1.4475,1,0.3000,0,-1.4475,0.000,0.300
1336.441,overrun,A_leg2,4.758,-0.505,27.961,27.485,0.477,OVERRUN by 1292.50s,1,0.0500,0,-1.4475,1,0.3000,0,-1.4475,0.000,0.300
1337.486,overrun,A_leg2,4.758,-0.505,27.961,27.485,0.477,OVERRUN by 1293.55s,1,0.0500,0,-1.4475,1,0.3000,0,-1.4475,0.000,0.300
1338.530,overrun,A_leg2,4.758,-0.505,27.961,27.485,0.477,OVERRUN by 1294.59s,1,0.0500,0,-1.4475,1,0.3000,0,-1.4475,0.000,0.300
1339.564,overrun,A_leg2,4.758,-0.505,27.961,27.485,0.477,OVERRUN by 1295.63s,1,0.0500,0,-1.4475,1,0.3000,0,-1.4475,0.000,0.300
1340.600,overrun,A_leg2,4.758,-0.505,27.961,27.485,0.477,OVERRUN by 1296.66s,1,0.0500,0,-1.4475,1,0.3000,0,-1.4475,0.000,0.300
1341.629,overrun,A_leg2,4.758,-0.505,27.961,27.485,0.477,OVERRUN by 1297.69s,1,0.0500,0,-1.4475,1,0.3000,0,-1.4475,0.000,0.300
1342.653,overrun,A_leg2,4.758,-0.505,27.961,27.485,0.477,OVERRUN by 1298.72s,1,0.0500,0,-1.4475,1,0.3000,0,-1.4475,0.000,0.300
1343.696,overrun,A_leg2,4.758,-0.505,27.961,27.485,0.477,OVERRUN by 1299.76s,1,0.0500,0,-1.4475,1,0.3000,0,-1.4475,0.000,0.300
1344.728,overrun,A_leg2,4.758,-0.505,27.961,27.485,0.477,OVERRUN by 1300.79s,1,0.0500,0,-1.4475,1,0.3000,0,-1.4475,0.000,0.300
1345.769,overrun,A_leg2,4.758,-0.505,27.961,27.485,0.477,OVERRUN by 1301.83s,1,0.0500,0,-1.4475,1,0.3000,0,-1.4475,0.000,0.300
1346.800,overrun,A_leg2,4.758,-0.505,27.961,27.485,0.477,OVERRUN by 1302.86s,1,0.0500,0,-1.4475,1,0.3000,0,-1.4475,0.000,0.300
1347.837,overrun,A_leg2,4.758,-0.505,27.961,27.485,0.477,OVERRUN by 1303.90s,1,0.0500,0,-1.4475,1,0.3000,0,-1.4475,0.000,0.300
1348.879,overrun,A_leg2,4.758,-0.505,27.961,27.485,0.477,OVERRUN by 1304.94s,1,0.0500,0,-1.4475,1,0.3000,0,-1.4475,0.000,0.300
1349.912,overrun,A_leg2,4.758,-0.505,27.961,27.485,0.477,OVERRUN by 1305.98s,1,0.0500,0,-1.4475,1,0.3000,0,-1.4475,0.000,0.300
1350.943,overrun,A_leg2,4.758,-0.505,27.961,27.485,0.477,OVERRUN by 1307.01s,1,0.0500,0,-1.4475,1,0.3000,0,-1.4475,0.000,0.300
1351.974,overrun,A_leg2,4.758,-0.505,27.961,27.485,0.477,OVERRUN by 1308.04s,1,0.0500,0,-1.4475,1,0.3000,0,-1.4475,0.000,0.300
1353.010,overrun,A_leg2,4.758,-0.505,27.961,27.485,0.477,OVERRUN by 1309.07s,1,0.0500,0,-1.4475,1,0.3000,0,-1.4475,0.000,0.300
1354.041,overrun,A_leg2,4.758,-0.505,27.961,27.485,0.477,OVERRUN by 1310.10s,1,0.0500,0,-1.4475,1,0.3000,0,-1.4475,0.000,0.300
1355.081,overrun,A_leg2,4.758,-0.505,27.961,27.485,0.477,OVERRUN by 1311.14s,1,0.0500,0,-1.4475,1,0.3000,0,-1.4475,0.000,0.300
1356.114,overrun,A_leg2,4.758,-0.505,27.961,27.485,0.477,OVERRUN by 1312.18s,1,0.0500,0,-1.4475,1,0.3000,0,-1.4475,0.000,0.300
1357.157,overrun,A_leg2,4.758,-0.505,27.961,27.485,0.477,OVERRUN by 1313.22s,1,0.0500,0,-1.4475,1,0.3000,0,-1.4475,0.000,0.300
1358.195,overrun,A_leg2,4.758,-0.505,27.961,27.485,0.477,OVERRUN by 1314.26s,1,0.0500,0,-1.4475,1,0.3000,0,-1.4475,0.000,0.300
1359.237,overrun,A_leg2,4.758,-0.505,27.961,27.485,0.477,OVERRUN by 1315.30s,1,0.0500,0,-1.4475,1,0.3000,0,-1.4475,0.000,0.300
1360.274,overrun,A_leg2,4.758,-0.505,27.961,27.485,0.477,OVERRUN by 1316.34s,1,0.0500,0,-1.4475,1,0.3000,0,-1.4475,0.000,0.300
1361.309,overrun,A_leg2,4.758,-0.505,27.961,27.485,0.477,OVERRUN by 1317.37s,1,0.0500,0,-1.4475,1,0.3000,0,-1.4475,0.000,0.300
1362.353,overrun,A_leg2,4.758,-0.505,27.961,27.485,0.477,OVERRUN by 1318.42s,1,0.0500,0,-1.4475,1,0.3000,0,-1.4475,0.000,0.300
1363.404,overrun,A_leg2,4.758,-0.505,27.961,27.485,0.477,OVERRUN by 1319.47s,1,0.0500,0,-1.4475,1,0.3000,0,-1.4475,0.000,0.300
1364.436,overrun,A_leg2,4.758,-0.505,27.961,27.485,0.477,OVERRUN by 1320.50s,1,0.0500,0,-1.4475,1,0.3000,0,-1.4475,0.000,0.300
1365.487,overrun,A_leg2,4.758,-0.505,27.961,27.485,0.477,OVERRUN by 1321.55s,1,0.0500,0,-1.4475,1,0.3000,0,-1.4475,0.000,0.300
1366.538,overrun,A_leg2,4.758,-0.505,27.961,27.485,0.477,OVERRUN by 1322.60s,1,0.0500,0,-1.4475,1,0.3000,0,-1.4475,0.000,0.300
1367.591,overrun,A_leg2,4.758,-0.505,27.961,27.485,0.477,OVERRUN by 1323.66s,1,0.0500,0,-1.4475,1,0.3000,0,-1.4475,0.000,0.300
1368.600,overrun,A_leg2,4.758,-0.505,27.961,27.485,0.477,OVERRUN by 1324.66s,1,0.0500,0,-1.4475,1,0.3000,0,-1.4475,0.000,0.300
1369.645,overrun,A_leg2,4.758,-0.505,27.961,27.485,0.477,OVERRUN by 1325.71s,1,0.0500,0,-1.4475,1,0.3000,0,-1.4475,0.000,0.300
1370.700,overrun,A_leg2,4.758,-0.505,27.961,27.485,0.477,OVERRUN by 1326.76s,1,0.0500,0,-1.4475,1,0.3000,0,-1.4475,0.000,0.300
1371.705,overrun,A_leg2,4.758,-0.505,27.961,27.485,0.477,OVERRUN by 1327.77s,1,0.0500,0,-1.4475,1,0.3000,0,-1.4475,0.000,0.300
1372.749,overrun,A_leg2,4.758,-0.505,27.961,27.485,0.477,OVERRUN by 1328.81s,1,0.0500,0,-1.4475,1,0.3000,0,-1.4475,0.000,0.300
1373.796,overrun,A_leg2,4.758,-0.505,27.961,27.485,0.477,OVERRUN by 1329.86s,1,0.0500,0,-1.4475,1,0.3000,0,-1.4475,0.000,0.300
1374.844,overrun,A_leg2,4.758,-0.505,27.961,27.485,0.477,OVERRUN by 1330.91s,1,0.0500,0,-1.4475,1,0.3000,0,-1.4475,0.000,0.300
1375.850,overrun,A_leg2,4.758,-0.505,27.961,27.485,0.477,OVERRUN by 1331.91s,1,0.0500,0,-1.4475,1,0.3000,0,-1.4475,0.000,0.300
1376.886,overrun,A_leg2,4.758,-0.505,27.961,27.485,0.477,OVERRUN by 1332.95s,1,0.0500,0,-1.4475,1,0.3000,0,-1.4475,0.000,0.300
1377.923,overrun,A_leg2,4.758,-0.505,27.961,27.485,0.477,OVERRUN by 1333.99s,1,0.0500,0,-1.4475,1,0.3000,0,-1.4475,0.000,0.300
1378.929,overrun,A_leg2,4.758,-0.505,27.961,27.485,0.477,OVERRUN by 1334.99s,1,0.0500,0,-1.4475,1,0.3000,0,-1.4475,0.000,0.300
1379.930,overrun,A_leg2,4.758,-0.505,27.961,27.485,0.477,OVERRUN by 1335.99s,1,0.0500,0,-1.4475,1,0.3000,0,-1.4475,0.000,0.300
1380.942,overrun,A_leg2,4.758,-0.505,27.961,27.485,0.477,OVERRUN by 1337.01s,1,0.0500,0,-1.4475,1,0.3000,0,-1.4475,0.000,0.300
1381.943,overrun,A_leg2,4.758,-0.505,27.961,27.485,0.477,OVERRUN by 1338.01s,1,0.0500,0,-1.4475,1,0.3000,0,-1.4475,0.000,0.300
1382.992,overrun,A_leg2,4.758,-0.505,27.961,27.485,0.477,OVERRUN by 1339.06s,1,0.0500,0,-1.4475,1,0.3000,0,-1.4475,0.000,0.300
1383.993,overrun,A_leg2,4.758,-0.505,27.961,27.485,0.477,OVERRUN by 1340.06s,1,0.0500,0,-1.4475,1,0.3000,0,-1.4475,0.000,0.300
1385.010,overrun,A_leg2,4.758,-0.505,27.961,27.485,0.477,OVERRUN by 1341.07s,1,0.0500,0,-1.4475,1,0.3000,0,-1.4475,0.000,0.300
1386.060,overrun,A_leg2,4.758,-0.505,27.961,27.485,0.477,OVERRUN by 1342.12s,1,0.0500,0,-1.4475,1,0.3000,0,-1.4475,0.000,0.300
1387.072,overrun,A_leg2,4.758,-0.505,27.961,27.485,0.477,OVERRUN by 1343.14s,1,0.0500,0,-1.4475,1,0.3000,0,-1.4475,0.000,0.300
1388.130,overrun,A_leg2,4.758,-0.505,27.961,27.485,0.477,OVERRUN by 1344.19s,1,0.0500,0,-1.4475,1,0.3000,0,-1.4475,0.000,0.300
1389.173,overrun,A_leg2,4.758,-0.505,27.961,27.485,0.477,OVERRUN by 1345.24s,1,0.0500,0,-1.4475,1,0.3000,0,-1.4475,0.000,0.300
1390.174,overrun,A_leg2,4.758,-0.505,27.961,27.485,0.477,OVERRUN by 1346.24s,1,0.0500,0,-1.4475,1,0.3000,0,-1.4475,0.000,0.300
1391.182,overrun,A_leg2,4.758,-0.505,27.961,27.485,0.477,OVERRUN by 1347.25s,1,0.0500,0,-1.4475,1,0.3000,0,-1.4475,0.000,0.300
1392.183,overrun,A_leg2,4.758,-0.505,27.961,27.485,0.477,OVERRUN by 1348.25s,1,0.0500,0,-1.4475,1,0.3000,0,-1.4475,0.000,0.300
1393.239,overrun,A_leg2,4.758,-0.505,27.961,27.485,0.477,OVERRUN by 1349.30s,1,0.0500,0,-1.4475,1,0.3000,0,-1.4475,0.000,0.300
1394.298,overrun,A_leg2,4.758,-0.505,27.961,27.485,0.477,OVERRUN by 1350.36s,1,0.0500,0,-1.4475,1,0.3000,0,-1.4475,0.000,0.300
1395.353,overrun,A_leg2,4.758,-0.505,27.961,27.485,0.477,OVERRUN by 1351.42s,1,0.0500,0,-1.4475,1,0.3000,0,-1.4475,0.000,0.300
1396.389,overrun,A_leg2,4.758,-0.505,27.961,27.485,0.477,OVERRUN by 1352.45s,1,0.0500,0,-1.4475,1,0.3000,0,-1.4475,0.000,0.300
1397.447,overrun,A_leg2,4.758,-0.505,27.961,27.485,0.477,OVERRUN by 1353.51s,1,0.0500,0,-1.4475,1,0.3000,0,-1.4475,0.000,0.300
1398.502,overrun,A_leg2,4.758,-0.505,27.961,27.485,0.477,OVERRUN by 1354.57s,1,0.0500,0,-1.4475,1,0.3000,0,-1.4475,0.000,0.300
1399.539,overrun,A_leg2,4.758,-0.505,27.961,27.485,0.477,OVERRUN by 1355.60s,1,0.0500,0,-1.4475,1,0.3000,0,-1.4475,0.000,0.300
1400.589,overrun,A_leg2,4.758,-0.505,27.961,27.485,0.477,OVERRUN by 1356.65s,1,0.0500,0,-1.4475,1,0.3000,0,-1.4475,0.000,0.300
1401.623,overrun,A_leg2,4.758,-0.505,27.961,27.485,0.477,OVERRUN by 1357.69s,1,0.0500,0,-1.4475,1,0.3000,0,-1.4475,0.000,0.300
1402.646,overrun,A_leg2,4.758,-0.505,27.961,27.485,0.477,OVERRUN by 1358.71s,1,0.0500,0,-1.4475,1,0.3000,0,-1.4475,0.000,0.300
1403.676,overrun,A_leg2,4.758,-0.505,27.961,27.485,0.477,OVERRUN by 1359.74s,1,0.0500,0,-1.4475,1,0.3000,0,-1.4475,0.000,0.300
1404.710,overrun,A_leg2,4.758,-0.505,27.961,27.485,0.477,OVERRUN by 1360.77s,1,0.0500,0,-1.4475,1,0.3000,0,-1.4475,0.000,0.300
1405.741,overrun,A_leg2,4.758,-0.505,27.961,27.485,0.477,OVERRUN by 1361.80s,1,0.0500,0,-1.4475,1,0.3000,0,-1.4475,0.000,0.300
1406.783,overrun,A_leg2,4.758,-0.505,27.961,27.485,0.477,OVERRUN by 1362.85s,1,0.0500,0,-1.4475,1,0.3000,0,-1.4475,0.000,0.300
1407.816,overrun,A_leg2,4.758,-0.505,27.961,27.485,0.477,OVERRUN by 1363.88s,1,0.0500,0,-1.4475,1,0.3000,0,-1.4475,0.000,0.300
1408.843,overrun,A_leg2,4.758,-0.505,27.961,27.485,0.477,OVERRUN by 1364.91s,1,0.0500,0,-1.4475,1,0.3000,0,-1.4475,0.000,0.300
1409.871,overrun,A_leg2,4.758,-0.505,27.961,27.485,0.477,OVERRUN by 1365.94s,1,0.0500,0,-1.4475,1,0.3000,0,-1.4475,0.000,0.300
1410.900,overrun,A_leg2,4.758,-0.505,27.961,27.485,0.477,OVERRUN by 1366.96s,1,0.0500,0,-1.4475,1,0.3000,0,-1.4475,0.000,0.300
1411.923,overrun,A_leg2,4.758,-0.505,27.961,27.485,0.477,OVERRUN by 1367.99s,1,0.0500,0,-1.4475,1,0.3000,0,-1.4475,0.000,0.300
1412.947,overrun,A_leg2,4.758,-0.505,27.961,27.485,0.477,OVERRUN by 1369.01s,1,0.0500,0,-1.4475,1,0.3000,0,-1.4475,0.000,0.300
1413.973,overrun,A_leg2,4.758,-0.505,27.961,27.485,0.477,OVERRUN by 1370.04s,1,0.0500,0,-1.4475,1,0.3000,0,-1.4475,0.000,0.300
1415.005,overrun,A_leg2,4.758,-0.505,27.961,27.485,0.477,OVERRUN by 1371.07s,1,0.0500,0,-1.4475,1,0.3000,0,-1.4475,0.000,0.300
1416.041,overrun,A_leg2,4.758,-0.505,27.961,27.485,0.477,OVERRUN by 1372.10s,1,0.0500,0,-1.4475,1,0.3000,0,-1.4475,0.000,0.300
1417.071,overrun,A_leg2,4.758,-0.505,27.961,27.485,0.477,OVERRUN by 1373.13s,1,0.0500,0,-1.4475,1,0.3000,0,-1.4475,0.000,0.300
1418.108,overrun,A_leg2,4.758,-0.505,27.961,27.485,0.477,OVERRUN by 1374.17s,1,0.0500,0,-1.4475,1,0.3000,0,-1.4475,0.000,0.300
1419.153,overrun,A_leg2,4.758,-0.505,27.961,27.485,0.477,OVERRUN by 1375.22s,1,0.0500,0,-1.4475,1,0.3000,0,-1.4475,0.000,0.300
1420.179,overrun,A_leg2,4.758,-0.505,27.961,27.485,0.477,OVERRUN by 1376.24s,1,0.0500,0,-1.4475,1,0.3000,0,-1.4475,0.000,0.300
1421.218,overrun,A_leg2,4.758,-0.505,27.961,27.485,0.477,OVERRUN by 1377.28s,1,0.0500,0,-1.4475,1,0.3000,0,-1.4475,0.000,0.300
1422.254,overrun,A_leg2,4.758,-0.505,27.961,27.485,0.477,OVERRUN by 1378.32s,1,0.0500,0,-1.4475,1,0.3000,0,-1.4475,0.000,0.300
1423.295,overrun,A_leg2,4.758,-0.505,27.961,27.485,0.477,OVERRUN by 1379.36s,1,0.0500,0,-1.4475,1,0.3000,0,-1.4475,0.000,0.300
1424.336,overrun,A_leg2,4.758,-0.505,27.961,27.485,0.477,OVERRUN by 1380.40s,1,0.0500,0,-1.4475,1,0.3000,0,-1.4475,0.000,0.300
1425.365,overrun,A_leg2,4.758,-0.505,27.961,27.485,0.477,OVERRUN by 1381.43s,1,0.0500,0,-1.4475,1,0.3000,0,-1.4475,0.000,0.300
1426.398,overrun,A_leg2,4.758,-0.505,27.961,27.485,0.477,OVERRUN by 1382.46s,1,0.0500,0,-1.4475,1,0.3000,0,-1.4475,0.000,0.300
1427.434,overrun,A_leg2,4.758,-0.505,27.961,27.485,0.477,OVERRUN by 1383.50s,1,0.0500,0,-1.4475,1,0.3000,0,-1.4475,0.000,0.300
1428.468,overrun,A_leg2,4.758,-0.505,27.961,27.485,0.477,OVERRUN by 1384.53s,1,0.0500,0,-1.4475,1,0.3000,0,-1.4475,0.000,0.300
1429.506,overrun,A_leg2,4.758,-0.505,27.961,27.485,0.477,OVERRUN by 1385.57s,1,0.0500,0,-1.4475,1,0.3000,0,-1.4475,0.000,0.300
1430.543,overrun,A_leg2,4.758,-0.505,27.961,27.485,0.477,OVERRUN by 1386.61s,1,0.0500,0,-1.4475,1,0.3000,0,-1.4475,0.000,0.300
1431.581,overrun,A_leg2,4.758,-0.505,27.961,27.485,0.477,OVERRUN by 1387.64s,1,0.0500,0,-1.4475,1,0.3000,0,-1.4475,0.000,0.300
1432.609,overrun,A_leg2,4.758,-0.505,27.961,27.485,0.477,OVERRUN by 1388.67s,1,0.0500,0,-1.4475,1,0.3000,0,-1.4475,0.000,0.300
1433.641,overrun,A_leg2,4.758,-0.505,27.961,27.485,0.477,OVERRUN by 1389.71s,1,0.0500,0,-1.4475,1,0.3000,0,-1.4475,0.000,0.300
1434.673,overrun,A_leg2,4.758,-0.505,27.961,27.485,0.477,OVERRUN by 1390.74s,1,0.0500,0,-1.4475,1,0.3000,0,-1.4475,0.000,0.300
1435.698,overrun,A_leg2,4.758,-0.505,27.961,27.485,0.477,OVERRUN by 1391.76s,1,0.0500,0,-1.4475,1,0.3000,0,-1.4475,0.000,0.300
1436.728,overrun,A_leg2,4.758,-0.505,27.961,27.485,0.477,OVERRUN by 1392.79s,1,0.0500,0,-1.4475,1,0.3000,0,-1.4475,0.000,0.300
1437.755,overrun,A_leg2,4.758,-0.505,27.961,27.485,0.477,OVERRUN by 1393.82s,1,0.0500,0,-1.4475,1,0.3000,0,-1.4475,0.000,0.300
1438.780,overrun,A_leg2,4.758,-0.505,27.961,27.485,0.477,OVERRUN by 1394.84s,1,0.0500,0,-1.4475,1,0.3000,0,-1.4475,0.000,0.300
1439.811,overrun,A_leg2,4.758,-0.505,27.961,27.485,0.477,OVERRUN by 1395.88s,1,0.0500,0,-1.4475,1,0.3000,0,-1.4475,0.000,0.300
1440.848,overrun,A_leg2,4.758,-0.505,27.961,27.485,0.477,OVERRUN by 1396.91s,1,0.0500,0,-1.4475,1,0.3000,0,-1.4475,0.000,0.300
1441.882,overrun,A_leg2,4.758,-0.505,27.961,27.485,0.477,OVERRUN by 1397.95s,1,0.0500,0,-1.4475,1,0.3000,0,-1.4475,0.000,0.300
1442.922,overrun,A_leg2,4.758,-0.505,27.961,27.485,0.477,OVERRUN by 1398.99s,1,0.0500,0,-1.4475,1,0.3000,0,-1.4475,0.000,0.300
1443.955,overrun,A_leg2,4.758,-0.505,27.961,27.485,0.477,OVERRUN by 1400.02s,1,0.0500,0,-1.4475,1,0.3000,0,-1.4475,0.000,0.300
1444.987,overrun,A_leg2,4.758,-0.505,27.961,27.485,0.477,OVERRUN by 1401.05s,1,0.0500,0,-1.4475,1,0.3000,0,-1.4475,0.000,0.300
1446.020,overrun,A_leg2,4.758,-0.505,27.961,27.485,0.477,OVERRUN by 1402.08s,1,0.0500,0,-1.4475,1,0.3000,0,-1.4475,0.000,0.300
1447.048,overrun,A_leg2,4.758,-0.505,27.961,27.485,0.477,OVERRUN by 1403.11s,1,0.0500,0,-1.4475,1,0.3000,0,-1.4475,0.000,0.300
1448.073,overrun,A_leg2,4.758,-0.505,27.961,27.485,0.477,OVERRUN by 1404.14s,1,0.0500,0,-1.4475,1,0.3000,0,-1.4475,0.000,0.300
1449.099,overrun,A_leg2,4.758,-0.505,27.961,27.485,0.477,OVERRUN by 1405.16s,1,0.0500,0,-1.4475,1,0.3000,0,-1.4475,0.000,0.300
1450.130,overrun,A_leg2,4.758,-0.505,27.961,27.485,0.477,OVERRUN by 1406.19s,1,0.0500,0,-1.4475,1,0.3000,0,-1.4475,0.000,0.300
1451.156,overrun,A_leg2,4.758,-0.505,27.961,27.485,0.477,OVERRUN by 1407.22s,1,0.0500,0,-1.4475,1,0.3000,0,-1.4475,0.000,0.300
1452.188,overrun,A_leg2,4.758,-0.505,27.961,27.485,0.477,OVERRUN by 1408.25s,1,0.0500,0,-1.4475,1,0.3000,0,-1.4475,0.000,0.300
1453.229,overrun,A_leg2,4.758,-0.505,27.961,27.485,0.477,OVERRUN by 1409.29s,1,0.0500,0,-1.4475,1,0.3000,0,-1.4475,0.000,0.300
1454.258,overrun,A_leg2,4.758,-0.505,27.961,27.485,0.477,OVERRUN by 1410.32s,1,0.0500,0,-1.4475,1,0.3000,0,-1.4475,0.000,0.300
1455.288,overrun,A_leg2,4.758,-0.505,27.961,27.485,0.477,OVERRUN by 1411.35s,1,0.0500,0,-1.4475,1,0.3000,0,-1.4475,0.000,0.300
1456.329,overrun,A_leg2,4.758,-0.505,27.961,27.485,0.477,OVERRUN by 1412.39s,1,0.0500,0,-1.4475,1,0.3000,0,-1.4475,0.000,0.300
1457.368,overrun,A_leg2,4.758,-0.505,27.961,27.485,0.477,OVERRUN by 1413.43s,1,0.0500,0,-1.4475,1,0.3000,0,-1.4475,0.000,0.300
1458.414,overrun,A_leg2,4.758,-0.505,27.961,27.485,0.477,OVERRUN by 1414.48s,1,0.0500,0,-1.4475,1,0.3000,0,-1.4475,0.000,0.300
1459.443,overrun,A_leg2,4.758,-0.505,27.961,27.485,0.477,OVERRUN by 1415.51s,1,0.0500,0,-1.4475,1,0.3000,0,-1.4475,0.000,0.300
1460.477,overrun,A_leg2,4.758,-0.505,27.961,27.485,0.477,OVERRUN by 1416.54s,1,0.0500,0,-1.4475,1,0.3000,0,-1.4475,0.000,0.300
1461.517,overrun,A_leg2,4.758,-0.505,27.961,27.485,0.477,OVERRUN by 1417.58s,1,0.0500,0,-1.4475,1,0.3000,0,-1.4475,0.000,0.300
1462.555,overrun,A_leg2,4.758,-0.505,27.961,27.485,0.477,OVERRUN by 1418.62s,1,0.0500,0,-1.4475,1,0.3000,0,-1.4475,0.000,0.300
1463.593,overrun,A_leg2,4.758,-0.505,27.961,27.485,0.477,OVERRUN by 1419.66s,1,0.0500,0,-1.4475,1,0.3000,0,-1.4475,0.000,0.300
1464.621,overrun,A_leg2,4.758,-0.505,27.961,27.485,0.477,OVERRUN by 1420.69s,1,0.0500,0,-1.4475,1,0.3000,0,-1.4475,0.000,0.300
1465.658,overrun,A_leg2,4.758,-0.505,27.961,27.485,0.477,OVERRUN by 1421.72s,1,0.0500,0,-1.4475,1,0.3000,0,-1.4475,0.000,0.300
1466.694,overrun,A_leg2,4.758,-0.505,27.961,27.485,0.477,OVERRUN by 1422.76s,1,0.0500,0,-1.4475,1,0.3000,0,-1.4475,0.000,0.300
1467.730,overrun,A_leg2,4.758,-0.505,27.961,27.485,0.477,OVERRUN by 1423.79s,1,0.0500,0,-1.4475,1,0.3000,0,-1.4475,0.000,0.300
1468.767,overrun,A_leg2,4.758,-0.505,27.961,27.485,0.477,OVERRUN by 1424.83s,1,0.0500,0,-1.4475,1,0.3000,0,-1.4475,0.000,0.300
1469.808,overrun,A_leg2,4.758,-0.505,27.961,27.485,0.477,OVERRUN by 1425.87s,1,0.0500,0,-1.4475,1,0.3000,0,-1.4475,0.000,0.300
1470.847,overrun,A_leg2,4.758,-0.505,27.961,27.485,0.477,OVERRUN by 1426.91s,1,0.0500,0,-1.4475,1,0.3000,0,-1.4475,0.000,0.300
1471.881,overrun,A_leg2,4.758,-0.505,27.961,27.485,0.477,OVERRUN by 1427.94s,1,0.0500,0,-1.4475,1,0.3000,0,-1.4475,0.000,0.300
1472.920,overrun,A_leg2,4.758,-0.505,27.961,27.485,0.477,OVERRUN by 1428.98s,1,0.0500,0,-1.4475,1,0.3000,0,-1.4475,0.000,0.300
1473.954,overrun,A_leg2,4.758,-0.505,27.961,27.485,0.477,OVERRUN by 1430.02s,1,0.0500,0,-1.4475,1,0.3000,0,-1.4475,0.000,0.300
1474.989,overrun,A_leg2,4.758,-0.505,27.961,27.485,0.477,OVERRUN by 1431.05s,1,0.0500,0,-1.4475,1,0.3000,0,-1.4475,0.000,0.300
1476.026,overrun,A_leg2,4.758,-0.505,27.961,27.485,0.477,OVERRUN by 1432.09s,1,0.0500,0,-1.4475,1,0.3000,0,-1.4475,0.000,0.300
1477.051,overrun,A_leg2,4.758,-0.505,27.961,27.485,0.477,OVERRUN by 1433.11s,1,0.0500,0,-1.4475,1,0.3000,0,-1.4475,0.000,0.300
1478.082,overrun,A_leg2,4.758,-0.505,27.961,27.485,0.477,OVERRUN by 1434.15s,1,0.0500,0,-1.4475,1,0.3000,0,-1.4475,0.000,0.300
1479.115,overrun,A_leg2,4.758,-0.505,27.961,27.485,0.477,OVERRUN by 1435.18s,1,0.0500,0,-1.4475,1,0.3000,0,-1.4475,0.000,0.300
1480.152,overrun,A_leg2,4.758,-0.505,27.961,27.485,0.477,OVERRUN by 1436.22s,1,0.0500,0,-1.4475,1,0.3000,0,-1.4475,0.000,0.300
1481.191,overrun,A_leg2,4.758,-0.505,27.961,27.485,0.477,OVERRUN by 1437.26s,1,0.0500,0,-1.4475,1,0.3000,0,-1.4475,0.000,0.300
1482.220,overrun,A_leg2,4.758,-0.505,27.961,27.485,0.477,OVERRUN by 1438.28s,1,0.0500,0,-1.4475,1,0.3000,0,-1.4475,0.000,0.300
1483.252,overrun,A_leg2,4.758,-0.505,27.961,27.485,0.477,OVERRUN by 1439.32s,1,0.0500,0,-1.4475,1,0.3000,0,-1.4475,0.000,0.300
1484.287,overrun,A_leg2,4.758,-0.505,27.961,27.485,0.477,OVERRUN by 1440.35s,1,0.0500,0,-1.4475,1,0.3000,0,-1.4475,0.000,0.300
1485.320,overrun,A_leg2,4.758,-0.505,27.961,27.485,0.477,OVERRUN by 1441.38s,1,0.0500,0,-1.4475,1,0.3000,0,-1.4475,0.000,0.300
1486.356,overrun,A_leg2,4.758,-0.505,27.961,27.485,0.477,OVERRUN by 1442.42s,1,0.0500,0,-1.4475,1,0.3000,0,-1.4475,0.000,0.300
1487.392,overrun,A_leg2,4.758,-0.505,27.961,27.485,0.477,OVERRUN by 1443.46s,1,0.0500,0,-1.4475,1,0.3000,0,-1.4475,0.000,0.300
1488.430,overrun,A_leg2,4.758,-0.505,27.961,27.485,0.477,OVERRUN by 1444.49s,1,0.0500,0,-1.4475,1,0.3000,0,-1.4475,0.000,0.300
1489.453,overrun,A_leg2,4.758,-0.505,27.961,27.485,0.477,OVERRUN by 1445.52s,1,0.0500,0,-1.4475,1,0.3000,0,-1.4475,0.000,0.300
1490.481,overrun,A_leg2,4.758,-0.505,27.961,27.485,0.477,OVERRUN by 1446.55s,1,0.0500,0,-1.4475,1,0.3000,0,-1.4475,0.000,0.300
1491.518,overrun,A_leg2,4.758,-0.505,27.961,27.485,0.477,OVERRUN by 1447.58s,1,0.0500,0,-1.4475,1,0.3000,0,-1.4475,0.000,0.300
1492.552,overrun,A_leg2,4.758,-0.505,27.961,27.485,0.477,OVERRUN by 1448.62s,1,0.0500,0,-1.4475,1,0.3000,0,-1.4475,0.000,0.300
1493.594,overrun,A_leg2,4.758,-0.505,27.961,27.485,0.477,OVERRUN by 1449.66s,1,0.0500,0,-1.4475,1,0.3000,0,-1.4475,0.000,0.300
1494.633,overrun,A_leg2,4.758,-0.505,27.961,27.485,0.477,OVERRUN by 1450.70s,1,0.0500,0,-1.4475,1,0.3000,0,-1.4475,0.000,0.300
1495.676,overrun,A_leg2,4.758,-0.505,27.961,27.485,0.477,OVERRUN by 1451.74s,1,0.0500,0,-1.4475,1,0.3000,0,-1.4475,0.000,0.300
1496.715,overrun,A_leg2,4.758,-0.505,27.961,27.485,0.477,OVERRUN by 1452.78s,1,0.0500,0,-1.4475,1,0.3000,0,-1.4475,0.000,0.300
1497.756,overrun,A_leg2,4.758,-0.505,27.961,27.485,0.477,OVERRUN by 1453.82s,1,0.0500,0,-1.4475,1,0.3000,0,-1.4475,0.000,0.300
1498.786,overrun,A_leg2,4.758,-0.505,27.961,27.485,0.477,OVERRUN by 1454.85s,1,0.0500,0,-1.4475,1,0.3000,0,-1.4475,0.000,0.300
1499.816,overrun,A_leg2,4.758,-0.505,27.961,27.485,0.477,OVERRUN by 1455.88s,1,0.0500,0,-1.4475,1,0.3000,0,-1.4475,0.000,0.300
1500.852,overrun,A_leg2,4.758,-0.505,27.961,27.485,0.477,OVERRUN by 1456.92s,1,0.0500,0,-1.4475,1,0.3000,0,-1.4475,0.000,0.300
1501.885,overrun,A_leg2,4.758,-0.505,27.961,27.485,0.477,OVERRUN by 1457.95s,1,0.0500,0,-1.4475,1,0.3000,0,-1.4475,0.000,0.300
1502.910,overrun,A_leg2,4.758,-0.505,27.961,27.485,0.477,OVERRUN by 1458.97s,1,0.0500,0,-1.4475,1,0.3000,0,-1.4475,0.000,0.300
1503.954,overrun,A_leg2,4.758,-0.505,27.961,27.485,0.477,OVERRUN by 1460.02s,1,0.0500,0,-1.4475,1,0.3000,0,-1.4475,0.000,0.300
1504.995,overrun,A_leg2,4.758,-0.505,27.961,27.485,0.477,OVERRUN by 1461.06s,1,0.0500,0,-1.4475,1,0.3000,0,-1.4475,0.000,0.300
1506.027,overrun,A_leg2,4.758,-0.505,27.961,27.485,0.477,OVERRUN by 1462.09s,1,0.0500,0,-1.4475,1,0.3000,0,-1.4475,0.000,0.300
1507.063,overrun,A_leg2,4.758,-0.505,27.961,27.485,0.477,OVERRUN by 1463.13s,1,0.0500,0,-1.4475,1,0.3000,0,-1.4475,0.000,0.300
1508.103,overrun,A_leg2,4.758,-0.505,27.961,27.485,0.477,OVERRUN by 1464.17s,1,0.0500,0,-1.4475,1,0.3000,0,-1.4475,0.000,0.300
1509.131,overrun,A_leg2,4.758,-0.505,27.961,27.485,0.477,OVERRUN by 1465.19s,1,0.0500,0,-1.4475,1,0.3000,0,-1.4475,0.000,0.300
1510.168,overrun,A_leg2,4.758,-0.505,27.961,27.485,0.477,OVERRUN by 1466.23s,1,0.0500,0,-1.4475,1,0.3000,0,-1.4475,0.000,0.300
1511.208,overrun,A_leg2,4.758,-0.505,27.961,27.485,0.477,OVERRUN by 1467.27s,1,0.0500,0,-1.4475,1,0.3000,0,-1.4475,0.000,0.300
1512.249,overrun,A_leg2,4.758,-0.505,27.961,27.485,0.477,OVERRUN by 1468.31s,1,0.0500,0,-1.4475,1,0.3000,0,-1.4475,0.000,0.300
1513.292,overrun,A_leg2,4.758,-0.505,27.961,27.485,0.477,OVERRUN by 1469.36s,1,0.0500,0,-1.4475,1,0.3000,0,-1.4475,0.000,0.300
1514.338,overrun,A_leg2,4.758,-0.505,27.961,27.485,0.477,OVERRUN by 1470.40s,1,0.0500,0,-1.4475,1,0.3000,0,-1.4475,0.000,0.300
1515.376,overrun,A_leg2,4.758,-0.505,27.961,27.485,0.477,OVERRUN by 1471.44s,1,0.0500,0,-1.4475,1,0.3000,0,-1.4475,0.000,0.300
1516.411,overrun,A_leg2,4.758,-0.505,27.961,27.485,0.477,OVERRUN by 1472.47s,1,0.0500,0,-1.4475,1,0.3000,0,-1.4475,0.000,0.300
1517.442,overrun,A_leg2,4.758,-0.505,27.961,27.485,0.477,OVERRUN by 1473.51s,1,0.0500,0,-1.4475,1,0.3000,0,-1.4475,0.000,0.300
1518.465,overrun,A_leg2,4.758,-0.505,27.961,27.485,0.477,OVERRUN by 1474.53s,1,0.0500,0,-1.4475,1,0.3000,0,-1.4475,0.000,0.300
1519.504,overrun,A_leg2,4.758,-0.505,27.961,27.485,0.477,OVERRUN by 1475.57s,1,0.0500,0,-1.4475,1,0.3000,0,-1.4475,0.000,0.300
1520.546,overrun,A_leg2,4.758,-0.505,27.961,27.485,0.477,OVERRUN by 1476.61s,1,0.0500,0,-1.4475,1,0.3000,0,-1.4475,0.000,0.300
1521.572,overrun,A_leg2,4.758,-0.505,27.961,27.485,0.477,OVERRUN by 1477.64s,1,0.0500,0,-1.4475,1,0.3000,0,-1.4475,0.000,0.300
1522.609,overrun,A_leg2,4.758,-0.505,27.961,27.485,0.477,OVERRUN by 1478.67s,1,0.0500,0,-1.4475,1,0.3000,0,-1.4475,0.000,0.300
1523.635,overrun,A_leg2,4.758,-0.505,27.961,27.485,0.477,OVERRUN by 1479.70s,1,0.0500,0,-1.4475,1,0.3000,0,-1.4475,0.000,0.300
1524.663,overrun,A_leg2,4.758,-0.505,27.961,27.485,0.477,OVERRUN by 1480.73s,1,0.0500,0,-1.4475,1,0.3000,0,-1.4475,0.000,0.300
1525.700,overrun,A_leg2,4.758,-0.505,27.961,27.485,0.477,OVERRUN by 1481.76s,1,0.0500,0,-1.4475,1,0.3000,0,-1.4475,0.000,0.300
1526.734,overrun,A_leg2,4.758,-0.505,27.961,27.485,0.477,OVERRUN by 1482.80s,1,0.0500,0,-1.4475,1,0.3000,0,-1.4475,0.000,0.300
1527.771,overrun,A_leg2,4.758,-0.505,27.961,27.485,0.477,OVERRUN by 1483.83s,1,0.0500,0,-1.4475,1,0.3000,0,-1.4475,0.000,0.300
1528.804,overrun,A_leg2,4.758,-0.505,27.961,27.485,0.477,OVERRUN by 1484.87s,1,0.0500,0,-1.4475,1,0.3000,0,-1.4475,0.000,0.300
1529.849,overrun,A_leg2,4.758,-0.505,27.961,27.485,0.477,OVERRUN by 1485.91s,1,0.0500,0,-1.4475,1,0.3000,0,-1.4475,0.000,0.300
1530.879,overrun,A_leg2,4.758,-0.505,27.961,27.485,0.477,OVERRUN by 1486.94s,1,0.0500,0,-1.4475,1,0.3000,0,-1.4475,0.000,0.300
1531.915,overrun,A_leg2,4.758,-0.505,27.961,27.485,0.477,OVERRUN by 1487.98s,1,0.0500,0,-1.4475,1,0.3000,0,-1.4475,0.000,0.300
1532.955,overrun,A_leg2,4.758,-0.505,27.961,27.485,0.477,OVERRUN by 1489.02s,1,0.0500,0,-1.4475,1,0.3000,0,-1.4475,0.000,0.300
1533.992,overrun,A_leg2,4.758,-0.505,27.961,27.485,0.477,OVERRUN by 1490.06s,1,0.0500,0,-1.4475,1,0.3000,0,-1.4475,0.000,0.300
1535.030,overrun,A_leg2,4.758,-0.505,27.961,27.485,0.477,OVERRUN by 1491.09s,1,0.0500,0,-1.4475,1,0.3000,0,-1.4475,0.000,0.300
1536.064,overrun,A_leg2,4.758,-0.505,27.961,27.485,0.477,OVERRUN by 1492.13s,1,0.0500,0,-1.4475,1,0.3000,0,-1.4475,0.000,0.300
1537.100,overrun,A_leg2,4.758,-0.505,27.961,27.485,0.477,OVERRUN by 1493.16s,1,0.0500,0,-1.4475,1,0.3000,0,-1.4475,0.000,0.300
1538.143,overrun,A_leg2,4.758,-0.505,27.961,27.485,0.477,OVERRUN by 1494.21s,1,0.0500,0,-1.4475,1,0.3000,0,-1.4475,0.000,0.300
1539.175,overrun,A_leg2,4.758,-0.505,27.961,27.485,0.477,OVERRUN by 1495.24s,1,0.0500,0,-1.4475,1,0.3000,0,-1.4475,0.000,0.300
1540.210,overrun,A_leg2,4.758,-0.505,27.961,27.485,0.477,OVERRUN by 1496.27s,1,0.0500,0,-1.4475,1,0.3000,0,-1.4475,0.000,0.300
1541.248,overrun,A_leg2,4.758,-0.505,27.961,27.485,0.477,OVERRUN by 1497.31s,1,0.0500,0,-1.4475,1,0.3000,0,-1.4475,0.000,0.300
1542.273,overrun,A_leg2,4.758,-0.505,27.961,27.485,0.477,OVERRUN by 1498.34s,1,0.0500,0,-1.4475,1,0.3000,0,-1.4475,0.000,0.300
1543.303,overrun,A_leg2,4.758,-0.505,27.961,27.485,0.477,OVERRUN by 1499.37s,1,0.0500,0,-1.4475,1,0.3000,0,-1.4475,0.000,0.300
1544.335,overrun,A_leg2,4.758,-0.505,27.961,27.485,0.477,OVERRUN by 1500.40s,1,0.0500,0,-1.4475,1,0.3000,0,-1.4475,0.000,0.300
1545.372,overrun,A_leg2,4.758,-0.505,27.961,27.485,0.477,OVERRUN by 1501.44s,1,0.0500,0,-1.4475,1,0.3000,0,-1.4475,0.000,0.300
1546.400,overrun,A_leg2,4.758,-0.505,27.961,27.485,0.477,OVERRUN by 1502.46s,1,0.0500,0,-1.4475,1,0.3000,0,-1.4475,0.000,0.300
1547.422,overrun,A_leg2,4.758,-0.505,27.961,27.485,0.477,OVERRUN by 1503.49s,1,0.0500,0,-1.4475,1,0.3000,0,-1.4475,0.000,0.300
1548.452,overrun,A_leg2,4.758,-0.505,27.961,27.485,0.477,OVERRUN by 1504.52s,1,0.0500,0,-1.4475,1,0.3000,0,-1.4475,0.000,0.300
1549.487,overrun,A_leg2,4.758,-0.505,27.961,27.485,0.477,OVERRUN by 1505.55s,1,0.0500,0,-1.4475,1,0.3000,0,-1.4475,0.000,0.300
1550.517,overrun,A_leg2,4.758,-0.505,27.961,27.485,0.477,OVERRUN by 1506.58s,1,0.0500,0,-1.4475,1,0.3000,0,-1.4475,0.000,0.300
1551.548,overrun,A_leg2,4.758,-0.505,27.961,27.485,0.477,OVERRUN by 1507.61s,1,0.0500,0,-1.4475,1,0.3000,0,-1.4475,0.000,0.300
1552.582,overrun,A_leg2,4.758,-0.505,27.961,27.485,0.477,OVERRUN by 1508.65s,1,0.0500,0,-1.4475,1,0.3000,0,-1.4475,0.000,0.300
1553.609,overrun,A_leg2,4.758,-0.505,27.961,27.485,0.477,OVERRUN by 1509.67s,1,0.0500,0,-1.4475,1,0.3000,0,-1.4475,0.000,0.300
1554.636,overrun,A_leg2,4.758,-0.505,27.961,27.485,0.477,OVERRUN by 1510.70s,1,0.0500,0,-1.4475,1,0.3000,0,-1.4475,0.000,0.300
1555.665,overrun,A_leg2,4.758,-0.505,27.961,27.485,0.477,OVERRUN by 1511.73s,1,0.0500,0,-1.4475,1,0.3000,0,-1.4475,0.000,0.300
1556.690,overrun,A_leg2,4.758,-0.505,27.961,27.485,0.477,OVERRUN by 1512.75s,1,0.0500,0,-1.4475,1,0.3000,0,-1.4475,0.000,0.300
1557.710,overrun,A_leg2,4.758,-0.505,27.961,27.485,0.477,OVERRUN by 1513.77s,1,0.0500,0,-1.4475,1,0.3000,0,-1.4475,0.000,0.300
1558.745,overrun,A_leg2,4.758,-0.505,27.961,27.485,0.477,OVERRUN by 1514.81s,1,0.0500,0,-1.4475,1,0.3000,0,-1.4475,0.000,0.300
1559.777,overrun,A_leg2,4.758,-0.505,27.961,27.485,0.477,OVERRUN by 1515.84s,1,0.0500,0,-1.4475,1,0.3000,0,-1.4475,0.000,0.300
1560.804,overrun,A_leg2,4.758,-0.505,27.961,27.485,0.477,OVERRUN by 1516.87s,1,0.0500,0,-1.4475,1,0.3000,0,-1.4475,0.000,0.300
1561.825,overrun,A_leg2,4.758,-0.505,27.961,27.485,0.477,OVERRUN by 1517.89s,1,0.0500,0,-1.4475,1,0.3000,0,-1.4475,0.000,0.300
1562.842,overrun,A_leg2,4.758,-0.505,27.961,27.485,0.477,OVERRUN by 1518.91s,1,0.0500,0,-1.4475,1,0.3000,0,-1.4475,0.000,0.300
1563.867,overrun,A_leg2,4.758,-0.505,27.961,27.485,0.477,OVERRUN by 1519.93s,1,0.0500,0,-1.4475,1,0.3000,0,-1.4475,0.000,0.300
1564.895,overrun,A_leg2,4.758,-0.505,27.961,27.485,0.477,OVERRUN by 1520.96s,1,0.0500,0,-1.4475,1,0.3000,0,-1.4475,0.000,0.300
1565.922,overrun,A_leg2,4.758,-0.505,27.961,27.485,0.477,OVERRUN by 1521.99s,1,0.0500,0,-1.4475,1,0.3000,0,-1.4475,0.000,0.300
1566.958,overrun,A_leg2,4.758,-0.505,27.961,27.485,0.477,OVERRUN by 1523.02s,1,0.0500,0,-1.4475,1,0.3000,0,-1.4475,0.000,0.300
1567.993,overrun,A_leg2,4.758,-0.505,27.961,27.485,0.477,OVERRUN by 1524.06s,1,0.0500,0,-1.4475,1,0.3000,0,-1.4475,0.000,0.300
1569.019,overrun,A_leg2,4.758,-0.505,27.961,27.485,0.477,OVERRUN by 1525.08s,1,0.0500,0,-1.4475,1,0.3000,0,-1.4475,0.000,0.300
1570.054,overrun,A_leg2,4.758,-0.505,27.961,27.485,0.477,OVERRUN by 1526.12s,1,0.0500,0,-1.4475,1,0.3000,0,-1.4475,0.000,0.300
1571.096,overrun,A_leg2,4.758,-0.505,27.961,27.485,0.477,OVERRUN by 1527.16s,1,0.0500,0,-1.4475,1,0.3000,0,-1.4475,0.000,0.300
1572.133,overrun,A_leg2,4.758,-0.505,27.961,27.485,0.477,OVERRUN by 1528.20s,1,0.0500,0,-1.4475,1,0.3000,0,-1.4475,0.000,0.300
1573.170,overrun,A_leg2,4.758,-0.505,27.961,27.485,0.477,OVERRUN by 1529.23s,1,0.0500,0,-1.4475,1,0.3000,0,-1.4475,0.000,0.300
1574.201,overrun,A_leg2,4.758,-0.505,27.961,27.485,0.477,OVERRUN by 1530.27s,1,0.0500,0,-1.4475,1,0.3000,0,-1.4475,0.000,0.300
1575.224,overrun,A_leg2,4.758,-0.505,27.961,27.485,0.477,OVERRUN by 1531.29s,1,0.0500,0,-1.4475,1,0.3000,0,-1.4475,0.000,0.300
1576.259,overrun,A_leg2,4.758,-0.505,27.961,27.485,0.477,OVERRUN by 1532.32s,1,0.0500,0,-1.4475,1,0.3000,0,-1.4475,0.000,0.300
1577.297,overrun,A_leg2,4.758,-0.505,27.961,27.485,0.477,OVERRUN by 1533.36s,1,0.0500,0,-1.4475,1,0.3000,0,-1.4475,0.000,0.300
1578.326,overrun,A_leg2,4.758,-0.505,27.961,27.485,0.477,OVERRUN by 1534.39s,1,0.0500,0,-1.4475,1,0.3000,0,-1.4475,0.000,0.300
1579.355,overrun,A_leg2,4.758,-0.505,27.961,27.485,0.477,OVERRUN by 1535.42s,1,0.0500,0,-1.4475,1,0.3000,0,-1.4475,0.000,0.300
1580.391,overrun,A_leg2,4.758,-0.505,27.961,27.485,0.477,OVERRUN by 1536.45s,1,0.0500,0,-1.4475,1,0.3000,0,-1.4475,0.000,0.300
1581.417,overrun,A_leg2,4.758,-0.505,27.961,27.485,0.477,OVERRUN by 1537.48s,1,0.0500,0,-1.4475,1,0.3000,0,-1.4475,0.000,0.300
1582.457,overrun,A_leg2,4.758,-0.505,27.961,27.485,0.477,OVERRUN by 1538.52s,1,0.0500,0,-1.4475,1,0.3000,0,-1.4475,0.000,0.300
1583.490,overrun,A_leg2,4.758,-0.505,27.961,27.485,0.477,OVERRUN by 1539.55s,1,0.0500,0,-1.4475,1,0.3000,0,-1.4475,0.000,0.300
1584.521,overrun,A_leg2,4.758,-0.505,27.961,27.485,0.477,OVERRUN by 1540.59s,1,0.0500,0,-1.4475,1,0.3000,0,-1.4475,0.000,0.300
1585.546,overrun,A_leg2,4.758,-0.505,27.961,27.485,0.477,OVERRUN by 1541.61s,1,0.0500,0,-1.4475,1,0.3000,0,-1.4475,0.000,0.300
1586.580,overrun,A_leg2,4.758,-0.505,27.961,27.485,0.477,OVERRUN by 1542.64s,1,0.0500,0,-1.4475,1,0.3000,0,-1.4475,0.000,0.300
1587.610,overrun,A_leg2,4.758,-0.505,27.961,27.485,0.477,OVERRUN by 1543.67s,1,0.0500,0,-1.4475,1,0.3000,0,-1.4475,0.000,0.300
1588.644,overrun,A_leg2,4.758,-0.505,27.961,27.485,0.477,OVERRUN by 1544.71s,1,0.0500,0,-1.4475,1,0.3000,0,-1.4475,0.000,0.300
1589.678,overrun,A_leg2,4.758,-0.505,27.961,27.485,0.477,OVERRUN by 1545.74s,1,0.0500,0,-1.4475,1,0.3000,0,-1.4475,0.000,0.300
1590.722,overrun,A_leg2,4.758,-0.505,27.961,27.485,0.477,OVERRUN by 1546.79s,1,0.0500,0,-1.4475,1,0.3000,0,-1.4475,0.000,0.300
1591.759,overrun,A_leg2,4.758,-0.505,27.961,27.485,0.477,OVERRUN by 1547.82s,1,0.0500,0,-1.4475,1,0.3000,0,-1.4475,0.000,0.300
1592.791,overrun,A_leg2,4.758,-0.505,27.961,27.485,0.477,OVERRUN by 1548.85s,1,0.0500,0,-1.4475,1,0.3000,0,-1.4475,0.000,0.300
1593.830,overrun,A_leg2,4.758,-0.505,27.961,27.485,0.477,OVERRUN by 1549.89s,1,0.0500,0,-1.4475,1,0.3000,0,-1.4475,0.000,0.300
1594.870,overrun,A_leg2,4.758,-0.505,27.961,27.485,0.477,OVERRUN by 1550.93s,1,0.0500,0,-1.4475,1,0.3000,0,-1.4475,0.000,0.300
1595.903,overrun,A_leg2,4.758,-0.505,27.961,27.485,0.477,OVERRUN by 1551.97s,1,0.0500,0,-1.4475,1,0.3000,0,-1.4475,0.000,0.300
1596.926,overrun,A_leg2,4.758,-0.505,27.961,27.485,0.477,OVERRUN by 1552.99s,1,0.0500,0,-1.4475,1,0.3000,0,-1.4475,0.000,0.300
1597.961,overrun,A_leg2,4.758,-0.505,27.961,27.485,0.477,OVERRUN by 1554.03s,1,0.0500,0,-1.4475,1,0.3000,0,-1.4475,0.000,0.300
1598.991,overrun,A_leg2,4.758,-0.505,27.961,27.485,0.477,OVERRUN by 1555.06s,1,0.0500,0,-1.4475,1,0.3000,0,-1.4475,0.000,0.300
1600.017,overrun,A_leg2,4.758,-0.505,27.961,27.485,0.477,OVERRUN by 1556.08s,1,0.0500,0,-1.4475,1,0.3000,0,-1.4475,0.000,0.300
1601.047,overrun,A_leg2,4.758,-0.505,27.961,27.485,0.477,OVERRUN by 1557.11s,1,0.0500,0,-1.4475,1,0.3000,0,-1.4475,0.000,0.300
1602.085,overrun,A_leg2,4.758,-0.505,27.961,27.485,0.477,OVERRUN by 1558.15s,1,0.0500,0,-1.4475,1,0.3000,0,-1.4475,0.000,0.300
1603.118,overrun,A_leg2,4.758,-0.505,27.961,27.485,0.477,OVERRUN by 1559.18s,1,0.0500,0,-1.4475,1,0.3000,0,-1.4475,0.000,0.300
1604.152,overrun,A_leg2,4.758,-0.505,27.961,27.485,0.477,OVERRUN by 1560.22s,1,0.0500,0,-1.4475,1,0.3000,0,-1.4475,0.000,0.300
1605.185,overrun,A_leg2,4.758,-0.505,27.961,27.485,0.477,OVERRUN by 1561.25s,1,0.0500,0,-1.4475,1,0.3000,0,-1.4475,0.000,0.300
1606.218,overrun,A_leg2,4.758,-0.505,27.961,27.485,0.477,OVERRUN by 1562.28s,1,0.0500,0,-1.4475,1,0.3000,0,-1.4475,0.000,0.300
1607.260,overrun,A_leg2,4.758,-0.505,27.961,27.485,0.477,OVERRUN by 1563.32s,1,0.0500,0,-1.4475,1,0.3000,0,-1.4475,0.000,0.300
1608.290,overrun,A_leg2,4.758,-0.505,27.961,27.485,0.477,OVERRUN by 1564.35s,1,0.0500,0,-1.4475,1,0.3000,0,-1.4475,0.000,0.300
1609.314,overrun,A_leg2,4.758,-0.505,27.961,27.485,0.477,OVERRUN by 1565.38s,1,0.0500,0,-1.4475,1,0.3000,0,-1.4475,0.000,0.300
1610.346,overrun,A_leg2,4.758,-0.505,27.961,27.485,0.477,OVERRUN by 1566.41s,1,0.0500,0,-1.4475,1,0.3000,0,-1.4475,0.000,0.300
1611.383,overrun,A_leg2,4.758,-0.505,27.961,27.485,0.477,OVERRUN by 1567.45s,1,0.0500,0,-1.4475,1,0.3000,0,-1.4475,0.000,0.300
1612.409,overrun,A_leg2,4.758,-0.505,27.961,27.485,0.477,OVERRUN by 1568.47s,1,0.0500,0,-1.4475,1,0.3000,0,-1.4475,0.000,0.300
1613.437,overrun,A_leg2,4.758,-0.505,27.961,27.485,0.477,OVERRUN by 1569.50s,1,0.0500,0,-1.4475,1,0.3000,0,-1.4475,0.000,0.300
1614.473,overrun,A_leg2,4.758,-0.505,27.961,27.485,0.477,OVERRUN by 1570.54s,1,0.0500,0,-1.4475,1,0.3000,0,-1.4475,0.000,0.300
1615.508,overrun,A_leg2,4.758,-0.505,27.961,27.485,0.477,OVERRUN by 1571.57s,1,0.0500,0,-1.4475,1,0.3000,0,-1.4475,0.000,0.300
1616.546,overrun,A_leg2,4.758,-0.505,27.961,27.485,0.477,OVERRUN by 1572.61s,1,0.0500,0,-1.4475,1,0.3000,0,-1.4475,0.000,0.300
1617.566,overrun,A_leg2,4.758,-0.505,27.961,27.485,0.477,OVERRUN by 1573.63s,1,0.0500,0,-1.4475,1,0.3000,0,-1.4475,0.000,0.300
1618.599,overrun,A_leg2,4.758,-0.505,27.961,27.485,0.477,OVERRUN by 1574.66s,1,0.0500,0,-1.4475,1,0.3000,0,-1.4475,0.000,0.300
1619.636,overrun,A_leg2,4.758,-0.505,27.961,27.485,0.477,OVERRUN by 1575.70s,1,0.0500,0,-1.4475,1,0.3000,0,-1.4475,0.000,0.300
1620.679,overrun,A_leg2,4.758,-0.505,27.961,27.485,0.477,OVERRUN by 1576.74s,1,0.0500,0,-1.4475,1,0.3000,0,-1.4475,0.000,0.300
1621.694,overrun,A_leg2,4.758,-0.505,27.961,27.485,0.477,OVERRUN by 1577.76s,1,0.0500,0,-1.4475,1,0.3000,0,-1.4475,0.000,0.300
1622.728,overrun,A_leg2,4.758,-0.505,27.961,27.485,0.477,OVERRUN by 1578.79s,1,0.0500,0,-1.4475,1,0.3000,0,-1.4475,0.000,0.300
1623.763,overrun,A_leg2,4.758,-0.505,27.961,27.485,0.477,OVERRUN by 1579.83s,1,0.0500,0,-1.4475,1,0.3000,0,-1.4475,0.000,0.300
1624.796,overrun,A_leg2,4.758,-0.505,27.961,27.485,0.477,OVERRUN by 1580.86s,1,0.0500,0,-1.4475,1,0.3000,0,-1.4475,0.000,0.300
1625.837,overrun,A_leg2,4.758,-0.505,27.961,27.485,0.477,OVERRUN by 1581.90s,1,0.0500,0,-1.4475,1,0.3000,0,-1.4475,0.000,0.300
1626.876,overrun,A_leg2,4.758,-0.505,27.961,27.485,0.477,OVERRUN by 1582.94s,1,0.0500,0,-1.4475,1,0.3000,0,-1.4475,0.000,0.300
1627.905,overrun,A_leg2,4.758,-0.505,27.961,27.485,0.477,OVERRUN by 1583.97s,1,0.0500,0,-1.4475,1,0.3000,0,-1.4475,0.000,0.300
1628.928,overrun,A_leg2,4.758,-0.505,27.961,27.485,0.477,OVERRUN by 1584.99s,1,0.0500,0,-1.4475,1,0.3000,0,-1.4475,0.000,0.300
1629.954,overrun,A_leg2,4.758,-0.505,27.961,27.485,0.477,OVERRUN by 1586.02s,1,0.0500,0,-1.4475,1,0.3000,0,-1.4475,0.000,0.300
1630.985,overrun,A_leg2,4.758,-0.505,27.961,27.485,0.477,OVERRUN by 1587.05s,1,0.0500,0,-1.4475,1,0.3000,0,-1.4475,0.000,0.300
1632.022,overrun,A_leg2,4.758,-0.505,27.961,27.485,0.477,OVERRUN by 1588.09s,1,0.0500,0,-1.4475,1,0.3000,0,-1.4475,0.000,0.300
1633.052,overrun,A_leg2,4.758,-0.505,27.961,27.485,0.477,OVERRUN by 1589.12s,1,0.0500,0,-1.4475,1,0.3000,0,-1.4475,0.000,0.300
1634.078,overrun,A_leg2,4.758,-0.505,27.961,27.485,0.477,OVERRUN by 1590.14s,1,0.0500,0,-1.4475,1,0.3000,0,-1.4475,0.000,0.300
1635.102,overrun,A_leg2,4.758,-0.505,27.961,27.485,0.477,OVERRUN by 1591.17s,1,0.0500,0,-1.4475,1,0.3000,0,-1.4475,0.000,0.300
1636.137,overrun,A_leg2,4.758,-0.505,27.961,27.485,0.477,OVERRUN by 1592.20s,1,0.0500,0,-1.4475,1,0.3000,0,-1.4475,0.000,0.300
1637.175,overrun,A_leg2,4.758,-0.505,27.961,27.485,0.477,OVERRUN by 1593.24s,1,0.0500,0,-1.4475,1,0.3000,0,-1.4475,0.000,0.300
1638.207,overrun,A_leg2,4.758,-0.505,27.961,27.485,0.477,OVERRUN by 1594.27s,1,0.0500,0,-1.4475,1,0.3000,0,-1.4475,0.000,0.300
1639.251,overrun,A_leg2,4.758,-0.505,27.961,27.485,0.477,OVERRUN by 1595.31s,1,0.0500,0,-1.4475,1,0.3000,0,-1.4475,0.000,0.300
1640.287,overrun,A_leg2,4.758,-0.505,27.961,27.485,0.477,OVERRUN by 1596.35s,1,0.0500,0,-1.4475,1,0.3000,0,-1.4475,0.000,0.300
1641.314,overrun,A_leg2,4.758,-0.505,27.961,27.485,0.477,OVERRUN by 1597.38s,1,0.0500,0,-1.4475,1,0.3000,0,-1.4475,0.000,0.300
1642.348,overrun,A_leg2,4.758,-0.505,27.961,27.485,0.477,OVERRUN by 1598.41s,1,0.0500,0,-1.4475,1,0.3000,0,-1.4475,0.000,0.300
1643.378,overrun,A_leg2,4.758,-0.505,27.961,27.485,0.477,OVERRUN by 1599.44s,1,0.0500,0,-1.4475,1,0.3000,0,-1.4475,0.000,0.300
1644.414,overrun,A_leg2,4.758,-0.505,27.961,27.485,0.477,OVERRUN by 1600.48s,1,0.0500,0,-1.4475,1,0.3000,0,-1.4475,0.000,0.300
1645.456,overrun,A_leg2,4.758,-0.505,27.961,27.485,0.477,OVERRUN by 1601.52s,1,0.0500,0,-1.4475,1,0.3000,0,-1.4475,0.000,0.300
1646.497,overrun,A_leg2,4.758,-0.505,27.961,27.485,0.477,OVERRUN by 1602.56s,1,0.0500,0,-1.4475,1,0.3000,0,-1.4475,0.000,0.300
1647.527,overrun,A_leg2,4.758,-0.505,27.961,27.485,0.477,OVERRUN by 1603.59s,1,0.0500,0,-1.4475,1,0.3000,0,-1.4475,0.000,0.300
1648.571,overrun,A_leg2,4.758,-0.505,27.961,27.485,0.477,OVERRUN by 1604.63s,1,0.0500,0,-1.4475,1,0.3000,0,-1.4475,0.000,0.300
1649.606,overrun,A_leg2,4.758,-0.505,27.961,27.485,0.477,OVERRUN by 1605.67s,1,0.0500,0,-1.4475,1,0.3000,0,-1.4475,0.000,0.300
1650.646,overrun,A_leg2,4.758,-0.505,27.961,27.485,0.477,OVERRUN by 1606.71s,1,0.0500,0,-1.4475,1,0.3000,0,-1.4475,0.000,0.300
1651.680,overrun,A_leg2,4.758,-0.505,27.961,27.485,0.477,OVERRUN by 1607.74s,1,0.0500,0,-1.4475,1,0.3000,0,-1.4475,0.000,0.300
1652.719,overrun,A_leg2,4.758,-0.505,27.961,27.485,0.477,OVERRUN by 1608.78s,1,0.0500,0,-1.4475,1,0.3000,0,-1.4475,0.000,0.300
1653.753,overrun,A_leg2,4.758,-0.505,27.961,27.485,0.477,OVERRUN by 1609.82s,1,0.0500,0,-1.4475,1,0.3000,0,-1.4475,0.000,0.300
1654.779,overrun,A_leg2,4.758,-0.505,27.961,27.485,0.477,OVERRUN by 1610.84s,1,0.0500,0,-1.4475,1,0.3000,0,-1.4475,0.000,0.300
1655.806,overrun,A_leg2,4.758,-0.505,27.961,27.485,0.477,OVERRUN by 1611.87s,1,0.0500,0,-1.4475,1,0.3000,0,-1.4475,0.000,0.300
1656.835,overrun,A_leg2,4.758,-0.505,27.961,27.485,0.477,OVERRUN by 1612.90s,1,0.0500,0,-1.4475,1,0.3000,0,-1.4475,0.000,0.300
1657.864,overrun,A_leg2,4.758,-0.505,27.961,27.485,0.477,OVERRUN by 1613.93s,1,0.0500,0,-1.4475,1,0.3000,0,-1.4475,0.000,0.300
1658.896,overrun,A_leg2,4.758,-0.505,27.961,27.485,0.477,OVERRUN by 1614.96s,1,0.0500,0,-1.4475,1,0.3000,0,-1.4475,0.000,0.300
1659.924,overrun,A_leg2,4.758,-0.505,27.961,27.485,0.477,OVERRUN by 1615.99s,1,0.0500,0,-1.4475,1,0.3000,0,-1.4475,0.000,0.300
1660.947,overrun,A_leg2,4.758,-0.505,27.961,27.485,0.477,OVERRUN by 1617.01s,1,0.0500,0,-1.4475,1,0.3000,0,-1.4475,0.000,0.300
1661.963,overrun,A_leg2,4.758,-0.505,27.961,27.485,0.477,OVERRUN by 1618.03s,1,0.0500,0,-1.4475,1,0.3000,0,-1.4475,0.000,0.300
1662.993,overrun,A_leg2,4.758,-0.505,27.961,27.485,0.477,OVERRUN by 1619.06s,1,0.0500,0,-1.4475,1,0.3000,0,-1.4475,0.000,0.300
1664.026,overrun,A_leg2,4.758,-0.505,27.961,27.485,0.477,OVERRUN by 1620.09s,1,0.0500,0,-1.4475,1,0.3000,0,-1.4475,0.000,0.300
1665.059,overrun,A_leg2,4.758,-0.505,27.961,27.485,0.477,OVERRUN by 1621.12s,1,0.0500,0,-1.4475,1,0.3000,0,-1.4475,0.000,0.300
1666.097,overrun,A_leg2,4.758,-0.505,27.961,27.485,0.477,OVERRUN by 1622.16s,1,0.0500,0,-1.4475,1,0.3000,0,-1.4475,0.000,0.300
1667.128,overrun,A_leg2,4.758,-0.505,27.961,27.485,0.477,OVERRUN by 1623.19s,1,0.0500,0,-1.4475,1,0.3000,0,-1.4475,0.000,0.300
1668.163,overrun,A_leg2,4.758,-0.505,27.961,27.485,0.477,OVERRUN by 1624.23s,1,0.0500,0,-1.4475,1,0.3000,0,-1.4475,0.000,0.300
1669.192,overrun,A_leg2,4.758,-0.505,27.961,27.485,0.477,OVERRUN by 1625.26s,1,0.0500,0,-1.4475,1,0.3000,0,-1.4475,0.000,0.300
1670.227,overrun,A_leg2,4.758,-0.505,27.961,27.485,0.477,OVERRUN by 1626.29s,1,0.0500,0,-1.4475,1,0.3000,0,-1.4475,0.000,0.300
1671.258,overrun,A_leg2,4.758,-0.505,27.961,27.485,0.477,OVERRUN by 1627.32s,1,0.0500,0,-1.4475,1,0.3000,0,-1.4475,0.000,0.300
1672.289,overrun,A_leg2,4.758,-0.505,27.961,27.485,0.477,OVERRUN by 1628.35s,1,0.0500,0,-1.4475,1,0.3000,0,-1.4475,0.000,0.300
1673.313,overrun,A_leg2,4.758,-0.505,27.961,27.485,0.477,OVERRUN by 1629.38s,1,0.0500,0,-1.4475,1,0.3000,0,-1.4475,0.000,0.300
1674.344,overrun,A_leg2,4.758,-0.505,27.961,27.485,0.477,OVERRUN by 1630.41s,1,0.0500,0,-1.4475,1,0.3000,0,-1.4475,0.000,0.300
1675.378,overrun,A_leg2,4.758,-0.505,27.961,27.485,0.477,OVERRUN by 1631.44s,1,0.0500,0,-1.4475,1,0.3000,0,-1.4475,0.000,0.300
1676.416,overrun,A_leg2,4.758,-0.505,27.961,27.485,0.477,OVERRUN by 1632.48s,1,0.0500,0,-1.4475,1,0.3000,0,-1.4475,0.000,0.300
1677.456,overrun,A_leg2,4.758,-0.505,27.961,27.485,0.477,OVERRUN by 1633.52s,1,0.0500,0,-1.4475,1,0.3000,0,-1.4475,0.000,0.300
1678.485,overrun,A_leg2,4.758,-0.505,27.961,27.485,0.477,OVERRUN by 1634.55s,1,0.0500,0,-1.4475,1,0.3000,0,-1.4475,0.000,0.300
1679.527,overrun,A_leg2,4.758,-0.505,27.961,27.485,0.477,OVERRUN by 1635.59s,1,0.0500,0,-1.4475,1,0.3000,0,-1.4475,0.000,0.300
1680.554,overrun,A_leg2,4.758,-0.505,27.961,27.485,0.477,OVERRUN by 1636.62s,1,0.0500,0,-1.4475,1,0.3000,0,-1.4475,0.000,0.300
1681.582,overrun,A_leg2,4.758,-0.505,27.961,27.485,0.477,OVERRUN by 1637.65s,1,0.0500,0,-1.4475,1,0.3000,0,-1.4475,0.000,0.300
1682.613,overrun,A_leg2,4.758,-0.505,27.961,27.485,0.477,OVERRUN by 1638.68s,1,0.0500,0,-1.4475,1,0.3000,0,-1.4475,0.000,0.300
1683.644,overrun,A_leg2,4.758,-0.505,27.961,27.485,0.477,OVERRUN by 1639.71s,1,0.0500,0,-1.4475,1,0.3000,0,-1.4475,0.000,0.300
1684.677,overrun,A_leg2,4.758,-0.505,27.961,27.485,0.477,OVERRUN by 1640.74s,1,0.0500,0,-1.4475,1,0.3000,0,-1.4475,0.000,0.300
1685.714,overrun,A_leg2,4.758,-0.505,27.961,27.485,0.477,OVERRUN by 1641.78s,1,0.0500,0,-1.4475,1,0.3000,0,-1.4475,0.000,0.300
1686.752,overrun,A_leg2,4.758,-0.505,27.961,27.485,0.477,OVERRUN by 1642.82s,1,0.0500,0,-1.4475,1,0.3000,0,-1.4475,0.000,0.300
1687.785,overrun,A_leg2,4.758,-0.505,27.961,27.485,0.477,OVERRUN by 1643.85s,1,0.0500,0,-1.4475,1,0.3000,0,-1.4475,0.000,0.300
1688.817,overrun,A_leg2,4.758,-0.505,27.961,27.485,0.477,OVERRUN by 1644.88s,1,0.0500,0,-1.4475,1,0.3000,0,-1.4475,0.000,0.300
1689.843,overrun,A_leg2,4.758,-0.505,27.961,27.485,0.477,OVERRUN by 1645.91s,1,0.0500,0,-1.4475,1,0.3000,0,-1.4475,0.000,0.300
1690.872,overrun,A_leg2,4.758,-0.505,27.961,27.485,0.477,OVERRUN by 1646.94s,1,0.0500,0,-1.4475,1,0.3000,0,-1.4475,0.000,0.300
1691.895,overrun,A_leg2,4.758,-0.505,27.961,27.485,0.477,OVERRUN by 1647.96s,1,0.0500,0,-1.4475,1,0.3000,0,-1.4475,0.000,0.300
1692.936,overrun,A_leg2,4.758,-0.505,27.961,27.485,0.477,OVERRUN by 1649.00s,1,0.0500,0,-1.4475,1,0.3000,0,-1.4475,0.000,0.300
1693.963,overrun,A_leg2,4.758,-0.505,27.961,27.485,0.477,OVERRUN by 1650.03s,1,0.0500,0,-1.4475,1,0.3000,0,-1.4475,0.000,0.300
1694.996,overrun,A_leg2,4.758,-0.505,27.961,27.485,0.477,OVERRUN by 1651.06s,1,0.0500,0,-1.4475,1,0.3000,0,-1.4475,0.000,0.300
1696.038,overrun,A_leg2,4.758,-0.505,27.961,27.485,0.477,OVERRUN by 1652.10s,1,0.0500,0,-1.4475,1,0.3000,0,-1.4475,0.000,0.300
1697.070,overrun,A_leg2,4.758,-0.505,27.961,27.485,0.477,OVERRUN by 1653.13s,1,0.0500,0,-1.4475,1,0.3000,0,-1.4475,0.000,0.300
1698.106,overrun,A_leg2,4.758,-0.505,27.961,27.485,0.477,OVERRUN by 1654.17s,1,0.0500,0,-1.4475,1,0.3000,0,-1.4475,0.000,0.300
1699.145,overrun,A_leg2,4.758,-0.505,27.961,27.485,0.477,OVERRUN by 1655.21s,1,0.0500,0,-1.4475,1,0.3000,0,-1.4475,0.000,0.300
1700.177,overrun,A_leg2,4.758,-0.505,27.961,27.485,0.477,OVERRUN by 1656.24s,1,0.0500,0,-1.4475,1,0.3000,0,-1.4475,0.000,0.300
1701.213,overrun,A_leg2,4.758,-0.505,27.961,27.485,0.477,OVERRUN by 1657.28s,1,0.0500,0,-1.4475,1,0.3000,0,-1.4475,0.000,0.300
1702.243,overrun,A_leg2,4.758,-0.505,27.961,27.485,0.477,OVERRUN by 1658.31s,1,0.0500,0,-1.4475,1,0.3000,0,-1.4475,0.000,0.300
1703.273,overrun,A_leg2,4.758,-0.505,27.961,27.485,0.477,OVERRUN by 1659.34s,1,0.0500,0,-1.4475,1,0.3000,0,-1.4475,0.000,0.300
1704.305,overrun,A_leg2,4.758,-0.505,27.961,27.485,0.477,OVERRUN by 1660.37s,1,0.0500,0,-1.4475,1,0.3000,0,-1.4475,0.000,0.300
1705.342,overrun,A_leg2,4.758,-0.505,27.961,27.485,0.477,OVERRUN by 1661.41s,1,0.0500,0,-1.4475,1,0.3000,0,-1.4475,0.000,0.300
1706.381,overrun,A_leg2,4.758,-0.505,27.961,27.485,0.477,OVERRUN by 1662.45s,1,0.0500,0,-1.4475,1,0.3000,0,-1.4475,0.000,0.300
1707.421,overrun,A_leg2,4.758,-0.505,27.961,27.485,0.477,OVERRUN by 1663.48s,1,0.0500,0,-1.4475,1,0.3000,0,-1.4475,0.000,0.300
1708.443,overrun,A_leg2,4.758,-0.505,27.961,27.485,0.477,OVERRUN by 1664.51s,1,0.0500,0,-1.4475,1,0.3000,0,-1.4475,0.000,0.300
1709.463,overrun,A_leg2,4.758,-0.505,27.961,27.485,0.477,OVERRUN by 1665.53s,1,0.0500,0,-1.4475,1,0.3000,0,-1.4475,0.000,0.300
1710.497,overrun,A_leg2,4.758,-0.505,27.961,27.485,0.477,OVERRUN by 1666.56s,1,0.0500,0,-1.4475,1,0.3000,0,-1.4475,0.000,0.300
1711.526,overrun,A_leg2,4.758,-0.505,27.961,27.485,0.477,OVERRUN by 1667.59s,1,0.0500,0,-1.4475,1,0.3000,0,-1.4475,0.000,0.300
1712.556,overrun,A_leg2,4.758,-0.505,27.961,27.485,0.477,OVERRUN by 1668.62s,1,0.0500,0,-1.4475,1,0.3000,0,-1.4475,0.000,0.300
1713.590,overrun,A_leg2,4.758,-0.505,27.961,27.485,0.477,OVERRUN by 1669.65s,1,0.0500,0,-1.4475,1,0.3000,0,-1.4475,0.000,0.300
1714.625,overrun,A_leg2,4.758,-0.505,27.961,27.485,0.477,OVERRUN by 1670.69s,1,0.0500,0,-1.4475,1,0.3000,0,-1.4475,0.000,0.300
1715.643,overrun,A_leg2,4.758,-0.505,27.961,27.485,0.477,OVERRUN by 1671.71s,1,0.0500,0,-1.4475,1,0.3000,0,-1.4475,0.000,0.300
1716.664,overrun,A_leg2,4.758,-0.505,27.961,27.485,0.477,OVERRUN by 1672.73s,1,0.0500,0,-1.4475,1,0.3000,0,-1.4475,0.000,0.300
1717.694,overrun,A_leg2,4.758,-0.505,27.961,27.485,0.477,OVERRUN by 1673.76s,1,0.0500,0,-1.4475,1,0.3000,0,-1.4475,0.000,0.300
1718.723,overrun,A_leg2,4.758,-0.505,27.961,27.485,0.477,OVERRUN by 1674.79s,1,0.0500,0,-1.4475,1,0.3000,0,-1.4475,0.000,0.300
1719.746,overrun,A_leg2,4.758,-0.505,27.961,27.485,0.477,OVERRUN by 1675.81s,1,0.0500,0,-1.4475,1,0.3000,0,-1.4475,0.000,0.300
1720.779,overrun,A_leg2,4.758,-0.505,27.961,27.485,0.477,OVERRUN by 1676.84s,1,0.0500,0,-1.4475,1,0.3000,0,-1.4475,0.000,0.300
1721.823,overrun,A_leg2,4.758,-0.505,27.961,27.485,0.477,OVERRUN by 1677.89s,1,0.0500,0,-1.4475,1,0.3000,0,-1.4475,0.000,0.300
1722.859,overrun,A_leg2,4.758,-0.505,27.961,27.485,0.477,OVERRUN by 1678.92s,1,0.0500,0,-1.4475,1,0.3000,0,-1.4475,0.000,0.300
1723.881,overrun,A_leg2,4.758,-0.505,27.961,27.485,0.477,OVERRUN by 1679.95s,1,0.0500,0,-1.4475,1,0.3000,0,-1.4475,0.000,0.300
1724.909,overrun,A_leg2,4.758,-0.505,27.961,27.485,0.477,OVERRUN by 1680.97s,1,0.0500,0,-1.4475,1,0.3000,0,-1.4475,0.000,0.300
1725.946,overrun,A_leg2,4.758,-0.505,27.961,27.485,0.477,OVERRUN by 1682.01s,1,0.0500,0,-1.4475,1,0.3000,0,-1.4475,0.000,0.300
1726.982,overrun,A_leg2,4.758,-0.505,27.961,27.485,0.477,OVERRUN by 1683.05s,1,0.0500,0,-1.4475,1,0.3000,0,-1.4475,0.000,0.300
1728.019,overrun,A_leg2,4.758,-0.505,27.961,27.485,0.477,OVERRUN by 1684.08s,1,0.0500,0,-1.4475,1,0.3000,0,-1.4475,0.000,0.300
1729.047,overrun,A_leg2,4.758,-0.505,27.961,27.485,0.477,OVERRUN by 1685.11s,1,0.0500,0,-1.4475,1,0.3000,0,-1.4475,0.000,0.300
1730.084,overrun,A_leg2,4.758,-0.505,27.961,27.485,0.477,OVERRUN by 1686.15s,1,0.0500,0,-1.4475,1,0.3000,0,-1.4475,0.000,0.300
1731.121,overrun,A_leg2,4.758,-0.505,27.961,27.485,0.477,OVERRUN by 1687.18s,1,0.0500,0,-1.4475,1,0.3000,0,-1.4475,0.000,0.300
1732.149,overrun,A_leg2,4.758,-0.505,27.961,27.485,0.477,OVERRUN by 1688.21s,1,0.0500,0,-1.4475,1,0.3000,0,-1.4475,0.000,0.300
1733.186,overrun,A_leg2,4.758,-0.505,27.961,27.485,0.477,OVERRUN by 1689.25s,1,0.0500,0,-1.4475,1,0.3000,0,-1.4475,0.000,0.300
1734.222,overrun,A_leg2,4.758,-0.505,27.961,27.485,0.477,OVERRUN by 1690.29s,1,0.0500,0,-1.4475,1,0.3000,0,-1.4475,0.000,0.300
1735.248,overrun,A_leg2,4.758,-0.505,27.961,27.485,0.477,OVERRUN by 1691.31s,1,0.0500,0,-1.4475,1,0.3000,0,-1.4475,0.000,0.300
1736.277,overrun,A_leg2,4.758,-0.505,27.961,27.485,0.477,OVERRUN by 1692.34s,1,0.0500,0,-1.4475,1,0.3000,0,-1.4475,0.000,0.300
1737.310,overrun,A_leg2,4.758,-0.505,27.961,27.485,0.477,OVERRUN by 1693.37s,1,0.0500,0,-1.4475,1,0.3000,0,-1.4475,0.000,0.300
1738.331,overrun,A_leg2,4.758,-0.505,27.961,27.485,0.477,OVERRUN by 1694.39s,1,0.0500,0,-1.4475,1,0.3000,0,-1.4475,0.000,0.300
1739.353,overrun,A_leg2,4.758,-0.505,27.961,27.485,0.477,OVERRUN by 1695.42s,1,0.0500,0,-1.4475,1,0.3000,0,-1.4475,0.000,0.300
1740.382,overrun,A_leg2,4.758,-0.505,27.961,27.485,0.477,OVERRUN by 1696.45s,1,0.0500,0,-1.4475,1,0.3000,0,-1.4475,0.000,0.300
1741.400,overrun,A_leg2,4.758,-0.505,27.961,27.485,0.477,OVERRUN by 1697.46s,1,0.0500,0,-1.4475,1,0.3000,0,-1.4475,0.000,0.300
1742.417,overrun,A_leg2,4.758,-0.505,27.961,27.485,0.477,OVERRUN by 1698.48s,1,0.0500,0,-1.4475,1,0.3000,0,-1.4475,0.000,0.300
1743.431,overrun,A_leg2,4.758,-0.505,27.961,27.485,0.477,OVERRUN by 1699.50s,1,0.0500,0,-1.4475,1,0.3000,0,-1.4475,0.000,0.300
1744.462,overrun,A_leg2,4.758,-0.505,27.961,27.485,0.477,OVERRUN by 1700.53s,1,0.0500,0,-1.4475,1,0.3000,0,-1.4475,0.000,0.300
1745.497,overrun,A_leg2,4.758,-0.505,27.961,27.485,0.477,OVERRUN by 1701.56s,1,0.0500,0,-1.4475,1,0.3000,0,-1.4475,0.000,0.300
1746.518,overrun,A_leg2,4.758,-0.505,27.961,27.485,0.477,OVERRUN by 1702.58s,1,0.0500,0,-1.4475,1,0.3000,0,-1.4475,0.000,0.300
1747.541,overrun,A_leg2,4.758,-0.505,27.961,27.485,0.477,OVERRUN by 1703.61s,1,0.0500,0,-1.4475,1,0.3000,0,-1.4475,0.000,0.300
1748.558,overrun,A_leg2,4.758,-0.505,27.961,27.485,0.477,OVERRUN by 1704.62s,1,0.0500,0,-1.4475,1,0.3000,0,-1.4475,0.000,0.300
1749.581,overrun,A_leg2,4.758,-0.505,27.961,27.485,0.477,OVERRUN by 1705.64s,1,0.0500,0,-1.4475,1,0.3000,0,-1.4475,0.000,0.300
1750.605,overrun,A_leg2,4.758,-0.505,27.961,27.485,0.477,OVERRUN by 1706.67s,1,0.0500,0,-1.4475,1,0.3000,0,-1.4475,0.000,0.300
1751.629,overrun,A_leg2,4.758,-0.505,27.961,27.485,0.477,OVERRUN by 1707.69s,1,0.0500,0,-1.4475,1,0.3000,0,-1.4475,0.000,0.300
1752.645,overrun,A_leg2,4.758,-0.505,27.961,27.485,0.477,OVERRUN by 1708.71s,1,0.0500,0,-1.4475,1,0.3000,0,-1.4475,0.000,0.300
1753.673,overrun,A_leg2,4.758,-0.505,27.961,27.485,0.477,OVERRUN by 1709.74s,1,0.0500,0,-1.4475,1,0.3000,0,-1.4475,0.000,0.300
1754.677,overrun,A_leg2,4.758,-0.505,27.961,27.485,0.477,OVERRUN by 1710.74s,1,0.0500,0,-1.4475,1,0.3000,0,-1.4475,0.000,0.300
1755.716,overrun,A_leg2,4.758,-0.505,27.961,27.485,0.477,OVERRUN by 1711.78s,1,0.0500,0,-1.4475,1,0.3000,0,-1.4475,0.000,0.300
1756.739,overrun,A_leg2,4.758,-0.505,27.961,27.485,0.477,OVERRUN by 1712.80s,1,0.0500,0,-1.4475,1,0.3000,0,-1.4475,0.000,0.300
1757.755,overrun,A_leg2,4.758,-0.505,27.961,27.485,0.477,OVERRUN by 1713.82s,1,0.0500,0,-1.4475,1,0.3000,0,-1.4475,0.000,0.300
1758.787,overrun,A_leg2,4.758,-0.505,27.961,27.485,0.477,OVERRUN by 1714.85s,1,0.0500,0,-1.4475,1,0.3000,0,-1.4475,0.000,0.300
1759.809,overrun,A_leg2,4.758,-0.505,27.961,27.485,0.477,OVERRUN by 1715.87s,1,0.0500,0,-1.4475,1,0.3000,0,-1.4475,0.000,0.300
1760.838,overrun,A_leg2,4.758,-0.505,27.961,27.485,0.477,OVERRUN by 1716.90s,1,0.0500,0,-1.4475,1,0.3000,0,-1.4475,0.000,0.300
1761.869,overrun,A_leg2,4.758,-0.505,27.961,27.485,0.477,OVERRUN by 1717.93s,1,0.0500,0,-1.4475,1,0.3000,0,-1.4475,0.000,0.300
1762.900,overrun,A_leg2,4.758,-0.505,27.961,27.485,0.477,OVERRUN by 1718.96s,1,0.0500,0,-1.4475,1,0.3000,0,-1.4475,0.000,0.300
1763.920,overrun,A_leg2,4.758,-0.505,27.961,27.485,0.477,OVERRUN by 1719.98s,1,0.0500,0,-1.4475,1,0.3000,0,-1.4475,0.000,0.300
1764.943,overrun,A_leg2,4.758,-0.505,27.961,27.485,0.477,OVERRUN by 1721.01s,1,0.0500,0,-1.4475,1,0.3000,0,-1.4475,0.000,0.300
1765.966,overrun,A_leg2,4.758,-0.505,27.961,27.485,0.477,OVERRUN by 1722.03s,1,0.0500,0,-1.4475,1,0.3000,0,-1.4475,0.000,0.300
1766.994,overrun,A_leg2,4.758,-0.505,27.961,27.485,0.477,OVERRUN by 1723.06s,1,0.0500,0,-1.4475,1,0.3000,0,-1.4475,0.000,0.300
1768.008,overrun,A_leg2,4.758,-0.505,27.961,27.485,0.477,OVERRUN by 1724.07s,1,0.0500,0,-1.4475,1,0.3000,0,-1.4475,0.000,0.300
1769.031,overrun,A_leg2,4.758,-0.505,27.961,27.485,0.477,OVERRUN by 1725.10s,1,0.0500,0,-1.4475,1,0.3000,0,-1.4475,0.000,0.300
1770.066,overrun,A_leg2,4.758,-0.505,27.961,27.485,0.477,OVERRUN by 1726.13s,1,0.0500,0,-1.4475,1,0.3000,0,-1.4475,0.000,0.300
1771.093,overrun,A_leg2,4.758,-0.505,27.961,27.485,0.477,OVERRUN by 1727.16s,1,0.0500,0,-1.4475,1,0.3000,0,-1.4475,0.000,0.300
1772.115,overrun,A_leg2,4.758,-0.505,27.961,27.485,0.477,OVERRUN by 1728.18s,1,0.0500,0,-1.4475,1,0.3000,0,-1.4475,0.000,0.300
1773.147,overrun,A_leg2,4.758,-0.505,27.961,27.485,0.477,OVERRUN by 1729.21s,1,0.0500,0,-1.4475,1,0.3000,0,-1.4475,0.000,0.300
1774.181,overrun,A_leg2,4.758,-0.505,27.961,27.485,0.477,OVERRUN by 1730.25s,1,0.0500,0,-1.4475,1,0.3000,0,-1.4475,0.000,0.300
1775.210,overrun,A_leg2,4.758,-0.505,27.961,27.485,0.477,OVERRUN by 1731.27s,1,0.0500,0,-1.4475,1,0.3000,0,-1.4475,0.000,0.300
1776.244,overrun,A_leg2,4.758,-0.505,27.961,27.485,0.477,OVERRUN by 1732.31s,1,0.0500,0,-1.4475,1,0.3000,0,-1.4475,0.000,0.300
1777.270,overrun,A_leg2,4.758,-0.505,27.961,27.485,0.477,OVERRUN by 1733.33s,1,0.0500,0,-1.4475,1,0.3000,0,-1.4475,0.000,0.300
1778.302,overrun,A_leg2,4.758,-0.505,27.961,27.485,0.477,OVERRUN by 1734.37s,1,0.0500,0,-1.4475,1,0.3000,0,-1.4475,0.000,0.300
1779.337,overrun,A_leg2,4.758,-0.505,27.961,27.485,0.477,OVERRUN by 1735.40s,1,0.0500,0,-1.4475,1,0.3000,0,-1.4475,0.000,0.300
1780.362,overrun,A_leg2,4.758,-0.505,27.961,27.485,0.477,OVERRUN by 1736.43s,1,0.0500,0,-1.4475,1,0.3000,0,-1.4475,0.000,0.300
1781.392,overrun,A_leg2,4.758,-0.505,27.961,27.485,0.477,OVERRUN by 1737.46s,1,0.0500,0,-1.4475,1,0.3000,0,-1.4475,0.000,0.300
1782.417,overrun,A_leg2,4.758,-0.505,27.961,27.485,0.477,OVERRUN by 1738.48s,1,0.0500,0,-1.4475,1,0.3000,0,-1.4475,0.000,0.300
1783.440,overrun,A_leg2,4.758,-0.505,27.961,27.485,0.477,OVERRUN by 1739.50s,1,0.0500,0,-1.4475,1,0.3000,0,-1.4475,0.000,0.300
1784.467,overrun,A_leg2,4.758,-0.505,27.961,27.485,0.477,OVERRUN by 1740.53s,1,0.0500,0,-1.4475,1,0.3000,0,-1.4475,0.000,0.300
1785.483,overrun,A_leg2,4.758,-0.505,27.961,27.485,0.477,OVERRUN by 1741.55s,1,0.0500,0,-1.4475,1,0.3000,0,-1.4475,0.000,0.300
1786.510,overrun,A_leg2,4.758,-0.505,27.961,27.485,0.477,OVERRUN by 1742.57s,1,0.0500,0,-1.4475,1,0.3000,0,-1.4475,0.000,0.300
1787.531,overrun,A_leg2,4.758,-0.505,27.961,27.485,0.477,OVERRUN by 1743.60s,1,0.0500,0,-1.4475,1,0.3000,0,-1.4475,0.000,0.300
1788.551,overrun,A_leg2,4.758,-0.505,27.961,27.485,0.477,OVERRUN by 1744.62s,1,0.0500,0,-1.4475,1,0.3000,0,-1.4475,0.000,0.300
1789.566,overrun,A_leg2,4.758,-0.505,27.961,27.485,0.477,OVERRUN by 1745.63s,1,0.0500,0,-1.4475,1,0.3000,0,-1.4475,0.000,0.300
1790.592,overrun,A_leg2,4.758,-0.505,27.961,27.485,0.477,OVERRUN by 1746.66s,1,0.0500,0,-1.4475,1,0.3000,0,-1.4475,0.000,0.300
1791.611,overrun,A_leg2,4.758,-0.505,27.961,27.485,0.477,OVERRUN by 1747.67s,1,0.0500,0,-1.4475,1,0.3000,0,-1.4475,0.000,0.300
1792.637,overrun,A_leg2,4.758,-0.505,27.961,27.485,0.477,OVERRUN by 1748.70s,1,0.0500,0,-1.4475,1,0.3000,0,-1.4475,0.000,0.300
1793.658,overrun,A_leg2,4.758,-0.505,27.961,27.485,0.477,OVERRUN by 1749.72s,1,0.0500,0,-1.4475,1,0.3000,0,-1.4475,0.000,0.300
1794.667,overrun,A_leg2,4.758,-0.505,27.961,27.485,0.477,OVERRUN by 1750.73s,1,0.0500,0,-1.4475,1,0.3000,0,-1.4475,0.000,0.300
1795.700,overrun,A_leg2,4.758,-0.505,27.961,27.485,0.477,OVERRUN by 1751.76s,1,0.0500,0,-1.4475,1,0.3000,0,-1.4475,0.000,0.300
1796.712,overrun,A_leg2,4.758,-0.505,27.961,27.485,0.477,OVERRUN by 1752.78s,1,0.0500,0,-1.4475,1,0.3000,0,-1.4475,0.000,0.300
1797.736,overrun,A_leg2,4.758,-0.505,27.961,27.485,0.477,OVERRUN by 1753.80s,1,0.0500,0,-1.4475,1,0.3000,0,-1.4475,0.000,0.300
1798.753,overrun,A_leg2,4.758,-0.505,27.961,27.485,0.477,OVERRUN by 1754.82s,1,0.0500,0,-1.4475,1,0.3000,0,-1.4475,0.000,0.300
1799.774,overrun,A_leg2,4.758,-0.505,27.961,27.485,0.477,OVERRUN by 1755.84s,1,0.0500,0,-1.4475,1,0.3000,0,-1.4475,0.000,0.300
1800.796,overrun,A_leg2,4.758,-0.505,27.961,27.485,0.477,OVERRUN by 1756.86s,1,0.0500,0,-1.4475,1,0.3000,0,-1.4475,0.000,0.300
1801.833,overrun,A_leg2,4.758,-0.505,27.961,27.485,0.477,OVERRUN by 1757.90s,1,0.0500,0,-1.4475,1,0.3000,0,-1.4475,0.000,0.300
1802.858,overrun,A_leg2,4.758,-0.505,27.961,27.485,0.477,OVERRUN by 1758.92s,1,0.0500,0,-1.4475,1,0.3000,0,-1.4475,0.000,0.300
1803.893,overrun,A_leg2,4.758,-0.505,27.961,27.485,0.477,OVERRUN by 1759.96s,1,0.0500,0,-1.4475,1,0.3000,0,-1.4475,0.000,0.300
1804.908,overrun,A_leg2,4.758,-0.505,27.961,27.485,0.477,OVERRUN by 1760.97s,1,0.0500,0,-1.4475,1,0.3000,0,-1.4475,0.000,0.300
1805.930,overrun,A_leg2,4.758,-0.505,27.961,27.485,0.477,OVERRUN by 1761.99s,1,0.0500,0,-1.4475,1,0.3000,0,-1.4475,0.000,0.300
1806.956,overrun,A_leg2,4.758,-0.505,27.961,27.485,0.477,OVERRUN by 1763.02s,1,0.0500,0,-1.4475,1,0.3000,0,-1.4475,0.000,0.300
1807.988,overrun,A_leg2,4.758,-0.505,27.961,27.485,0.477,OVERRUN by 1764.05s,1,0.0500,0,-1.4475,1,0.3000,0,-1.4475,0.000,0.300
1809.002,overrun,A_leg2,4.758,-0.505,27.961,27.485,0.477,OVERRUN by 1765.07s,1,0.0500,0,-1.4475,1,0.3000,0,-1.4475,0.000,0.300
1810.031,overrun,A_leg2,4.758,-0.505,27.961,27.485,0.477,OVERRUN by 1766.09s,1,0.0500,0,-1.4475,1,0.3000,0,-1.4475,0.000,0.300
1811.057,overrun,A_leg2,4.758,-0.505,27.961,27.485,0.477,OVERRUN by 1767.12s,1,0.0500,0,-1.4475,1,0.3000,0,-1.4475,0.000,0.300
1812.092,overrun,A_leg2,4.758,-0.505,27.961,27.485,0.477,OVERRUN by 1768.16s,1,0.0500,0,-1.4475,1,0.3000,0,-1.4475,0.000,0.300
1813.117,overrun,A_leg2,4.758,-0.505,27.961,27.485,0.477,OVERRUN by 1769.18s,1,0.0500,0,-1.4475,1,0.3000,0,-1.4475,0.000,0.300
1814.135,overrun,A_leg2,4.758,-0.505,27.961,27.485,0.477,OVERRUN by 1770.20s,1,0.0500,0,-1.4475,1,0.3000,0,-1.4475,0.000,0.300
1815.150,overrun,A_leg2,4.758,-0.505,27.961,27.485,0.477,OVERRUN by 1771.21s,1,0.0500,0,-1.4475,1,0.3000,0,-1.4475,0.000,0.300
1816.167,overrun,A_leg2,4.758,-0.505,27.961,27.485,0.477,OVERRUN by 1772.23s,1,0.0500,0,-1.4475,1,0.3000,0,-1.4475,0.000,0.300
1817.191,overrun,A_leg2,4.758,-0.505,27.961,27.485,0.477,OVERRUN by 1773.25s,1,0.0500,0,-1.4475,1,0.3000,0,-1.4475,0.000,0.300
1818.221,overrun,A_leg2,4.758,-0.505,27.961,27.485,0.477,OVERRUN by 1774.29s,1,0.0500,0,-1.4475,1,0.3000,0,-1.4475,0.000,0.300
1819.255,overrun,A_leg2,4.758,-0.505,27.961,27.485,0.477,OVERRUN by 1775.32s,1,0.0500,0,-1.4475,1,0.3000,0,-1.4475,0.000,0.300
1820.296,overrun,A_leg2,4.758,-0.505,27.961,27.485,0.477,OVERRUN by 1776.36s,1,0.0500,0,-1.4475,1,0.3000,0,-1.4475,0.000,0.300
1821.328,overrun,A_leg2,4.758,-0.505,27.961,27.485,0.477,OVERRUN by 1777.39s,1,0.0500,0,-1.4475,1,0.3000,0,-1.4475,0.000,0.300
1822.366,overrun,A_leg2,4.758,-0.505,27.961,27.485,0.477,OVERRUN by 1778.43s,1,0.0500,0,-1.4475,1,0.3000,0,-1.4475,0.000,0.300
1823.397,overrun,A_leg2,4.758,-0.505,27.961,27.485,0.477,OVERRUN by 1779.46s,1,0.0500,0,-1.4475,1,0.3000,0,-1.4475,0.000,0.300
1824.429,overrun,A_leg2,4.758,-0.505,27.961,27.485,0.477,OVERRUN by 1780.49s,1,0.0500,0,-1.4475,1,0.3000,0,-1.4475,0.000,0.300
1825.463,overrun,A_leg2,4.758,-0.505,27.961,27.485,0.477,OVERRUN by 1781.53s,1,0.0500,0,-1.4475,1,0.3000,0,-1.4475,0.000,0.300
1826.500,overrun,A_leg2,4.758,-0.505,27.961,27.485,0.477,OVERRUN by 1782.56s,1,0.0500,0,-1.4475,1,0.3000,0,-1.4475,0.000,0.300
1827.543,overrun,A_leg2,4.758,-0.505,27.961,27.485,0.477,OVERRUN by 1783.61s,1,0.0500,0,-1.4475,1,0.3000,0,-1.4475,0.000,0.300
1828.578,overrun,A_leg2,4.758,-0.505,27.961,27.485,0.477,OVERRUN by 1784.64s,1,0.0500,0,-1.4475,1,0.3000,0,-1.4475,0.000,0.300
1829.616,overrun,A_leg2,4.758,-0.505,27.961,27.485,0.477,OVERRUN by 1785.68s,1,0.0500,0,-1.4475,1,0.3000,0,-1.4475,0.000,0.300
1830.641,overrun,A_leg2,4.758,-0.505,27.961,27.485,0.477,OVERRUN by 1786.70s,1,0.0500,0,-1.4475,1,0.3000,0,-1.4475,0.000,0.300
1831.665,overrun,A_leg2,4.758,-0.505,27.961,27.485,0.477,OVERRUN by 1787.73s,1,0.0500,0,-1.4475,1,0.3000,0,-1.4475,0.000,0.300
1832.701,overrun,A_leg2,4.758,-0.505,27.961,27.485,0.477,OVERRUN by 1788.76s,1,0.0500,0,-1.4475,1,0.3000,0,-1.4475,0.000,0.300
1833.726,overrun,A_leg2,4.758,-0.505,27.961,27.485,0.477,OVERRUN by 1789.79s,1,0.0500,0,-1.4475,1,0.3000,0,-1.4475,0.000,0.300
1834.748,overrun,A_leg2,4.758,-0.505,27.961,27.485,0.477,OVERRUN by 1790.81s,1,0.0500,0,-1.4475,1,0.3000,0,-1.4475,0.000,0.300
1835.784,overrun,A_leg2,4.758,-0.505,27.961,27.485,0.477,OVERRUN by 1791.85s,1,0.0500,0,-1.4475,1,0.3000,0,-1.4475,0.000,0.300
1836.816,overrun,A_leg2,4.758,-0.505,27.961,27.485,0.477,OVERRUN by 1792.88s,1,0.0500,0,-1.4475,1,0.3000,0,-1.4475,0.000,0.300
1837.846,overrun,A_leg2,4.758,-0.505,27.961,27.485,0.477,OVERRUN by 1793.91s,1,0.0500,0,-1.4475,1,0.3000,0,-1.4475,0.000,0.300
1838.874,overrun,A_leg2,4.758,-0.505,27.961,27.485,0.477,OVERRUN by 1794.94s,1,0.0500,0,-1.4475,1,0.3000,0,-1.4475,0.000,0.300
1839.890,overrun,A_leg2,4.758,-0.505,27.961,27.485,0.477,OVERRUN by 1795.95s,1,0.0500,0,-1.4475,1,0.3000,0,-1.4475,0.000,0.300
1840.916,overrun,A_leg2,4.758,-0.505,27.961,27.485,0.477,OVERRUN by 1796.98s,1,0.0500,0,-1.4475,1,0.3000,0,-1.4475,0.000,0.300
1841.950,overrun,A_leg2,4.758,-0.505,27.961,27.485,0.477,OVERRUN by 1798.01s,1,0.0500,0,-1.4475,1,0.3000,0,-1.4475,0.000,0.300
1842.985,overrun,A_leg2,4.758,-0.505,27.961,27.485,0.477,OVERRUN by 1799.05s,1,0.0500,0,-1.4475,1,0.3000,0,-1.4475,0.000,0.300
1844.009,overrun,A_leg2,4.758,-0.505,27.961,27.485,0.477,OVERRUN by 1800.07s,1,0.0500,0,-1.4475,1,0.3000,0,-1.4475,0.000,0.300
1845.045,overrun,A_leg2,4.758,-0.505,27.961,27.485,0.477,OVERRUN by 1801.11s,1,0.0500,0,-1.4475,1,0.3000,0,-1.4475,0.000,0.300
1846.070,overrun,A_leg2,4.758,-0.505,27.961,27.485,0.477,OVERRUN by 1802.13s,1,0.0500,0,-1.4475,1,0.3000,0,-1.4475,0.000,0.300
1847.102,overrun,A_leg2,4.758,-0.505,27.961,27.485,0.477,OVERRUN by 1803.17s,1,0.0500,0,-1.4475,1,0.3000,0,-1.4475,0.000,0.300
1848.126,overrun,A_leg2,4.758,-0.505,27.961,27.485,0.477,OVERRUN by 1804.19s,1,0.0500,0,-1.4475,1,0.3000,0,-1.4475,0.000,0.300
1849.152,overrun,A_leg2,4.758,-0.505,27.961,27.485,0.477,OVERRUN by 1805.22s,1,0.0500,0,-1.4475,1,0.3000,0,-1.4475,0.000,0.300
1850.195,overrun,A_leg2,4.758,-0.505,27.961,27.485,0.477,OVERRUN by 1806.26s,1,0.0500,0,-1.4475,1,0.3000,0,-1.4475,0.000,0.300
1851.219,overrun,A_leg2,4.758,-0.505,27.961,27.485,0.477,OVERRUN by 1807.28s,1,0.0500,0,-1.4475,1,0.3000,0,-1.4475,0.000,0.300
1852.255,overrun,A_leg2,4.758,-0.505,27.961,27.485,0.477,OVERRUN by 1808.32s,1,0.0500,0,-1.4475,1,0.3000,0,-1.4475,0.000,0.300
1853.285,overrun,A_leg2,4.758,-0.505,27.961,27.485,0.477,OVERRUN by 1809.35s,1,0.0500,0,-1.4475,1,0.3000,0,-1.4475,0.000,0.300
1854.312,overrun,A_leg2,4.758,-0.505,27.961,27.485,0.477,OVERRUN by 1810.38s,1,0.0500,0,-1.4475,1,0.3000,0,-1.4475,0.000,0.300
1855.355,overrun,A_leg2,4.758,-0.505,27.961,27.485,0.477,OVERRUN by 1811.42s,1,0.0500,0,-1.4475,1,0.3000,0,-1.4475,0.000,0.300
1856.374,overrun,A_leg2,4.758,-0.505,27.961,27.485,0.477,OVERRUN by 1812.44s,1,0.0500,0,-1.4475,1,0.3000,0,-1.4475,0.000,0.300
1857.411,overrun,A_leg2,4.758,-0.505,27.961,27.485,0.477,OVERRUN by 1813.48s,1,0.0500,0,-1.4475,1,0.3000,0,-1.4475,0.000,0.300
1858.452,overrun,A_leg2,4.758,-0.505,27.961,27.485,0.477,OVERRUN by 1814.52s,1,0.0500,0,-1.4475,1,0.3000,0,-1.4475,0.000,0.300
1859.490,overrun,A_leg2,4.758,-0.505,27.961,27.485,0.477,OVERRUN by 1815.55s,1,0.0500,0,-1.4475,1,0.3000,0,-1.4475,0.000,0.300
1860.524,overrun,A_leg2,4.758,-0.505,27.961,27.485,0.477,OVERRUN by 1816.59s,1,0.0500,0,-1.4475,1,0.3000,0,-1.4475,0.000,0.300
1861.562,overrun,A_leg2,4.758,-0.505,27.961,27.485,0.477,OVERRUN by 1817.63s,1,0.0500,0,-1.4475,1,0.3000,0,-1.4475,0.000,0.300
1862.584,overrun,A_leg2,4.758,-0.505,27.961,27.485,0.477,OVERRUN by 1818.65s,1,0.0500,0,-1.4475,1,0.3000,0,-1.4475,0.000,0.300
1863.609,overrun,A_leg2,4.758,-0.505,27.961,27.485,0.477,OVERRUN by 1819.67s,1,0.0500,0,-1.4475,1,0.3000,0,-1.4475,0.000,0.300
1864.641,overrun,A_leg2,4.758,-0.505,27.961,27.485,0.477,OVERRUN by 1820.70s,1,0.0500,0,-1.4475,1,0.3000,0,-1.4475,0.000,0.300
1865.664,overrun,A_leg2,4.758,-0.505,27.961,27.485,0.477,OVERRUN by 1821.73s,1,0.0500,0,-1.4475,1,0.3000,0,-1.4475,0.000,0.300
1866.693,overrun,A_leg2,4.758,-0.505,27.961,27.485,0.477,OVERRUN by 1822.76s,1,0.0500,0,-1.4475,1,0.3000,0,-1.4475,0.000,0.300
1867.723,overrun,A_leg2,4.758,-0.505,27.961,27.485,0.477,OVERRUN by 1823.79s,1,0.0500,0,-1.4475,1,0.3000,0,-1.4475,0.000,0.300
1868.762,overrun,A_leg2,4.758,-0.505,27.961,27.485,0.477,OVERRUN by 1824.83s,1,0.0500,0,-1.4475,1,0.3000,0,-1.4475,0.000,0.300
1869.802,overrun,A_leg2,4.758,-0.505,27.961,27.485,0.477,OVERRUN by 1825.87s,1,0.0500,0,-1.4475,1,0.3000,0,-1.4475,0.000,0.300
1870.841,overrun,A_leg2,4.758,-0.505,27.961,27.485,0.477,OVERRUN by 1826.90s,1,0.0500,0,-1.4475,1,0.3000,0,-1.4475,0.000,0.300
1871.879,overrun,A_leg2,4.758,-0.505,27.961,27.485,0.477,OVERRUN by 1827.94s,1,0.0500,0,-1.4475,1,0.3000,0,-1.4475,0.000,0.300
1872.917,overrun,A_leg2,4.758,-0.505,27.961,27.485,0.477,OVERRUN by 1828.98s,1,0.0500,0,-1.4475,1,0.3000,0,-1.4475,0.000,0.300
1873.954,overrun,A_leg2,4.758,-0.505,27.961,27.485,0.477,OVERRUN by 1830.02s,1,0.0500,0,-1.4475,1,0.3000,0,-1.4475,0.000,0.300
1874.988,overrun,A_leg2,4.758,-0.505,27.961,27.485,0.477,OVERRUN by 1831.05s,1,0.0500,0,-1.4475,1,0.3000,0,-1.4475,0.000,0.300
1876.017,overrun,A_leg2,4.758,-0.505,27.961,27.485,0.477,OVERRUN by 1832.08s,1,0.0500,0,-1.4475,1,0.3000,0,-1.4475,0.000,0.300
1877.060,overrun,A_leg2,4.758,-0.505,27.961,27.485,0.477,OVERRUN by 1833.12s,1,0.0500,0,-1.4475,1,0.3000,0,-1.4475,0.000,0.300
1878.094,overrun,A_leg2,4.758,-0.505,27.961,27.485,0.477,OVERRUN by 1834.16s,1,0.0500,0,-1.4475,1,0.3000,0,-1.4475,0.000,0.300
1879.122,overrun,A_leg2,4.758,-0.505,27.961,27.485,0.477,OVERRUN by 1835.19s,1,0.0500,0,-1.4475,1,0.3000,0,-1.4475,0.000,0.300
1880.145,overrun,A_leg2,4.758,-0.505,27.961,27.485,0.477,OVERRUN by 1836.21s,1,0.0500,0,-1.4475,1,0.3000,0,-1.4475,0.000,0.300
1881.178,overrun,A_leg2,4.758,-0.505,27.961,27.485,0.477,OVERRUN by 1837.24s,1,0.0500,0,-1.4475,1,0.3000,0,-1.4475,0.000,0.300
1882.209,overrun,A_leg2,4.758,-0.505,27.961,27.485,0.477,OVERRUN by 1838.27s,1,0.0500,0,-1.4475,1,0.3000,0,-1.4475,0.000,0.300
1883.237,overrun,A_leg2,4.758,-0.505,27.961,27.485,0.477,OVERRUN by 1839.30s,1,0.0500,0,-1.4475,1,0.3000,0,-1.4475,0.000,0.300
1884.267,overrun,A_leg2,4.758,-0.505,27.961,27.485,0.477,OVERRUN by 1840.33s,1,0.0500,0,-1.4475,1,0.3000,0,-1.4475,0.000,0.300
1885.281,overrun,A_leg2,4.758,-0.505,27.961,27.485,0.477,OVERRUN by 1841.35s,1,0.0500,0,-1.4475,1,0.3000,0,-1.4475,0.000,0.300
1886.307,overrun,A_leg2,4.758,-0.505,27.961,27.485,0.477,OVERRUN by 1842.37s,1,0.0500,0,-1.4475,1,0.3000,0,-1.4475,0.000,0.300
1887.338,overrun,A_leg2,4.758,-0.505,27.961,27.485,0.477,OVERRUN by 1843.40s,1,0.0500,0,-1.4475,1,0.3000,0,-1.4475,0.000,0.300
1888.364,overrun,A_leg2,4.758,-0.505,27.961,27.485,0.477,OVERRUN by 1844.43s,1,0.0500,0,-1.4475,1,0.3000,0,-1.4475,0.000,0.300
1889.378,overrun,A_leg2,4.758,-0.505,27.961,27.485,0.477,OVERRUN by 1845.44s,1,0.0500,0,-1.4475,1,0.3000,0,-1.4475,0.000,0.300
1890.408,overrun,A_leg2,4.758,-0.505,27.961,27.485,0.477,OVERRUN by 1846.47s,1,0.0500,0,-1.4475,1,0.3000,0,-1.4475,0.000,0.300
1891.424,overrun,A_leg2,4.758,-0.505,27.961,27.485,0.477,OVERRUN by 1847.49s,1,0.0500,0,-1.4475,1,0.3000,0,-1.4475,0.000,0.300
1892.446,overrun,A_leg2,4.758,-0.505,27.961,27.485,0.477,OVERRUN by 1848.51s,1,0.0500,0,-1.4475,1,0.3000,0,-1.4475,0.000,0.300
1893.476,overrun,A_leg2,4.758,-0.505,27.961,27.485,0.477,OVERRUN by 1849.54s,1,0.0500,0,-1.4475,1,0.3000,0,-1.4475,0.000,0.300
1894.501,overrun,A_leg2,4.758,-0.505,27.961,27.485,0.477,OVERRUN by 1850.56s,1,0.0500,0,-1.4475,1,0.3000,0,-1.4475,0.000,0.300
1895.515,overrun,A_leg2,4.758,-0.505,27.961,27.485,0.477,OVERRUN by 1851.58s,1,0.0500,0,-1.4475,1,0.3000,0,-1.4475,0.000,0.300
1896.535,overrun,A_leg2,4.758,-0.505,27.961,27.485,0.477,OVERRUN by 1852.60s,1,0.0500,0,-1.4475,1,0.3000,0,-1.4475,0.000,0.300
1897.571,overrun,A_leg2,4.758,-0.505,27.961,27.485,0.477,OVERRUN by 1853.63s,1,0.0500,0,-1.4475,1,0.3000,0,-1.4475,0.000,0.300
1898.598,overrun,A_leg2,4.758,-0.505,27.961,27.485,0.477,OVERRUN by 1854.66s,1,0.0500,0,-1.4475,1,0.3000,0,-1.4475,0.000,0.300
1899.626,overrun,A_leg2,4.758,-0.505,27.961,27.485,0.477,OVERRUN by 1855.69s,1,0.0500,0,-1.4475,1,0.3000,0,-1.4475,0.000,0.300
1900.649,overrun,A_leg2,4.758,-0.505,27.961,27.485,0.477,OVERRUN by 1856.71s,1,0.0500,0,-1.4475,1,0.3000,0,-1.4475,0.000,0.300
1901.676,overrun,A_leg2,4.758,-0.505,27.961,27.485,0.477,OVERRUN by 1857.74s,1,0.0500,0,-1.4475,1,0.3000,0,-1.4475,0.000,0.300
1902.703,overrun,A_leg2,4.758,-0.505,27.961,27.485,0.477,OVERRUN by 1858.77s,1,0.0500,0,-1.4475,1,0.3000,0,-1.4475,0.000,0.300
1903.733,overrun,A_leg2,4.758,-0.505,27.961,27.485,0.477,OVERRUN by 1859.80s,1,0.0500,0,-1.4475,1,0.3000,0,-1.4475,0.000,0.300
1904.768,overrun,A_leg2,4.758,-0.505,27.961,27.485,0.477,OVERRUN by 1860.83s,1,0.0500,0,-1.4475,1,0.3000,0,-1.4475,0.000,0.300
1905.785,overrun,A_leg2,4.758,-0.505,27.961,27.485,0.477,OVERRUN by 1861.85s,1,0.0500,0,-1.4475,1,0.3000,0,-1.4475,0.000,0.300
1906.807,overrun,A_leg2,4.758,-0.505,27.961,27.485,0.477,OVERRUN by 1862.87s,1,0.0500,0,-1.4475,1,0.3000,0,-1.4475,0.000,0.300
1907.813,overrun,A_leg2,4.758,-0.505,27.961,27.485,0.477,OVERRUN by 1863.88s,1,0.0500,0,-1.4475,1,0.3000,0,-1.4475,0.000,0.300
1908.833,overrun,A_leg2,4.758,-0.505,27.961,27.485,0.477,OVERRUN by 1864.90s,1,0.0500,0,-1.4475,1,0.3000,0,-1.4475,0.000,0.300
1909.868,overrun,A_leg2,4.758,-0.505,27.961,27.485,0.477,OVERRUN by 1865.93s,1,0.0500,0,-1.4475,1,0.3000,0,-1.4475,0.000,0.300
1910.876,overrun,A_leg2,4.758,-0.505,27.961,27.485,0.477,OVERRUN by 1866.94s,1,0.0500,0,-1.4475,1,0.3000,0,-1.4475,0.000,0.300
1911.907,overrun,A_leg2,4.758,-0.505,27.961,27.485,0.477,OVERRUN by 1867.97s,1,0.0500,0,-1.4475,1,0.3000,0,-1.4475,0.000,0.300
1912.926,overrun,A_leg2,4.758,-0.505,27.961,27.485,0.477,OVERRUN by 1868.99s,1,0.0500,0,-1.4475,1,0.3000,0,-1.4475,0.000,0.300
1913.959,overrun,A_leg2,4.758,-0.505,27.961,27.485,0.477,OVERRUN by 1870.02s,1,0.0500,0,-1.4475,1,0.3000,0,-1.4475,0.000,0.300
1914.991,overrun,A_leg2,4.758,-0.505,27.961,27.485,0.477,OVERRUN by 1871.06s,1,0.0500,0,-1.4475,1,0.3000,0,-1.4475,0.000,0.300
1916.022,overrun,A_leg2,4.758,-0.505,27.961,27.485,0.477,OVERRUN by 1872.09s,1,0.0500,0,-1.4475,1,0.3000,0,-1.4475,0.000,0.300
1917.055,overrun,A_leg2,4.758,-0.505,27.961,27.485,0.477,OVERRUN by 1873.12s,1,0.0500,0,-1.4475,1,0.3000,0,-1.4475,0.000,0.300
1918.074,overrun,A_leg2,4.758,-0.505,27.961,27.485,0.477,OVERRUN by 1874.14s,1,0.0500,0,-1.4475,1,0.3000,0,-1.4475,0.000,0.300
1919.095,overrun,A_leg2,4.758,-0.505,27.961,27.485,0.477,OVERRUN by 1875.16s,1,0.0500,0,-1.4475,1,0.3000,0,-1.4475,0.000,0.300
1920.131,overrun,A_leg2,4.758,-0.505,27.961,27.485,0.477,OVERRUN by 1876.19s,1,0.0500,0,-1.4475,1,0.3000,0,-1.4475,0.000,0.300
1921.154,overrun,A_leg2,4.758,-0.505,27.961,27.485,0.477,OVERRUN by 1877.22s,1,0.0500,0,-1.4475,1,0.3000,0,-1.4475,0.000,0.300
1922.191,overrun,A_leg2,4.758,-0.505,27.961,27.485,0.477,OVERRUN by 1878.25s,1,0.0500,0,-1.4475,1,0.3000,0,-1.4475,0.000,0.300
1923.217,overrun,A_leg2,4.758,-0.505,27.961,27.485,0.477,OVERRUN by 1879.28s,1,0.0500,0,-1.4475,1,0.3000,0,-1.4475,0.000,0.300
1924.242,overrun,A_leg2,4.758,-0.505,27.961,27.485,0.477,OVERRUN by 1880.31s,1,0.0500,0,-1.4475,1,0.3000,0,-1.4475,0.000,0.300
1925.267,overrun,A_leg2,4.758,-0.505,27.961,27.485,0.477,OVERRUN by 1881.33s,1,0.0500,0,-1.4475,1,0.3000,0,-1.4475,0.000,0.300
1926.294,overrun,A_leg2,4.758,-0.505,27.961,27.485,0.477,OVERRUN by 1882.36s,1,0.0500,0,-1.4475,1,0.3000,0,-1.4475,0.000,0.300
1927.319,overrun,A_leg2,4.758,-0.505,27.961,27.485,0.477,OVERRUN by 1883.38s,1,0.0500,0,-1.4475,1,0.3000,0,-1.4475,0.000,0.300
1928.334,overrun,A_leg2,4.758,-0.505,27.961,27.485,0.477,OVERRUN by 1884.40s,1,0.0500,0,-1.4475,1,0.3000,0,-1.4475,0.000,0.300
1929.360,overrun,A_leg2,4.758,-0.505,27.961,27.485,0.477,OVERRUN by 1885.42s,1,0.0500,0,-1.4475,1,0.3000,0,-1.4475,0.000,0.300
1930.388,overrun,A_leg2,4.758,-0.505,27.961,27.485,0.477,OVERRUN by 1886.45s,1,0.0500,0,-1.4475,1,0.3000,0,-1.4475,0.000,0.300
1931.401,overrun,A_leg2,4.758,-0.505,27.961,27.485,0.477,OVERRUN by 1887.47s,1,0.0500,0,-1.4475,1,0.3000,0,-1.4475,0.000,0.300
1932.431,overrun,A_leg2,4.758,-0.505,27.961,27.485,0.477,OVERRUN by 1888.49s,1,0.0500,0,-1.4475,1,0.3000,0,-1.4475,0.000,0.300
1933.450,overrun,A_leg2,4.758,-0.505,27.961,27.485,0.477,OVERRUN by 1889.51s,1,0.0500,0,-1.4475,1,0.3000,0,-1.4475,0.000,0.300
1934.476,overrun,A_leg2,4.758,-0.505,27.961,27.485,0.477,OVERRUN by 1890.54s,1,0.0500,0,-1.4475,1,0.3000,0,-1.4475,0.000,0.300
1935.507,overrun,A_leg2,4.758,-0.505,27.961,27.485,0.477,OVERRUN by 1891.57s,1,0.0500,0,-1.4475,1,0.3000,0,-1.4475,0.000,0.300
1936.525,overrun,A_leg2,4.758,-0.505,27.961,27.485,0.477,OVERRUN by 1892.59s,1,0.0500,0,-1.4475,1,0.3000,0,-1.4475,0.000,0.300
1937.547,overrun,A_leg2,4.758,-0.505,27.961,27.485,0.477,OVERRUN by 1893.61s,1,0.0500,0,-1.4475,1,0.3000,0,-1.4475,0.000,0.300
1938.554,overrun,A_leg2,4.758,-0.505,27.961,27.485,0.477,OVERRUN by 1894.62s,1,0.0500,0,-1.4475,1,0.3000,0,-1.4475,0.000,0.300
1939.566,overrun,A_leg2,4.758,-0.505,27.961,27.485,0.477,OVERRUN by 1895.63s,1,0.0500,0,-1.4475,1,0.3000,0,-1.4475,0.000,0.300
1940.589,overrun,A_leg2,4.758,-0.505,27.961,27.485,0.477,OVERRUN by 1896.65s,1,0.0500,0,-1.4475,1,0.3000,0,-1.4475,0.000,0.300
1941.624,overrun,A_leg2,4.758,-0.505,27.961,27.485,0.477,OVERRUN by 1897.69s,1,0.0500,0,-1.4475,1,0.3000,0,-1.4475,0.000,0.300
1942.654,overrun,A_leg2,4.758,-0.505,27.961,27.485,0.477,OVERRUN by 1898.72s,1,0.0500,0,-1.4475,1,0.3000,0,-1.4475,0.000,0.300
1943.683,overrun,A_leg2,4.758,-0.505,27.961,27.485,0.477,OVERRUN by 1899.75s,1,0.0500,0,-1.4475,1,0.3000,0,-1.4475,0.000,0.300
1944.713,overrun,A_leg2,4.758,-0.505,27.961,27.485,0.477,OVERRUN by 1900.78s,1,0.0500,0,-1.4475,1,0.3000,0,-1.4475,0.000,0.300
1945.747,overrun,A_leg2,4.758,-0.505,27.961,27.485,0.477,OVERRUN by 1901.81s,1,0.0500,0,-1.4475,1,0.3000,0,-1.4475,0.000,0.300
1946.793,overrun,A_leg2,4.758,-0.505,27.961,27.485,0.477,OVERRUN by 1902.86s,1,0.0500,0,-1.4475,1,0.3000,0,-1.4475,0.000,0.300
1947.834,overrun,A_leg2,4.758,-0.505,27.961,27.485,0.477,OVERRUN by 1903.90s,1,0.0500,0,-1.4475,1,0.3000,0,-1.4475,0.000,0.300
1948.864,overrun,A_leg2,4.758,-0.505,27.961,27.485,0.477,OVERRUN by 1904.93s,1,0.0500,0,-1.4475,1,0.3000,0,-1.4475,0.000,0.300
1949.894,overrun,A_leg2,4.758,-0.505,27.961,27.485,0.477,OVERRUN by 1905.96s,1,0.0500,0,-1.4475,1,0.3000,0,-1.4475,0.000,0.300
1950.914,overrun,A_leg2,4.758,-0.505,27.961,27.485,0.477,OVERRUN by 1906.98s,1,0.0500,0,-1.4475,1,0.3000,0,-1.4475,0.000,0.300
1951.940,overrun,A_leg2,4.758,-0.505,27.961,27.485,0.477,OVERRUN by 1908.00s,1,0.0500,0,-1.4475,1,0.3000,0,-1.4475,0.000,0.300
1952.982,overrun,A_leg2,4.758,-0.505,27.961,27.485,0.477,OVERRUN by 1909.05s,1,0.0500,0,-1.4475,1,0.3000,0,-1.4475,0.000,0.300
1954.017,overrun,A_leg2,4.758,-0.505,27.961,27.485,0.477,OVERRUN by 1910.08s,1,0.0500,0,-1.4475,1,0.3000,0,-1.4475,0.000,0.300
1955.053,overrun,A_leg2,4.758,-0.505,27.961,27.485,0.477,OVERRUN by 1911.12s,1,0.0500,0,-1.4475,1,0.3000,0,-1.4475,0.000,0.300
1956.083,overrun,A_leg2,4.758,-0.505,27.961,27.485,0.477,OVERRUN by 1912.15s,1,0.0500,0,-1.4475,1,0.3000,0,-1.4475,0.000,0.300
1957.114,overrun,A_leg2,4.758,-0.505,27.961,27.485,0.477,OVERRUN by 1913.18s,1,0.0500,0,-1.4475,1,0.3000,0,-1.4475,0.000,0.300
1958.148,overrun,A_leg2,4.758,-0.505,27.961,27.485,0.477,OVERRUN by 1914.21s,1,0.0500,0,-1.4475,1,0.3000,0,-1.4475,0.000,0.300
1959.182,overrun,A_leg2,4.758,-0.505,27.961,27.485,0.477,OVERRUN by 1915.25s,1,0.0500,0,-1.4475,1,0.3000,0,-1.4475,0.000,0.300
1960.200,overrun,A_leg2,4.758,-0.505,27.961,27.485,0.477,OVERRUN by 1916.26s,1,0.0500,0,-1.4475,1,0.3000,0,-1.4475,0.000,0.300
1961.215,overrun,A_leg2,4.758,-0.505,27.961,27.485,0.477,OVERRUN by 1917.28s,1,0.0500,0,-1.4475,1,0.3000,0,-1.4475,0.000,0.300
1962.242,overrun,A_leg2,4.758,-0.505,27.961,27.485,0.477,OVERRUN by 1918.31s,1,0.0500,0,-1.4475,1,0.3000,0,-1.4475,0.000,0.300
1963.280,overrun,A_leg2,4.758,-0.505,27.961,27.485,0.477,OVERRUN by 1919.34s,1,0.0500,0,-1.4475,1,0.3000,0,-1.4475,0.000,0.300
1964.306,overrun,A_leg2,4.758,-0.505,27.961,27.485,0.477,OVERRUN by 1920.37s,1,0.0500,0,-1.4475,1,0.3000,0,-1.4475,0.000,0.300
1965.337,overrun,A_leg2,4.758,-0.505,27.961,27.485,0.477,OVERRUN by 1921.40s,1,0.0500,0,-1.4475,1,0.3000,0,-1.4475,0.000,0.300
1966.377,overrun,A_leg2,4.758,-0.505,27.961,27.485,0.477,OVERRUN by 1922.44s,1,0.0500,0,-1.4475,1,0.3000,0,-1.4475,0.000,0.300
1967.393,overrun,A_leg2,4.758,-0.505,27.961,27.485,0.477,OVERRUN by 1923.46s,1,0.0500,0,-1.4475,1,0.3000,0,-1.4475,0.000,0.300
1968.424,overrun,A_leg2,4.758,-0.505,27.961,27.485,0.477,OVERRUN by 1924.49s,1,0.0500,0,-1.4475,1,0.3000,0,-1.4475,0.000,0.300
1969.445,overrun,A_leg2,4.758,-0.505,27.961,27.485,0.477,OVERRUN by 1925.51s,1,0.0500,0,-1.4475,1,0.3000,0,-1.4475,0.000,0.300
1970.481,overrun,A_leg2,4.758,-0.505,27.961,27.485,0.477,OVERRUN by 1926.54s,1,0.0500,0,-1.4475,1,0.3000,0,-1.4475,0.000,0.300
1971.513,overrun,A_leg2,4.758,-0.505,27.961,27.485,0.477,OVERRUN by 1927.58s,1,0.0500,0,-1.4475,1,0.3000,0,-1.4475,0.000,0.300
1972.534,overrun,A_leg2,4.758,-0.505,27.961,27.485,0.477,OVERRUN by 1928.60s,1,0.0500,0,-1.4475,1,0.3000,0,-1.4475,0.000,0.300
1973.572,overrun,A_leg2,4.758,-0.505,27.961,27.485,0.477,OVERRUN by 1929.64s,1,0.0500,0,-1.4475,1,0.3000,0,-1.4475,0.000,0.300
1974.596,overrun,A_leg2,4.758,-0.505,27.961,27.485,0.477,OVERRUN by 1930.66s,1,0.0500,0,-1.4475,1,0.3000,0,-1.4475,0.000,0.300
1975.623,overrun,A_leg2,4.758,-0.505,27.961,27.485,0.477,OVERRUN by 1931.69s,1,0.0500,0,-1.4475,1,0.3000,0,-1.4475,0.000,0.300
1976.641,overrun,A_leg2,4.758,-0.505,27.961,27.485,0.477,OVERRUN by 1932.71s,1,0.0500,0,-1.4475,1,0.3000,0,-1.4475,0.000,0.300
1977.654,overrun,A_leg2,4.758,-0.505,27.961,27.485,0.477,OVERRUN by 1933.72s,1,0.0500,0,-1.4475,1,0.3000,0,-1.4475,0.000,0.300
1978.691,overrun,A_leg2,4.758,-0.505,27.961,27.485,0.477,OVERRUN by 1934.76s,1,0.0500,0,-1.4475,1,0.3000,0,-1.4475,0.000,0.300
1979.725,overrun,A_leg2,4.758,-0.505,27.961,27.485,0.477,OVERRUN by 1935.79s,1,0.0500,0,-1.4475,1,0.3000,0,-1.4475,0.000,0.300
1980.751,overrun,A_leg2,4.758,-0.505,27.961,27.485,0.477,OVERRUN by 1936.81s,1,0.0500,0,-1.4475,1,0.3000,0,-1.4475,0.000,0.300
1981.768,overrun,A_leg2,4.758,-0.505,27.961,27.485,0.477,OVERRUN by 1937.83s,1,0.0500,0,-1.4475,1,0.3000,0,-1.4475,0.000,0.300
1982.787,overrun,A_leg2,4.758,-0.505,27.961,27.485,0.477,OVERRUN by 1938.85s,1,0.0500,0,-1.4475,1,0.3000,0,-1.4475,0.000,0.300
1983.812,overrun,A_leg2,4.758,-0.505,27.961,27.485,0.477,OVERRUN by 1939.88s,1,0.0500,0,-1.4475,1,0.3000,0,-1.4475,0.000,0.300
1984.838,overrun,A_leg2,4.758,-0.505,27.961,27.485,0.477,OVERRUN by 1940.90s,1,0.0500,0,-1.4475,1,0.3000,0,-1.4475,0.000,0.300
1985.849,overrun,A_leg2,4.758,-0.505,27.961,27.485,0.477,OVERRUN by 1941.91s,1,0.0500,0,-1.4475,1,0.3000,0,-1.4475,0.000,0.300
1986.875,overrun,A_leg2,4.758,-0.505,27.961,27.485,0.477,OVERRUN by 1942.94s,1,0.0500,0,-1.4475,1,0.3000,0,-1.4475,0.000,0.300
1987.897,overrun,A_leg2,4.758,-0.505,27.961,27.485,0.477,OVERRUN by 1943.96s,1,0.0500,0,-1.4475,1,0.3000,0,-1.4475,0.000,0.300
1988.918,overrun,A_leg2,4.758,-0.505,27.961,27.485,0.477,OVERRUN by 1944.98s,1,0.0500,0,-1.4475,1,0.3000,0,-1.4475,0.000,0.300
1989.948,overrun,A_leg2,4.758,-0.505,27.961,27.485,0.477,OVERRUN by 1946.01s,1,0.0500,0,-1.4475,1,0.3000,0,-1.4475,0.000,0.300
1990.975,overrun,A_leg2,4.758,-0.505,27.961,27.485,0.477,OVERRUN by 1947.04s,1,0.0500,0,-1.4475,1,0.3000,0,-1.4475,0.000,0.300
1992.005,overrun,A_leg2,4.758,-0.505,27.961,27.485,0.477,OVERRUN by 1948.07s,1,0.0500,0,-1.4475,1,0.3000,0,-1.4475,0.000,0.300
1993.030,overrun,A_leg2,4.758,-0.505,27.961,27.485,0.477,OVERRUN by 1949.09s,1,0.0500,0,-1.4475,1,0.3000,0,-1.4475,0.000,0.300
1994.064,overrun,A_leg2,4.758,-0.505,27.961,27.485,0.477,OVERRUN by 1950.13s,1,0.0500,0,-1.4475,1,0.3000,0,-1.4475,0.000,0.300
1995.093,overrun,A_leg2,4.758,-0.505,27.961,27.485,0.477,OVERRUN by 1951.16s,1,0.0500,0,-1.4475,1,0.3000,0,-1.4475,0.000,0.300
1996.112,overrun,A_leg2,4.758,-0.505,27.961,27.485,0.477,OVERRUN by 1952.18s,1,0.0500,0,-1.4475,1,0.3000,0,-1.4475,0.000,0.300
1997.140,overrun,A_leg2,4.758,-0.505,27.961,27.485,0.477,OVERRUN by 1953.20s,1,0.0500,0,-1.4475,1,0.3000,0,-1.4475,0.000,0.300
1998.163,overrun,A_leg2,4.758,-0.505,27.961,27.485,0.477,OVERRUN by 1954.23s,1,0.0500,0,-1.4475,1,0.3000,0,-1.4475,0.000,0.300
1999.195,overrun,A_leg2,4.758,-0.505,27.961,27.485,0.477,OVERRUN by 1955.26s,1,0.0500,0,-1.4475,1,0.3000,0,-1.4475,0.000,0.300
2000.226,overrun,A_leg2,4.758,-0.505,27.961,27.485,0.477,OVERRUN by 1956.29s,1,0.0500,0,-1.4475,1,0.3000,0,-1.4475,0.000,0.300
2001.264,overrun,A_leg2,4.758,-0.505,27.961,27.485,0.477,OVERRUN by 1957.33s,1,0.0500,0,-1.4475,1,0.3000,0,-1.4475,0.000,0.300
2002.298,overrun,A_leg2,4.758,-0.505,27.961,27.485,0.477,OVERRUN by 1958.36s,1,0.0500,0,-1.4475,1,0.3000,0,-1.4475,0.000,0.300
2003.334,overrun,A_leg2,4.758,-0.505,27.961,27.485,0.477,OVERRUN by 1959.40s,1,0.0500,0,-1.4475,1,0.3000,0,-1.4475,0.000,0.300
2004.374,overrun,A_leg2,4.758,-0.505,27.961,27.485,0.477,OVERRUN by 1960.44s,1,0.0500,0,-1.4475,1,0.3000,0,-1.4475,0.000,0.300
2005.399,overrun,A_leg2,4.758,-0.505,27.961,27.485,0.477,OVERRUN by 1961.46s,1,0.0500,0,-1.4475,1,0.3000,0,-1.4475,0.000,0.300
2006.426,overrun,A_leg2,4.758,-0.505,27.961,27.485,0.477,OVERRUN by 1962.49s,1,0.0500,0,-1.4475,1,0.3000,0,-1.4475,0.000,0.300
2007.461,overrun,A_leg2,4.758,-0.505,27.961,27.485,0.477,OVERRUN by 1963.53s,1,0.0500,0,-1.4475,1,0.3000,0,-1.4475,0.000,0.300
2008.487,overrun,A_leg2,4.758,-0.505,27.961,27.485,0.477,OVERRUN by 1964.55s,1,0.0500,0,-1.4475,1,0.3000,0,-1.4475,0.000,0.300
2009.511,overrun,A_leg2,4.758,-0.505,27.961,27.485,0.477,OVERRUN by 1965.57s,1,0.0500,0,-1.4475,1,0.3000,0,-1.4475,0.000,0.300
2010.539,overrun,A_leg2,4.758,-0.505,27.961,27.485,0.477,OVERRUN by 1966.60s,1,0.0500,0,-1.4475,1,0.3000,0,-1.4475,0.000,0.300
2011.557,overrun,A_leg2,4.758,-0.505,27.961,27.485,0.477,OVERRUN by 1967.62s,1,0.0500,0,-1.4475,1,0.3000,0,-1.4475,0.000,0.300
2012.593,overrun,A_leg2,4.758,-0.505,27.961,27.485,0.477,OVERRUN by 1968.66s,1,0.0500,0,-1.4475,1,0.3000,0,-1.4475,0.000,0.300
2013.633,overrun,A_leg2,4.758,-0.505,27.961,27.485,0.477,OVERRUN by 1969.70s,1,0.0500,0,-1.4475,1,0.3000,0,-1.4475,0.000,0.300
2014.666,overrun,A_leg2,4.758,-0.505,27.961,27.485,0.477,OVERRUN by 1970.73s,1,0.0500,0,-1.4475,1,0.3000,0,-1.4475,0.000,0.300
2015.694,overrun,A_leg2,4.758,-0.505,27.961,27.485,0.477,OVERRUN by 1971.76s,1,0.0500,0,-1.4475,1,0.3000,0,-1.4475,0.000,0.300
2016.721,overrun,A_leg2,4.758,-0.505,27.961,27.485,0.477,OVERRUN by 1972.78s,1,0.0500,0,-1.4475,1,0.3000,0,-1.4475,0.000,0.300
2017.750,overrun,A_leg2,4.758,-0.505,27.961,27.485,0.477,OVERRUN by 1973.81s,1,0.0500,0,-1.4475,1,0.3000,0,-1.4475,0.000,0.300
2018.785,overrun,A_leg2,4.758,-0.505,27.961,27.485,0.477,OVERRUN by 1974.85s,1,0.0500,0,-1.4475,1,0.3000,0,-1.4475,0.000,0.300
2019.824,overrun,A_leg2,4.758,-0.505,27.961,27.485,0.477,OVERRUN by 1975.89s,1,0.0500,0,-1.4475,1,0.3000,0,-1.4475,0.000,0.300
2020.856,overrun,A_leg2,4.758,-0.505,27.961,27.485,0.477,OVERRUN by 1976.92s,1,0.0500,0,-1.4475,1,0.3000,0,-1.4475,0.000,0.300
2021.896,overrun,A_leg2,4.758,-0.505,27.961,27.485,0.477,OVERRUN by 1977.96s,1,0.0500,0,-1.4475,1,0.3000,0,-1.4475,0.000,0.300
2022.935,overrun,A_leg2,4.758,-0.505,27.961,27.485,0.477,OVERRUN by 1979.00s,1,0.0500,0,-1.4475,1,0.3000,0,-1.4475,0.000,0.300
2023.963,overrun,A_leg2,4.758,-0.505,27.961,27.485,0.477,OVERRUN by 1980.03s,1,0.0500,0,-1.4475,1,0.3000,0,-1.4475,0.000,0.300
2024.999,overrun,A_leg2,4.758,-0.505,27.961,27.485,0.477,OVERRUN by 1981.06s,1,0.0500,0,-1.4475,1,0.3000,0,-1.4475,0.000,0.300
2026.023,overrun,A_leg2,4.758,-0.505,27.961,27.485,0.477,OVERRUN by 1982.09s,1,0.0500,0,-1.4475,1,0.3000,0,-1.4475,0.000,0.300
2027.039,overrun,A_leg2,4.758,-0.505,27.961,27.485,0.477,OVERRUN by 1983.10s,1,0.0500,0,-1.4475,1,0.3000,0,-1.4475,0.000,0.300
2028.057,overrun,A_leg2,4.758,-0.505,27.961,27.485,0.477,OVERRUN by 1984.12s,1,0.0500,0,-1.4475,1,0.3000,0,-1.4475,0.000,0.300
2029.092,overrun,A_leg2,4.758,-0.505,27.961,27.485,0.477,OVERRUN by 1985.16s,1,0.0500,0,-1.4475,1,0.3000,0,-1.4475,0.000,0.300
2030.130,overrun,A_leg2,4.758,-0.505,27.961,27.485,0.477,OVERRUN by 1986.19s,1,0.0500,0,-1.4475,1,0.3000,0,-1.4475,0.000,0.300
2031.166,overrun,A_leg2,4.758,-0.505,27.961,27.485,0.477,OVERRUN by 1987.23s,1,0.0500,0,-1.4475,1,0.3000,0,-1.4475,0.000,0.300
2032.207,overrun,A_leg2,4.758,-0.505,27.961,27.485,0.477,OVERRUN by 1988.27s,1,0.0500,0,-1.4475,1,0.3000,0,-1.4475,0.000,0.300
2033.240,overrun,A_leg2,4.758,-0.505,27.961,27.485,0.477,OVERRUN by 1989.30s,1,0.0500,0,-1.4475,1,0.3000,0,-1.4475,0.000,0.300
2034.275,overrun,A_leg2,4.758,-0.505,27.961,27.485,0.477,OVERRUN by 1990.34s,1,0.0500,0,-1.4475,1,0.3000,0,-1.4475,0.000,0.300
2035.318,overrun,A_leg2,4.758,-0.505,27.961,27.485,0.477,OVERRUN by 1991.38s,1,0.0500,0,-1.4475,1,0.3000,0,-1.4475,0.000,0.300
2036.346,overrun,A_leg2,4.758,-0.505,27.961,27.485,0.477,OVERRUN by 1992.41s,1,0.0500,0,-1.4475,1,0.3000,0,-1.4475,0.000,0.300
2037.366,overrun,A_leg2,4.758,-0.505,27.961,27.485,0.477,OVERRUN by 1993.43s,1,0.0500,0,-1.4475,1,0.3000,0,-1.4475,0.000,0.300
2038.391,overrun,A_leg2,4.758,-0.505,27.961,27.485,0.477,OVERRUN by 1994.45s,1,0.0500,0,-1.4475,1,0.3000,0,-1.4475,0.000,0.300
2039.410,overrun,A_leg2,4.758,-0.505,27.961,27.485,0.477,OVERRUN by 1995.47s,1,0.0500,0,-1.4475,1,0.3000,0,-1.4475,0.000,0.300
2040.446,overrun,A_leg2,4.758,-0.505,27.961,27.485,0.477,OVERRUN by 1996.51s,1,0.0500,0,-1.4475,1,0.3000,0,-1.4475,0.000,0.300
2041.471,overrun,A_leg2,4.758,-0.505,27.961,27.485,0.477,OVERRUN by 1997.53s,1,0.0500,0,-1.4475,1,0.3000,0,-1.4475,0.000,0.300
2042.505,overrun,A_leg2,4.758,-0.505,27.961,27.485,0.477,OVERRUN by 1998.57s,1,0.0500,0,-1.4475,1,0.3000,0,-1.4475,0.000,0.300
2043.537,overrun,A_leg2,4.758,-0.505,27.961,27.485,0.477,OVERRUN by 1999.60s,1,0.0500,0,-1.4475,1,0.3000,0,-1.4475,0.000,0.300
2044.559,overrun,A_leg2,4.758,-0.505,27.961,27.485,0.477,OVERRUN by 2000.62s,1,0.0500,0,-1.4475,1,0.3000,0,-1.4475,0.000,0.300
2045.591,overrun,A_leg2,4.758,-0.505,27.961,27.485,0.477,OVERRUN by 2001.65s,1,0.0500,0,-1.4475,1,0.3000,0,-1.4475,0.000,0.300
2046.625,overrun,A_leg2,4.758,-0.505,27.961,27.485,0.477,OVERRUN by 2002.69s,1,0.0500,0,-1.4475,1,0.3000,0,-1.4475,0.000,0.300
2047.653,overrun,A_leg2,4.758,-0.505,27.961,27.485,0.477,OVERRUN by 2003.72s,1,0.0500,0,-1.4475,1,0.3000,0,-1.4475,0.000,0.300
2048.684,overrun,A_leg2,4.758,-0.505,27.961,27.485,0.477,OVERRUN by 2004.75s,1,0.0500,0,-1.4475,1,0.3000,0,-1.4475,0.000,0.300
2049.713,overrun,A_leg2,4.758,-0.505,27.961,27.485,0.477,OVERRUN by 2005.78s,1,0.0500,0,-1.4475,1,0.3000,0,-1.4475,0.000,0.300
2050.728,overrun,A_leg2,4.758,-0.505,27.961,27.485,0.477,OVERRUN by 2006.79s,1,0.0500,0,-1.4475,1,0.3000,0,-1.4475,0.000,0.300
2051.762,overrun,A_leg2,4.758,-0.505,27.961,27.485,0.477,OVERRUN by 2007.83s,1,0.0500,0,-1.4475,1,0.3000,0,-1.4475,0.000,0.300
2052.788,overrun,A_leg2,4.758,-0.505,27.961,27.485,0.477,OVERRUN by 2008.85s,1,0.0500,0,-1.4475,1,0.3000,0,-1.4475,0.000,0.300
2053.823,overrun,A_leg2,4.758,-0.505,27.961,27.485,0.477,OVERRUN by 2009.89s,1,0.0500,0,-1.4475,1,0.3000,0,-1.4475,0.000,0.300
2054.859,overrun,A_leg2,4.758,-0.505,27.961,27.485,0.477,OVERRUN by 2010.92s,1,0.0500,0,-1.4475,1,0.3000,0,-1.4475,0.000,0.300
2055.897,overrun,A_leg2,4.758,-0.505,27.961,27.485,0.477,OVERRUN by 2011.96s,1,0.0500,0,-1.4475,1,0.3000,0,-1.4475,0.000,0.300
2056.938,overrun,A_leg2,4.758,-0.505,27.961,27.485,0.477,OVERRUN by 2013.00s,1,0.0500,0,-1.4475,1,0.3000,0,-1.4475,0.000,0.300
2057.968,overrun,A_leg2,4.758,-0.505,27.961,27.485,0.477,OVERRUN by 2014.03s,1,0.0500,0,-1.4475,1,0.3000,0,-1.4475,0.000,0.300
2059.006,overrun,A_leg2,4.758,-0.505,27.961,27.485,0.477,OVERRUN by 2015.07s,1,0.0500,0,-1.4475,1,0.3000,0,-1.4475,0.000,0.300
2060.040,overrun,A_leg2,4.758,-0.505,27.961,27.485,0.477,OVERRUN by 2016.10s,1,0.0500,0,-1.4475,1,0.3000,0,-1.4475,0.000,0.300
2061.067,overrun,A_leg2,4.758,-0.505,27.961,27.485,0.477,OVERRUN by 2017.13s,1,0.0500,0,-1.4475,1,0.3000,0,-1.4475,0.000,0.300
2062.095,overrun,A_leg2,4.758,-0.505,27.961,27.485,0.477,OVERRUN by 2018.16s,1,0.0500,0,-1.4475,1,0.3000,0,-1.4475,0.000,0.300
2063.123,overrun,A_leg2,4.758,-0.505,27.961,27.485,0.477,OVERRUN by 2019.19s,1,0.0500,0,-1.4475,1,0.3000,0,-1.4475,0.000,0.300
2064.153,overrun,A_leg2,4.758,-0.505,27.961,27.485,0.477,OVERRUN by 2020.22s,1,0.0500,0,-1.4475,1,0.3000,0,-1.4475,0.000,0.300
2065.177,overrun,A_leg2,4.758,-0.505,27.961,27.485,0.477,OVERRUN by 2021.24s,1,0.0500,0,-1.4475,1,0.3000,0,-1.4475,0.000,0.300
2066.214,overrun,A_leg2,4.758,-0.505,27.961,27.485,0.477,OVERRUN by 2022.28s,1,0.0500,0,-1.4475,1,0.3000,0,-1.4475,0.000,0.300
2067.243,overrun,A_leg2,4.758,-0.505,27.961,27.485,0.477,OVERRUN by 2023.31s,1,0.0500,0,-1.4475,1,0.3000,0,-1.4475,0.000,0.300
2068.272,overrun,A_leg2,4.758,-0.505,27.961,27.485,0.477,OVERRUN by 2024.34s,1,0.0500,0,-1.4475,1,0.3000,0,-1.4475,0.000,0.300
2069.313,overrun,A_leg2,4.758,-0.505,27.961,27.485,0.477,OVERRUN by 2025.38s,1,0.0500,0,-1.4475,1,0.3000,0,-1.4475,0.000,0.300
2070.344,overrun,A_leg2,4.758,-0.505,27.961,27.485,0.477,OVERRUN by 2026.41s,1,0.0500,0,-1.4475,1,0.3000,0,-1.4475,0.000,0.300
2071.374,overrun,A_leg2,4.758,-0.505,27.961,27.485,0.477,OVERRUN by 2027.44s,1,0.0500,0,-1.4475,1,0.3000,0,-1.4475,0.000,0.300
2072.404,overrun,A_leg2,4.758,-0.505,27.961,27.485,0.477,OVERRUN by 2028.47s,1,0.0500,0,-1.4475,1,0.3000,0,-1.4475,0.000,0.300
2073.435,overrun,A_leg2,4.758,-0.505,27.961,27.485,0.477,OVERRUN by 2029.50s,1,0.0500,0,-1.4475,1,0.3000,0,-1.4475,0.000,0.300
2074.473,overrun,A_leg2,4.758,-0.505,27.961,27.485,0.477,OVERRUN by 2030.54s,1,0.0500,0,-1.4475,1,0.3000,0,-1.4475,0.000,0.300
2075.512,overrun,A_leg2,4.758,-0.505,27.961,27.485,0.477,OVERRUN by 2031.58s,1,0.0500,0,-1.4475,1,0.3000,0,-1.4475,0.000,0.300
2076.549,overrun,A_leg2,4.758,-0.505,27.961,27.485,0.477,OVERRUN by 2032.61s,1,0.0500,0,-1.4475,1,0.3000,0,-1.4475,0.000,0.300
2077.575,overrun,A_leg2,4.758,-0.505,27.961,27.485,0.477,OVERRUN by 2033.64s,1,0.0500,0,-1.4475,1,0.3000,0,-1.4475,0.000,0.300
2078.612,overrun,A_leg2,4.758,-0.505,27.961,27.485,0.477,OVERRUN by 2034.68s,1,0.0500,0,-1.4475,1,0.3000,0,-1.4475,0.000,0.300
2079.647,overrun,A_leg2,4.758,-0.505,27.961,27.485,0.477,OVERRUN by 2035.71s,1,0.0500,0,-1.4475,1,0.3000,0,-1.4475,0.000,0.300
2080.679,overrun,A_leg2,4.758,-0.505,27.961,27.485,0.477,OVERRUN by 2036.74s,1,0.0500,0,-1.4475,1,0.3000,0,-1.4475,0.000,0.300
2081.712,overrun,A_leg2,4.758,-0.505,27.961,27.485,0.477,OVERRUN by 2037.78s,1,0.0500,0,-1.4475,1,0.3000,0,-1.4475,0.000,0.300
2082.750,overrun,A_leg2,4.758,-0.505,27.961,27.485,0.477,OVERRUN by 2038.81s,1,0.0500,0,-1.4475,1,0.3000,0,-1.4475,0.000,0.300
2083.783,overrun,A_leg2,4.758,-0.505,27.961,27.485,0.477,OVERRUN by 2039.85s,1,0.0500,0,-1.4475,1,0.3000,0,-1.4475,0.000,0.300
2084.800,overrun,A_leg2,4.758,-0.505,27.961,27.485,0.477,OVERRUN by 2040.86s,1,0.0500,0,-1.4475,1,0.3000,0,-1.4475,0.000,0.300
2085.821,overrun,A_leg2,4.758,-0.505,27.961,27.485,0.477,OVERRUN by 2041.88s,1,0.0500,0,-1.4475,1,0.3000,0,-1.4475,0.000,0.300
2086.839,overrun,A_leg2,4.758,-0.505,27.961,27.485,0.477,OVERRUN by 2042.90s,1,0.0500,0,-1.4475,1,0.3000,0,-1.4475,0.000,0.300
2087.874,overrun,A_leg2,4.758,-0.505,27.961,27.485,0.477,OVERRUN by 2043.94s,1,0.0500,0,-1.4475,1,0.3000,0,-1.4475,0.000,0.300
2088.912,overrun,A_leg2,4.758,-0.505,27.961,27.485,0.477,OVERRUN by 2044.98s,1,0.0500,0,-1.4475,1,0.3000,0,-1.4475,0.000,0.300
2089.942,overrun,A_leg2,4.758,-0.505,27.961,27.485,0.477,OVERRUN by 2046.01s,1,0.0500,0,-1.4475,1,0.3000,0,-1.4475,0.000,0.300
2090.965,overrun,A_leg2,4.758,-0.505,27.961,27.485,0.477,OVERRUN by 2047.03s,1,0.0500,0,-1.4475,1,0.3000,0,-1.4475,0.000,0.300
2091.996,overrun,A_leg2,4.758,-0.505,27.961,27.485,0.477,OVERRUN by 2048.06s,1,0.0500,0,-1.4475,1,0.3000,0,-1.4475,0.000,0.300
2093.032,overrun,A_leg2,4.758,-0.505,27.961,27.485,0.477,OVERRUN by 2049.10s,1,0.0500,0,-1.4475,1,0.3000,0,-1.4475,0.000,0.300
2094.069,overrun,A_leg2,4.758,-0.505,27.961,27.485,0.477,OVERRUN by 2050.13s,1,0.0500,0,-1.4475,1,0.3000,0,-1.4475,0.000,0.300
2095.102,overrun,A_leg2,4.758,-0.505,27.961,27.485,0.477,OVERRUN by 2051.17s,1,0.0500,0,-1.4475,1,0.3000,0,-1.4475,0.000,0.300
2096.131,overrun,A_leg2,4.758,-0.505,27.961,27.485,0.477,OVERRUN by 2052.20s,1,0.0500,0,-1.4475,1,0.3000,0,-1.4475,0.000,0.300
2097.172,overrun,A_leg2,4.758,-0.505,27.961,27.485,0.477,OVERRUN by 2053.24s,1,0.0500,0,-1.4475,1,0.3000,0,-1.4475,0.000,0.300
2098.203,overrun,A_leg2,4.758,-0.505,27.961,27.485,0.477,OVERRUN by 2054.27s,1,0.0500,0,-1.4475,1,0.3000,0,-1.4475,0.000,0.300
2099.238,overrun,A_leg2,4.758,-0.505,27.961,27.485,0.477,OVERRUN by 2055.30s,1,0.0500,0,-1.4475,1,0.3000,0,-1.4475,0.000,0.300
2100.276,overrun,A_leg2,4.758,-0.505,27.961,27.485,0.477,OVERRUN by 2056.34s,1,0.0500,0,-1.4475,1,0.3000,0,-1.4475,0.000,0.300
2101.299,overrun,A_leg2,4.758,-0.505,27.961,27.485,0.477,OVERRUN by 2057.36s,1,0.0500,0,-1.4475,1,0.3000,0,-1.4475,0.000,0.300
2102.328,overrun,A_leg2,4.758,-0.505,27.961,27.485,0.477,OVERRUN by 2058.39s,1,0.0500,0,-1.4475,1,0.3000,0,-1.4475,0.000,0.300
2103.364,overrun,A_leg2,4.758,-0.505,27.961,27.485,0.477,OVERRUN by 2059.43s,1,0.0500,0,-1.4475,1,0.3000,0,-1.4475,0.000,0.300
2104.395,overrun,A_leg2,4.758,-0.505,27.961,27.485,0.477,OVERRUN by 2060.46s,1,0.0500,0,-1.4475,1,0.3000,0,-1.4475,0.000,0.300
2105.426,overrun,A_leg2,4.758,-0.505,27.961,27.485,0.477,OVERRUN by 2061.49s,1,0.0500,0,-1.4475,1,0.3000,0,-1.4475,0.000,0.300
2106.454,overrun,A_leg2,4.758,-0.505,27.961,27.485,0.477,OVERRUN by 2062.52s,1,0.0500,0,-1.4475,1,0.3000,0,-1.4475,0.000,0.300
2107.497,overrun,A_leg2,4.758,-0.505,27.961,27.485,0.477,OVERRUN by 2063.56s,1,0.0500,0,-1.4475,1,0.3000,0,-1.4475,0.000,0.300
2108.520,overrun,A_leg2,4.758,-0.505,27.961,27.485,0.477,OVERRUN by 2064.58s,1,0.0500,0,-1.4475,1,0.3000,0,-1.4475,0.000,0.300
2109.537,overrun,A_leg2,4.758,-0.505,27.961,27.485,0.477,OVERRUN by 2065.60s,1,0.0500,0,-1.4475,1,0.3000,0,-1.4475,0.000,0.300
2110.574,overrun,A_leg2,4.758,-0.505,27.961,27.485,0.477,OVERRUN by 2066.64s,1,0.0500,0,-1.4475,1,0.3000,0,-1.4475,0.000,0.300
2111.606,overrun,A_leg2,4.758,-0.505,27.961,27.485,0.477,OVERRUN by 2067.67s,1,0.0500,0,-1.4475,1,0.3000,0,-1.4475,0.000,0.300
2112.646,overrun,A_leg2,4.758,-0.505,27.961,27.485,0.477,OVERRUN by 2068.71s,1,0.0500,0,-1.4475,1,0.3000,0,-1.4475,0.000,0.300
2113.678,overrun,A_leg2,4.758,-0.505,27.961,27.485,0.477,OVERRUN by 2069.74s,1,0.0500,0,-1.4475,1,0.3000,0,-1.4475,0.000,0.300
2114.708,overrun,A_leg2,4.758,-0.505,27.961,27.485,0.477,OVERRUN by 2070.77s,1,0.0500,0,-1.4475,1,0.3000,0,-1.4475,0.000,0.300
2115.744,overrun,A_leg2,4.758,-0.505,27.961,27.485,0.477,OVERRUN by 2071.81s,1,0.0500,0,-1.4475,1,0.3000,0,-1.4475,0.000,0.300
2116.762,overrun,A_leg2,4.758,-0.505,27.961,27.485,0.477,OVERRUN by 2072.83s,1,0.0500,0,-1.4475,1,0.3000,0,-1.4475,0.000,0.300
2117.785,overrun,A_leg2,4.758,-0.505,27.961,27.485,0.477,OVERRUN by 2073.85s,1,0.0500,0,-1.4475,1,0.3000,0,-1.4475,0.000,0.300
2118.820,overrun,A_leg2,4.758,-0.505,27.961,27.485,0.477,OVERRUN by 2074.88s,1,0.0500,0,-1.4475,1,0.3000,0,-1.4475,0.000,0.300
2119.859,overrun,A_leg2,4.758,-0.505,27.961,27.485,0.477,OVERRUN by 2075.92s,1,0.0500,0,-1.4475,1,0.3000,0,-1.4475,0.000,0.300
2120.892,overrun,A_leg2,4.758,-0.505,27.961,27.485,0.477,OVERRUN by 2076.96s,1,0.0500,0,-1.4475,1,0.3000,0,-1.4475,0.000,0.300
2121.927,overrun,A_leg2,4.758,-0.505,27.961,27.485,0.477,OVERRUN by 2077.99s,1,0.0500,0,-1.4475,1,0.3000,0,-1.4475,0.000,0.300
2122.961,overrun,A_leg2,4.758,-0.505,27.961,27.485,0.477,OVERRUN by 2079.03s,1,0.0500,0,-1.4475,1,0.3000,0,-1.4475,0.000,0.300
2123.994,overrun,A_leg2,4.758,-0.505,27.961,27.485,0.477,OVERRUN by 2080.06s,1,0.0500,0,-1.4475,1,0.3000,0,-1.4475,0.000,0.300
2125.029,overrun,A_leg2,4.758,-0.505,27.961,27.485,0.477,OVERRUN by 2081.09s,1,0.0500,0,-1.4475,1,0.3000,0,-1.4475,0.000,0.300
2126.058,overrun,A_leg2,4.758,-0.505,27.961,27.485,0.477,OVERRUN by 2082.12s,1,0.0500,0,-1.4475,1,0.3000,0,-1.4475,0.000,0.300
2127.096,overrun,A_leg2,4.758,-0.505,27.961,27.485,0.477,OVERRUN by 2083.16s,1,0.0500,0,-1.4475,1,0.3000,0,-1.4475,0.000,0.300
2128.137,overrun,A_leg2,4.758,-0.505,27.961,27.485,0.477,OVERRUN by 2084.20s,1,0.0500,0,-1.4475,1,0.3000,0,-1.4475,0.000,0.300
2129.177,overrun,A_leg2,4.758,-0.505,27.961,27.485,0.477,OVERRUN by 2085.24s,1,0.0500,0,-1.4475,1,0.3000,0,-1.4475,0.000,0.300
2130.212,overrun,A_leg2,4.758,-0.505,27.961,27.485,0.477,OVERRUN by 2086.28s,1,0.0500,0,-1.4475,1,0.3000,0,-1.4475,0.000,0.300
2131.246,overrun,A_leg2,4.758,-0.505,27.961,27.485,0.477,OVERRUN by 2087.31s,1,0.0500,0,-1.4475,1,0.3000,0,-1.4475,0.000,0.300
2132.277,overrun,A_leg2,4.758,-0.505,27.961,27.485,0.477,OVERRUN by 2088.34s,1,0.0500,0,-1.4475,1,0.3000,0,-1.4475,0.000,0.300
2133.304,overrun,A_leg2,4.758,-0.505,27.961,27.485,0.477,OVERRUN by 2089.37s,1,0.0500,0,-1.4475,1,0.3000,0,-1.4475,0.000,0.300
2134.337,overrun,A_leg2,4.758,-0.505,27.961,27.485,0.477,OVERRUN by 2090.40s,1,0.0500,0,-1.4475,1,0.3000,0,-1.4475,0.000,0.300
2135.375,overrun,A_leg2,4.758,-0.505,27.961,27.485,0.477,OVERRUN by 2091.44s,1,0.0500,0,-1.4475,1,0.3000,0,-1.4475,0.000,0.300
2136.415,overrun,A_leg2,4.758,-0.505,27.961,27.485,0.477,OVERRUN by 2092.48s,1,0.0500,0,-1.4475,1,0.3000,0,-1.4475,0.000,0.300
2137.454,overrun,A_leg2,4.758,-0.505,27.961,27.485,0.477,OVERRUN by 2093.52s,1,0.0500,0,-1.4475,1,0.3000,0,-1.4475,0.000,0.300
2138.496,overrun,A_leg2,4.758,-0.505,27.961,27.485,0.477,OVERRUN by 2094.56s,1,0.0500,0,-1.4475,1,0.3000,0,-1.4475,0.000,0.300
2139.532,overrun,A_leg2,4.758,-0.505,27.961,27.485,0.477,OVERRUN by 2095.60s,1,0.0500,0,-1.4475,1,0.3000,0,-1.4475,0.000,0.300
2140.566,overrun,A_leg2,4.758,-0.505,27.961,27.485,0.477,OVERRUN by 2096.63s,1,0.0500,0,-1.4475,1,0.3000,0,-1.4475,0.000,0.300
2141.606,overrun,A_leg2,4.758,-0.505,27.961,27.485,0.477,OVERRUN by 2097.67s,1,0.0500,0,-1.4475,1,0.3000,0,-1.4475,0.000,0.300
2142.652,overrun,A_leg2,4.758,-0.505,27.961,27.485,0.477,OVERRUN by 2098.72s,1,0.0500,0,-1.4475,1,0.3000,0,-1.4475,0.000,0.300
2143.678,overrun,A_leg2,4.758,-0.505,27.961,27.485,0.477,OVERRUN by 2099.74s,1,0.0500,0,-1.4475,1,0.3000,0,-1.4475,0.000,0.300
2144.708,overrun,A_leg2,4.758,-0.505,27.961,27.485,0.477,OVERRUN by 2100.77s,1,0.0500,0,-1.4475,1,0.3000,0,-1.4475,0.000,0.300
2145.746,overrun,A_leg2,4.758,-0.505,27.961,27.485,0.477,OVERRUN by 2101.81s,1,0.0500,0,-1.4475,1,0.3000,0,-1.4475,0.000,0.300
2146.785,overrun,A_leg2,4.758,-0.505,27.961,27.485,0.477,OVERRUN by 2102.85s,1,0.0500,0,-1.4475,1,0.3000,0,-1.4475,0.000,0.300
2147.816,overrun,A_leg2,4.758,-0.505,27.961,27.485,0.477,OVERRUN by 2103.88s,1,0.0500,0,-1.4475,1,0.3000,0,-1.4475,0.000,0.300
2148.857,overrun,A_leg2,4.758,-0.505,27.961,27.485,0.477,OVERRUN by 2104.92s,1,0.0500,0,-1.4475,1,0.3000,0,-1.4475,0.000,0.300
2149.890,overrun,A_leg2,4.758,-0.505,27.961,27.485,0.477,OVERRUN by 2105.95s,1,0.0500,0,-1.4475,1,0.3000,0,-1.4475,0.000,0.300
2150.927,overrun,A_leg2,4.758,-0.505,27.961,27.485,0.477,OVERRUN by 2106.99s,1,0.0500,0,-1.4475,1,0.3000,0,-1.4475,0.000,0.300
2151.965,overrun,A_leg2,4.758,-0.505,27.961,27.485,0.477,OVERRUN by 2108.03s,1,0.0500,0,-1.4475,1,0.3000,0,-1.4475,0.000,0.300
2152.994,overrun,A_leg2,4.758,-0.505,27.961,27.485,0.477,OVERRUN by 2109.06s,1,0.0500,0,-1.4475,1,0.3000,0,-1.4475,0.000,0.300
2154.031,overrun,A_leg2,4.758,-0.505,27.961,27.485,0.477,OVERRUN by 2110.10s,1,0.0500,0,-1.4475,1,0.3000,0,-1.4475,0.000,0.300
2155.055,overrun,A_leg2,4.758,-0.505,27.961,27.485,0.477,OVERRUN by 2111.12s,1,0.0500,0,-1.4475,1,0.3000,0,-1.4475,0.000,0.300
2156.094,overrun,A_leg2,4.758,-0.505,27.961,27.485,0.477,OVERRUN by 2112.16s,1,0.0500,0,-1.4475,1,0.3000,0,-1.4475,0.000,0.300
2157.129,overrun,A_leg2,4.758,-0.505,27.961,27.485,0.477,OVERRUN by 2113.19s,1,0.0500,0,-1.4475,1,0.3000,0,-1.4475,0.000,0.300
2158.168,overrun,A_leg2,4.758,-0.505,27.961,27.485,0.477,OVERRUN by 2114.23s,1,0.0500,0,-1.4475,1,0.3000,0,-1.4475,0.000,0.300
2159.209,overrun,A_leg2,4.758,-0.505,27.961,27.485,0.477,OVERRUN by 2115.27s,1,0.0500,0,-1.4475,1,0.3000,0,-1.4475,0.000,0.300
2160.248,overrun,A_leg2,4.758,-0.505,27.961,27.485,0.477,OVERRUN by 2116.31s,1,0.0500,0,-1.4475,1,0.3000,0,-1.4475,0.000,0.300
2161.286,overrun,A_leg2,4.758,-0.505,27.961,27.485,0.477,OVERRUN by 2117.35s,1,0.0500,0,-1.4475,1,0.3000,0,-1.4475,0.000,0.300
2162.319,overrun,A_leg2,4.758,-0.505,27.961,27.485,0.477,OVERRUN by 2118.38s,1,0.0500,0,-1.4475,1,0.3000,0,-1.4475,0.000,0.300
2163.353,overrun,A_leg2,4.758,-0.505,27.961,27.485,0.477,OVERRUN by 2119.42s,1,0.0500,0,-1.4475,1,0.3000,0,-1.4475,0.000,0.300
2164.389,overrun,A_leg2,4.758,-0.505,27.961,27.485,0.477,OVERRUN by 2120.45s,1,0.0500,0,-1.4475,1,0.3000,0,-1.4475,0.000,0.300
2165.431,overrun,A_leg2,4.758,-0.505,27.961,27.485,0.477,OVERRUN by 2121.50s,1,0.0500,0,-1.4475,1,0.3000,0,-1.4475,0.000,0.300
2166.470,overrun,A_leg2,4.758,-0.505,27.961,27.485,0.477,OVERRUN by 2122.53s,1,0.0500,0,-1.4475,1,0.3000,0,-1.4475,0.000,0.300
2167.510,overrun,A_leg2,4.758,-0.505,27.961,27.485,0.477,OVERRUN by 2123.57s,1,0.0500,0,-1.4475,1,0.3000,0,-1.4475,0.000,0.300
2168.547,overrun,A_leg2,4.758,-0.505,27.961,27.485,0.477,OVERRUN by 2124.61s,1,0.0500,0,-1.4475,1,0.3000,0,-1.4475,0.000,0.300
2169.585,overrun,A_leg2,4.758,-0.505,27.961,27.485,0.477,OVERRUN by 2125.65s,1,0.0500,0,-1.4475,1,0.3000,0,-1.4475,0.000,0.300
2170.623,overrun,A_leg2,4.758,-0.505,27.961,27.485,0.477,OVERRUN by 2126.69s,1,0.0500,0,-1.4475,1,0.3000,0,-1.4475,0.000,0.300
2171.668,overrun,A_leg2,4.758,-0.505,27.961,27.485,0.477,OVERRUN by 2127.73s,1,0.0500,0,-1.4475,1,0.3000,0,-1.4475,0.000,0.300
2172.707,overrun,A_leg2,4.758,-0.505,27.961,27.485,0.477,OVERRUN by 2128.77s,1,0.0500,0,-1.4475,1,0.3000,0,-1.4475,0.000,0.300
2173.751,overrun,A_leg2,4.758,-0.505,27.961,27.485,0.477,OVERRUN by 2129.81s,1,0.0500,0,-1.4475,1,0.3000,0,-1.4475,0.000,0.300
2174.791,overrun,A_leg2,4.758,-0.505,27.961,27.485,0.477,OVERRUN by 2130.85s,1,0.0500,0,-1.4475,1,0.3000,0,-1.4475,0.000,0.300
2175.827,overrun,A_leg2,4.758,-0.505,27.961,27.485,0.477,OVERRUN by 2131.89s,1,0.0500,0,-1.4475,1,0.3000,0,-1.4475,0.000,0.300
2176.871,overrun,A_leg2,4.758,-0.505,27.961,27.485,0.477,OVERRUN by 2132.93s,1,0.0500,0,-1.4475,1,0.3000,0,-1.4475,0.000,0.300
2177.912,overrun,A_leg2,4.758,-0.505,27.961,27.485,0.477,OVERRUN by 2133.98s,1,0.0500,0,-1.4475,1,0.3000,0,-1.4475,0.000,0.300
2178.950,overrun,A_leg2,4.758,-0.505,27.961,27.485,0.477,OVERRUN by 2135.01s,1,0.0500,0,-1.4475,1,0.3000,0,-1.4475,0.000,0.300
2179.976,overrun,A_leg2,4.758,-0.505,27.961,27.485,0.477,OVERRUN by 2136.04s,1,0.0500,0,-1.4475,1,0.3000,0,-1.4475,0.000,0.300
2181.009,overrun,A_leg2,4.758,-0.505,27.961,27.485,0.477,OVERRUN by 2137.07s,1,0.0500,0,-1.4475,1,0.3000,0,-1.4475,0.000,0.300
2182.042,overrun,A_leg2,4.758,-0.505,27.961,27.485,0.477,OVERRUN by 2138.11s,1,0.0500,0,-1.4475,1,0.3000,0,-1.4475,0.000,0.300
2183.065,overrun,A_leg2,4.758,-0.505,27.961,27.485,0.477,OVERRUN by 2139.13s,1,0.0500,0,-1.4475,1,0.3000,0,-1.4475,0.000,0.300
2184.103,overrun,A_leg2,4.758,-0.505,27.961,27.485,0.477,OVERRUN by 2140.17s,1,0.0500,0,-1.4475,1,0.3000,0,-1.4475,0.000,0.300
2185.139,overrun,A_leg2,4.758,-0.505,27.961,27.485,0.477,OVERRUN by 2141.20s,1,0.0500,0,-1.4475,1,0.3000,0,-1.4475,0.000,0.300
2186.175,overrun,A_leg2,4.758,-0.505,27.961,27.485,0.477,OVERRUN by 2142.24s,1,0.0500,0,-1.4475,1,0.3000,0,-1.4475,0.000,0.300
2187.209,overrun,A_leg2,4.758,-0.505,27.961,27.485,0.477,OVERRUN by 2143.27s,1,0.0500,0,-1.4475,1,0.3000,0,-1.4475,0.000,0.300
2188.239,overrun,A_leg2,4.758,-0.505,27.961,27.485,0.477,OVERRUN by 2144.30s,1,0.0500,0,-1.4475,1,0.3000,0,-1.4475,0.000,0.300
2189.278,overrun,A_leg2,4.758,-0.505,27.961,27.485,0.477,OVERRUN by 2145.34s,1,0.0500,0,-1.4475,1,0.3000,0,-1.4475,0.000,0.300
2190.319,overrun,A_leg2,4.758,-0.505,27.961,27.485,0.477,OVERRUN by 2146.38s,1,0.0500,0,-1.4475,1,0.3000,0,-1.4475,0.000,0.300
2191.347,overrun,A_leg2,4.758,-0.505,27.961,27.485,0.477,OVERRUN by 2147.41s,1,0.0500,0,-1.4475,1,0.3000,0,-1.4475,0.000,0.300
2192.383,overrun,A_leg2,4.758,-0.505,27.961,27.485,0.477,OVERRUN by 2148.45s,1,0.0500,0,-1.4475,1,0.3000,0,-1.4475,0.000,0.300
2193.421,overrun,A_leg2,4.758,-0.505,27.961,27.485,0.477,OVERRUN by 2149.48s,1,0.0500,0,-1.4475,1,0.3000,0,-1.4475,0.000,0.300
2194.459,overrun,A_leg2,4.758,-0.505,27.961,27.485,0.477,OVERRUN by 2150.52s,1,0.0500,0,-1.4475,1,0.3000,0,-1.4475,0.000,0.300
2195.496,overrun,A_leg2,4.758,-0.505,27.961,27.485,0.477,OVERRUN by 2151.56s,1,0.0500,0,-1.4475,1,0.3000,0,-1.4475,0.000,0.300
2196.532,overrun,A_leg2,4.758,-0.505,27.961,27.485,0.477,OVERRUN by 2152.60s,1,0.0500,0,-1.4475,1,0.3000,0,-1.4475,0.000,0.300
2197.565,overrun,A_leg2,4.758,-0.505,27.961,27.485,0.477,OVERRUN by 2153.63s,1,0.0500,0,-1.4475,1,0.3000,0,-1.4475,0.000,0.300
2198.590,overrun,A_leg2,4.758,-0.505,27.961,27.485,0.477,OVERRUN by 2154.65s,1,0.0500,0,-1.4475,1,0.3000,0,-1.4475,0.000,0.300
2199.624,overrun,A_leg2,4.758,-0.505,27.961,27.485,0.477,OVERRUN by 2155.69s,1,0.0500,0,-1.4475,1,0.3000,0,-1.4475,0.000,0.300
2200.657,overrun,A_leg2,4.758,-0.505,27.961,27.485,0.477,OVERRUN by 2156.72s,1,0.0500,0,-1.4475,1,0.3000,0,-1.4475,0.000,0.300
2201.703,overrun,A_leg2,4.758,-0.505,27.961,27.485,0.477,OVERRUN by 2157.77s,1,0.0500,0,-1.4475,1,0.3000,0,-1.4475,0.000,0.300
2202.745,overrun,A_leg2,4.758,-0.505,27.961,27.485,0.477,OVERRUN by 2158.81s,1,0.0500,0,-1.4475,1,0.3000,0,-1.4475,0.000,0.300
2203.777,overrun,A_leg2,4.758,-0.505,27.961,27.485,0.477,OVERRUN by 2159.84s,1,0.0500,0,-1.4475,1,0.3000,0,-1.4475,0.000,0.300
2204.803,overrun,A_leg2,4.758,-0.505,27.961,27.485,0.477,OVERRUN by 2160.87s,1,0.0500,0,-1.4475,1,0.3000,0,-1.4475,0.000,0.300
2205.846,overrun,A_leg2,4.758,-0.505,27.961,27.485,0.477,OVERRUN by 2161.91s,1,0.0500,0,-1.4475,1,0.3000,0,-1.4475,0.000,0.300
2206.882,overrun,A_leg2,4.758,-0.505,27.961,27.485,0.477,OVERRUN by 2162.95s,1,0.0500,0,-1.4475,1,0.3000,0,-1.4475,0.000,0.300
2207.913,overrun,A_leg2,4.758,-0.505,27.961,27.485,0.477,OVERRUN by 2163.98s,1,0.0500,0,-1.4475,1,0.3000,0,-1.4475,0.000,0.300
2208.941,overrun,A_leg2,4.758,-0.505,27.961,27.485,0.477,OVERRUN by 2165.00s,1,0.0500,0,-1.4475,1,0.3000,0,-1.4475,0.000,0.300
2209.974,overrun,A_leg2,4.758,-0.505,27.961,27.485,0.477,OVERRUN by 2166.04s,1,0.0500,0,-1.4475,1,0.3000,0,-1.4475,0.000,0.300
2211.016,overrun,A_leg2,4.758,-0.505,27.961,27.485,0.477,OVERRUN by 2167.08s,1,0.0500,0,-1.4475,1,0.3000,0,-1.4475,0.000,0.300
2212.047,overrun,A_leg2,4.758,-0.505,27.961,27.485,0.477,OVERRUN by 2168.11s,1,0.0500,0,-1.4475,1,0.3000,0,-1.4475,0.000,0.300
2213.085,overrun,A_leg2,4.758,-0.505,27.961,27.485,0.477,OVERRUN by 2169.15s,1,0.0500,0,-1.4475,1,0.3000,0,-1.4475,0.000,0.300
2214.120,overrun,A_leg2,4.758,-0.505,27.961,27.485,0.477,OVERRUN by 2170.18s,1,0.0500,0,-1.4475,1,0.3000,0,-1.4475,0.000,0.300
2215.159,overrun,A_leg2,4.758,-0.505,27.961,27.485,0.477,OVERRUN by 2171.22s,1,0.0500,0,-1.4475,1,0.3000,0,-1.4475,0.000,0.300
2216.189,overrun,A_leg2,4.758,-0.505,27.961,27.485,0.477,OVERRUN by 2172.25s,1,0.0500,0,-1.4475,1,0.3000,0,-1.4475,0.000,0.300
2217.222,overrun,A_leg2,4.758,-0.505,27.961,27.485,0.477,OVERRUN by 2173.29s,1,0.0500,0,-1.4475,1,0.3000,0,-1.4475,0.000,0.300
2218.264,overrun,A_leg2,4.758,-0.505,27.961,27.485,0.477,OVERRUN by 2174.33s,1,0.0500,0,-1.4475,1,0.3000,0,-1.4475,0.000,0.300
2219.309,overrun,A_leg2,4.758,-0.505,27.961,27.485,0.477,OVERRUN by 2175.37s,1,0.0500,0,-1.4475,1,0.3000,0,-1.4475,0.000,0.300
2220.351,overrun,A_leg2,4.758,-0.505,27.961,27.485,0.477,OVERRUN by 2176.41s,1,0.0500,0,-1.4475,1,0.3000,0,-1.4475,0.000,0.300
2221.390,overrun,A_leg2,4.758,-0.505,27.961,27.485,0.477,OVERRUN by 2177.45s,1,0.0500,0,-1.4475,1,0.3000,0,-1.4475,0.000,0.300
2222.433,overrun,A_leg2,4.758,-0.505,27.961,27.485,0.477,OVERRUN by 2178.50s,1,0.0500,0,-1.4475,1,0.3000,0,-1.4475,0.000,0.300
2223.475,overrun,A_leg2,4.758,-0.505,27.961,27.485,0.477,OVERRUN by 2179.54s,1,0.0500,0,-1.4475,1,0.3000,0,-1.4475,0.000,0.300
2224.510,overrun,A_leg2,4.758,-0.505,27.961,27.485,0.477,OVERRUN by 2180.57s,1,0.0500,0,-1.4475,1,0.3000,0,-1.4475,0.000,0.300
2225.547,overrun,A_leg2,4.758,-0.505,27.961,27.485,0.477,OVERRUN by 2181.61s,1,0.0500,0,-1.4475,1,0.3000,0,-1.4475,0.000,0.300
2226.583,overrun,A_leg2,4.758,-0.505,27.961,27.485,0.477,OVERRUN by 2182.65s,1,0.0500,0,-1.4475,1,0.3000,0,-1.4475,0.000,0.300
2227.620,overrun,A_leg2,4.758,-0.505,27.961,27.485,0.477,OVERRUN by 2183.68s,1,0.0500,0,-1.4475,1,0.3000,0,-1.4475,0.000,0.300
2228.647,overrun,A_leg2,4.758,-0.505,27.961,27.485,0.477,OVERRUN by 2184.71s,1,0.0500,0,-1.4475,1,0.3000,0,-1.4475,0.000,0.300
2229.688,overrun,A_leg2,4.758,-0.505,27.961,27.485,0.477,OVERRUN by 2185.75s,1,0.0500,0,-1.4475,1,0.3000,0,-1.4475,0.000,0.300
2230.729,overrun,A_leg2,4.758,-0.505,27.961,27.485,0.477,OVERRUN by 2186.79s,1,0.0500,0,-1.4475,1,0.3000,0,-1.4475,0.000,0.300
2231.768,overrun,A_leg2,4.758,-0.505,27.961,27.485,0.477,OVERRUN by 2187.83s,1,0.0500,0,-1.4475,1,0.3000,0,-1.4475,0.000,0.300
2232.806,overrun,A_leg2,4.758,-0.505,27.961,27.485,0.477,OVERRUN by 2188.87s,1,0.0500,0,-1.4475,1,0.3000,0,-1.4475,0.000,0.300
2233.844,overrun,A_leg2,4.758,-0.505,27.961,27.485,0.477,OVERRUN by 2189.91s,1,0.0500,0,-1.4475,1,0.3000,0,-1.4475,0.000,0.300
2234.881,overrun,A_leg2,4.758,-0.505,27.961,27.485,0.477,OVERRUN by 2190.95s,1,0.0500,0,-1.4475,1,0.3000,0,-1.4475,0.000,0.300
2235.920,overrun,A_leg2,4.758,-0.505,27.961,27.485,0.477,OVERRUN by 2191.98s,1,0.0500,0,-1.4475,1,0.3000,0,-1.4475,0.000,0.300
2236.963,overrun,A_leg2,4.758,-0.505,27.961,27.485,0.477,OVERRUN by 2193.03s,1,0.0500,0,-1.4475,1,0.3000,0,-1.4475,0.000,0.300
2238.004,overrun,A_leg2,4.758,-0.505,27.961,27.485,0.477,OVERRUN by 2194.07s,1,0.0500,0,-1.4475,1,0.3000,0,-1.4475,0.000,0.300
2239.037,overrun,A_leg2,4.758,-0.505,27.961,27.485,0.477,OVERRUN by 2195.10s,1,0.0500,0,-1.4475,1,0.3000,0,-1.4475,0.000,0.300
2240.079,overrun,A_leg2,4.758,-0.505,27.961,27.485,0.477,OVERRUN by 2196.14s,1,0.0500,0,-1.4475,1,0.3000,0,-1.4475,0.000,0.300
2241.117,overrun,A_leg2,4.758,-0.505,27.961,27.485,0.477,OVERRUN by 2197.18s,1,0.0500,0,-1.4475,1,0.3000,0,-1.4475,0.000,0.300
2242.162,overrun,A_leg2,4.758,-0.505,27.961,27.485,0.477,OVERRUN by 2198.23s,1,0.0500,0,-1.4475,1,0.3000,0,-1.4475,0.000,0.300
2243.196,overrun,A_leg2,4.758,-0.505,27.961,27.485,0.477,OVERRUN by 2199.26s,1,0.0500,0,-1.4475,1,0.3000,0,-1.4475,0.000,0.300
2244.243,overrun,A_leg2,4.758,-0.505,27.961,27.485,0.477,OVERRUN by 2200.31s,1,0.0500,0,-1.4475,1,0.3000,0,-1.4475,0.000,0.300
2245.279,overrun,A_leg2,4.758,-0.505,27.961,27.485,0.477,OVERRUN by 2201.34s,1,0.0500,0,-1.4475,1,0.3000,0,-1.4475,0.000,0.300
2246.311,overrun,A_leg2,4.758,-0.505,27.961,27.485,0.477,OVERRUN by 2202.37s,1,0.0500,0,-1.4475,1,0.3000,0,-1.4475,0.000,0.300
2247.347,overrun,A_leg2,4.758,-0.505,27.961,27.485,0.477,OVERRUN by 2203.41s,1,0.0500,0,-1.4475,1,0.3000,0,-1.4475,0.000,0.300
2248.390,overrun,A_leg2,4.758,-0.505,27.961,27.485,0.477,OVERRUN by 2204.45s,1,0.0500,0,-1.4475,1,0.3000,0,-1.4475,0.000,0.300
2249.418,overrun,A_leg2,4.758,-0.505,27.961,27.485,0.477,OVERRUN by 2205.48s,1,0.0500,0,-1.4475,1,0.3000,0,-1.4475,0.000,0.300
2250.453,overrun,A_leg2,4.758,-0.505,27.961,27.485,0.477,OVERRUN by 2206.52s,1,0.0500,0,-1.4475,1,0.3000,0,-1.4475,0.000,0.300
2251.494,overrun,A_leg2,4.758,-0.505,27.961,27.485,0.477,OVERRUN by 2207.56s,1,0.0500,0,-1.4475,1,0.3000,0,-1.4475,0.000,0.300
2252.532,overrun,A_leg2,4.758,-0.505,27.961,27.485,0.477,OVERRUN by 2208.60s,1,0.0500,0,-1.4475,1,0.3000,0,-1.4475,0.000,0.300
2253.568,overrun,A_leg2,4.758,-0.505,27.961,27.485,0.477,OVERRUN by 2209.63s,1,0.0500,0,-1.4475,1,0.3000,0,-1.4475,0.000,0.300
2254.607,overrun,A_leg2,4.758,-0.505,27.961,27.485,0.477,OVERRUN by 2210.67s,1,0.0500,0,-1.4475,1,0.3000,0,-1.4475,0.000,0.300
2255.640,overrun,A_leg2,4.758,-0.505,27.961,27.485,0.477,OVERRUN by 2211.70s,1,0.0500,0,-1.4475,1,0.3000,0,-1.4475,0.000,0.300
2256.675,overrun,A_leg2,4.758,-0.505,27.961,27.485,0.477,OVERRUN by 2212.74s,1,0.0500,0,-1.4475,1,0.3000,0,-1.4475,0.000,0.300
2257.710,overrun,A_leg2,4.758,-0.505,27.961,27.485,0.477,OVERRUN by 2213.77s,1,0.0500,0,-1.4475,1,0.3000,0,-1.4475,0.000,0.300
2258.755,overrun,A_leg2,4.758,-0.505,27.961,27.485,0.477,OVERRUN by 2214.82s,1,0.0500,0,-1.4475,1,0.3000,0,-1.4475,0.000,0.300
2259.795,overrun,A_leg2,4.758,-0.505,27.961,27.485,0.477,OVERRUN by 2215.86s,1,0.0500,0,-1.4475,1,0.3000,0,-1.4475,0.000,0.300
2260.826,overrun,A_leg2,4.758,-0.505,27.961,27.485,0.477,OVERRUN by 2216.89s,1,0.0500,0,-1.4475,1,0.3000,0,-1.4475,0.000,0.300
2261.862,overrun,A_leg2,4.758,-0.505,27.961,27.485,0.477,OVERRUN by 2217.93s,1,0.0500,0,-1.4475,1,0.3000,0,-1.4475,0.000,0.300
2262.906,overrun,A_leg2,4.758,-0.505,27.961,27.485,0.477,OVERRUN by 2218.97s,1,0.0500,0,-1.4475,1,0.3000,0,-1.4475,0.000,0.300
2263.934,overrun,A_leg2,4.758,-0.505,27.961,27.485,0.477,OVERRUN by 2220.00s,1,0.0500,0,-1.4475,1,0.3000,0,-1.4475,0.000,0.300
2264.972,overrun,A_leg2,4.758,-0.505,27.961,27.485,0.477,OVERRUN by 2221.04s,1,0.0500,0,-1.4475,1,0.3000,0,-1.4475,0.000,0.300
2266.009,overrun,A_leg2,4.758,-0.505,27.961,27.485,0.477,OVERRUN by 2222.07s,1,0.0500,0,-1.4475,1,0.3000,0,-1.4475,0.000,0.300
2267.046,overrun,A_leg2,4.758,-0.505,27.961,27.485,0.477,OVERRUN by 2223.11s,1,0.0500,0,-1.4475,1,0.3000,0,-1.4475,0.000,0.300
2268.088,overrun,A_leg2,4.758,-0.505,27.961,27.485,0.477,OVERRUN by 2224.15s,1,0.0500,0,-1.4475,1,0.3000,0,-1.4475,0.000,0.300
2269.114,overrun,A_leg2,4.758,-0.505,27.961,27.485,0.477,OVERRUN by 2225.18s,1,0.0500,0,-1.4475,1,0.3000,0,-1.4475,0.000,0.300
2270.151,overrun,A_leg2,4.758,-0.505,27.961,27.485,0.477,OVERRUN by 2226.21s,1,0.0500,0,-1.4475,1,0.3000,0,-1.4475,0.000,0.300
2271.187,overrun,A_leg2,4.758,-0.505,27.961,27.485,0.477,OVERRUN by 2227.25s,1,0.0500,0,-1.4475,1,0.3000,0,-1.4475,0.000,0.300
2272.224,overrun,A_leg2,4.758,-0.505,27.961,27.485,0.477,OVERRUN by 2228.29s,1,0.0500,0,-1.4475,1,0.3000,0,-1.4475,0.000,0.300
2273.259,overrun,A_leg2,4.758,-0.505,27.961,27.485,0.477,OVERRUN by 2229.32s,1,0.0500,0,-1.4475,1,0.3000,0,-1.4475,0.000,0.300
2274.300,overrun,A_leg2,4.758,-0.505,27.961,27.485,0.477,OVERRUN by 2230.36s,1,0.0500,0,-1.4475,1,0.3000,0,-1.4475,0.000,0.300
2275.323,overrun,A_leg2,4.758,-0.505,27.961,27.485,0.477,OVERRUN by 2231.39s,1,0.0500,0,-1.4475,1,0.3000,0,-1.4475,0.000,0.300
2276.364,overrun,A_leg2,4.758,-0.505,27.961,27.485,0.477,OVERRUN by 2232.43s,1,0.0500,0,-1.4475,1,0.3000,0,-1.4475,0.000,0.300
2277.387,overrun,A_leg2,4.758,-0.505,27.961,27.485,0.477,OVERRUN by 2233.45s,1,0.0500,0,-1.4475,1,0.3000,0,-1.4475,0.000,0.300
2278.422,overrun,A_leg2,4.758,-0.505,27.961,27.485,0.477,OVERRUN by 2234.49s,1,0.0500,0,-1.4475,1,0.3000,0,-1.4475,0.000,0.300
2279.460,overrun,A_leg2,4.758,-0.505,27.961,27.485,0.477,OVERRUN by 2235.52s,1,0.0500,0,-1.4475,1,0.3000,0,-1.4475,0.000,0.300
2280.498,overrun,A_leg2,4.758,-0.505,27.961,27.485,0.477,OVERRUN by 2236.56s,1,0.0500,0,-1.4475,1,0.3000,0,-1.4475,0.000,0.300
2281.538,overrun,A_leg2,4.758,-0.505,27.961,27.485,0.477,OVERRUN by 2237.60s,1,0.0500,0,-1.4475,1,0.3000,0,-1.4475,0.000,0.300
2282.568,overrun,A_leg2,4.758,-0.505,27.961,27.485,0.477,OVERRUN by 2238.63s,1,0.0500,0,-1.4475,1,0.3000,0,-1.4475,0.000,0.300
2283.598,overrun,A_leg2,4.758,-0.505,27.961,27.485,0.477,OVERRUN by 2239.66s,1,0.0500,0,-1.4475,1,0.3000,0,-1.4475,0.000,0.300
2284.642,overrun,A_leg2,4.758,-0.505,27.961,27.485,0.477,OVERRUN by 2240.71s,1,0.0500,0,-1.4475,1,0.3000,0,-1.4475,0.000,0.300
2285.679,overrun,A_leg2,4.758,-0.505,27.961,27.485,0.477,OVERRUN by 2241.74s,1,0.0500,0,-1.4475,1,0.3000,0,-1.4475,0.000,0.300
2286.718,overrun,A_leg2,4.758,-0.505,27.961,27.485,0.477,OVERRUN by 2242.78s,1,0.0500,0,-1.4475,1,0.3000,0,-1.4475,0.000,0.300
2287.752,overrun,A_leg2,4.758,-0.505,27.961,27.485,0.477,OVERRUN by 2243.82s,1,0.0500,0,-1.4475,1,0.3000,0,-1.4475,0.000,0.300
2288.796,overrun,A_leg2,4.758,-0.505,27.961,27.485,0.477,OVERRUN by 2244.86s,1,0.0500,0,-1.4475,1,0.3000,0,-1.4475,0.000,0.300
2289.836,overrun,A_leg2,4.758,-0.505,27.961,27.485,0.477,OVERRUN by 2245.90s,1,0.0500,0,-1.4475,1,0.3000,0,-1.4475,0.000,0.300
2290.869,overrun,A_leg2,4.758,-0.505,27.961,27.485,0.477,OVERRUN by 2246.93s,1,0.0500,0,-1.4475,1,0.3000,0,-1.4475,0.000,0.300
2291.914,overrun,A_leg2,4.758,-0.505,27.961,27.485,0.477,OVERRUN by 2247.98s,1,0.0500,0,-1.4475,1,0.3000,0,-1.4475,0.000,0.300
2292.947,overrun,A_leg2,4.758,-0.505,27.961,27.485,0.477,OVERRUN by 2249.01s,1,0.0500,0,-1.4475,1,0.3000,0,-1.4475,0.000,0.300
2293.982,overrun,A_leg2,4.758,-0.505,27.961,27.485,0.477,OVERRUN by 2250.05s,1,0.0500,0,-1.4475,1,0.3000,0,-1.4475,0.000,0.300
2295.024,overrun,A_leg2,4.758,-0.505,27.961,27.485,0.477,OVERRUN by 2251.09s,1,0.0500,0,-1.4475,1,0.3000,0,-1.4475,0.000,0.300
2296.068,overrun,A_leg2,4.758,-0.505,27.961,27.485,0.477,OVERRUN by 2252.13s,1,0.0500,0,-1.4475,1,0.3000,0,-1.4475,0.000,0.300
2297.108,overrun,A_leg2,4.758,-0.505,27.961,27.485,0.477,OVERRUN by 2253.17s,1,0.0500,0,-1.4475,1,0.3000,0,-1.4475,0.000,0.300
2298.142,overrun,A_leg2,4.758,-0.505,27.961,27.485,0.477,OVERRUN by 2254.21s,1,0.0500,0,-1.4475,1,0.3000,0,-1.4475,0.000,0.300
2299.172,overrun,A_leg2,4.758,-0.505,27.961,27.485,0.477,OVERRUN by 2255.24s,1,0.0500,0,-1.4475,1,0.3000,0,-1.4475,0.000,0.300
2300.203,overrun,A_leg2,4.758,-0.505,27.961,27.485,0.477,OVERRUN by 2256.27s,1,0.0500,0,-1.4475,1,0.3000,0,-1.4475,0.000,0.300
2301.240,overrun,A_leg2,4.758,-0.505,27.961,27.485,0.477,OVERRUN by 2257.30s,1,0.0500,0,-1.4475,1,0.3000,0,-1.4475,0.000,0.300
2302.282,overrun,A_leg2,4.758,-0.505,27.961,27.485,0.477,OVERRUN by 2258.35s,1,0.0500,0,-1.4475,1,0.3000,0,-1.4475,0.000,0.300
2303.323,overrun,A_leg2,4.758,-0.505,27.961,27.485,0.477,OVERRUN by 2259.39s,1,0.0500,0,-1.4475,1,0.3000,0,-1.4475,0.000,0.300
2304.359,overrun,A_leg2,4.758,-0.505,27.961,27.485,0.477,OVERRUN by 2260.42s,1,0.0500,0,-1.4475,1,0.3000,0,-1.4475,0.000,0.300
2305.403,overrun,A_leg2,4.758,-0.505,27.961,27.485,0.477,OVERRUN by 2261.47s,1,0.0500,0,-1.4475,1,0.3000,0,-1.4475,0.000,0.300
2306.438,overrun,A_leg2,4.758,-0.505,27.961,27.485,0.477,OVERRUN by 2262.50s,1,0.0500,0,-1.4475,1,0.3000,0,-1.4475,0.000,0.300
2307.483,overrun,A_leg2,4.758,-0.505,27.961,27.485,0.477,OVERRUN by 2263.55s,1,0.0500,0,-1.4475,1,0.3000,0,-1.4475,0.000,0.300
2308.526,overrun,A_leg2,4.758,-0.505,27.961,27.485,0.477,OVERRUN by 2264.59s,1,0.0500,0,-1.4475,1,0.3000,0,-1.4475,0.000,0.300
2309.561,overrun,A_leg2,4.758,-0.505,27.961,27.485,0.477,OVERRUN by 2265.62s,1,0.0500,0,-1.4475,1,0.3000,0,-1.4475,0.000,0.300
2310.596,overrun,A_leg2,4.758,-0.505,27.961,27.485,0.477,OVERRUN by 2266.66s,1,0.0500,0,-1.4475,1,0.3000,0,-1.4475,0.000,0.300
2311.625,overrun,A_leg2,4.758,-0.505,27.961,27.485,0.477,OVERRUN by 2267.69s,1,0.0500,0,-1.4475,1,0.3000,0,-1.4475,0.000,0.300
2312.668,overrun,A_leg2,4.758,-0.505,27.961,27.485,0.477,OVERRUN by 2268.73s,1,0.0500,0,-1.4475,1,0.3000,0,-1.4475,0.000,0.300
2313.705,overrun,A_leg2,4.758,-0.505,27.961,27.485,0.477,OVERRUN by 2269.77s,1,0.0500,0,-1.4475,1,0.3000,0,-1.4475,0.000,0.300
2314.749,overrun,A_leg2,4.758,-0.505,27.961,27.485,0.477,OVERRUN by 2270.81s,1,0.0500,0,-1.4475,1,0.3000,0,-1.4475,0.000,0.300
2315.790,overrun,A_leg2,4.758,-0.505,27.961,27.485,0.477,OVERRUN by 2271.85s,1,0.0500,0,-1.4475,1,0.3000,0,-1.4475,0.000,0.300
2316.832,overrun,A_leg2,4.758,-0.505,27.961,27.485,0.477,OVERRUN by 2272.90s,1,0.0500,0,-1.4475,1,0.3000,0,-1.4475,0.000,0.300
2317.876,overrun,A_leg2,4.758,-0.505,27.961,27.485,0.477,OVERRUN by 2273.94s,1,0.0500,0,-1.4475,1,0.3000,0,-1.4475,0.000,0.300
2318.905,overrun,A_leg2,4.758,-0.505,27.961,27.485,0.477,OVERRUN by 2274.97s,1,0.0500,0,-1.4475,1,0.3000,0,-1.4475,0.000,0.300
2319.944,overrun,A_leg2,4.758,-0.505,27.961,27.485,0.477,OVERRUN by 2276.01s,1,0.0500,0,-1.4475,1,0.3000,0,-1.4475,0.000,0.300
2320.988,overrun,A_leg2,4.758,-0.505,27.961,27.485,0.477,OVERRUN by 2277.05s,1,0.0500,0,-1.4475,1,0.3000,0,-1.4475,0.000,0.300
2322.025,overrun,A_leg2,4.758,-0.505,27.961,27.485,0.477,OVERRUN by 2278.09s,1,0.0500,0,-1.4475,1,0.3000,0,-1.4475,0.000,0.300
2323.052,overrun,A_leg2,4.758,-0.505,27.961,27.485,0.477,OVERRUN by 2279.12s,1,0.0500,0,-1.4475,1,0.3000,0,-1.4475,0.000,0.300
2324.093,overrun,A_leg2,4.758,-0.505,27.961,27.485,0.477,OVERRUN by 2280.16s,1,0.0500,0,-1.4475,1,0.3000,0,-1.4475,0.000,0.300
2325.131,overrun,A_leg2,4.758,-0.505,27.961,27.485,0.477,OVERRUN by 2281.20s,1,0.0500,0,-1.4475,1,0.3000,0,-1.4475,0.000,0.300
2326.156,overrun,A_leg2,4.758,-0.505,27.961,27.485,0.477,OVERRUN by 2282.22s,1,0.0500,0,-1.4475,1,0.3000,0,-1.4475,0.000,0.300
2327.197,overrun,A_leg2,4.758,-0.505,27.961,27.485,0.477,OVERRUN by 2283.26s,1,0.0500,0,-1.4475,1,0.3000,0,-1.4475,0.000,0.300
2328.229,overrun,A_leg2,4.758,-0.505,27.961,27.485,0.477,OVERRUN by 2284.29s,1,0.0500,0,-1.4475,1,0.3000,0,-1.4475,0.000,0.300
2329.266,overrun,A_leg2,4.758,-0.505,27.961,27.485,0.477,OVERRUN by 2285.33s,1,0.0500,0,-1.4475,1,0.3000,0,-1.4475,0.000,0.300
2330.301,overrun,A_leg2,4.758,-0.505,27.961,27.485,0.477,OVERRUN by 2286.36s,1,0.0500,0,-1.4475,1,0.3000,0,-1.4475,0.000,0.300
2331.340,overrun,A_leg2,4.758,-0.505,27.961,27.485,0.477,OVERRUN by 2287.40s,1,0.0500,0,-1.4475,1,0.3000,0,-1.4475,0.000,0.300
2332.374,overrun,A_leg2,4.758,-0.505,27.961,27.485,0.477,OVERRUN by 2288.44s,1,0.0500,0,-1.4475,1,0.3000,0,-1.4475,0.000,0.300
2333.408,overrun,A_leg2,4.758,-0.505,27.961,27.485,0.477,OVERRUN by 2289.47s,1,0.0500,0,-1.4475,1,0.3000,0,-1.4475,0.000,0.300
2334.448,overrun,A_leg2,4.758,-0.505,27.961,27.485,0.477,OVERRUN by 2290.51s,1,0.0500,0,-1.4475,1,0.3000,0,-1.4475,0.000,0.300
2335.493,overrun,A_leg2,4.758,-0.505,27.961,27.485,0.477,OVERRUN by 2291.56s,1,0.0500,0,-1.4475,1,0.3000,0,-1.4475,0.000,0.300
2336.531,overrun,A_leg2,4.758,-0.505,27.961,27.485,0.477,OVERRUN by 2292.60s,1,0.0500,0,-1.4475,1,0.3000,0,-1.4475,0.000,0.300
2337.575,overrun,A_leg2,4.758,-0.505,27.961,27.485,0.477,OVERRUN by 2293.64s,1,0.0500,0,-1.4475,1,0.3000,0,-1.4475,0.000,0.300
2338.610,overrun,A_leg2,4.758,-0.505,27.961,27.485,0.477,OVERRUN by 2294.67s,1,0.0500,0,-1.4475,1,0.3000,0,-1.4475,0.000,0.300
2339.642,overrun,A_leg2,4.758,-0.505,27.961,27.485,0.477,OVERRUN by 2295.71s,1,0.0500,0,-1.4475,1,0.3000,0,-1.4475,0.000,0.300
2340.681,overrun,A_leg2,4.758,-0.505,27.961,27.485,0.477,OVERRUN by 2296.74s,1,0.0500,0,-1.4475,1,0.3000,0,-1.4475,0.000,0.300
2341.720,overrun,A_leg2,4.758,-0.505,27.961,27.485,0.477,OVERRUN by 2297.78s,1,0.0500,0,-1.4475,1,0.3000,0,-1.4475,0.000,0.300
2342.761,overrun,A_leg2,4.758,-0.505,27.961,27.485,0.477,OVERRUN by 2298.83s,1,0.0500,0,-1.4475,1,0.3000,0,-1.4475,0.000,0.300
2343.795,overrun,A_leg2,4.758,-0.505,27.961,27.485,0.477,OVERRUN by 2299.86s,1,0.0500,0,-1.4475,1,0.3000,0,-1.4475,0.000,0.300
2344.831,overrun,A_leg2,4.758,-0.505,27.961,27.485,0.477,OVERRUN by 2300.89s,1,0.0500,0,-1.4475,1,0.3000,0,-1.4475,0.000,0.300
2345.868,overrun,A_leg2,4.758,-0.505,27.961,27.485,0.477,OVERRUN by 2301.93s,1,0.0500,0,-1.4475,1,0.3000,0,-1.4475,0.000,0.300
2346.898,overrun,A_leg2,4.758,-0.505,27.961,27.485,0.477,OVERRUN by 2302.96s,1,0.0500,0,-1.4475,1,0.3000,0,-1.4475,0.000,0.300
2347.927,overrun,A_leg2,4.758,-0.505,27.961,27.485,0.477,OVERRUN by 2303.99s,1,0.0500,0,-1.4475,1,0.3000,0,-1.4475,0.000,0.300
2348.968,overrun,A_leg2,4.758,-0.505,27.961,27.485,0.477,OVERRUN by 2305.03s,1,0.0500,0,-1.4475,1,0.3000,0,-1.4475,0.000,0.300
2350.006,overrun,A_leg2,4.758,-0.505,27.961,27.485,0.477,OVERRUN by 2306.07s,1,0.0500,0,-1.4475,1,0.3000,0,-1.4475,0.000,0.300
2351.037,overrun,A_leg2,4.758,-0.505,27.961,27.485,0.477,OVERRUN by 2307.10s,1,0.0500,0,-1.4475,1,0.3000,0,-1.4475,0.000,0.300
2352.081,overrun,A_leg2,4.758,-0.505,27.961,27.485,0.477,OVERRUN by 2308.15s,1,0.0500,0,-1.4475,1,0.3000,0,-1.4475,0.000,0.300
2353.109,overrun,A_leg2,4.758,-0.505,27.961,27.485,0.477,OVERRUN by 2309.17s,1,0.0500,0,-1.4475,1,0.3000,0,-1.4475,0.000,0.300
2354.149,overrun,A_leg2,4.758,-0.505,27.961,27.485,0.477,OVERRUN by 2310.21s,1,0.0500,0,-1.4475,1,0.3000,0,-1.4475,0.000,0.300
2355.181,overrun,A_leg2,4.758,-0.505,27.961,27.485,0.477,OVERRUN by 2311.24s,1,0.0500,0,-1.4475,1,0.3000,0,-1.4475,0.000,0.300
2356.222,overrun,A_leg2,4.758,-0.505,27.961,27.485,0.477,OVERRUN by 2312.29s,1,0.0500,0,-1.4475,1,0.3000,0,-1.4475,0.000,0.300
2357.264,overrun,A_leg2,4.758,-0.505,27.961,27.485,0.477,OVERRUN by 2313.33s,1,0.0500,0,-1.4475,1,0.3000,0,-1.4475,0.000,0.300
2358.297,overrun,A_leg2,4.758,-0.505,27.961,27.485,0.477,OVERRUN by 2314.36s,1,0.0500,0,-1.4475,1,0.3000,0,-1.4475,0.000,0.300
2359.337,overrun,A_leg2,4.758,-0.505,27.961,27.485,0.477,OVERRUN by 2315.40s,1,0.0500,0,-1.4475,1,0.3000,0,-1.4475,0.000,0.300
2360.366,overrun,A_leg2,4.758,-0.505,27.961,27.485,0.477,OVERRUN by 2316.43s,1,0.0500,0,-1.4475,1,0.3000,0,-1.4475,0.000,0.300
2361.397,overrun,A_leg2,4.758,-0.505,27.961,27.485,0.477,OVERRUN by 2317.46s,1,0.0500,0,-1.4475,1,0.3000,0,-1.4475,0.000,0.300
2362.435,overrun,A_leg2,4.758,-0.505,27.961,27.485,0.477,OVERRUN by 2318.50s,1,0.0500,0,-1.4475,1,0.3000,0,-1.4475,0.000,0.300
2363.470,overrun,A_leg2,4.758,-0.505,27.961,27.485,0.477,OVERRUN by 2319.53s,1,0.0500,0,-1.4475,1,0.3000,0,-1.4475,0.000,0.300
2364.507,overrun,A_leg2,4.758,-0.505,27.961,27.485,0.477,OVERRUN by 2320.57s,1,0.0500,0,-1.4475,1,0.3000,0,-1.4475,0.000,0.300
2365.548,overrun,A_leg2,4.758,-0.505,27.961,27.485,0.477,OVERRUN by 2321.61s,1,0.0500,0,-1.4475,1,0.3000,0,-1.4475,0.000,0.300
2366.580,overrun,A_leg2,4.758,-0.505,27.961,27.485,0.477,OVERRUN by 2322.64s,1,0.0500,0,-1.4475,1,0.3000,0,-1.4475,0.000,0.300
2367.609,overrun,A_leg2,4.758,-0.505,27.961,27.485,0.477,OVERRUN by 2323.67s,1,0.0500,0,-1.4475,1,0.3000,0,-1.4475,0.000,0.300
2368.642,overrun,A_leg2,4.758,-0.505,27.961,27.485,0.477,OVERRUN by 2324.71s,1,0.0500,0,-1.4475,1,0.3000,0,-1.4475,0.000,0.300
2369.671,overrun,A_leg2,4.758,-0.505,27.961,27.485,0.477,OVERRUN by 2325.74s,1,0.0500,0,-1.4475,1,0.3000,0,-1.4475,0.000,0.300
2370.699,overrun,A_leg2,4.758,-0.505,27.961,27.485,0.477,OVERRUN by 2326.76s,1,0.0500,0,-1.4475,1,0.3000,0,-1.4475,0.000,0.300
2371.738,overrun,A_leg2,4.758,-0.505,27.961,27.485,0.477,OVERRUN by 2327.80s,1,0.0500,0,-1.4475,1,0.3000,0,-1.4475,0.000,0.300
2372.777,overrun,A_leg2,4.758,-0.505,27.961,27.485,0.477,OVERRUN by 2328.84s,1,0.0500,0,-1.4475,1,0.3000,0,-1.4475,0.000,0.300
2373.807,overrun,A_leg2,4.758,-0.505,27.961,27.485,0.477,OVERRUN by 2329.87s,1,0.0500,0,-1.4475,1,0.3000,0,-1.4475,0.000,0.300
2374.849,overrun,A_leg2,4.758,-0.505,27.961,27.485,0.477,OVERRUN by 2330.91s,1,0.0500,0,-1.4475,1,0.3000,0,-1.4475,0.000,0.300
2375.894,overrun,A_leg2,4.758,-0.505,27.961,27.485,0.477,OVERRUN by 2331.96s,1,0.0500,0,-1.4475,1,0.3000,0,-1.4475,0.000,0.300
2376.940,overrun,A_leg2,4.758,-0.505,27.961,27.485,0.477,OVERRUN by 2333.00s,1,0.0500,0,-1.4475,1,0.3000,0,-1.4475,0.000,0.300
2377.984,overrun,A_leg2,4.758,-0.505,27.961,27.485,0.477,OVERRUN by 2334.05s,1,0.0500,0,-1.4475,1,0.3000,0,-1.4475,0.000,0.300
2379.023,overrun,A_leg2,4.758,-0.505,27.961,27.485,0.477,OVERRUN by 2335.09s,1,0.0500,0,-1.4475,1,0.3000,0,-1.4475,0.000,0.300
2380.061,overrun,A_leg2,4.758,-0.505,27.961,27.485,0.477,OVERRUN by 2336.13s,1,0.0500,0,-1.4475,1,0.3000,0,-1.4475,0.000,0.300
2381.100,overrun,A_leg2,4.758,-0.505,27.961,27.485,0.477,OVERRUN by 2337.16s,1,0.0500,0,-1.4475,1,0.3000,0,-1.4475,0.000,0.300
2382.143,overrun,A_leg2,4.758,-0.505,27.961,27.485,0.477,OVERRUN by 2338.21s,1,0.0500,0,-1.4475,1,0.3000,0,-1.4475,0.000,0.300
2383.181,overrun,A_leg2,4.758,-0.505,27.961,27.485,0.477,OVERRUN by 2339.24s,1,0.0500,0,-1.4475,1,0.3000,0,-1.4475,0.000,0.300
2384.221,overrun,A_leg2,4.758,-0.505,27.961,27.485,0.477,OVERRUN by 2340.28s,1,0.0500,0,-1.4475,1,0.3000,0,-1.4475,0.000,0.300
2385.259,overrun,A_leg2,4.758,-0.505,27.961,27.485,0.477,OVERRUN by 2341.32s,1,0.0500,0,-1.4475,1,0.3000,0,-1.4475,0.000,0.300
2386.292,overrun,A_leg2,4.758,-0.505,27.961,27.485,0.477,OVERRUN by 2342.36s,1,0.0500,0,-1.4475,1,0.3000,0,-1.4475,0.000,0.300
2387.332,overrun,A_leg2,4.758,-0.505,27.961,27.485,0.477,OVERRUN by 2343.40s,1,0.0500,0,-1.4475,1,0.3000,0,-1.4475,0.000,0.300
2388.365,overrun,A_leg2,4.758,-0.505,27.961,27.485,0.477,OVERRUN by 2344.43s,1,0.0500,0,-1.4475,1,0.3000,0,-1.4475,0.000,0.300
2389.404,overrun,A_leg2,4.758,-0.505,27.961,27.485,0.477,OVERRUN by 2345.47s,1,0.0500,0,-1.4475,1,0.3000,0,-1.4475,0.000,0.300
2390.441,overrun,A_leg2,4.758,-0.505,27.961,27.485,0.477,OVERRUN by 2346.50s,1,0.0500,0,-1.4475,1,0.3000,0,-1.4475,0.000,0.300
2391.478,overrun,A_leg2,4.758,-0.505,27.961,27.485,0.477,OVERRUN by 2347.54s,1,0.0500,0,-1.4475,1,0.3000,0,-1.4475,0.000,0.300
2392.509,overrun,A_leg2,4.758,-0.505,27.961,27.485,0.477,OVERRUN by 2348.57s,1,0.0500,0,-1.4475,1,0.3000,0,-1.4475,0.000,0.300
2393.544,overrun,A_leg2,4.758,-0.505,27.961,27.485,0.477,OVERRUN by 2349.61s,1,0.0500,0,-1.4475,1,0.3000,0,-1.4475,0.000,0.300
2394.584,overrun,A_leg2,4.758,-0.505,27.961,27.485,0.477,OVERRUN by 2350.65s,1,0.0500,0,-1.4475,1,0.3000,0,-1.4475,0.000,0.300
2395.626,overrun,A_leg2,4.758,-0.505,27.961,27.485,0.477,OVERRUN by 2351.69s,1,0.0500,0,-1.4475,1,0.3000,0,-1.4475,0.000,0.300
2396.659,overrun,A_leg2,4.758,-0.505,27.961,27.485,0.477,OVERRUN by 2352.72s,1,0.0500,0,-1.4475,1,0.3000,0,-1.4475,0.000,0.300
2397.694,overrun,A_leg2,4.758,-0.505,27.961,27.485,0.477,OVERRUN by 2353.76s,1,0.0500,0,-1.4475,1,0.3000,0,-1.4475,0.000,0.300
2398.732,overrun,A_leg2,4.758,-0.505,27.961,27.485,0.477,OVERRUN by 2354.80s,1,0.0500,0,-1.4475,1,0.3000,0,-1.4475,0.000,0.300
2399.776,overrun,A_leg2,4.758,-0.505,27.961,27.485,0.477,OVERRUN by 2355.84s,1,0.0500,0,-1.4475,1,0.3000,0,-1.4475,0.000,0.300
2400.812,overrun,A_leg2,4.758,-0.505,27.961,27.485,0.477,OVERRUN by 2356.88s,1,0.0500,0,-1.4475,1,0.3000,0,-1.4475,0.000,0.300
2401.848,overrun,A_leg2,4.758,-0.505,27.961,27.485,0.477,OVERRUN by 2357.91s,1,0.0500,0,-1.4475,1,0.3000,0,-1.4475,0.000,0.300
2402.888,overrun,A_leg2,4.758,-0.505,27.961,27.485,0.477,OVERRUN by 2358.95s,1,0.0500,0,-1.4475,1,0.3000,0,-1.4475,0.000,0.300
2403.918,overrun,A_leg2,4.758,-0.505,27.961,27.485,0.477,OVERRUN by 2359.98s,1,0.0500,0,-1.4475,1,0.3000,0,-1.4475,0.000,0.300
2404.957,overrun,A_leg2,4.758,-0.505,27.961,27.485,0.477,OVERRUN by 2361.02s,1,0.0500,0,-1.4475,1,0.3000,0,-1.4475,0.000,0.300
2405.984,overrun,A_leg2,4.758,-0.505,27.961,27.485,0.477,OVERRUN by 2362.05s,1,0.0500,0,-1.4475,1,0.3000,0,-1.4475,0.000,0.300
2407.018,overrun,A_leg2,4.758,-0.505,27.961,27.485,0.477,OVERRUN by 2363.08s,1,0.0500,0,-1.4475,1,0.3000,0,-1.4475,0.000,0.300
2408.051,overrun,A_leg2,4.758,-0.505,27.961,27.485,0.477,OVERRUN by 2364.12s,1,0.0500,0,-1.4475,1,0.3000,0,-1.4475,0.000,0.300
2409.090,overrun,A_leg2,4.758,-0.505,27.961,27.485,0.477,OVERRUN by 2365.15s,1,0.0500,0,-1.4475,1,0.3000,0,-1.4475,0.000,0.300
2410.135,overrun,A_leg2,4.758,-0.505,27.961,27.485,0.477,OVERRUN by 2366.20s,1,0.0500,0,-1.4475,1,0.3000,0,-1.4475,0.000,0.300
2411.174,overrun,A_leg2,4.758,-0.505,27.961,27.485,0.477,OVERRUN by 2367.24s,1,0.0500,0,-1.4475,1,0.3000,0,-1.4475,0.000,0.300
2412.214,overrun,A_leg2,4.758,-0.505,27.961,27.485,0.477,OVERRUN by 2368.28s,1,0.0500,0,-1.4475,1,0.3000,0,-1.4475,0.000,0.300
2413.247,overrun,A_leg2,4.758,-0.505,27.961,27.485,0.477,OVERRUN by 2369.31s,1,0.0500,0,-1.4475,1,0.3000,0,-1.4475,0.000,0.300
2414.277,overrun,A_leg2,4.758,-0.505,27.961,27.485,0.477,OVERRUN by 2370.34s,1,0.0500,0,-1.4475,1,0.3000,0,-1.4475,0.000,0.300
2415.314,overrun,A_leg2,4.758,-0.505,27.961,27.485,0.477,OVERRUN by 2371.38s,1,0.0500,0,-1.4475,1,0.3000,0,-1.4475,0.000,0.300
2416.354,overrun,A_leg2,4.758,-0.505,27.961,27.485,0.477,OVERRUN by 2372.42s,1,0.0500,0,-1.4475,1,0.3000,0,-1.4475,0.000,0.300
2417.382,overrun,A_leg2,4.758,-0.505,27.961,27.485,0.477,OVERRUN by 2373.45s,1,0.0500,0,-1.4475,1,0.3000,0,-1.4475,0.000,0.300
2418.424,overrun,A_leg2,4.758,-0.505,27.961,27.485,0.477,OVERRUN by 2374.49s,1,0.0500,0,-1.4475,1,0.3000,0,-1.4475,0.000,0.300
2419.454,overrun,A_leg2,4.758,-0.505,27.961,27.485,0.477,OVERRUN by 2375.52s,1,0.0500,0,-1.4475,1,0.3000,0,-1.4475,0.000,0.300
2420.487,overrun,A_leg2,4.758,-0.505,27.961,27.485,0.477,OVERRUN by 2376.55s,1,0.0500,0,-1.4475,1,0.3000,0,-1.4475,0.000,0.300
2421.528,overrun,A_leg2,4.758,-0.505,27.961,27.485,0.477,OVERRUN by 2377.59s,1,0.0500,0,-1.4475,1,0.3000,0,-1.4475,0.000,0.300
2422.569,overrun,A_leg2,4.758,-0.505,27.961,27.485,0.477,OVERRUN by 2378.63s,1,0.0500,0,-1.4475,1,0.3000,0,-1.4475,0.000,0.300
2423.612,overrun,A_leg2,4.758,-0.505,27.961,27.485,0.477,OVERRUN by 2379.68s,1,0.0500,0,-1.4475,1,0.3000,0,-1.4475,0.000,0.300
2424.646,overrun,A_leg2,4.758,-0.505,27.961,27.485,0.477,OVERRUN by 2380.71s,1,0.0500,0,-1.4475,1,0.3000,0,-1.4475,0.000,0.300
2425.681,overrun,A_leg2,4.758,-0.505,27.961,27.485,0.477,OVERRUN by 2381.74s,1,0.0500,0,-1.4475,1,0.3000,0,-1.4475,0.000,0.300
2426.736,overrun,A_leg2,4.758,-0.505,27.961,27.485,0.477,OVERRUN by 2382.80s,1,0.0500,0,-1.4475,1,0.3000,0,-1.4475,0.000,0.300
2427.751,overrun,A_leg2,4.758,-0.505,27.961,27.485,0.477,OVERRUN by 2383.82s,1,0.0500,0,-1.4475,1,0.3000,0,-1.4475,0.000,0.300
2428.783,overrun,A_leg2,4.758,-0.505,27.961,27.485,0.477,OVERRUN by 2384.85s,1,0.0500,0,-1.4475,1,0.3000,0,-1.4475,0.000,0.300
2429.807,overrun,A_leg2,4.758,-0.505,27.961,27.485,0.477,OVERRUN by 2385.87s,1,0.0500,0,-1.4475,1,0.3000,0,-1.4475,0.000,0.300
2430.827,overrun,A_leg2,4.758,-0.505,27.961,27.485,0.477,OVERRUN by 2386.89s,1,0.0500,0,-1.4475,1,0.3000,0,-1.4475,0.000,0.300
2431.855,overrun,A_leg2,4.758,-0.505,27.961,27.485,0.477,OVERRUN by 2387.92s,1,0.0500,0,-1.4475,1,0.3000,0,-1.4475,0.000,0.300
2432.886,overrun,A_leg2,4.758,-0.505,27.961,27.485,0.477,OVERRUN by 2388.95s,1,0.0500,0,-1.4475,1,0.3000,0,-1.4475,0.000,0.300
2433.921,overrun,A_leg2,4.758,-0.505,27.961,27.485,0.477,OVERRUN by 2389.98s,1,0.0500,0,-1.4475,1,0.3000,0,-1.4475,0.000,0.300
2434.955,overrun,A_leg2,4.758,-0.505,27.961,27.485,0.477,OVERRUN by 2391.02s,1,0.0500,0,-1.4475,1,0.3000,0,-1.4475,0.000,0.300
2435.994,overrun,A_leg2,4.758,-0.505,27.961,27.485,0.477,OVERRUN by 2392.06s,1,0.0500,0,-1.4475,1,0.3000,0,-1.4475,0.000,0.300
2437.014,overrun,A_leg2,4.758,-0.505,27.961,27.485,0.477,OVERRUN by 2393.08s,1,0.0500,0,-1.4475,1,0.3000,0,-1.4475,0.000,0.300
2438.045,overrun,A_leg2,4.758,-0.505,27.961,27.485,0.477,OVERRUN by 2394.11s,1,0.0500,0,-1.4475,1,0.3000,0,-1.4475,0.000,0.300
2439.075,overrun,A_leg2,4.758,-0.505,27.961,27.485,0.477,OVERRUN by 2395.14s,1,0.0500,0,-1.4475,1,0.3000,0,-1.4475,0.000,0.300
2440.108,overrun,A_leg2,4.758,-0.505,27.961,27.485,0.477,OVERRUN by 2396.17s,1,0.0500,0,-1.4475,1,0.3000,0,-1.4475,0.000,0.300
2441.147,overrun,A_leg2,4.758,-0.505,27.961,27.485,0.477,OVERRUN by 2397.21s,1,0.0500,0,-1.4475,1,0.3000,0,-1.4475,0.000,0.300
2442.182,overrun,A_leg2,4.758,-0.505,27.961,27.485,0.477,OVERRUN by 2398.25s,1,0.0500,0,-1.4475,1,0.3000,0,-1.4475,0.000,0.300
2443.212,overrun,A_leg2,4.758,-0.505,27.961,27.485,0.477,OVERRUN by 2399.28s,1,0.0500,0,-1.4475,1,0.3000,0,-1.4475,0.000,0.300
2444.248,overrun,A_leg2,4.758,-0.505,27.961,27.485,0.477,OVERRUN by 2400.31s,1,0.0500,0,-1.4475,1,0.3000,0,-1.4475,0.000,0.300
2445.285,overrun,A_leg2,4.758,-0.505,27.961,27.485,0.477,OVERRUN by 2401.35s,1,0.0500,0,-1.4475,1,0.3000,0,-1.4475,0.000,0.300
2446.309,overrun,A_leg2,4.758,-0.505,27.961,27.485,0.477,OVERRUN by 2402.37s,1,0.0500,0,-1.4475,1,0.3000,0,-1.4475,0.000,0.300
2447.349,overrun,A_leg2,4.758,-0.505,27.961,27.485,0.477,OVERRUN by 2403.41s,1,0.0500,0,-1.4475,1,0.3000,0,-1.4475,0.000,0.300
2448.379,overrun,A_leg2,4.758,-0.505,27.961,27.485,0.477,OVERRUN by 2404.44s,1,0.0500,0,-1.4475,1,0.3000,0,-1.4475,0.000,0.300
2449.410,overrun,A_leg2,4.758,-0.505,27.961,27.485,0.477,OVERRUN by 2405.47s,1,0.0500,0,-1.4475,1,0.3000,0,-1.4475,0.000,0.300
2450.445,overrun,A_leg2,4.758,-0.505,27.961,27.485,0.477,OVERRUN by 2406.51s,1,0.0500,0,-1.4475,1,0.3000,0,-1.4475,0.000,0.300
2451.481,overrun,A_leg2,4.758,-0.505,27.961,27.485,0.477,OVERRUN by 2407.54s,1,0.0500,0,-1.4475,1,0.3000,0,-1.4475,0.000,0.300
2452.522,overrun,A_leg2,4.758,-0.505,27.961,27.485,0.477,OVERRUN by 2408.59s,1,0.0500,0,-1.4475,1,0.3000,0,-1.4475,0.000,0.300
2453.554,overrun,A_leg2,4.758,-0.505,27.961,27.485,0.477,OVERRUN by 2409.62s,1,0.0500,0,-1.4475,1,0.3000,0,-1.4475,0.000,0.300
2454.587,overrun,A_leg2,4.758,-0.505,27.961,27.485,0.477,OVERRUN by 2410.65s,1,0.0500,0,-1.4475,1,0.3000,0,-1.4475,0.000,0.300
2455.623,overrun,A_leg2,4.758,-0.505,27.961,27.485,0.477,OVERRUN by 2411.69s,1,0.0500,0,-1.4475,1,0.3000,0,-1.4475,0.000,0.300
2456.648,overrun,A_leg2,4.758,-0.505,27.961,27.485,0.477,OVERRUN by 2412.71s,1,0.0500,0,-1.4475,1,0.3000,0,-1.4475,0.000,0.300
2457.679,overrun,A_leg2,4.758,-0.505,27.961,27.485,0.477,OVERRUN by 2413.74s,1,0.0500,0,-1.4475,1,0.3000,0,-1.4475,0.000,0.300
2458.711,overrun,A_leg2,4.758,-0.505,27.961,27.485,0.477,OVERRUN by 2414.77s,1,0.0500,0,-1.4475,1,0.3000,0,-1.4475,0.000,0.300
2459.750,overrun,A_leg2,4.758,-0.505,27.961,27.485,0.477,OVERRUN by 2415.81s,1,0.0500,0,-1.4475,1,0.3000,0,-1.4475,0.000,0.300
2460.783,overrun,A_leg2,4.758,-0.505,27.961,27.485,0.477,OVERRUN by 2416.85s,1,0.0500,0,-1.4475,1,0.3000,0,-1.4475,0.000,0.300
2461.822,overrun,A_leg2,4.758,-0.505,27.961,27.485,0.477,OVERRUN by 2417.89s,1,0.0500,0,-1.4475,1,0.3000,0,-1.4475,0.000,0.300
2462.850,overrun,A_leg2,4.758,-0.505,27.961,27.485,0.477,OVERRUN by 2418.91s,1,0.0500,0,-1.4475,1,0.3000,0,-1.4475,0.000,0.300
2463.874,overrun,A_leg2,4.758,-0.505,27.961,27.485,0.477,OVERRUN by 2419.94s,1,0.0500,0,-1.4475,1,0.3000,0,-1.4475,0.000,0.300
2464.906,overrun,A_leg2,4.758,-0.505,27.961,27.485,0.477,OVERRUN by 2420.97s,1,0.0500,0,-1.4475,1,0.3000,0,-1.4475,0.000,0.300
2465.952,overrun,A_leg2,4.758,-0.505,27.961,27.485,0.477,OVERRUN by 2422.02s,1,0.0500,0,-1.4475,1,0.3000,0,-1.4475,0.000,0.300
2466.983,overrun,A_leg2,4.758,-0.505,27.961,27.485,0.477,OVERRUN by 2423.05s,1,0.0500,0,-1.4475,1,0.3000,0,-1.4475,0.000,0.300
2468.018,overrun,A_leg2,4.758,-0.505,27.961,27.485,0.477,OVERRUN by 2424.08s,1,0.0500,0,-1.4475,1,0.3000,0,-1.4475,0.000,0.300
2469.057,overrun,A_leg2,4.758,-0.505,27.961,27.485,0.477,OVERRUN by 2425.12s,1,0.0500,0,-1.4475,1,0.3000,0,-1.4475,0.000,0.300
2470.089,overrun,A_leg2,4.758,-0.505,27.961,27.485,0.477,OVERRUN by 2426.15s,1,0.0500,0,-1.4475,1,0.3000,0,-1.4475,0.000,0.300
2471.128,overrun,A_leg2,4.758,-0.505,27.961,27.485,0.477,OVERRUN by 2427.19s,1,0.0500,0,-1.4475,1,0.3000,0,-1.4475,0.000,0.300
2472.157,overrun,A_leg2,4.758,-0.505,27.961,27.485,0.477,OVERRUN by 2428.22s,1,0.0500,0,-1.4475,1,0.3000,0,-1.4475,0.000,0.300
2473.188,overrun,A_leg2,4.758,-0.505,27.961,27.485,0.477,OVERRUN by 2429.25s,1,0.0500,0,-1.4475,1,0.3000,0,-1.4475,0.000,0.300
2474.217,overrun,A_leg2,4.758,-0.505,27.961,27.485,0.477,OVERRUN by 2430.28s,1,0.0500,0,-1.4475,1,0.3000,0,-1.4475,0.000,0.300
2475.261,overrun,A_leg2,4.758,-0.505,27.961,27.485,0.477,OVERRUN by 2431.32s,1,0.0500,0,-1.4475,1,0.3000,0,-1.4475,0.000,0.300
2476.301,overrun,A_leg2,4.758,-0.505,27.961,27.485,0.477,OVERRUN by 2432.37s,1,0.0500,0,-1.4475,1,0.3000,0,-1.4475,0.000,0.300
2477.334,overrun,A_leg2,4.758,-0.505,27.961,27.485,0.477,OVERRUN by 2433.40s,1,0.0500,0,-1.4475,1,0.3000,0,-1.4475,0.000,0.300
2478.361,overrun,A_leg2,4.758,-0.505,27.961,27.485,0.477,OVERRUN by 2434.43s,1,0.0500,0,-1.4475,1,0.3000,0,-1.4475,0.000,0.300
2479.393,overrun,A_leg2,4.758,-0.505,27.961,27.485,0.477,OVERRUN by 2435.46s,1,0.0500,0,-1.4475,1,0.3000,0,-1.4475,0.000,0.300
2480.423,overrun,A_leg2,4.758,-0.505,27.961,27.485,0.477,OVERRUN by 2436.49s,1,0.0500,0,-1.4475,1,0.3000,0,-1.4475,0.000,0.300
2481.450,overrun,A_leg2,4.758,-0.505,27.961,27.485,0.477,OVERRUN by 2437.51s,1,0.0500,0,-1.4475,1,0.3000,0,-1.4475,0.000,0.300
2482.474,overrun,A_leg2,4.758,-0.505,27.961,27.485,0.477,OVERRUN by 2438.54s,1,0.0500,0,-1.4475,1,0.3000,0,-1.4475,0.000,0.300
2483.513,overrun,A_leg2,4.758,-0.505,27.961,27.485,0.477,OVERRUN by 2439.58s,1,0.0500,0,-1.4475,1,0.3000,0,-1.4475,0.000,0.300
2484.549,overrun,A_leg2,4.758,-0.505,27.961,27.485,0.477,OVERRUN by 2440.61s,1,0.0500,0,-1.4475,1,0.3000,0,-1.4475,0.000,0.300
2485.592,overrun,A_leg2,4.758,-0.505,27.961,27.485,0.477,OVERRUN by 2441.66s,1,0.0500,0,-1.4475,1,0.3000,0,-1.4475,0.000,0.300
2486.623,overrun,A_leg2,4.758,-0.505,27.961,27.485,0.477,OVERRUN by 2442.69s,1,0.0500,0,-1.4475,1,0.3000,0,-1.4475,0.000,0.300
2487.658,overrun,A_leg2,4.758,-0.505,27.961,27.485,0.477,OVERRUN by 2443.72s,1,0.0500,0,-1.4475,1,0.3000,0,-1.4475,0.000,0.300
2488.692,overrun,A_leg2,4.758,-0.505,27.961,27.485,0.477,OVERRUN by 2444.76s,1,0.0500,0,-1.4475,1,0.3000,0,-1.4475,0.000,0.300
2489.729,overrun,A_leg2,4.758,-0.505,27.961,27.485,0.477,OVERRUN by 2445.79s,1,0.0500,0,-1.4475,1,0.3000,0,-1.4475,0.000,0.300
2490.762,overrun,A_leg2,4.758,-0.505,27.961,27.485,0.477,OVERRUN by 2446.83s,1,0.0500,0,-1.4475,1,0.3000,0,-1.4475,0.000,0.300
2491.788,overrun,A_leg2,4.758,-0.505,27.961,27.485,0.477,OVERRUN by 2447.85s,1,0.0500,0,-1.4475,1,0.3000,0,-1.4475,0.000,0.300
2492.823,overrun,A_leg2,4.758,-0.505,27.961,27.485,0.477,OVERRUN by 2448.89s,1,0.0500,0,-1.4475,1,0.3000,0,-1.4475,0.000,0.300
2493.853,overrun,A_leg2,4.758,-0.505,27.961,27.485,0.477,OVERRUN by 2449.92s,1,0.0500,0,-1.4475,1,0.3000,0,-1.4475,0.000,0.300
2494.894,overrun,A_leg2,4.758,-0.505,27.961,27.485,0.477,OVERRUN by 2450.96s,1,0.0500,0,-1.4475,1,0.3000,0,-1.4475,0.000,0.300
2495.922,overrun,A_leg2,4.758,-0.505,27.961,27.485,0.477,OVERRUN by 2451.99s,1,0.0500,0,-1.4475,1,0.3000,0,-1.4475,0.000,0.300
2496.960,overrun,A_leg2,4.758,-0.505,27.961,27.485,0.477,OVERRUN by 2453.02s,1,0.0500,0,-1.4475,1,0.3000,0,-1.4475,0.000,0.300
2497.991,overrun,A_leg2,4.758,-0.505,27.961,27.485,0.477,OVERRUN by 2454.05s,1,0.0500,0,-1.4475,1,0.3000,0,-1.4475,0.000,0.300
2499.025,overrun,A_leg2,4.758,-0.505,27.961,27.485,0.477,OVERRUN by 2455.09s,1,0.0500,0,-1.4475,1,0.3000,0,-1.4475,0.000,0.300
2500.063,overrun,A_leg2,4.758,-0.505,27.961,27.485,0.477,OVERRUN by 2456.13s,1,0.0500,0,-1.4475,1,0.3000,0,-1.4475,0.000,0.300
2501.095,overrun,A_leg2,4.758,-0.505,27.961,27.485,0.477,OVERRUN by 2457.16s,1,0.0500,0,-1.4475,1,0.3000,0,-1.4475,0.000,0.300
2502.129,overrun,A_leg2,4.758,-0.505,27.961,27.485,0.477,OVERRUN by 2458.19s,1,0.0500,0,-1.4475,1,0.3000,0,-1.4475,0.000,0.300
2503.162,overrun,A_leg2,4.758,-0.505,27.961,27.485,0.477,OVERRUN by 2459.23s,1,0.0500,0,-1.4475,1,0.3000,0,-1.4475,0.000,0.300
2504.200,overrun,A_leg2,4.758,-0.505,27.961,27.485,0.477,OVERRUN by 2460.26s,1,0.0500,0,-1.4475,1,0.3000,0,-1.4475,0.000,0.300
2505.231,overrun,A_leg2,4.758,-0.505,27.961,27.485,0.477,OVERRUN by 2461.29s,1,0.0500,0,-1.4475,1,0.3000,0,-1.4475,0.000,0.300
2506.269,overrun,A_leg2,4.758,-0.505,27.961,27.485,0.477,OVERRUN by 2462.33s,1,0.0500,0,-1.4475,1,0.3000,0,-1.4475,0.000,0.300
2507.295,overrun,A_leg2,4.758,-0.505,27.961,27.485,0.477,OVERRUN by 2463.36s,1,0.0500,0,-1.4475,1,0.3000,0,-1.4475,0.000,0.300
2508.318,overrun,A_leg2,4.758,-0.505,27.961,27.485,0.477,OVERRUN by 2464.38s,1,0.0500,0,-1.4475,1,0.3000,0,-1.4475,0.000,0.300
2509.352,overrun,A_leg2,4.758,-0.505,27.961,27.485,0.477,OVERRUN by 2465.42s,1,0.0500,0,-1.4475,1,0.3000,0,-1.4475,0.000,0.300
2510.379,overrun,A_leg2,4.758,-0.505,27.961,27.485,0.477,OVERRUN by 2466.44s,1,0.0500,0,-1.4475,1,0.3000,0,-1.4475,0.000,0.300
2511.408,overrun,A_leg2,4.758,-0.505,27.961,27.485,0.477,OVERRUN by 2467.47s,1,0.0500,0,-1.4475,1,0.3000,0,-1.4475,0.000,0.300
2512.434,overrun,A_leg2,4.758,-0.505,27.961,27.485,0.477,OVERRUN by 2468.50s,1,0.0500,0,-1.4475,1,0.3000,0,-1.4475,0.000,0.300
2513.469,overrun,A_leg2,4.758,-0.505,27.961,27.485,0.477,OVERRUN by 2469.53s,1,0.0500,0,-1.4475,1,0.3000,0,-1.4475,0.000,0.300
2514.506,overrun,A_leg2,4.758,-0.505,27.961,27.485,0.477,OVERRUN by 2470.57s,1,0.0500,0,-1.4475,1,0.3000,0,-1.4475,0.000,0.300
2515.544,overrun,A_leg2,4.758,-0.505,27.961,27.485,0.477,OVERRUN by 2471.61s,1,0.0500,0,-1.4475,1,0.3000,0,-1.4475,0.000,0.300
2516.577,overrun,A_leg2,4.758,-0.505,27.961,27.485,0.477,OVERRUN by 2472.64s,1,0.0500,0,-1.4475,1,0.3000,0,-1.4475,0.000,0.300
2517.597,overrun,A_leg2,4.758,-0.505,27.961,27.485,0.477,OVERRUN by 2473.66s,1,0.0500,0,-1.4475,1,0.3000,0,-1.4475,0.000,0.300
2518.623,overrun,A_leg2,4.758,-0.505,27.961,27.485,0.477,OVERRUN by 2474.69s,1,0.0500,0,-1.4475,1,0.3000,0,-1.4475,0.000,0.300
2519.647,overrun,A_leg2,4.758,-0.505,27.961,27.485,0.477,OVERRUN by 2475.71s,1,0.0500,0,-1.4475,1,0.3000,0,-1.4475,0.000,0.300
2520.680,overrun,A_leg2,4.758,-0.505,27.961,27.485,0.477,OVERRUN by 2476.74s,1,0.0500,0,-1.4475,1,0.3000,0,-1.4475,0.000,0.300
2521.706,overrun,A_leg2,4.758,-0.505,27.961,27.485,0.477,OVERRUN by 2477.77s,1,0.0500,0,-1.4475,1,0.3000,0,-1.4475,0.000,0.300
2522.742,overrun,A_leg2,4.758,-0.505,27.961,27.485,0.477,OVERRUN by 2478.81s,1,0.0500,0,-1.4475,1,0.3000,0,-1.4475,0.000,0.300
2523.771,overrun,A_leg2,4.758,-0.505,27.961,27.485,0.477,OVERRUN by 2479.84s,1,0.0500,0,-1.4475,1,0.3000,0,-1.4475,0.000,0.300
2524.814,overrun,A_leg2,4.758,-0.505,27.961,27.485,0.477,OVERRUN by 2480.88s,1,0.0500,0,-1.4475,1,0.3000,0,-1.4475,0.000,0.300
2525.836,overrun,A_leg2,4.758,-0.505,27.961,27.485,0.477,OVERRUN by 2481.90s,1,0.0500,0,-1.4475,1,0.3000,0,-1.4475,0.000,0.300
2526.875,overrun,A_leg2,4.758,-0.505,27.961,27.485,0.477,OVERRUN by 2482.94s,1,0.0500,0,-1.4475,1,0.3000,0,-1.4475,0.000,0.300
2527.897,overrun,A_leg2,4.758,-0.505,27.961,27.485,0.477,OVERRUN by 2483.96s,1,0.0500,0,-1.4475,1,0.3000,0,-1.4475,0.000,0.300
2528.920,overrun,A_leg2,4.758,-0.505,27.961,27.485,0.477,OVERRUN by 2484.98s,1,0.0500,0,-1.4475,1,0.3000,0,-1.4475,0.000,0.300
2529.948,overrun,A_leg2,4.758,-0.505,27.961,27.485,0.477,OVERRUN by 2486.01s,1,0.0500,0,-1.4475,1,0.3000,0,-1.4475,0.000,0.300
2530.965,overrun,A_leg2,4.758,-0.505,27.961,27.485,0.477,OVERRUN by 2487.03s,1,0.0500,0,-1.4475,1,0.3000,0,-1.4475,0.000,0.300
2531.998,overrun,A_leg2,4.758,-0.505,27.961,27.485,0.477,OVERRUN by 2488.06s,1,0.0500,0,-1.4475,1,0.3000,0,-1.4475,0.000,0.300
2533.021,overrun,A_leg2,4.758,-0.505,27.961,27.485,0.477,OVERRUN by 2489.09s,1,0.0500,0,-1.4475,1,0.3000,0,-1.4475,0.000,0.300
2534.043,overrun,A_leg2,4.758,-0.505,27.961,27.485,0.477,OVERRUN by 2490.11s,1,0.0500,0,-1.4475,1,0.3000,0,-1.4475,0.000,0.300
2535.061,overrun,A_leg2,4.758,-0.505,27.961,27.485,0.477,OVERRUN by 2491.13s,1,0.0500,0,-1.4475,1,0.3000,0,-1.4475,0.000,0.300
2536.077,overrun,A_leg2,4.758,-0.505,27.961,27.485,0.477,OVERRUN by 2492.14s,1,0.0500,0,-1.4475,1,0.3000,0,-1.4475,0.000,0.300
2537.102,overrun,A_leg2,4.758,-0.505,27.961,27.485,0.477,OVERRUN by 2493.17s,1,0.0500,0,-1.4475,1,0.3000,0,-1.4475,0.000,0.300
2538.127,overrun,A_leg2,4.758,-0.505,27.961,27.485,0.477,OVERRUN by 2494.19s,1,0.0500,0,-1.4475,1,0.3000,0,-1.4475,0.000,0.300
2539.142,overrun,A_leg2,4.758,-0.505,27.961,27.485,0.477,OVERRUN by 2495.21s,1,0.0500,0,-1.4475,1,0.3000,0,-1.4475,0.000,0.300
2540.164,overrun,A_leg2,4.758,-0.505,27.961,27.485,0.477,OVERRUN by 2496.23s,1,0.0500,0,-1.4475,1,0.3000,0,-1.4475,0.000,0.300
2541.191,overrun,A_leg2,4.758,-0.505,27.961,27.485,0.477,OVERRUN by 2497.25s,1,0.0500,0,-1.4475,1,0.3000,0,-1.4475,0.000,0.300
2542.211,overrun,A_leg2,4.758,-0.505,27.961,27.485,0.477,OVERRUN by 2498.27s,1,0.0500,0,-1.4475,1,0.3000,0,-1.4475,0.000,0.300
2543.234,overrun,A_leg2,4.758,-0.505,27.961,27.485,0.477,OVERRUN by 2499.30s,1,0.0500,0,-1.4475,1,0.3000,0,-1.4475,0.000,0.300
2544.256,overrun,A_leg2,4.758,-0.505,27.961,27.485,0.477,OVERRUN by 2500.32s,1,0.0500,0,-1.4475,1,0.3000,0,-1.4475,0.000,0.300
2545.278,overrun,A_leg2,4.758,-0.505,27.961,27.485,0.477,OVERRUN by 2501.34s,1,0.0500,0,-1.4475,1,0.3000,0,-1.4475,0.000,0.300
2546.294,overrun,A_leg2,4.758,-0.505,27.961,27.485,0.477,OVERRUN by 2502.36s,1,0.0500,0,-1.4475,1,0.3000,0,-1.4475,0.000,0.300
2547.314,overrun,A_leg2,4.758,-0.505,27.961,27.485,0.477,OVERRUN by 2503.38s,1,0.0500,0,-1.4475,1,0.3000,0,-1.4475,0.000,0.300
2548.339,overrun,A_leg2,4.758,-0.505,27.961,27.485,0.477,OVERRUN by 2504.40s,1,0.0500,0,-1.4475,1,0.3000,0,-1.4475,0.000,0.300
2549.356,overrun,A_leg2,4.758,-0.505,27.961,27.485,0.477,OVERRUN by 2505.42s,1,0.0500,0,-1.4475,1,0.3000,0,-1.4475,0.000,0.300
2550.360,overrun,A_leg2,4.758,-0.505,27.961,27.485,0.477,OVERRUN by 2506.42s,1,0.0500,0,-1.4475,1,0.3000,0,-1.4475,0.000,0.300
2551.386,overrun,A_leg2,4.758,-0.505,27.961,27.485,0.477,OVERRUN by 2507.45s,1,0.0500,0,-1.4475,1,0.3000,0,-1.4475,0.000,0.300
2552.409,overrun,A_leg2,4.758,-0.505,27.961,27.485,0.477,OVERRUN by 2508.47s,1,0.0500,0,-1.4475,1,0.3000,0,-1.4475,0.000,0.300
2553.428,overrun,A_leg2,4.758,-0.505,27.961,27.485,0.477,OVERRUN by 2509.49s,1,0.0500,0,-1.4475,1,0.3000,0,-1.4475,0.000,0.300
2554.450,overrun,A_leg2,4.758,-0.505,27.961,27.485,0.477,OVERRUN by 2510.51s,1,0.0500,0,-1.4475,1,0.3000,0,-1.4475,0.000,0.300
2555.474,overrun,A_leg2,4.758,-0.505,27.961,27.485,0.477,OVERRUN by 2511.54s,1,0.0500,0,-1.4475,1,0.3000,0,-1.4475,0.000,0.300
2556.494,overrun,A_leg2,4.758,-0.505,27.961,27.485,0.477,OVERRUN by 2512.56s,1,0.0500,0,-1.4475,1,0.3000,0,-1.4475,0.000,0.300
2557.519,overrun,A_leg2,4.758,-0.505,27.961,27.485,0.477,OVERRUN by 2513.58s,1,0.0500,0,-1.4475,1,0.3000,0,-1.4475,0.000,0.300
2558.541,overrun,A_leg2,4.758,-0.505,27.961,27.485,0.477,OVERRUN by 2514.60s,1,0.0500,0,-1.4475,1,0.3000,0,-1.4475,0.000,0.300
2559.548,overrun,A_leg2,4.758,-0.505,27.961,27.485,0.477,OVERRUN by 2515.61s,1,0.0500,0,-1.4475,1,0.3000,0,-1.4475,0.000,0.300
2560.567,overrun,A_leg2,4.758,-0.505,27.961,27.485,0.477,OVERRUN by 2516.63s,1,0.0500,0,-1.4475,1,0.3000,0,-1.4475,0.000,0.300
2561.585,overrun,A_leg2,4.758,-0.505,27.961,27.485,0.477,OVERRUN by 2517.65s,1,0.0500,0,-1.4475,1,0.3000,0,-1.4475,0.000,0.300
2562.608,overrun,A_leg2,4.758,-0.505,27.961,27.485,0.477,OVERRUN by 2518.67s,1,0.0500,0,-1.4475,1,0.3000,0,-1.4475,0.000,0.300
2563.635,overrun,A_leg2,4.758,-0.505,27.961,27.485,0.477,OVERRUN by 2519.70s,1,0.0500,0,-1.4475,1,0.3000,0,-1.4475,0.000,0.300
2564.656,overrun,A_leg2,4.758,-0.505,27.961,27.485,0.477,OVERRUN by 2520.72s,1,0.0500,0,-1.4475,1,0.3000,0,-1.4475,0.000,0.300
2565.677,overrun,A_leg2,4.758,-0.505,27.961,27.485,0.477,OVERRUN by 2521.74s,1,0.0500,0,-1.4475,1,0.3000,0,-1.4475,0.000,0.300
2566.708,overrun,A_leg2,4.758,-0.505,27.961,27.485,0.477,OVERRUN by 2522.77s,1,0.0500,0,-1.4475,1,0.3000,0,-1.4475,0.000,0.300
2567.745,overrun,A_leg2,4.758,-0.505,27.961,27.485,0.477,OVERRUN by 2523.81s,1,0.0500,0,-1.4475,1,0.3000,0,-1.4475,0.000,0.300
2568.784,overrun,A_leg2,4.758,-0.505,27.961,27.485,0.477,OVERRUN by 2524.85s,1,0.0500,0,-1.4475,1,0.3000,0,-1.4475,0.000,0.300
2569.815,overrun,A_leg2,4.758,-0.505,27.961,27.485,0.477,OVERRUN by 2525.88s,1,0.0500,0,-1.4475,1,0.3000,0,-1.4475,0.000,0.300
2570.849,overrun,A_leg2,4.758,-0.505,27.961,27.485,0.477,OVERRUN by 2526.91s,1,0.0500,0,-1.4475,1,0.3000,0,-1.4475,0.000,0.300
2571.889,overrun,A_leg2,4.758,-0.505,27.961,27.485,0.477,OVERRUN by 2527.95s,1,0.0500,0,-1.4475,1,0.3000,0,-1.4475,0.000,0.300
2572.923,overrun,A_leg2,4.758,-0.505,27.961,27.485,0.477,OVERRUN by 2528.99s,1,0.0500,0,-1.4475,1,0.3000,0,-1.4475,0.000,0.300
2573.968,overrun,A_leg2,4.758,-0.505,27.961,27.485,0.477,OVERRUN by 2530.03s,1,0.0500,0,-1.4475,1,0.3000,0,-1.4475,0.000,0.300
2575.010,overrun,A_leg2,4.758,-0.505,27.961,27.485,0.477,OVERRUN by 2531.07s,1,0.0500,0,-1.4475,1,0.3000,0,-1.4475,0.000,0.300
2576.038,overrun,A_leg2,4.758,-0.505,27.961,27.485,0.477,OVERRUN by 2532.10s,1,0.0500,0,-1.4475,1,0.3000,0,-1.4475,0.000,0.300
2577.061,overrun,A_leg2,4.758,-0.505,27.961,27.485,0.477,OVERRUN by 2533.12s,1,0.0500,0,-1.4475,1,0.3000,0,-1.4475,0.000,0.300
2578.098,overrun,A_leg2,4.758,-0.505,27.961,27.485,0.477,OVERRUN by 2534.16s,1,0.0500,0,-1.4475,1,0.3000,0,-1.4475,0.000,0.300
2579.127,overrun,A_leg2,4.758,-0.505,27.961,27.485,0.477,OVERRUN by 2535.19s,1,0.0500,0,-1.4475,1,0.3000,0,-1.4475,0.000,0.300
2580.164,overrun,A_leg2,4.758,-0.505,27.961,27.485,0.477,OVERRUN by 2536.23s,1,0.0500,0,-1.4475,1,0.3000,0,-1.4475,0.000,0.300
2581.205,overrun,A_leg2,4.758,-0.505,27.961,27.485,0.477,OVERRUN by 2537.27s,1,0.0500,0,-1.4475,1,0.3000,0,-1.4475,0.000,0.300
2582.239,overrun,A_leg2,4.758,-0.505,27.961,27.485,0.477,OVERRUN by 2538.30s,1,0.0500,0,-1.4475,1,0.3000,0,-1.4475,0.000,0.300
2583.280,overrun,A_leg2,4.758,-0.505,27.961,27.485,0.477,OVERRUN by 2539.34s,1,0.0500,0,-1.4475,1,0.3000,0,-1.4475,0.000,0.300
2584.316,overrun,A_leg2,4.758,-0.505,27.961,27.485,0.477,OVERRUN by 2540.38s,1,0.0500,0,-1.4475,1,0.3000,0,-1.4475,0.000,0.300
2585.334,overrun,A_leg2,4.758,-0.505,27.961,27.485,0.477,OVERRUN by 2541.40s,1,0.0500,0,-1.4475,1,0.3000,0,-1.4475,0.000,0.300
2586.371,overrun,A_leg2,4.758,-0.505,27.961,27.485,0.477,OVERRUN by 2542.44s,1,0.0500,0,-1.4475,1,0.3000,0,-1.4475,0.000,0.300
2587.406,overrun,A_leg2,4.758,-0.505,27.961,27.485,0.477,OVERRUN by 2543.47s,1,0.0500,0,-1.4475,1,0.3000,0,-1.4475,0.000,0.300
2588.434,overrun,A_leg2,4.758,-0.505,27.961,27.485,0.477,OVERRUN by 2544.50s,1,0.0500,0,-1.4475,1,0.3000,0,-1.4475,0.000,0.300
2589.456,overrun,A_leg2,4.758,-0.505,27.961,27.485,0.477,OVERRUN by 2545.52s,1,0.0500,0,-1.4475,1,0.3000,0,-1.4475,0.000,0.300
2590.485,overrun,A_leg2,4.758,-0.505,27.961,27.485,0.477,OVERRUN by 2546.55s,1,0.0500,0,-1.4475,1,0.3000,0,-1.4475,0.000,0.300
2591.519,overrun,A_leg2,4.758,-0.505,27.961,27.485,0.477,OVERRUN by 2547.58s,1,0.0500,0,-1.4475,1,0.3000,0,-1.4475,0.000,0.300
2592.548,overrun,A_leg2,4.758,-0.505,27.961,27.485,0.477,OVERRUN by 2548.61s,1,0.0500,0,-1.4475,1,0.3000,0,-1.4475,0.000,0.300
2593.567,overrun,A_leg2,4.758,-0.505,27.961,27.485,0.477,OVERRUN by 2549.63s,1,0.0500,0,-1.4475,1,0.3000,0,-1.4475,0.000,0.300
2594.609,overrun,A_leg2,4.758,-0.505,27.961,27.485,0.477,OVERRUN by 2550.67s,1,0.0500,0,-1.4475,1,0.3000,0,-1.4475,0.000,0.300
2595.642,overrun,A_leg2,4.758,-0.505,27.961,27.485,0.477,OVERRUN by 2551.71s,1,0.0500,0,-1.4475,1,0.3000,0,-1.4475,0.000,0.300
2596.681,overrun,A_leg2,4.758,-0.505,27.961,27.485,0.477,OVERRUN by 2552.74s,1,0.0500,0,-1.4475,1,0.3000,0,-1.4475,0.000,0.300
2597.704,overrun,A_leg2,4.758,-0.505,27.961,27.485,0.477,OVERRUN by 2553.77s,1,0.0500,0,-1.4475,1,0.3000,0,-1.4475,0.000,0.300
2598.742,overrun,A_leg2,4.758,-0.505,27.961,27.485,0.477,OVERRUN by 2554.81s,1,0.0500,0,-1.4475,1,0.3000,0,-1.4475,0.000,0.300
2599.776,overrun,A_leg2,4.758,-0.505,27.961,27.485,0.477,OVERRUN by 2555.84s,1,0.0500,0,-1.4475,1,0.3000,0,-1.4475,0.000,0.300
2600.806,overrun,A_leg2,4.758,-0.505,27.961,27.485,0.477,OVERRUN by 2556.87s,1,0.0500,0,-1.4475,1,0.3000,0,-1.4475,0.000,0.300
2601.844,overrun,A_leg2,4.758,-0.505,27.961,27.485,0.477,OVERRUN by 2557.91s,1,0.0500,0,-1.4475,1,0.3000,0,-1.4475,0.000,0.300
2602.877,overrun,A_leg2,4.758,-0.505,27.961,27.485,0.477,OVERRUN by 2558.94s,1,0.0500,0,-1.4475,1,0.3000,0,-1.4475,0.000,0.300
2603.912,overrun,A_leg2,4.758,-0.505,27.961,27.485,0.477,OVERRUN by 2559.98s,1,0.0500,0,-1.4475,1,0.3000,0,-1.4475,0.000,0.300
2604.944,overrun,A_leg2,4.758,-0.505,27.961,27.485,0.477,OVERRUN by 2561.01s,1,0.0500,0,-1.4475,1,0.3000,0,-1.4475,0.000,0.300
2605.975,overrun,A_leg2,4.758,-0.505,27.961,27.485,0.477,OVERRUN by 2562.04s,1,0.0500,0,-1.4475,1,0.3000,0,-1.4475,0.000,0.300
2606.986,overrun,A_leg2,4.758,-0.505,27.961,27.485,0.477,OVERRUN by 2563.05s,1,0.0500,0,-1.4475,1,0.3000,0,-1.4475,0.000,0.300
2608.019,overrun,A_leg2,4.758,-0.505,27.961,27.485,0.477,OVERRUN by 2564.08s,1,0.0500,0,-1.4475,1,0.3000,0,-1.4475,0.000,0.300
2609.052,overrun,A_leg2,4.758,-0.505,27.961,27.485,0.477,OVERRUN by 2565.12s,1,0.0500,0,-1.4475,1,0.3000,0,-1.4475,0.000,0.300
2610.076,overrun,A_leg2,4.758,-0.505,27.961,27.485,0.477,OVERRUN by 2566.14s,1,0.0500,0,-1.4475,1,0.3000,0,-1.4475,0.000,0.300
2611.098,overrun,A_leg2,4.758,-0.505,27.961,27.485,0.477,OVERRUN by 2567.16s,1,0.0500,0,-1.4475,1,0.3000,0,-1.4475,0.000,0.300
2612.131,overrun,A_leg2,4.758,-0.505,27.961,27.485,0.477,OVERRUN by 2568.20s,1,0.0500,0,-1.4475,1,0.3000,0,-1.4475,0.000,0.300
2613.165,overrun,A_leg2,4.758,-0.505,27.961,27.485,0.477,OVERRUN by 2569.23s,1,0.0500,0,-1.4475,1,0.3000,0,-1.4475,0.000,0.300
2614.190,overrun,A_leg2,4.758,-0.505,27.961,27.485,0.477,OVERRUN by 2570.25s,1,0.0500,0,-1.4475,1,0.3000,0,-1.4475,0.000,0.300
2615.224,overrun,A_leg2,4.758,-0.505,27.961,27.485,0.477,OVERRUN by 2571.29s,1,0.0500,0,-1.4475,1,0.3000,0,-1.4475,0.000,0.300
2616.257,overrun,A_leg2,4.758,-0.505,27.961,27.485,0.477,OVERRUN by 2572.32s,1,0.0500,0,-1.4475,1,0.3000,0,-1.4475,0.000,0.300
2617.279,overrun,A_leg2,4.758,-0.505,27.961,27.485,0.477,OVERRUN by 2573.34s,1,0.0500,0,-1.4475,1,0.3000,0,-1.4475,0.000,0.300
2618.312,overrun,A_leg2,4.758,-0.505,27.961,27.485,0.477,OVERRUN by 2574.38s,1,0.0500,0,-1.4475,1,0.3000,0,-1.4475,0.000,0.300
2619.354,overrun,A_leg2,4.758,-0.505,27.961,27.485,0.477,OVERRUN by 2575.42s,1,0.0500,0,-1.4475,1,0.3000,0,-1.4475,0.000,0.300
2620.392,overrun,A_leg2,4.758,-0.505,27.961,27.485,0.477,OVERRUN by 2576.46s,1,0.0500,0,-1.4475,1,0.3000,0,-1.4475,0.000,0.300
2621.429,overrun,A_leg2,4.758,-0.505,27.961,27.485,0.477,OVERRUN by 2577.49s,1,0.0500,0,-1.4475,1,0.3000,0,-1.4475,0.000,0.300
2622.463,overrun,A_leg2,4.758,-0.505,27.961,27.485,0.477,OVERRUN by 2578.53s,1,0.0500,0,-1.4475,1,0.3000,0,-1.4475,0.000,0.300
2623.495,overrun,A_leg2,4.758,-0.505,27.961,27.485,0.477,OVERRUN by 2579.56s,1,0.0500,0,-1.4475,1,0.3000,0,-1.4475,0.000,0.300
2624.528,overrun,A_leg2,4.758,-0.505,27.961,27.485,0.477,OVERRUN by 2580.59s,1,0.0500,0,-1.4475,1,0.3000,0,-1.4475,0.000,0.300
2625.558,overrun,A_leg2,4.758,-0.505,27.961,27.485,0.477,OVERRUN by 2581.62s,1,0.0500,0,-1.4475,1,0.3000,0,-1.4475,0.000,0.300
2626.592,overrun,A_leg2,4.758,-0.505,27.961,27.485,0.477,OVERRUN by 2582.66s,1,0.0500,0,-1.4475,1,0.3000,0,-1.4475,0.000,0.300
2627.621,overrun,A_leg2,4.758,-0.505,27.961,27.485,0.477,OVERRUN by 2583.69s,1,0.0500,0,-1.4475,1,0.3000,0,-1.4475,0.000,0.300
2628.655,overrun,A_leg2,4.758,-0.505,27.961,27.485,0.477,OVERRUN by 2584.72s,1,0.0500,0,-1.4475,1,0.3000,0,-1.4475,0.000,0.300
2629.690,overrun,A_leg2,4.758,-0.505,27.961,27.485,0.477,OVERRUN by 2585.75s,1,0.0500,0,-1.4475,1,0.3000,0,-1.4475,0.000,0.300
2630.714,overrun,A_leg2,4.758,-0.505,27.961,27.485,0.477,OVERRUN by 2586.78s,1,0.0500,0,-1.4475,1,0.3000,0,-1.4475,0.000,0.300
2631.758,overrun,A_leg2,4.758,-0.505,27.961,27.485,0.477,OVERRUN by 2587.82s,1,0.0500,0,-1.4475,1,0.3000,0,-1.4475,0.000,0.300
2632.794,overrun,A_leg2,4.758,-0.505,27.961,27.485,0.477,OVERRUN by 2588.86s,1,0.0500,0,-1.4475,1,0.3000,0,-1.4475,0.000,0.300
2633.825,overrun,A_leg2,4.758,-0.505,27.961,27.485,0.477,OVERRUN by 2589.89s,1,0.0500,0,-1.4475,1,0.3000,0,-1.4475,0.000,0.300
2634.845,overrun,A_leg2,4.758,-0.505,27.961,27.485,0.477,OVERRUN by 2590.91s,1,0.0500,0,-1.4475,1,0.3000,0,-1.4475,0.000,0.300
2635.873,overrun,A_leg2,4.758,-0.505,27.961,27.485,0.477,OVERRUN by 2591.94s,1,0.0500,0,-1.4475,1,0.3000,0,-1.4475,0.000,0.300
2636.902,overrun,A_leg2,4.758,-0.505,27.961,27.485,0.477,OVERRUN by 2592.97s,1,0.0500,0,-1.4475,1,0.3000,0,-1.4475,0.000,0.300
2637.920,overrun,A_leg2,4.758,-0.505,27.961,27.485,0.477,OVERRUN by 2593.98s,1,0.0500,0,-1.4475,1,0.3000,0,-1.4475,0.000,0.300
2638.948,overrun,A_leg2,4.758,-0.505,27.961,27.485,0.477,OVERRUN by 2595.01s,1,0.0500,0,-1.4475,1,0.3000,0,-1.4475,0.000,0.300
2639.976,overrun,A_leg2,4.758,-0.505,27.961,27.485,0.477,OVERRUN by 2596.04s,1,0.0500,0,-1.4475,1,0.3000,0,-1.4475,0.000,0.300
2641.002,overrun,A_leg2,4.758,-0.505,27.961,27.485,0.477,OVERRUN by 2597.07s,1,0.0500,0,-1.4475,1,0.3000,0,-1.4475,0.000,0.300
2642.014,overrun,A_leg2,4.758,-0.505,27.961,27.485,0.477,OVERRUN by 2598.08s,1,0.0500,0,-1.4475,1,0.3000,0,-1.4475,0.000,0.300
2643.051,overrun,A_leg2,4.758,-0.505,27.961,27.485,0.477,OVERRUN by 2599.11s,1,0.0500,0,-1.4475,1,0.3000,0,-1.4475,0.000,0.300
2644.082,overrun,A_leg2,4.758,-0.505,27.961,27.485,0.477,OVERRUN by 2600.15s,1,0.0500,0,-1.4475,1,0.3000,0,-1.4475,0.000,0.300
2645.093,overrun,A_leg2,4.758,-0.505,27.961,27.485,0.477,OVERRUN by 2601.16s,1,0.0500,0,-1.4475,1,0.3000,0,-1.4475,0.000,0.300
2646.115,overrun,A_leg2,4.758,-0.505,27.961,27.485,0.477,OVERRUN by 2602.18s,1,0.0500,0,-1.4475,1,0.3000,0,-1.4475,0.000,0.300
2647.141,overrun,A_leg2,4.758,-0.505,27.961,27.485,0.477,OVERRUN by 2603.20s,1,0.0500,0,-1.4475,1,0.3000,0,-1.4475,0.000,0.300
2648.195,overrun,A_leg2,4.758,-0.505,27.961,27.485,0.477,OVERRUN by 2604.26s,1,0.0500,0,-1.4475,1,0.3000,0,-1.4475,0.000,0.300
2649.210,overrun,A_leg2,4.758,-0.505,27.961,27.485,0.477,OVERRUN by 2605.27s,1,0.0500,0,-1.4475,1,0.3000,0,-1.4475,0.000,0.300
2650.227,overrun,A_leg2,4.758,-0.505,27.961,27.485,0.477,OVERRUN by 2606.29s,1,0.0500,0,-1.4475,1,0.3000,0,-1.4475,0.000,0.300
2651.249,overrun,A_leg2,4.758,-0.505,27.961,27.485,0.477,OVERRUN by 2607.31s,1,0.0500,0,-1.4475,1,0.3000,0,-1.4475,0.000,0.300
2652.287,overrun,A_leg2,4.758,-0.505,27.961,27.485,0.477,OVERRUN by 2608.35s,1,0.0500,0,-1.4475,1,0.3000,0,-1.4475,0.000,0.300
2653.324,overrun,A_leg2,4.758,-0.505,27.961,27.485,0.477,OVERRUN by 2609.39s,1,0.0500,0,-1.4475,1,0.3000,0,-1.4475,0.000,0.300
2654.353,overrun,A_leg2,4.758,-0.505,27.961,27.485,0.477,OVERRUN by 2610.42s,1,0.0500,0,-1.4475,1,0.3000,0,-1.4475,0.000,0.300
2655.384,overrun,A_leg2,4.758,-0.505,27.961,27.485,0.477,OVERRUN by 2611.45s,1,0.0500,0,-1.4475,1,0.3000,0,-1.4475,0.000,0.300
2656.421,overrun,A_leg2,4.758,-0.505,27.961,27.485,0.477,OVERRUN by 2612.49s,1,0.0500,0,-1.4475,1,0.3000,0,-1.4475,0.000,0.300
2657.460,overrun,A_leg2,4.758,-0.505,27.961,27.485,0.477,OVERRUN by 2613.52s,1,0.0500,0,-1.4475,1,0.3000,0,-1.4475,0.000,0.300
2658.489,overrun,A_leg2,4.758,-0.505,27.961,27.485,0.477,OVERRUN by 2614.55s,1,0.0500,0,-1.4475,1,0.3000,0,-1.4475,0.000,0.300
2659.511,overrun,A_leg2,4.758,-0.505,27.961,27.485,0.477,OVERRUN by 2615.58s,1,0.0500,0,-1.4475,1,0.3000,0,-1.4475,0.000,0.300
2660.555,overrun,A_leg2,4.758,-0.505,27.961,27.485,0.477,OVERRUN by 2616.62s,1,0.0500,0,-1.4475,1,0.3000,0,-1.4475,0.000,0.300
2661.585,overrun,A_leg2,4.758,-0.505,27.961,27.485,0.477,OVERRUN by 2617.65s,1,0.0500,0,-1.4475,1,0.3000,0,-1.4475,0.000,0.300
2662.621,overrun,A_leg2,4.758,-0.505,27.961,27.485,0.477,OVERRUN by 2618.68s,1,0.0500,0,-1.4475,1,0.3000,0,-1.4475,0.000,0.300
2663.649,overrun,A_leg2,4.758,-0.505,27.961,27.485,0.477,OVERRUN by 2619.71s,1,0.0500,0,-1.4475,1,0.3000,0,-1.4475,0.000,0.300
2664.686,overrun,A_leg2,4.758,-0.505,27.961,27.485,0.477,OVERRUN by 2620.75s,1,0.0500,0,-1.4475,1,0.3000,0,-1.4475,0.000,0.300
2665.724,overrun,A_leg2,4.758,-0.505,27.961,27.485,0.477,OVERRUN by 2621.79s,1,0.0500,0,-1.4475,1,0.3000,0,-1.4475,0.000,0.300
2666.765,overrun,A_leg2,4.758,-0.505,27.961,27.485,0.477,OVERRUN by 2622.83s,1,0.0500,0,-1.4475,1,0.3000,0,-1.4475,0.000,0.300
2667.802,overrun,A_leg2,4.758,-0.505,27.961,27.485,0.477,OVERRUN by 2623.87s,1,0.0500,0,-1.4475,1,0.3000,0,-1.4475,0.000,0.300
2668.839,overrun,A_leg2,4.758,-0.505,27.961,27.485,0.477,OVERRUN by 2624.90s,1,0.0500,0,-1.4475,1,0.3000,0,-1.4475,0.000,0.300
2669.874,overrun,A_leg2,4.758,-0.505,27.961,27.485,0.477,OVERRUN by 2625.94s,1,0.0500,0,-1.4475,1,0.3000,0,-1.4475,0.000,0.300
2670.912,overrun,A_leg2,4.758,-0.505,27.961,27.485,0.477,OVERRUN by 2626.98s,1,0.0500,0,-1.4475,1,0.3000,0,-1.4475,0.000,0.300
2671.941,overrun,A_leg2,4.758,-0.505,27.961,27.485,0.477,OVERRUN by 2628.00s,1,0.0500,0,-1.4475,1,0.3000,0,-1.4475,0.000,0.300
2672.966,overrun,A_leg2,4.758,-0.505,27.961,27.485,0.477,OVERRUN by 2629.03s,1,0.0500,0,-1.4475,1,0.3000,0,-1.4475,0.000,0.300
2674.004,overrun,A_leg2,4.758,-0.505,27.961,27.485,0.477,OVERRUN by 2630.07s,1,0.0500,0,-1.4475,1,0.3000,0,-1.4475,0.000,0.300
2675.046,overrun,A_leg2,4.758,-0.505,27.961,27.485,0.477,OVERRUN by 2631.11s,1,0.0500,0,-1.4475,1,0.3000,0,-1.4475,0.000,0.300
2676.077,overrun,A_leg2,4.758,-0.505,27.961,27.485,0.477,OVERRUN by 2632.14s,1,0.0500,0,-1.4475,1,0.3000,0,-1.4475,0.000,0.300
2677.108,overrun,A_leg2,4.758,-0.505,27.961,27.485,0.477,OVERRUN by 2633.17s,1,0.0500,0,-1.4475,1,0.3000,0,-1.4475,0.000,0.300
2678.144,overrun,A_leg2,4.758,-0.505,27.961,27.485,0.477,OVERRUN by 2634.21s,1,0.0500,0,-1.4475,1,0.3000,0,-1.4475,0.000,0.300
2679.184,overrun,A_leg2,4.758,-0.505,27.961,27.485,0.477,OVERRUN by 2635.25s,1,0.0500,0,-1.4475,1,0.3000,0,-1.4475,0.000,0.300
2680.218,overrun,A_leg2,4.758,-0.505,27.961,27.485,0.477,OVERRUN by 2636.28s,1,0.0500,0,-1.4475,1,0.3000,0,-1.4475,0.000,0.300
2681.247,overrun,A_leg2,4.758,-0.505,27.961,27.485,0.477,OVERRUN by 2637.31s,1,0.0500,0,-1.4475,1,0.3000,0,-1.4475,0.000,0.300
2682.279,overrun,A_leg2,4.758,-0.505,27.961,27.485,0.477,OVERRUN by 2638.34s,1,0.0500,0,-1.4475,1,0.3000,0,-1.4475,0.000,0.300
2683.316,overrun,A_leg2,4.758,-0.505,27.961,27.485,0.477,OVERRUN by 2639.38s,1,0.0500,0,-1.4475,1,0.3000,0,-1.4475,0.000,0.300
2684.350,overrun,A_leg2,4.758,-0.505,27.961,27.485,0.477,OVERRUN by 2640.41s,1,0.0500,0,-1.4475,1,0.3000,0,-1.4475,0.000,0.300
2685.383,overrun,A_leg2,4.758,-0.505,27.961,27.485,0.477,OVERRUN by 2641.45s,1,0.0500,0,-1.4475,1,0.3000,0,-1.4475,0.000,0.300
2686.424,overrun,A_leg2,4.758,-0.505,27.961,27.485,0.477,OVERRUN by 2642.49s,1,0.0500,0,-1.4475,1,0.3000,0,-1.4475,0.000,0.300
2687.461,overrun,A_leg2,4.758,-0.505,27.961,27.485,0.477,OVERRUN by 2643.52s,1,0.0500,0,-1.4475,1,0.3000,0,-1.4475,0.000,0.300
2688.493,overrun,A_leg2,4.758,-0.505,27.961,27.485,0.477,OVERRUN by 2644.56s,1,0.0500,0,-1.4475,1,0.3000,0,-1.4475,0.000,0.300
2689.535,overrun,A_leg2,4.758,-0.505,27.961,27.485,0.477,OVERRUN by 2645.60s,1,0.0500,0,-1.4475,1,0.3000,0,-1.4475,0.000,0.300
2690.577,overrun,A_leg2,4.758,-0.505,27.961,27.485,0.477,OVERRUN by 2646.64s,1,0.0500,0,-1.4475,1,0.3000,0,-1.4475,0.000,0.300
2691.617,overrun,A_leg2,4.758,-0.505,27.961,27.485,0.477,OVERRUN by 2647.68s,1,0.0500,0,-1.4475,1,0.3000,0,-1.4475,0.000,0.300
2692.658,overrun,A_leg2,4.758,-0.505,27.961,27.485,0.477,OVERRUN by 2648.72s,1,0.0500,0,-1.4475,1,0.3000,0,-1.4475,0.000,0.300
2693.696,overrun,A_leg2,4.758,-0.505,27.961,27.485,0.477,OVERRUN by 2649.76s,1,0.0500,0,-1.4475,1,0.3000,0,-1.4475,0.000,0.300
2694.731,overrun,A_leg2,4.758,-0.505,27.961,27.485,0.477,OVERRUN by 2650.79s,1,0.0500,0,-1.4475,1,0.3000,0,-1.4475,0.000,0.300
2695.762,overrun,A_leg2,4.758,-0.505,27.961,27.485,0.477,OVERRUN by 2651.83s,1,0.0500,0,-1.4475,1,0.3000,0,-1.4475,0.000,0.300
2696.803,overrun,A_leg2,4.758,-0.505,27.961,27.485,0.477,OVERRUN by 2652.87s,1,0.0500,0,-1.4475,1,0.3000,0,-1.4475,0.000,0.300
2697.844,overrun,A_leg2,4.758,-0.505,27.961,27.485,0.477,OVERRUN by 2653.91s,1,0.0500,0,-1.4475,1,0.3000,0,-1.4475,0.000,0.300
2698.871,overrun,A_leg2,4.758,-0.505,27.961,27.485,0.477,OVERRUN by 2654.94s,1,0.0500,0,-1.4475,1,0.3000,0,-1.4475,0.000,0.300
2699.918,overrun,A_leg2,4.758,-0.505,27.961,27.485,0.477,OVERRUN by 2655.98s,1,0.0500,0,-1.4475,1,0.3000,0,-1.4475,0.000,0.300
2700.945,overrun,A_leg2,4.758,-0.505,27.961,27.485,0.477,OVERRUN by 2657.01s,1,0.0500,0,-1.4475,1,0.3000,0,-1.4475,0.000,0.300
2701.986,overrun,A_leg2,4.758,-0.505,27.961,27.485,0.477,OVERRUN by 2658.05s,1,0.0500,0,-1.4475,1,0.3000,0,-1.4475,0.000,0.300
2703.018,overrun,A_leg2,4.758,-0.505,27.961,27.485,0.477,OVERRUN by 2659.08s,1,0.0500,0,-1.4475,1,0.3000,0,-1.4475,0.000,0.300
2704.054,overrun,A_leg2,4.758,-0.505,27.961,27.485,0.477,OVERRUN by 2660.12s,1,0.0500,0,-1.4475,1,0.3000,0,-1.4475,0.000,0.300
2705.092,overrun,A_leg2,4.758,-0.505,27.961,27.485,0.477,OVERRUN by 2661.16s,1,0.0500,0,-1.4475,1,0.3000,0,-1.4475,0.000,0.300
2706.131,overrun,A_leg2,4.758,-0.505,27.961,27.485,0.477,OVERRUN by 2662.19s,1,0.0500,0,-1.4475,1,0.3000,0,-1.4475,0.000,0.300
2707.162,overrun,A_leg2,4.758,-0.505,27.961,27.485,0.477,OVERRUN by 2663.23s,1,0.0500,0,-1.4475,1,0.3000,0,-1.4475,0.000,0.300
2708.197,overrun,A_leg2,4.758,-0.505,27.961,27.485,0.477,OVERRUN by 2664.26s,1,0.0500,0,-1.4475,1,0.3000,0,-1.4475,0.000,0.300
2709.232,overrun,A_leg2,4.758,-0.505,27.961,27.485,0.477,OVERRUN by 2665.30s,1,0.0500,0,-1.4475,1,0.3000,0,-1.4475,0.000,0.300
2710.260,overrun,A_leg2,4.758,-0.505,27.961,27.485,0.477,OVERRUN by 2666.32s,1,0.0500,0,-1.4475,1,0.3000,0,-1.4475,0.000,0.300
2711.295,overrun,A_leg2,4.758,-0.505,27.961,27.485,0.477,OVERRUN by 2667.36s,1,0.0500,0,-1.4475,1,0.3000,0,-1.4475,0.000,0.300
2712.332,overrun,A_leg2,4.758,-0.505,27.961,27.485,0.477,OVERRUN by 2668.40s,1,0.0500,0,-1.4475,1,0.3000,0,-1.4475,0.000,0.300
2713.361,overrun,A_leg2,4.758,-0.505,27.961,27.485,0.477,OVERRUN by 2669.42s,1,0.0500,0,-1.4475,1,0.3000,0,-1.4475,0.000,0.300
2714.394,overrun,A_leg2,4.758,-0.505,27.961,27.485,0.477,OVERRUN by 2670.46s,1,0.0500,0,-1.4475,1,0.3000,0,-1.4475,0.000,0.300
2715.435,overrun,A_leg2,4.758,-0.505,27.961,27.485,0.477,OVERRUN by 2671.50s,1,0.0500,0,-1.4475,1,0.3000,0,-1.4475,0.000,0.300
2716.472,overrun,A_leg2,4.758,-0.505,27.961,27.485,0.477,OVERRUN by 2672.54s,1,0.0500,0,-1.4475,1,0.3000,0,-1.4475,0.000,0.300
2717.506,overrun,A_leg2,4.758,-0.505,27.961,27.485,0.477,OVERRUN by 2673.57s,1,0.0500,0,-1.4475,1,0.3000,0,-1.4475,0.000,0.300
2718.528,overrun,A_leg2,4.758,-0.505,27.961,27.485,0.477,OVERRUN by 2674.59s,1,0.0500,0,-1.4475,1,0.3000,0,-1.4475,0.000,0.300
2719.563,overrun,A_leg2,4.758,-0.505,27.961,27.485,0.477,OVERRUN by 2675.63s,1,0.0500,0,-1.4475,1,0.3000,0,-1.4475,0.000,0.300
2720.595,overrun,A_leg2,4.758,-0.505,27.961,27.485,0.477,OVERRUN by 2676.66s,1,0.0500,0,-1.4475,1,0.3000,0,-1.4475,0.000,0.300
2721.625,overrun,A_leg2,4.758,-0.505,27.961,27.485,0.477,OVERRUN by 2677.69s,1,0.0500,0,-1.4475,1,0.3000,0,-1.4475,0.000,0.300
2722.661,overrun,A_leg2,4.758,-0.505,27.961,27.485,0.477,OVERRUN by 2678.72s,1,0.0500,0,-1.4475,1,0.3000,0,-1.4475,0.000,0.300
2723.696,overrun,A_leg2,4.758,-0.505,27.961,27.485,0.477,OVERRUN by 2679.76s,1,0.0500,0,-1.4475,1,0.3000,0,-1.4475,0.000,0.300
2724.726,overrun,A_leg2,4.758,-0.505,27.961,27.485,0.477,OVERRUN by 2680.79s,1,0.0500,0,-1.4475,1,0.3000,0,-1.4475,0.000,0.300
2725.760,overrun,A_leg2,4.758,-0.505,27.961,27.485,0.477,OVERRUN by 2681.82s,1,0.0500,0,-1.4475,1,0.3000,0,-1.4475,0.000,0.300
2726.804,overrun,A_leg2,4.758,-0.505,27.961,27.485,0.477,OVERRUN by 2682.87s,1,0.0500,0,-1.4475,1,0.3000,0,-1.4475,0.000,0.300
2727.844,overrun,A_leg2,4.758,-0.505,27.961,27.485,0.477,OVERRUN by 2683.91s,1,0.0500,0,-1.4475,1,0.3000,0,-1.4475,0.000,0.300
2728.886,overrun,A_leg2,4.758,-0.505,27.961,27.485,0.477,OVERRUN by 2684.95s,1,0.0500,0,-1.4475,1,0.3000,0,-1.4475,0.000,0.300
2729.914,overrun,A_leg2,4.758,-0.505,27.961,27.485,0.477,OVERRUN by 2685.98s,1,0.0500,0,-1.4475,1,0.3000,0,-1.4475,0.000,0.300
2730.956,overrun,A_leg2,4.758,-0.505,27.961,27.485,0.477,OVERRUN by 2687.02s,1,0.0500,0,-1.4475,1,0.3000,0,-1.4475,0.000,0.300
2732.002,overrun,A_leg2,4.758,-0.505,27.961,27.485,0.477,OVERRUN by 2688.07s,1,0.0500,0,-1.4475,1,0.3000,0,-1.4475,0.000,0.300
2733.030,overrun,A_leg2,4.758,-0.505,27.961,27.485,0.477,OVERRUN by 2689.09s,1,0.0500,0,-1.4475,1,0.3000,0,-1.4475,0.000,0.300
2734.061,overrun,A_leg2,4.758,-0.505,27.961,27.485,0.477,OVERRUN by 2690.12s,1,0.0500,0,-1.4475,1,0.3000,0,-1.4475,0.000,0.300
2735.092,overrun,A_leg2,4.758,-0.505,27.961,27.485,0.477,OVERRUN by 2691.16s,1,0.0500,0,-1.4475,1,0.3000,0,-1.4475,0.000,0.300
2736.128,overrun,A_leg2,4.758,-0.505,27.961,27.485,0.477,OVERRUN by 2692.19s,1,0.0500,0,-1.4475,1,0.3000,0,-1.4475,0.000,0.300
2737.164,overrun,A_leg2,4.758,-0.505,27.961,27.485,0.477,OVERRUN by 2693.23s,1,0.0500,0,-1.4475,1,0.3000,0,-1.4475,0.000,0.300
2738.195,overrun,A_leg2,4.758,-0.505,27.961,27.485,0.477,OVERRUN by 2694.26s,1,0.0500,0,-1.4475,1,0.3000,0,-1.4475,0.000,0.300
2739.223,overrun,A_leg2,4.758,-0.505,27.961,27.485,0.477,OVERRUN by 2695.29s,1,0.0500,0,-1.4475,1,0.3000,0,-1.4475,0.000,0.300
2740.261,overrun,A_leg2,4.758,-0.505,27.961,27.485,0.477,OVERRUN by 2696.32s,1,0.0500,0,-1.4475,1,0.3000,0,-1.4475,0.000,0.300
2741.293,overrun,A_leg2,4.758,-0.505,27.961,27.485,0.477,OVERRUN by 2697.36s,1,0.0500,0,-1.4475,1,0.3000,0,-1.4475,0.000,0.300
2742.315,overrun,A_leg2,4.758,-0.505,27.961,27.485,0.477,OVERRUN by 2698.38s,1,0.0500,0,-1.4475,1,0.3000,0,-1.4475,0.000,0.300
2743.353,overrun,A_leg2,4.758,-0.505,27.961,27.485,0.477,OVERRUN by 2699.42s,1,0.0500,0,-1.4475,1,0.3000,0,-1.4475,0.000,0.300
2744.394,overrun,A_leg2,4.758,-0.505,27.961,27.485,0.477,OVERRUN by 2700.46s,1,0.0500,0,-1.4475,1,0.3000,0,-1.4475,0.000,0.300
2745.436,overrun,A_leg2,4.758,-0.505,27.961,27.485,0.477,OVERRUN by 2701.50s,1,0.0500,0,-1.4475,1,0.3000,0,-1.4475,0.000,0.300
2746.470,overrun,A_leg2,4.758,-0.505,27.961,27.485,0.477,OVERRUN by 2702.53s,1,0.0500,0,-1.4475,1,0.3000,0,-1.4475,0.000,0.300
2747.507,overrun,A_leg2,4.758,-0.505,27.961,27.485,0.477,OVERRUN by 2703.57s,1,0.0500,0,-1.4475,1,0.3000,0,-1.4475,0.000,0.300
2748.551,overrun,A_leg2,4.758,-0.505,27.961,27.485,0.477,OVERRUN by 2704.61s,1,0.0500,0,-1.4475,1,0.3000,0,-1.4475,0.000,0.300
2749.580,overrun,A_leg2,4.758,-0.505,27.961,27.485,0.477,OVERRUN by 2705.64s,1,0.0500,0,-1.4475,1,0.3000,0,-1.4475,0.000,0.300
2750.615,overrun,A_leg2,4.758,-0.505,27.961,27.485,0.477,OVERRUN by 2706.68s,1,0.0500,0,-1.4475,1,0.3000,0,-1.4475,0.000,0.300
2751.655,overrun,A_leg2,4.758,-0.505,27.961,27.485,0.477,OVERRUN by 2707.72s,1,0.0500,0,-1.4475,1,0.3000,0,-1.4475,0.000,0.300
2752.693,overrun,A_leg2,4.758,-0.505,27.961,27.485,0.477,OVERRUN by 2708.76s,1,0.0500,0,-1.4475,1,0.3000,0,-1.4475,0.000,0.300
2753.731,overrun,A_leg2,4.758,-0.505,27.961,27.485,0.477,OVERRUN by 2709.79s,1,0.0500,0,-1.4475,1,0.3000,0,-1.4475,0.000,0.300
2754.772,overrun,A_leg2,4.758,-0.505,27.961,27.485,0.477,OVERRUN by 2710.84s,1,0.0500,0,-1.4475,1,0.3000,0,-1.4475,0.000,0.300
2755.804,overrun,A_leg2,4.758,-0.505,27.961,27.485,0.477,OVERRUN by 2711.87s,1,0.0500,0,-1.4475,1,0.3000,0,-1.4475,0.000,0.300
2756.831,overrun,A_leg2,4.758,-0.505,27.961,27.485,0.477,OVERRUN by 2712.90s,1,0.0500,0,-1.4475,1,0.3000,0,-1.4475,0.000,0.300
2757.863,overrun,A_leg2,4.758,-0.505,27.961,27.485,0.477,OVERRUN by 2713.93s,1,0.0500,0,-1.4475,1,0.3000,0,-1.4475,0.000,0.300
2758.902,overrun,A_leg2,4.758,-0.505,27.961,27.485,0.477,OVERRUN by 2714.97s,1,0.0500,0,-1.4475,1,0.3000,0,-1.4475,0.000,0.300
2759.932,overrun,A_leg2,4.758,-0.505,27.961,27.485,0.477,OVERRUN by 2716.00s,1,0.0500,0,-1.4475,1,0.3000,0,-1.4475,0.000,0.300
2760.964,overrun,A_leg2,4.758,-0.505,27.961,27.485,0.477,OVERRUN by 2717.03s,1,0.0500,0,-1.4475,1,0.3000,0,-1.4475,0.000,0.300
2761.996,overrun,A_leg2,4.758,-0.505,27.961,27.485,0.477,OVERRUN by 2718.06s,1,0.0500,0,-1.4475,1,0.3000,0,-1.4475,0.000,0.300
2763.019,overrun,A_leg2,4.758,-0.505,27.961,27.485,0.477,OVERRUN by 2719.08s,1,0.0500,0,-1.4475,1,0.3000,0,-1.4475,0.000,0.300
2764.055,overrun,A_leg2,4.758,-0.505,27.961,27.485,0.477,OVERRUN by 2720.12s,1,0.0500,0,-1.4475,1,0.3000,0,-1.4475,0.000,0.300
2765.087,overrun,A_leg2,4.758,-0.505,27.961,27.485,0.477,OVERRUN by 2721.15s,1,0.0500,0,-1.4475,1,0.3000,0,-1.4475,0.000,0.300
2766.117,overrun,A_leg2,4.758,-0.505,27.961,27.485,0.477,OVERRUN by 2722.18s,1,0.0500,0,-1.4475,1,0.3000,0,-1.4475,0.000,0.300
2767.149,overrun,A_leg2,4.758,-0.505,27.961,27.485,0.477,OVERRUN by 2723.21s,1,0.0500,0,-1.4475,1,0.3000,0,-1.4475,0.000,0.300
2768.179,overrun,A_leg2,4.758,-0.505,27.961,27.485,0.477,OVERRUN by 2724.24s,1,0.0500,0,-1.4475,1,0.3000,0,-1.4475,0.000,0.300
2769.223,overrun,A_leg2,4.758,-0.505,27.961,27.485,0.477,OVERRUN by 2725.29s,1,0.0500,0,-1.4475,1,0.3000,0,-1.4475,0.000,0.300
2770.259,overrun,A_leg2,4.758,-0.505,27.961,27.485,0.477,OVERRUN by 2726.32s,1,0.0500,0,-1.4475,1,0.3000,0,-1.4475,0.000,0.300
2771.283,overrun,A_leg2,4.758,-0.505,27.961,27.485,0.477,OVERRUN by 2727.35s,1,0.0500,0,-1.4475,1,0.3000,0,-1.4475,0.000,0.300
2772.326,overrun,A_leg2,4.758,-0.505,27.961,27.485,0.477,OVERRUN by 2728.39s,1,0.0500,0,-1.4475,1,0.3000,0,-1.4475,0.000,0.300
2773.358,overrun,A_leg2,4.758,-0.505,27.961,27.485,0.477,OVERRUN by 2729.42s,1,0.0500,0,-1.4475,1,0.3000,0,-1.4475,0.000,0.300
2774.396,overrun,A_leg2,4.758,-0.505,27.961,27.485,0.477,OVERRUN by 2730.46s,1,0.0500,0,-1.4475,1,0.3000,0,-1.4475,0.000,0.300
2775.426,overrun,A_leg2,4.758,-0.505,27.961,27.485,0.477,OVERRUN by 2731.49s,1,0.0500,0,-1.4475,1,0.3000,0,-1.4475,0.000,0.300
2776.462,overrun,A_leg2,4.758,-0.505,27.961,27.485,0.477,OVERRUN by 2732.53s,1,0.0500,0,-1.4475,1,0.3000,0,-1.4475,0.000,0.300
2777.499,overrun,A_leg2,4.758,-0.505,27.961,27.485,0.477,OVERRUN by 2733.56s,1,0.0500,0,-1.4475,1,0.3000,0,-1.4475,0.000,0.300
2778.532,overrun,A_leg2,4.758,-0.505,27.961,27.485,0.477,OVERRUN by 2734.60s,1,0.0500,0,-1.4475,1,0.3000,0,-1.4475,0.000,0.300
2779.564,overrun,A_leg2,4.758,-0.505,27.961,27.485,0.477,OVERRUN by 2735.63s,1,0.0500,0,-1.4475,1,0.3000,0,-1.4475,0.000,0.300
2780.605,overrun,A_leg2,4.758,-0.505,27.961,27.485,0.477,OVERRUN by 2736.67s,1,0.0500,0,-1.4475,1,0.3000,0,-1.4475,0.000,0.300
2781.640,overrun,A_leg2,4.758,-0.505,27.961,27.485,0.477,OVERRUN by 2737.70s,1,0.0500,0,-1.4475,1,0.3000,0,-1.4475,0.000,0.300
2782.673,overrun,A_leg2,4.758,-0.505,27.961,27.485,0.477,OVERRUN by 2738.74s,1,0.0500,0,-1.4475,1,0.3000,0,-1.4475,0.000,0.300
2783.704,overrun,A_leg2,4.758,-0.505,27.961,27.485,0.477,OVERRUN by 2739.77s,1,0.0500,0,-1.4475,1,0.3000,0,-1.4475,0.000,0.300
2784.740,overrun,A_leg2,4.758,-0.505,27.961,27.485,0.477,OVERRUN by 2740.80s,1,0.0500,0,-1.4475,1,0.3000,0,-1.4475,0.000,0.300
2785.770,overrun,A_leg2,4.758,-0.505,27.961,27.485,0.477,OVERRUN by 2741.83s,1,0.0500,0,-1.4475,1,0.3000,0,-1.4475,0.000,0.300
2786.802,overrun,A_leg2,4.758,-0.505,27.961,27.485,0.477,OVERRUN by 2742.87s,1,0.0500,0,-1.4475,1,0.3000,0,-1.4475,0.000,0.300
2787.829,overrun,A_leg2,4.758,-0.505,27.961,27.485,0.477,OVERRUN by 2743.89s,1,0.0500,0,-1.4475,1,0.3000,0,-1.4475,0.000,0.300
2788.873,overrun,A_leg2,4.758,-0.505,27.961,27.485,0.477,OVERRUN by 2744.94s,1,0.0500,0,-1.4475,1,0.3000,0,-1.4475,0.000,0.300
2789.908,overrun,A_leg2,4.758,-0.505,27.961,27.485,0.477,OVERRUN by 2745.97s,1,0.0500,0,-1.4475,1,0.3000,0,-1.4475,0.000,0.300
2790.946,overrun,A_leg2,4.758,-0.505,27.961,27.485,0.477,OVERRUN by 2747.01s,1,0.0500,0,-1.4475,1,0.3000,0,-1.4475,0.000,0.300
2791.975,overrun,A_leg2,4.758,-0.505,27.961,27.485,0.477,OVERRUN by 2748.04s,1,0.0500,0,-1.4475,1,0.3000,0,-1.4475,0.000,0.300
2793.007,overrun,A_leg2,4.758,-0.505,27.961,27.485,0.477,OVERRUN by 2749.07s,1,0.0500,0,-1.4475,1,0.3000,0,-1.4475,0.000,0.300
2794.045,overrun,A_leg2,4.758,-0.505,27.961,27.485,0.477,OVERRUN by 2750.11s,1,0.0500,0,-1.4475,1,0.3000,0,-1.4475,0.000,0.300
2795.089,overrun,A_leg2,4.758,-0.505,27.961,27.485,0.477,OVERRUN by 2751.15s,1,0.0500,0,-1.4475,1,0.3000,0,-1.4475,0.000,0.300
2796.128,overrun,A_leg2,4.758,-0.505,27.961,27.485,0.477,OVERRUN by 2752.19s,1,0.0500,0,-1.4475,1,0.3000,0,-1.4475,0.000,0.300
2797.159,overrun,A_leg2,4.758,-0.505,27.961,27.485,0.477,OVERRUN by 2753.22s,1,0.0500,0,-1.4475,1,0.3000,0,-1.4475,0.000,0.300
2798.202,overrun,A_leg2,4.758,-0.505,27.961,27.485,0.477,OVERRUN by 2754.27s,1,0.0500,0,-1.4475,1,0.3000,0,-1.4475,0.000,0.300
2799.240,overrun,A_leg2,4.758,-0.505,27.961,27.485,0.477,OVERRUN by 2755.30s,1,0.0500,0,-1.4475,1,0.3000,0,-1.4475,0.000,0.300
2800.271,overrun,A_leg2,4.758,-0.505,27.961,27.485,0.477,OVERRUN by 2756.33s,1,0.0500,0,-1.4475,1,0.3000,0,-1.4475,0.000,0.300
2801.303,overrun,A_leg2,4.758,-0.505,27.961,27.485,0.477,OVERRUN by 2757.37s,1,0.0500,0,-1.4475,1,0.3000,0,-1.4475,0.000,0.300
2802.336,overrun,A_leg2,4.758,-0.505,27.961,27.485,0.477,OVERRUN by 2758.40s,1,0.0500,0,-1.4475,1,0.3000,0,-1.4475,0.000,0.300
2803.366,overrun,A_leg2,4.758,-0.505,27.961,27.485,0.477,OVERRUN by 2759.43s,1,0.0500,0,-1.4475,1,0.3000,0,-1.4475,0.000,0.300
2804.400,overrun,A_leg2,4.758,-0.505,27.961,27.485,0.477,OVERRUN by 2760.46s,1,0.0500,0,-1.4475,1,0.3000,0,-1.4475,0.000,0.300
2805.437,overrun,A_leg2,4.758,-0.505,27.961,27.485,0.477,OVERRUN by 2761.50s,1,0.0500,0,-1.4475,1,0.3000,0,-1.4475,0.000,0.300
2806.471,overrun,A_leg2,4.758,-0.505,27.961,27.485,0.477,OVERRUN by 2762.54s,1,0.0500,0,-1.4475,1,0.3000,0,-1.4475,0.000,0.300
2807.505,overrun,A_leg2,4.758,-0.505,27.961,27.485,0.477,OVERRUN by 2763.57s,1,0.0500,0,-1.4475,1,0.3000,0,-1.4475,0.000,0.300
2808.545,overrun,A_leg2,4.758,-0.505,27.961,27.485,0.477,OVERRUN by 2764.61s,1,0.0500,0,-1.4475,1,0.3000,0,-1.4475,0.000,0.300
2809.583,overrun,A_leg2,4.758,-0.505,27.961,27.485,0.477,OVERRUN by 2765.65s,1,0.0500,0,-1.4475,1,0.3000,0,-1.4475,0.000,0.300
2810.606,overrun,A_leg2,4.758,-0.505,27.961,27.485,0.477,OVERRUN by 2766.67s,1,0.0500,0,-1.4475,1,0.3000,0,-1.4475,0.000,0.300
2811.651,overrun,A_leg2,4.758,-0.505,27.961,27.485,0.477,OVERRUN by 2767.71s,1,0.0500,0,-1.4475,1,0.3000,0,-1.4475,0.000,0.300
2812.683,overrun,A_leg2,4.758,-0.505,27.961,27.485,0.477,OVERRUN by 2768.75s,1,0.0500,0,-1.4475,1,0.3000,0,-1.4475,0.000,0.300
2813.718,overrun,A_leg2,4.758,-0.505,27.961,27.485,0.477,OVERRUN by 2769.78s,1,0.0500,0,-1.4475,1,0.3000,0,-1.4475,0.000,0.300
2814.752,overrun,A_leg2,4.758,-0.505,27.961,27.485,0.477,OVERRUN by 2770.82s,1,0.0500,0,-1.4475,1,0.3000,0,-1.4475,0.000,0.300
2815.777,overrun,A_leg2,4.758,-0.505,27.961,27.485,0.477,OVERRUN by 2771.84s,1,0.0500,0,-1.4475,1,0.3000,0,-1.4475,0.000,0.300
2816.818,overrun,A_leg2,4.758,-0.505,27.961,27.485,0.477,OVERRUN by 2772.88s,1,0.0500,0,-1.4475,1,0.3000,0,-1.4475,0.000,0.300
2817.864,overrun,A_leg2,4.758,-0.505,27.961,27.485,0.477,OVERRUN by 2773.93s,1,0.0500,0,-1.4475,1,0.3000,0,-1.4475,0.000,0.300
2818.899,overrun,A_leg2,4.758,-0.505,27.961,27.485,0.477,OVERRUN by 2774.96s,1,0.0500,0,-1.4475,1,0.3000,0,-1.4475,0.000,0.300
2819.936,overrun,A_leg2,4.758,-0.505,27.961,27.485,0.477,OVERRUN by 2776.00s,1,0.0500,0,-1.4475,1,0.3000,0,-1.4475,0.000,0.300
2820.975,overrun,A_leg2,4.758,-0.505,27.961,27.485,0.477,OVERRUN by 2777.04s,1,0.0500,0,-1.4475,1,0.3000,0,-1.4475,0.000,0.300
2822.008,overrun,A_leg2,4.758,-0.505,27.961,27.485,0.477,OVERRUN by 2778.07s,1,0.0500,0,-1.4475,1,0.3000,0,-1.4475,0.000,0.300
2823.048,overrun,A_leg2,4.758,-0.505,27.961,27.485,0.477,OVERRUN by 2779.11s,1,0.0500,0,-1.4475,1,0.3000,0,-1.4475,0.000,0.300
2824.076,overrun,A_leg2,4.758,-0.505,27.961,27.485,0.477,OVERRUN by 2780.14s,1,0.0500,0,-1.4475,1,0.3000,0,-1.4475,0.000,0.300
2825.115,overrun,A_leg2,4.758,-0.505,27.961,27.485,0.477,OVERRUN by 2781.18s,1,0.0500,0,-1.4475,1,0.3000,0,-1.4475,0.000,0.300
2826.150,overrun,A_leg2,4.758,-0.505,27.961,27.485,0.477,OVERRUN by 2782.21s,1,0.0500,0,-1.4475,1,0.3000,0,-1.4475,0.000,0.300
2827.186,overrun,A_leg2,4.758,-0.505,27.961,27.485,0.477,OVERRUN by 2783.25s,1,0.0500,0,-1.4475,1,0.3000,0,-1.4475,0.000,0.300
2828.220,overrun,A_leg2,4.758,-0.505,27.961,27.485,0.477,OVERRUN by 2784.28s,1,0.0500,0,-1.4475,1,0.3000,0,-1.4475,0.000,0.300
2829.251,overrun,A_leg2,4.758,-0.505,27.961,27.485,0.477,OVERRUN by 2785.31s,1,0.0500,0,-1.4475,1,0.3000,0,-1.4475,0.000,0.300
2830.287,overrun,A_leg2,4.758,-0.505,27.961,27.485,0.477,OVERRUN by 2786.35s,1,0.0500,0,-1.4475,1,0.3000,0,-1.4475,0.000,0.300
2831.317,overrun,A_leg2,4.758,-0.505,27.961,27.485,0.477,OVERRUN by 2787.38s,1,0.0500,0,-1.4475,1,0.3000,0,-1.4475,0.000,0.300
2832.352,overrun,A_leg2,4.758,-0.505,27.961,27.485,0.477,OVERRUN by 2788.42s,1,0.0500,0,-1.4475,1,0.3000,0,-1.4475,0.000,0.300
2833.392,overrun,A_leg2,4.758,-0.505,27.961,27.485,0.477,OVERRUN by 2789.46s,1,0.0500,0,-1.4475,1,0.3000,0,-1.4475,0.000,0.300
2834.418,overrun,A_leg2,4.758,-0.505,27.961,27.485,0.477,OVERRUN by 2790.48s,1,0.0500,0,-1.4475,1,0.3000,0,-1.4475,0.000,0.300
2835.450,overrun,A_leg2,4.758,-0.505,27.961,27.485,0.477,OVERRUN by 2791.51s,1,0.0500,0,-1.4475,1,0.3000,0,-1.4475,0.000,0.300
2836.483,overrun,A_leg2,4.758,-0.505,27.961,27.485,0.477,OVERRUN by 2792.55s,1,0.0500,0,-1.4475,1,0.3000,0,-1.4475,0.000,0.300
2837.520,overrun,A_leg2,4.758,-0.505,27.961,27.485,0.477,OVERRUN by 2793.58s,1,0.0500,0,-1.4475,1,0.3000,0,-1.4475,0.000,0.300
2838.566,overrun,A_leg2,4.758,-0.505,27.961,27.485,0.477,OVERRUN by 2794.63s,1,0.0500,0,-1.4475,1,0.3000,0,-1.4475,0.000,0.300
2839.603,overrun,A_leg2,4.758,-0.505,27.961,27.485,0.477,OVERRUN by 2795.67s,1,0.0500,0,-1.4475,1,0.3000,0,-1.4475,0.000,0.300
2840.644,overrun,A_leg2,4.758,-0.505,27.961,27.485,0.477,OVERRUN by 2796.71s,1,0.0500,0,-1.4475,1,0.3000,0,-1.4475,0.000,0.300
2841.686,overrun,A_leg2,4.758,-0.505,27.961,27.485,0.477,OVERRUN by 2797.75s,1,0.0500,0,-1.4475,1,0.3000,0,-1.4475,0.000,0.300
2842.729,overrun,A_leg2,4.758,-0.505,27.961,27.485,0.477,OVERRUN by 2798.79s,1,0.0500,0,-1.4475,1,0.3000,0,-1.4475,0.000,0.300
2843.771,overrun,A_leg2,4.758,-0.505,27.961,27.485,0.477,OVERRUN by 2799.83s,1,0.0500,0,-1.4475,1,0.3000,0,-1.4475,0.000,0.300
2844.807,overrun,A_leg2,4.758,-0.505,27.961,27.485,0.477,OVERRUN by 2800.87s,1,0.0500,0,-1.4475,1,0.3000,0,-1.4475,0.000,0.300
2845.843,overrun,A_leg2,4.758,-0.505,27.961,27.485,0.477,OVERRUN by 2801.91s,1,0.0500,0,-1.4475,1,0.3000,0,-1.4475,0.000,0.300
2846.877,overrun,A_leg2,4.758,-0.505,27.961,27.485,0.477,OVERRUN by 2802.94s,1,0.0500,0,-1.4475,1,0.3000,0,-1.4475,0.000,0.300
2847.912,overrun,A_leg2,4.758,-0.505,27.961,27.485,0.477,OVERRUN by 2803.98s,1,0.0500,0,-1.4475,1,0.3000,0,-1.4475,0.000,0.300
2848.947,overrun,A_leg2,4.758,-0.505,27.961,27.485,0.477,OVERRUN by 2805.01s,1,0.0500,0,-1.4475,1,0.3000,0,-1.4475,0.000,0.300
2849.987,overrun,A_leg2,4.758,-0.505,27.961,27.485,0.477,OVERRUN by 2806.05s,1,0.0500,0,-1.4475,1,0.3000,0,-1.4475,0.000,0.300
2851.025,overrun,A_leg2,4.758,-0.505,27.961,27.485,0.477,OVERRUN by 2807.09s,1,0.0500,0,-1.4475,1,0.3000,0,-1.4475,0.000,0.300
2852.062,overrun,A_leg2,4.758,-0.505,27.961,27.485,0.477,OVERRUN by 2808.13s,1,0.0500,0,-1.4475,1,0.3000,0,-1.4475,0.000,0.300
2853.096,overrun,A_leg2,4.758,-0.505,27.961,27.485,0.477,OVERRUN by 2809.16s,1,0.0500,0,-1.4475,1,0.3000,0,-1.4475,0.000,0.300
2854.130,overrun,A_leg2,4.758,-0.505,27.961,27.485,0.477,OVERRUN by 2810.19s,1,0.0500,0,-1.4475,1,0.3000,0,-1.4475,0.000,0.300
2855.155,overrun,A_leg2,4.758,-0.505,27.961,27.485,0.477,OVERRUN by 2811.22s,1,0.0500,0,-1.4475,1,0.3000,0,-1.4475,0.000,0.300
2856.196,overrun,A_leg2,4.758,-0.505,27.961,27.485,0.477,OVERRUN by 2812.26s,1,0.0500,0,-1.4475,1,0.3000,0,-1.4475,0.000,0.300
2857.226,overrun,A_leg2,4.758,-0.505,27.961,27.485,0.477,OVERRUN by 2813.29s,1,0.0500,0,-1.4475,1,0.3000,0,-1.4475,0.000,0.300
2858.264,overrun,A_leg2,4.758,-0.505,27.961,27.485,0.477,OVERRUN by 2814.33s,1,0.0500,0,-1.4475,1,0.3000,0,-1.4475,0.000,0.300
2859.300,overrun,A_leg2,4.758,-0.505,27.961,27.485,0.477,OVERRUN by 2815.36s,1,0.0500,0,-1.4475,1,0.3000,0,-1.4475,0.000,0.300
2860.339,overrun,A_leg2,4.758,-0.505,27.961,27.485,0.477,OVERRUN by 2816.40s,1,0.0500,0,-1.4475,1,0.3000,0,-1.4475,0.000,0.300
2861.370,overrun,A_leg2,4.758,-0.505,27.961,27.485,0.477,OVERRUN by 2817.43s,1,0.0500,0,-1.4475,1,0.3000,0,-1.4475,0.000,0.300
2862.400,overrun,A_leg2,4.758,-0.505,27.961,27.485,0.477,OVERRUN by 2818.46s,1,0.0500,0,-1.4475,1,0.3000,0,-1.4475,0.000,0.300
2863.442,overrun,A_leg2,4.758,-0.505,27.961,27.485,0.477,OVERRUN by 2819.51s,1,0.0500,0,-1.4475,1,0.3000,0,-1.4475,0.000,0.300
2864.473,overrun,A_leg2,4.758,-0.505,27.961,27.485,0.477,OVERRUN by 2820.54s,1,0.0500,0,-1.4475,1,0.3000,0,-1.4475,0.000,0.300
2865.514,overrun,A_leg2,4.758,-0.505,27.961,27.485,0.477,OVERRUN by 2821.58s,1,0.0500,0,-1.4475,1,0.3000,0,-1.4475,0.000,0.300
2866.556,overrun,A_leg2,4.758,-0.505,27.961,27.485,0.477,OVERRUN by 2822.62s,1,0.0500,0,-1.4475,1,0.3000,0,-1.4475,0.000,0.300
2867.588,overrun,A_leg2,4.758,-0.505,27.961,27.485,0.477,OVERRUN by 2823.65s,1,0.0500,0,-1.4475,1,0.3000,0,-1.4475,0.000,0.300
2868.621,overrun,A_leg2,4.758,-0.505,27.961,27.485,0.477,OVERRUN by 2824.69s,1,0.0500,0,-1.4475,1,0.3000,0,-1.4475,0.000,0.300
2869.659,overrun,A_leg2,4.758,-0.505,27.961,27.485,0.477,OVERRUN by 2825.72s,1,0.0500,0,-1.4475,1,0.3000,0,-1.4475,0.000,0.300
2870.694,overrun,A_leg2,4.758,-0.505,27.961,27.485,0.477,OVERRUN by 2826.76s,1,0.0500,0,-1.4475,1,0.3000,0,-1.4475,0.000,0.300
2871.731,overrun,A_leg2,4.758,-0.505,27.961,27.485,0.477,OVERRUN by 2827.79s,1,0.0500,0,-1.4475,1,0.3000,0,-1.4475,0.000,0.300
2872.778,overrun,A_leg2,4.758,-0.505,27.961,27.485,0.477,OVERRUN by 2828.84s,1,0.0500,0,-1.4475,1,0.3000,0,-1.4475,0.000,0.300
2873.819,overrun,A_leg2,4.758,-0.505,27.961,27.485,0.477,OVERRUN by 2829.88s,1,0.0500,0,-1.4475,1,0.3000,0,-1.4475,0.000,0.300
2874.857,overrun,A_leg2,4.758,-0.505,27.961,27.485,0.477,OVERRUN by 2830.92s,1,0.0500,0,-1.4475,1,0.3000,0,-1.4475,0.000,0.300
2875.888,overrun,A_leg2,4.758,-0.505,27.961,27.485,0.477,OVERRUN by 2831.95s,1,0.0500,0,-1.4475,1,0.3000,0,-1.4475,0.000,0.300
2876.921,overrun,A_leg2,4.758,-0.505,27.961,27.485,0.477,OVERRUN by 2832.99s,1,0.0500,0,-1.4475,1,0.3000,0,-1.4475,0.000,0.300
2877.954,overrun,A_leg2,4.758,-0.505,27.961,27.485,0.477,OVERRUN by 2834.02s,1,0.0500,0,-1.4475,1,0.3000,0,-1.4475,0.000,0.300
2878.981,overrun,A_leg2,4.758,-0.505,27.961,27.485,0.477,OVERRUN by 2835.04s,1,0.0500,0,-1.4475,1,0.3000,0,-1.4475,0.000,0.300
2880.014,overrun,A_leg2,4.758,-0.505,27.961,27.485,0.477,OVERRUN by 2836.08s,1,0.0500,0,-1.4475,1,0.3000,0,-1.4475,0.000,0.300
2881.047,overrun,A_leg2,4.758,-0.505,27.961,27.485,0.477,OVERRUN by 2837.11s,1,0.0500,0,-1.4475,1,0.3000,0,-1.4475,0.000,0.300
2882.085,overrun,A_leg2,4.758,-0.505,27.961,27.485,0.477,OVERRUN by 2838.15s,1,0.0500,0,-1.4475,1,0.3000,0,-1.4475,0.000,0.300
2883.117,overrun,A_leg2,4.758,-0.505,27.961,27.485,0.477,OVERRUN by 2839.18s,1,0.0500,0,-1.4475,1,0.3000,0,-1.4475,0.000,0.300
2884.155,overrun,A_leg2,4.758,-0.505,27.961,27.485,0.477,OVERRUN by 2840.22s,1,0.0500,0,-1.4475,1,0.3000,0,-1.4475,0.000,0.300
2885.187,overrun,A_leg2,4.758,-0.505,27.961,27.485,0.477,OVERRUN by 2841.25s,1,0.0500,0,-1.4475,1,0.3000,0,-1.4475,0.000,0.300
2886.221,overrun,A_leg2,4.758,-0.505,27.961,27.485,0.477,OVERRUN by 2842.29s,1,0.0500,0,-1.4475,1,0.3000,0,-1.4475,0.000,0.300
2887.261,overrun,A_leg2,4.758,-0.505,27.961,27.485,0.477,OVERRUN by 2843.33s,1,0.0500,0,-1.4475,1,0.3000,0,-1.4475,0.000,0.300
2888.296,overrun,A_leg2,4.758,-0.505,27.961,27.485,0.477,OVERRUN by 2844.36s,1,0.0500,0,-1.4475,1,0.3000,0,-1.4475,0.000,0.300
2889.323,overrun,A_leg2,4.758,-0.505,27.961,27.485,0.477,OVERRUN by 2845.39s,1,0.0500,0,-1.4475,1,0.3000,0,-1.4475,0.000,0.300
2890.368,overrun,A_leg2,4.758,-0.505,27.961,27.485,0.477,OVERRUN by 2846.43s,1,0.0500,0,-1.4475,1,0.3000,0,-1.4475,0.000,0.300
2891.397,overrun,A_leg2,4.758,-0.505,27.961,27.485,0.477,OVERRUN by 2847.46s,1,0.0500,0,-1.4475,1,0.3000,0,-1.4475,0.000,0.300
2892.441,overrun,A_leg2,4.758,-0.505,27.961,27.485,0.477,OVERRUN by 2848.50s,1,0.0500,0,-1.4475,1,0.3000,0,-1.4475,0.000,0.300
2893.471,overrun,A_leg2,4.758,-0.505,27.961,27.485,0.477,OVERRUN by 2849.54s,1,0.0500,0,-1.4475,1,0.3000,0,-1.4475,0.000,0.300
2894.501,overrun,A_leg2,4.758,-0.505,27.961,27.485,0.477,OVERRUN by 2850.56s,1,0.0500,0,-1.4475,1,0.3000,0,-1.4475,0.000,0.300
2895.529,overrun,A_leg2,4.758,-0.505,27.961,27.485,0.477,OVERRUN by 2851.59s,1,0.0500,0,-1.4475,1,0.3000,0,-1.4475,0.000,0.300
2896.559,overrun,A_leg2,4.758,-0.505,27.961,27.485,0.477,OVERRUN by 2852.62s,1,0.0500,0,-1.4475,1,0.3000,0,-1.4475,0.000,0.300
2897.597,overrun,A_leg2,4.758,-0.505,27.961,27.485,0.477,OVERRUN by 2853.66s,1,0.0500,0,-1.4475,1,0.3000,0,-1.4475,0.000,0.300
2898.632,overrun,A_leg2,4.758,-0.505,27.961,27.485,0.477,OVERRUN by 2854.70s,1,0.0500,0,-1.4475,1,0.3000,0,-1.4475,0.000,0.300
2899.663,overrun,A_leg2,4.758,-0.505,27.961,27.485,0.477,OVERRUN by 2855.73s,1,0.0500,0,-1.4475,1,0.3000,0,-1.4475,0.000,0.300
2900.694,overrun,A_leg2,4.758,-0.505,27.961,27.485,0.477,OVERRUN by 2856.76s,1,0.0500,0,-1.4475,1,0.3000,0,-1.4475,0.000,0.300
2901.731,overrun,A_leg2,4.758,-0.505,27.961,27.485,0.477,OVERRUN by 2857.79s,1,0.0500,0,-1.4475,1,0.3000,0,-1.4475,0.000,0.300
2902.764,overrun,A_leg2,4.758,-0.505,27.961,27.485,0.477,OVERRUN by 2858.83s,1,0.0500,0,-1.4475,1,0.3000,0,-1.4475,0.000,0.300
2903.808,overrun,A_leg2,4.758,-0.505,27.961,27.485,0.477,OVERRUN by 2859.87s,1,0.0500,0,-1.4475,1,0.3000,0,-1.4475,0.000,0.300
2904.839,overrun,A_leg2,4.758,-0.505,27.961,27.485,0.477,OVERRUN by 2860.90s,1,0.0500,0,-1.4475,1,0.3000,0,-1.4475,0.000,0.300
2905.878,overrun,A_leg2,4.758,-0.505,27.961,27.485,0.477,OVERRUN by 2861.94s,1,0.0500,0,-1.4475,1,0.3000,0,-1.4475,0.000,0.300
2906.907,overrun,A_leg2,4.758,-0.505,27.961,27.485,0.477,OVERRUN by 2862.97s,1,0.0500,0,-1.4475,1,0.3000,0,-1.4475,0.000,0.300
2907.942,overrun,A_leg2,4.758,-0.505,27.961,27.485,0.477,OVERRUN by 2864.01s,1,0.0500,0,-1.4475,1,0.3000,0,-1.4475,0.000,0.300
2908.980,overrun,A_leg2,4.758,-0.505,27.961,27.485,0.477,OVERRUN by 2865.04s,1,0.0500,0,-1.4475,1,0.3000,0,-1.4475,0.000,0.300
2910.002,overrun,A_leg2,4.758,-0.505,27.961,27.485,0.477,OVERRUN by 2866.07s,1,0.0500,0,-1.4475,1,0.3000,0,-1.4475,0.000,0.300
2911.031,overrun,A_leg2,4.758,-0.505,27.961,27.485,0.477,OVERRUN by 2867.10s,1,0.0500,0,-1.4475,1,0.3000,0,-1.4475,0.000,0.300
2912.062,overrun,A_leg2,4.758,-0.505,27.961,27.485,0.477,OVERRUN by 2868.13s,1,0.0500,0,-1.4475,1,0.3000,0,-1.4475,0.000,0.300
2913.099,overrun,A_leg2,4.758,-0.505,27.961,27.485,0.477,OVERRUN by 2869.16s,1,0.0500,0,-1.4475,1,0.3000,0,-1.4475,0.000,0.300
2914.135,overrun,A_leg2,4.758,-0.505,27.961,27.485,0.477,OVERRUN by 2870.20s,1,0.0500,0,-1.4475,1,0.3000,0,-1.4475,0.000,0.300
2915.170,overrun,A_leg2,4.758,-0.505,27.961,27.485,0.477,OVERRUN by 2871.23s,1,0.0500,0,-1.4475,1,0.3000,0,-1.4475,0.000,0.300
2916.215,overrun,A_leg2,4.758,-0.505,27.961,27.485,0.477,OVERRUN by 2872.28s,1,0.0500,0,-1.4475,1,0.3000,0,-1.4475,0.000,0.300
2917.267,overrun,A_leg2,4.758,-0.505,27.961,27.485,0.477,OVERRUN by 2873.33s,1,0.0500,0,-1.4475,1,0.3000,0,-1.4475,0.000,0.300
2918.304,overrun,A_leg2,4.758,-0.505,27.961,27.485,0.477,OVERRUN by 2874.37s,1,0.0500,0,-1.4475,1,0.3000,0,-1.4475,0.000,0.300
2919.341,overrun,A_leg2,4.758,-0.505,27.961,27.485,0.477,OVERRUN by 2875.40s,1,0.0500,0,-1.4475,1,0.3000,0,-1.4475,0.000,0.300
2920.388,overrun,A_leg2,4.758,-0.505,27.961,27.485,0.477,OVERRUN by 2876.45s,1,0.0500,0,-1.4475,1,0.3000,0,-1.4475,0.000,0.300
2921.389,overrun,A_leg2,4.758,-0.505,27.961,27.485,0.477,OVERRUN by 2877.45s,1,0.0500,0,-1.4475,1,0.3000,0,-1.4475,0.000,0.300
2922.391,overrun,A_leg2,4.758,-0.505,27.961,27.485,0.477,OVERRUN by 2878.46s,1,0.0500,0,-1.4475,1,0.3000,0,-1.4475,0.000,0.300
2923.424,overrun,A_leg2,4.758,-0.505,27.961,27.485,0.477,OVERRUN by 2879.49s,1,0.0500,0,-1.4475,1,0.3000,0,-1.4475,0.000,0.300
2924.435,overrun,A_leg2,4.758,-0.505,27.961,27.485,0.477,OVERRUN by 2880.50s,1,0.0500,0,-1.4475,1,0.3000,0,-1.4475,0.000,0.300
2925.449,overrun,A_leg2,4.758,-0.505,27.961,27.485,0.477,OVERRUN by 2881.51s,1,0.0500,0,-1.4475,1,0.3000,0,-1.4475,0.000,0.300
2926.498,overrun,A_leg2,4.758,-0.505,27.961,27.485,0.477,OVERRUN by 2882.56s,1,0.0500,0,-1.4475,1,0.3000,0,-1.4475,0.000,0.300
2927.522,overrun,A_leg2,4.758,-0.505,27.961,27.485,0.477,OVERRUN by 2883.59s,1,0.0500,0,-1.4475,1,0.3000,0,-1.4475,0.000,0.300
2928.531,overrun,A_leg2,4.758,-0.505,27.961,27.485,0.477,OVERRUN by 2884.60s,1,0.0500,0,-1.4475,1,0.3000,0,-1.4475,0.000,0.300
2929.562,overrun,A_leg2,4.758,-0.505,27.961,27.485,0.477,OVERRUN by 2885.63s,1,0.0500,0,-1.4475,1,0.3000,0,-1.4475,0.000,0.300
2930.611,overrun,A_leg2,4.758,-0.505,27.961,27.485,0.477,OVERRUN by 2886.67s,1,0.0500,0,-1.4475,1,0.3000,0,-1.4475,0.000,0.300
2931.659,overrun,A_leg2,4.758,-0.505,27.961,27.485,0.477,OVERRUN by 2887.72s,1,0.0500,0,-1.4475,1,0.3000,0,-1.4475,0.000,0.300
2932.699,overrun,A_leg2,4.758,-0.505,27.961,27.485,0.477,OVERRUN by 2888.76s,1,0.0500,0,-1.4475,1,0.3000,0,-1.4475,0.000,0.300
2933.751,overrun,A_leg2,4.758,-0.505,27.961,27.485,0.477,OVERRUN by 2889.82s,1,0.0500,0,-1.4475,1,0.3000,0,-1.4475,0.000,0.300
2934.791,overrun,A_leg2,4.758,-0.505,27.961,27.485,0.477,OVERRUN by 2890.85s,1,0.0500,0,-1.4475,1,0.3000,0,-1.4475,0.000,0.300
2935.842,overrun,A_leg2,4.758,-0.505,27.961,27.485,0.477,OVERRUN by 2891.91s,1,0.0500,0,-1.4475,1,0.3000,0,-1.4475,0.000,0.300
2936.851,overrun,A_leg2,4.758,-0.505,27.961,27.485,0.477,OVERRUN by 2892.92s,1,0.0500,0,-1.4475,1,0.3000,0,-1.4475,0.000,0.300
2937.890,overrun,A_leg2,4.758,-0.505,27.961,27.485,0.477,OVERRUN by 2893.95s,1,0.0500,0,-1.4475,1,0.3000,0,-1.4475,0.000,0.300
2938.942,overrun,A_leg2,4.758,-0.505,27.961,27.485,0.477,OVERRUN by 2895.01s,1,0.0500,0,-1.4475,1,0.3000,0,-1.4475,0.000,0.300
2939.946,overrun,A_leg2,4.758,-0.505,27.961,27.485,0.477,OVERRUN by 2896.01s,1,0.0500,0,-1.4475,1,0.3000,0,-1.4475,0.000,0.300
2940.947,overrun,A_leg2,4.758,-0.505,27.961,27.485,0.477,OVERRUN by 2897.01s,1,0.0500,0,-1.4475,1,0.3000,0,-1.4475,0.000,0.300
2941.993,overrun,A_leg2,4.758,-0.505,27.961,27.485,0.477,OVERRUN by 2898.06s,1,0.0500,0,-1.4475,1,0.3000,0,-1.4475,0.000,0.300
2943.002,overrun,A_leg2,4.758,-0.505,27.961,27.485,0.477,OVERRUN by 2899.07s,1,0.0500,0,-1.4475,1,0.3000,0,-1.4475,0.000,0.300
2944.017,overrun,A_leg2,4.758,-0.505,27.961,27.485,0.477,OVERRUN by 2900.08s,1,0.0500,0,-1.4475,1,0.3000,0,-1.4475,0.000,0.300
2945.021,overrun,A_leg2,4.758,-0.505,27.961,27.485,0.477,OVERRUN by 2901.08s,1,0.0500,0,-1.4475,1,0.3000,0,-1.4475,0.000,0.300
2946.063,overrun,A_leg2,4.758,-0.505,27.961,27.485,0.477,OVERRUN by 2902.13s,1,0.0500,0,-1.4475,1,0.3000,0,-1.4475,0.000,0.300
2947.119,overrun,A_leg2,4.758,-0.505,27.961,27.485,0.477,OVERRUN by 2903.18s,1,0.0500,0,-1.4475,1,0.3000,0,-1.4475,0.000,0.300
2948.157,overrun,A_leg2,4.758,-0.505,27.961,27.485,0.477,OVERRUN by 2904.22s,1,0.0500,0,-1.4475,1,0.3000,0,-1.4475,0.000,0.300
2949.207,overrun,A_leg2,4.758,-0.505,27.961,27.485,0.477,OVERRUN by 2905.27s,1,0.0500,0,-1.4475,1,0.3000,0,-1.4475,0.000,0.300
2950.264,overrun,A_leg2,4.758,-0.505,27.961,27.485,0.477,OVERRUN by 2906.33s,1,0.0500,0,-1.4475,1,0.3000,0,-1.4475,0.000,0.300
2951.276,overrun,A_leg2,4.758,-0.505,27.961,27.485,0.477,OVERRUN by 2907.34s,1,0.0500,0,-1.4475,1,0.3000,0,-1.4475,0.000,0.300
2952.282,overrun,A_leg2,4.758,-0.505,27.961,27.485,0.477,OVERRUN by 2908.35s,1,0.0500,0,-1.4475,1,0.3000,0,-1.4475,0.000,0.300
2953.289,overrun,A_leg2,4.758,-0.505,27.961,27.485,0.477,OVERRUN by 2909.35s,1,0.0500,0,-1.4475,1,0.3000,0,-1.4475,0.000,0.300
2954.293,overrun,A_leg2,4.758,-0.505,27.961,27.485,0.477,OVERRUN by 2910.36s,1,0.0500,0,-1.4475,1,0.3000,0,-1.4475,0.000,0.300
2955.296,overrun,A_leg2,4.758,-0.505,27.961,27.485,0.477,OVERRUN by 2911.36s,1,0.0500,0,-1.4475,1,0.3000,0,-1.4475,0.000,0.300
2956.345,overrun,A_leg2,4.758,-0.505,27.961,27.485,0.477,OVERRUN by 2912.41s,1,0.0500,0,-1.4475,1,0.3000,0,-1.4475,0.000,0.300
2957.397,overrun,A_leg2,4.758,-0.505,27.961,27.485,0.477,OVERRUN by 2913.46s,1,0.0500,0,-1.4475,1,0.3000,0,-1.4475,0.000,0.300
2958.449,overrun,A_leg2,4.758,-0.505,27.961,27.485,0.477,OVERRUN by 2914.51s,1,0.0500,0,-1.4475,1,0.3000,0,-1.4475,0.000,0.300
2959.504,overrun,A_leg2,4.758,-0.505,27.961,27.485,0.477,OVERRUN by 2915.57s,1,0.0500,0,-1.4475,1,0.3000,0,-1.4475,0.000,0.300
2960.560,overrun,A_leg2,4.758,-0.505,27.961,27.485,0.477,OVERRUN by 2916.62s,1,0.0500,0,-1.4475,1,0.3000,0,-1.4475,0.000,0.300
2961.614,overrun,A_leg2,4.758,-0.505,27.961,27.485,0.477,OVERRUN by 2917.68s,1,0.0500,0,-1.4475,1,0.3000,0,-1.4475,0.000,0.300
2962.665,overrun,A_leg2,4.758,-0.505,27.961,27.485,0.477,OVERRUN by 2918.73s,1,0.0500,0,-1.4475,1,0.3000,0,-1.4475,0.000,0.300
2963.665,overrun,A_leg2,4.758,-0.505,27.961,27.485,0.477,OVERRUN by 2919.73s,1,0.0500,0,-1.4475,1,0.3000,0,-1.4475,0.000,0.300
2964.672,overrun,A_leg2,4.758,-0.505,27.961,27.485,0.477,OVERRUN by 2920.74s,1,0.0500,0,-1.4475,1,0.3000,0,-1.4475,0.000,0.300
2965.732,overrun,A_leg2,4.758,-0.505,27.961,27.485,0.477,OVERRUN by 2921.80s,1,0.0500,0,-1.4475,1,0.3000,0,-1.4475,0.000,0.300
2966.772,overrun,A_leg2,4.758,-0.505,27.961,27.485,0.477,OVERRUN by 2922.84s,1,0.0500,0,-1.4475,1,0.3000,0,-1.4475,0.000,0.300
2967.803,overrun,A_leg2,4.758,-0.505,27.961,27.485,0.477,OVERRUN by 2923.87s,1,0.0500,0,-1.4475,1,0.3000,0,-1.4475,0.000,0.300
2968.862,overrun,A_leg2,4.758,-0.505,27.961,27.485,0.477,OVERRUN by 2924.93s,1,0.0500,0,-1.4475,1,0.3000,0,-1.4475,0.000,0.300
2969.864,overrun,A_leg2,4.758,-0.505,27.961,27.485,0.477,OVERRUN by 2925.93s,1,0.0500,0,-1.4475,1,0.3000,0,-1.4475,0.000,0.300
2970.914,overrun,A_leg2,4.758,-0.505,27.961,27.485,0.477,OVERRUN by 2926.98s,1,0.0500,0,-1.4475,1,0.3000,0,-1.4475,0.000,0.300
2971.917,overrun,A_leg2,4.758,-0.505,27.961,27.485,0.477,OVERRUN by 2927.98s,1,0.0500,0,-1.4475,1,0.3000,0,-1.4475,0.000,0.300
2972.960,overrun,A_leg2,4.758,-0.505,27.961,27.485,0.477,OVERRUN by 2929.02s,1,0.0500,0,-1.4475,1,0.3000,0,-1.4475,0.000,0.300
2973.988,overrun,A_leg2,4.758,-0.505,27.961,27.485,0.477,OVERRUN by 2930.05s,1,0.0500,0,-1.4475,1,0.3000,0,-1.4475,0.000,0.300
2975.013,overrun,A_leg2,4.758,-0.505,27.961,27.485,0.477,OVERRUN by 2931.08s,1,0.0500,0,-1.4475,1,0.3000,0,-1.4475,0.000,0.300
2976.048,overrun,A_leg2,4.758,-0.505,27.961,27.485,0.477,OVERRUN by 2932.11s,1,0.0500,0,-1.4475,1,0.3000,0,-1.4475,0.000,0.300
2977.082,overrun,A_leg2,4.758,-0.505,27.961,27.485,0.477,OVERRUN by 2933.15s,1,0.0500,0,-1.4475,1,0.3000,0,-1.4475,0.000,0.300
2978.123,overrun,A_leg2,4.758,-0.505,27.961,27.485,0.477,OVERRUN by 2934.19s,1,0.0500,0,-1.4475,1,0.3000,0,-1.4475,0.000,0.300
2979.157,overrun,A_leg2,4.758,-0.505,27.961,27.485,0.477,OVERRUN by 2935.22s,1,0.0500,0,-1.4475,1,0.3000,0,-1.4475,0.000,0.300
2980.200,overrun,A_leg2,4.758,-0.505,27.961,27.485,0.477,OVERRUN by 2936.26s,1,0.0500,0,-1.4475,1,0.3000,0,-1.4475,0.000,0.300
2981.234,overrun,A_leg2,4.758,-0.505,27.961,27.485,0.477,OVERRUN by 2937.30s,1,0.0500,0,-1.4475,1,0.3000,0,-1.4475,0.000,0.300
2982.271,overrun,A_leg2,4.758,-0.505,27.961,27.485,0.477,OVERRUN by 2938.33s,1,0.0500,0,-1.4475,1,0.3000,0,-1.4475,0.000,0.300
2983.304,overrun,A_leg2,4.758,-0.505,27.961,27.485,0.477,OVERRUN by 2939.37s,1,0.0500,0,-1.4475,1,0.3000,0,-1.4475,0.000,0.300
2984.341,overrun,A_leg2,4.758,-0.505,27.961,27.485,0.477,OVERRUN by 2940.40s,1,0.0500,0,-1.4475,1,0.3000,0,-1.4475,0.000,0.300
2985.369,overrun,A_leg2,4.758,-0.505,27.961,27.485,0.477,OVERRUN by 2941.43s,1,0.0500,0,-1.4475,1,0.3000,0,-1.4475,0.000,0.300
2986.409,overrun,A_leg2,4.758,-0.505,27.961,27.485,0.477,OVERRUN by 2942.47s,1,0.0500,0,-1.4475,1,0.3000,0,-1.4475,0.000,0.300
2987.445,overrun,A_leg2,4.758,-0.505,27.961,27.485,0.477,OVERRUN by 2943.51s,1,0.0500,0,-1.4475,1,0.3000,0,-1.4475,0.000,0.300
2988.488,overrun,A_leg2,4.758,-0.505,27.961,27.485,0.477,OVERRUN by 2944.55s,1,0.0500,0,-1.4475,1,0.3000,0,-1.4475,0.000,0.300
2989.524,overrun,A_leg2,4.758,-0.505,27.961,27.485,0.477,OVERRUN by 2945.59s,1,0.0500,0,-1.4475,1,0.3000,0,-1.4475,0.000,0.300
2990.559,overrun,A_leg2,4.758,-0.505,27.961,27.485,0.477,OVERRUN by 2946.62s,1,0.0500,0,-1.4475,1,0.3000,0,-1.4475,0.000,0.300
2991.586,overrun,A_leg2,4.758,-0.505,27.961,27.485,0.477,OVERRUN by 2947.65s,1,0.0500,0,-1.4475,1,0.3000,0,-1.4475,0.000,0.300
2992.619,overrun,A_leg2,4.758,-0.505,27.961,27.485,0.477,OVERRUN by 2948.68s,1,0.0500,0,-1.4475,1,0.3000,0,-1.4475,0.000,0.300
2993.656,overrun,A_leg2,4.758,-0.505,27.961,27.485,0.477,OVERRUN by 2949.72s,1,0.0500,0,-1.4475,1,0.3000,0,-1.4475,0.000,0.300
2994.699,overrun,A_leg2,4.758,-0.505,27.961,27.485,0.477,OVERRUN by 2950.76s,1,0.0500,0,-1.4475,1,0.3000,0,-1.4475,0.000,0.300
2995.745,overrun,A_leg2,4.758,-0.505,27.961,27.485,0.477,OVERRUN by 2951.81s,1,0.0500,0,-1.4475,1,0.3000,0,-1.4475,0.000,0.300
2996.779,overrun,A_leg2,4.758,-0.505,27.961,27.485,0.477,OVERRUN by 2952.84s,1,0.0500,0,-1.4475,1,0.3000,0,-1.4475,0.000,0.300
2997.813,overrun,A_leg2,4.758,-0.505,27.961,27.485,0.477,OVERRUN by 2953.88s,1,0.0500,0,-1.4475,1,0.3000,0,-1.4475,0.000,0.300
2998.850,overrun,A_leg2,4.758,-0.505,27.961,27.485,0.477,OVERRUN by 2954.91s,1,0.0500,0,-1.4475,1,0.3000,0,-1.4475,0.000,0.300
2999.888,overrun,A_leg2,4.758,-0.505,27.961,27.485,0.477,OVERRUN by 2955.95s,1,0.0500,0,-1.4475,1,0.3000,0,-1.4475,0.000,0.300
3000.924,overrun,A_leg2,4.758,-0.505,27.961,27.485,0.477,OVERRUN by 2956.99s,1,0.0500,0,-1.4475,1,0.3000,0,-1.4475,0.000,0.300
3001.949,overrun,A_leg2,4.758,-0.505,27.961,27.485,0.477,OVERRUN by 2958.01s,1,0.0500,0,-1.4475,1,0.3000,0,-1.4475,0.000,0.300
3002.988,overrun,A_leg2,4.758,-0.505,27.961,27.485,0.477,OVERRUN by 2959.05s,1,0.0500,0,-1.4475,1,0.3000,0,-1.4475,0.000,0.300
3004.028,overrun,A_leg2,4.758,-0.505,27.961,27.485,0.477,OVERRUN by 2960.09s,1,0.0500,0,-1.4475,1,0.3000,0,-1.4475,0.000,0.300
3005.065,overrun,A_leg2,4.758,-0.505,27.961,27.485,0.477,OVERRUN by 2961.13s,1,0.0500,0,-1.4475,1,0.3000,0,-1.4475,0.000,0.300
3006.091,overrun,A_leg2,4.758,-0.505,27.961,27.485,0.477,OVERRUN by 2962.15s,1,0.0500,0,-1.4475,1,0.3000,0,-1.4475,0.000,0.300
3007.122,overrun,A_leg2,4.758,-0.505,27.961,27.485,0.477,OVERRUN by 2963.19s,1,0.0500,0,-1.4475,1,0.3000,0,-1.4475,0.000,0.300
3008.155,overrun,A_leg2,4.758,-0.505,27.961,27.485,0.477,OVERRUN by 2964.22s,1,0.0500,0,-1.4475,1,0.3000,0,-1.4475,0.000,0.300
3009.186,overrun,A_leg2,4.758,-0.505,27.961,27.485,0.477,OVERRUN by 2965.25s,1,0.0500,0,-1.4475,1,0.3000,0,-1.4475,0.000,0.300
3010.217,overrun,A_leg2,4.758,-0.505,27.961,27.485,0.477,OVERRUN by 2966.28s,1,0.0500,0,-1.4475,1,0.3000,0,-1.4475,0.000,0.300
3011.257,overrun,A_leg2,4.758,-0.505,27.961,27.485,0.477,OVERRUN by 2967.32s,1,0.0500,0,-1.4475,1,0.3000,0,-1.4475,0.000,0.300
3012.298,overrun,A_leg2,4.758,-0.505,27.961,27.485,0.477,OVERRUN by 2968.36s,1,0.0500,0,-1.4475,1,0.3000,0,-1.4475,0.000,0.300
3013.332,overrun,A_leg2,4.758,-0.505,27.961,27.485,0.477,OVERRUN by 2969.40s,1,0.0500,0,-1.4475,1,0.3000,0,-1.4475,0.000,0.300
3014.365,overrun,A_leg2,4.758,-0.505,27.961,27.485,0.477,OVERRUN by 2970.43s,1,0.0500,0,-1.4475,1,0.3000,0,-1.4475,0.000,0.300
3015.389,overrun,A_leg2,4.758,-0.505,27.961,27.485,0.477,OVERRUN by 2971.45s,1,0.0500,0,-1.4475,1,0.3000,0,-1.4475,0.000,0.300
3016.422,overrun,A_leg2,4.758,-0.505,27.961,27.485,0.477,OVERRUN by 2972.49s,1,0.0500,0,-1.4475,1,0.3000,0,-1.4475,0.000,0.300
3017.463,overrun,A_leg2,4.758,-0.505,27.961,27.485,0.477,OVERRUN by 2973.53s,1,0.0500,0,-1.4475,1,0.3000,0,-1.4475,0.000,0.300
3018.496,overrun,A_leg2,4.758,-0.505,27.961,27.485,0.477,OVERRUN by 2974.56s,1,0.0500,0,-1.4475,1,0.3000,0,-1.4475,0.000,0.300
3019.527,overrun,A_leg2,4.758,-0.505,27.961,27.485,0.477,OVERRUN by 2975.59s,1,0.0500,0,-1.4475,1,0.3000,0,-1.4475,0.000,0.300
3020.550,overrun,A_leg2,4.758,-0.505,27.961,27.485,0.477,OVERRUN by 2976.61s,1,0.0500,0,-1.4475,1,0.3000,0,-1.4475,0.000,0.300
3021.586,overrun,A_leg2,4.758,-0.505,27.961,27.485,0.477,OVERRUN by 2977.65s,1,0.0500,0,-1.4475,1,0.3000,0,-1.4475,0.000,0.300
3022.620,overrun,A_leg2,4.758,-0.505,27.961,27.485,0.477,OVERRUN by 2978.68s,1,0.0500,0,-1.4475,1,0.3000,0,-1.4475,0.000,0.300
3023.648,overrun,A_leg2,4.758,-0.505,27.961,27.485,0.477,OVERRUN by 2979.71s,1,0.0500,0,-1.4475,1,0.3000,0,-1.4475,0.000,0.300
3024.683,overrun,A_leg2,4.758,-0.505,27.961,27.485,0.477,OVERRUN by 2980.75s,1,0.0500,0,-1.4475,1,0.3000,0,-1.4475,0.000,0.300
3025.718,overrun,A_leg2,4.758,-0.505,27.961,27.485,0.477,OVERRUN by 2981.78s,1,0.0500,0,-1.4475,1,0.3000,0,-1.4475,0.000,0.300
3026.745,overrun,A_leg2,4.758,-0.505,27.961,27.485,0.477,OVERRUN by 2982.81s,1,0.0500,0,-1.4475,1,0.3000,0,-1.4475,0.000,0.300
3027.773,overrun,A_leg2,4.758,-0.505,27.961,27.485,0.477,OVERRUN by 2983.84s,1,0.0500,0,-1.4475,1,0.3000,0,-1.4475,0.000,0.300
3028.814,overrun,A_leg2,4.758,-0.505,27.961,27.485,0.477,OVERRUN by 2984.88s,1,0.0500,0,-1.4475,1,0.3000,0,-1.4475,0.000,0.300
3029.833,overrun,A_leg2,4.758,-0.505,27.961,27.485,0.477,OVERRUN by 2985.90s,1,0.0500,0,-1.4475,1,0.3000,0,-1.4475,0.000,0.300
3030.872,overrun,A_leg2,4.758,-0.505,27.961,27.485,0.477,OVERRUN by 2986.94s,1,0.0500,0,-1.4475,1,0.3000,0,-1.4475,0.000,0.300
3031.913,overrun,A_leg2,4.758,-0.505,27.961,27.485,0.477,OVERRUN by 2987.98s,1,0.0500,0,-1.4475,1,0.3000,0,-1.4475,0.000,0.300
3032.941,overrun,A_leg2,4.758,-0.505,27.961,27.485,0.477,OVERRUN by 2989.00s,1,0.0500,0,-1.4475,1,0.3000,0,-1.4475,0.000,0.300
3033.977,overrun,A_leg2,4.758,-0.505,27.961,27.485,0.477,OVERRUN by 2990.04s,1,0.0500,0,-1.4475,1,0.3000,0,-1.4475,0.000,0.300
3035.012,overrun,A_leg2,4.758,-0.505,27.961,27.485,0.477,OVERRUN by 2991.08s,1,0.0500,0,-1.4475,1,0.3000,0,-1.4475,0.000,0.300
3036.049,overrun,A_leg2,4.758,-0.505,27.961,27.485,0.477,OVERRUN by 2992.11s,1,0.0500,0,-1.4475,1,0.3000,0,-1.4475,0.000,0.300
3037.078,overrun,A_leg2,4.758,-0.505,27.961,27.485,0.477,OVERRUN by 2993.14s,1,0.0500,0,-1.4475,1,0.3000,0,-1.4475,0.000,0.300
3038.114,overrun,A_leg2,4.758,-0.505,27.961,27.485,0.477,OVERRUN by 2994.18s,1,0.0500,0,-1.4475,1,0.3000,0,-1.4475,0.000,0.300
3039.141,overrun,A_leg2,4.758,-0.505,27.961,27.485,0.477,OVERRUN by 2995.20s,1,0.0500,0,-1.4475,1,0.3000,0,-1.4475,0.000,0.300
3040.169,overrun,A_leg2,4.758,-0.505,27.961,27.485,0.477,OVERRUN by 2996.23s,1,0.0500,0,-1.4475,1,0.3000,0,-1.4475,0.000,0.300
3041.202,overrun,A_leg2,4.758,-0.505,27.961,27.485,0.477,OVERRUN by 2997.27s,1,0.0500,0,-1.4475,1,0.3000,0,-1.4475,0.000,0.300
3042.234,overrun,A_leg2,4.758,-0.505,27.961,27.485,0.477,OVERRUN by 2998.30s,1,0.0500,0,-1.4475,1,0.3000,0,-1.4475,0.000,0.300
3043.270,overrun,A_leg2,4.758,-0.505,27.961,27.485,0.477,OVERRUN by 2999.33s,1,0.0500,0,-1.4475,1,0.3000,0,-1.4475,0.000,0.300
3044.304,overrun,A_leg2,4.758,-0.505,27.961,27.485,0.477,OVERRUN by 3000.37s,1,0.0500,0,-1.4475,1,0.3000,0,-1.4475,0.000,0.300
3045.344,overrun,A_leg2,4.758,-0.505,27.961,27.485,0.477,OVERRUN by 3001.41s,1,0.0500,0,-1.4475,1,0.3000,0,-1.4475,0.000,0.300
3046.380,overrun,A_leg2,4.758,-0.505,27.961,27.485,0.477,OVERRUN by 3002.44s,1,0.0500,0,-1.4475,1,0.3000,0,-1.4475,0.000,0.300
3047.412,overrun,A_leg2,4.758,-0.505,27.961,27.485,0.477,OVERRUN by 3003.48s,1,0.0500,0,-1.4475,1,0.3000,0,-1.4475,0.000,0.300
3048.451,overrun,A_leg2,4.758,-0.505,27.961,27.485,0.477,OVERRUN by 3004.52s,1,0.0500,0,-1.4475,1,0.3000,0,-1.4475,0.000,0.300
3049.484,overrun,A_leg2,4.758,-0.505,27.961,27.485,0.477,OVERRUN by 3005.55s,1,0.0500,0,-1.4475,1,0.3000,0,-1.4475,0.000,0.300
3050.522,overrun,A_leg2,4.758,-0.505,27.961,27.485,0.477,OVERRUN by 3006.59s,1,0.0500,0,-1.4475,1,0.3000,0,-1.4475,0.000,0.300
3051.558,overrun,A_leg2,4.758,-0.505,27.961,27.485,0.477,OVERRUN by 3007.62s,1,0.0500,0,-1.4475,1,0.3000,0,-1.4475,0.000,0.300
3052.585,overrun,A_leg2,4.758,-0.505,27.961,27.485,0.477,OVERRUN by 3008.65s,1,0.0500,0,-1.4475,1,0.3000,0,-1.4475,0.000,0.300
3053.624,overrun,A_leg2,4.758,-0.505,27.961,27.485,0.477,OVERRUN by 3009.69s,1,0.0500,0,-1.4475,1,0.3000,0,-1.4475,0.000,0.300
3054.656,overrun,A_leg2,4.758,-0.505,27.961,27.485,0.477,OVERRUN by 3010.72s,1,0.0500,0,-1.4475,1,0.3000,0,-1.4475,0.000,0.300
3055.688,overrun,A_leg2,4.758,-0.505,27.961,27.485,0.477,OVERRUN by 3011.75s,1,0.0500,0,-1.4475,1,0.3000,0,-1.4475,0.000,0.300
3056.714,overrun,A_leg2,4.758,-0.505,27.961,27.485,0.477,OVERRUN by 3012.78s,1,0.0500,0,-1.4475,1,0.3000,0,-1.4475,0.000,0.300
3057.752,overrun,A_leg2,4.758,-0.505,27.961,27.485,0.477,OVERRUN by 3013.82s,1,0.0500,0,-1.4475,1,0.3000,0,-1.4475,0.000,0.300
3058.789,overrun,A_leg2,4.758,-0.505,27.961,27.485,0.477,OVERRUN by 3014.85s,1,0.0500,0,-1.4475,1,0.3000,0,-1.4475,0.000,0.300
3059.827,overrun,A_leg2,4.758,-0.505,27.961,27.485,0.477,OVERRUN by 3015.89s,1,0.0500,0,-1.4475,1,0.3000,0,-1.4475,0.000,0.300
3060.842,overrun,A_leg2,4.758,-0.505,27.961,27.485,0.477,OVERRUN by 3016.91s,1,0.0500,0,-1.4475,1,0.3000,0,-1.4475,0.000,0.300
3061.864,overrun,A_leg2,4.758,-0.505,27.961,27.485,0.477,OVERRUN by 3017.93s,1,0.0500,0,-1.4475,1,0.3000,0,-1.4475,0.000,0.300
3062.870,overrun,A_leg2,4.758,-0.505,27.961,27.485,0.477,OVERRUN by 3018.93s,1,0.0500,0,-1.4475,1,0.3000,0,-1.4475,0.000,0.300
3063.907,overrun,A_leg2,4.758,-0.505,27.961,27.485,0.477,OVERRUN by 3019.97s,1,0.0500,0,-1.4475,1,0.3000,0,-1.4475,0.000,0.300
3064.936,overrun,A_leg2,4.758,-0.505,27.961,27.485,0.477,OVERRUN by 3021.00s,1,0.0500,0,-1.4475,1,0.3000,0,-1.4475,0.000,0.300
3065.968,overrun,A_leg2,4.758,-0.505,27.961,27.485,0.477,OVERRUN by 3022.03s,1,0.0500,0,-1.4475,1,0.3000,0,-1.4475,0.000,0.300
3066.994,overrun,A_leg2,4.758,-0.505,27.961,27.485,0.477,OVERRUN by 3023.06s,1,0.0500,0,-1.4475,1,0.3000,0,-1.4475,0.000,0.300
3068.031,overrun,A_leg2,4.758,-0.505,27.961,27.485,0.477,OVERRUN by 3024.09s,1,0.0500,0,-1.4475,1,0.3000,0,-1.4475,0.000,0.300
3069.073,overrun,A_leg2,4.758,-0.505,27.961,27.485,0.477,OVERRUN by 3025.14s,1,0.0500,0,-1.4475,1,0.3000,0,-1.4475,0.000,0.300
3070.112,overrun,A_leg2,4.758,-0.505,27.961,27.485,0.477,OVERRUN by 3026.18s,1,0.0500,0,-1.4475,1,0.3000,0,-1.4475,0.000,0.300
3071.148,overrun,A_leg2,4.758,-0.505,27.961,27.485,0.477,OVERRUN by 3027.21s,1,0.0500,0,-1.4475,1,0.3000,0,-1.4475,0.000,0.300
3072.182,overrun,A_leg2,4.758,-0.505,27.961,27.485,0.477,OVERRUN by 3028.25s,1,0.0500,0,-1.4475,1,0.3000,0,-1.4475,0.000,0.300
3073.214,overrun,A_leg2,4.758,-0.505,27.961,27.485,0.477,OVERRUN by 3029.28s,1,0.0500,0,-1.4475,1,0.3000,0,-1.4475,0.000,0.300
3074.235,overrun,A_leg2,4.758,-0.505,27.961,27.485,0.477,OVERRUN by 3030.30s,1,0.0500,0,-1.4475,1,0.3000,0,-1.4475,0.000,0.300
3075.251,overrun,A_leg2,4.758,-0.505,27.961,27.485,0.477,OVERRUN by 3031.31s,1,0.0500,0,-1.4475,1,0.3000,0,-1.4475,0.000,0.300
3076.279,overrun,A_leg2,4.758,-0.505,27.961,27.485,0.477,OVERRUN by 3032.34s,1,0.0500,0,-1.4475,1,0.3000,0,-1.4475,0.000,0.300
3077.312,overrun,A_leg2,4.758,-0.505,27.961,27.485,0.477,OVERRUN by 3033.38s,1,0.0500,0,-1.4475,1,0.3000,0,-1.4475,0.000,0.300
3078.339,overrun,A_leg2,4.758,-0.505,27.961,27.485,0.477,OVERRUN by 3034.40s,1,0.0500,0,-1.4475,1,0.3000,0,-1.4475,0.000,0.300
3079.377,overrun,A_leg2,4.758,-0.505,27.961,27.485,0.477,OVERRUN by 3035.44s,1,0.0500,0,-1.4475,1,0.3000,0,-1.4475,0.000,0.300
3080.389,overrun,A_leg2,4.758,-0.505,27.961,27.485,0.477,OVERRUN by 3036.45s,1,0.0500,0,-1.4475,1,0.3000,0,-1.4475,0.000,0.300
3081.420,overrun,A_leg2,4.758,-0.505,27.961,27.485,0.477,OVERRUN by 3037.48s,1,0.0500,0,-1.4475,1,0.3000,0,-1.4475,0.000,0.300
3082.449,overrun,A_leg2,4.758,-0.505,27.961,27.485,0.477,OVERRUN by 3038.51s,1,0.0500,0,-1.4475,1,0.3000,0,-1.4475,0.000,0.300
3083.476,overrun,A_leg2,4.758,-0.505,27.961,27.485,0.477,OVERRUN by 3039.54s,1,0.0500,0,-1.4475,1,0.3000,0,-1.4475,0.000,0.300
3084.504,overrun,A_leg2,4.758,-0.505,27.961,27.485,0.477,OVERRUN by 3040.57s,1,0.0500,0,-1.4475,1,0.3000,0,-1.4475,0.000,0.300
3085.540,overrun,A_leg2,4.758,-0.505,27.961,27.485,0.477,OVERRUN by 3041.60s,1,0.0500,0,-1.4475,1,0.3000,0,-1.4475,0.000,0.300
3086.580,overrun,A_leg2,4.758,-0.505,27.961,27.485,0.477,OVERRUN by 3042.64s,1,0.0500,0,-1.4475,1,0.3000,0,-1.4475,0.000,0.300
3087.606,overrun,A_leg2,4.758,-0.505,27.961,27.485,0.477,OVERRUN by 3043.67s,1,0.0500,0,-1.4475,1,0.3000,0,-1.4475,0.000,0.300
3088.642,overrun,A_leg2,4.758,-0.505,27.961,27.485,0.477,OVERRUN by 3044.71s,1,0.0500,0,-1.4475,1,0.3000,0,-1.4475,0.000,0.300
3089.664,overrun,A_leg2,4.758,-0.505,27.961,27.485,0.477,OVERRUN by 3045.73s,1,0.0500,0,-1.4475,1,0.3000,0,-1.4475,0.000,0.300
3090.680,overrun,A_leg2,4.758,-0.505,27.961,27.485,0.477,OVERRUN by 3046.74s,1,0.0500,0,-1.4475,1,0.3000,0,-1.4475,0.000,0.300
3091.713,overrun,A_leg2,4.758,-0.505,27.961,27.485,0.477,OVERRUN by 3047.78s,1,0.0500,0,-1.4475,1,0.3000,0,-1.4475,0.000,0.300
3092.727,overrun,A_leg2,4.758,-0.505,27.961,27.485,0.477,OVERRUN by 3048.79s,1,0.0500,0,-1.4475,1,0.3000,0,-1.4475,0.000,0.300
3093.749,overrun,A_leg2,4.758,-0.505,27.961,27.485,0.477,OVERRUN by 3049.81s,1,0.0500,0,-1.4475,1,0.3000,0,-1.4475,0.000,0.300
3094.782,overrun,A_leg2,4.758,-0.505,27.961,27.485,0.477,OVERRUN by 3050.85s,1,0.0500,0,-1.4475,1,0.3000,0,-1.4475,0.000,0.300
3095.815,overrun,A_leg2,4.758,-0.505,27.961,27.485,0.477,OVERRUN by 3051.88s,1,0.0500,0,-1.4475,1,0.3000,0,-1.4475,0.000,0.300
3096.839,overrun,A_leg2,4.758,-0.505,27.961,27.485,0.477,OVERRUN by 3052.90s,1,0.0500,0,-1.4475,1,0.3000,0,-1.4475,0.000,0.300
3097.860,overrun,A_leg2,4.758,-0.505,27.961,27.485,0.477,OVERRUN by 3053.92s,1,0.0500,0,-1.4475,1,0.3000,0,-1.4475,0.000,0.300
3098.890,overrun,A_leg2,4.758,-0.505,27.961,27.485,0.477,OVERRUN by 3054.95s,1,0.0500,0,-1.4475,1,0.3000,0,-1.4475,0.000,0.300
3099.914,overrun,A_leg2,4.758,-0.505,27.961,27.485,0.477,OVERRUN by 3055.98s,1,0.0500,0,-1.4475,1,0.3000,0,-1.4475,0.000,0.300
3100.949,overrun,A_leg2,4.758,-0.505,27.961,27.485,0.477,OVERRUN by 3057.01s,1,0.0500,0,-1.4475,1,0.3000,0,-1.4475,0.000,0.300
3101.968,overrun,A_leg2,4.758,-0.505,27.961,27.485,0.477,OVERRUN by 3058.03s,1,0.0500,0,-1.4475,1,0.3000,0,-1.4475,0.000,0.300
3102.993,overrun,A_leg2,4.758,-0.505,27.961,27.485,0.477,OVERRUN by 3059.06s,1,0.0500,0,-1.4475,1,0.3000,0,-1.4475,0.000,0.300
3104.024,overrun,A_leg2,4.758,-0.505,27.961,27.485,0.477,OVERRUN by 3060.09s,1,0.0500,0,-1.4475,1,0.3000,0,-1.4475,0.000,0.300
3105.057,overrun,A_leg2,4.758,-0.505,27.961,27.485,0.477,OVERRUN by 3061.12s,1,0.0500,0,-1.4475,1,0.3000,0,-1.4475,0.000,0.300
3106.090,overrun,A_leg2,4.758,-0.505,27.961,27.485,0.477,OVERRUN by 3062.15s,1,0.0500,0,-1.4475,1,0.3000,0,-1.4475,0.000,0.300
3107.116,overrun,A_leg2,4.758,-0.505,27.961,27.485,0.477,OVERRUN by 3063.18s,1,0.0500,0,-1.4475,1,0.3000,0,-1.4475,0.000,0.300
3108.149,overrun,A_leg2,4.758,-0.505,27.961,27.485,0.477,OVERRUN by 3064.21s,1,0.0500,0,-1.4475,1,0.3000,0,-1.4475,0.000,0.300
3109.181,overrun,A_leg2,4.758,-0.505,27.961,27.485,0.477,OVERRUN by 3065.24s,1,0.0500,0,-1.4475,1,0.3000,0,-1.4475,0.000,0.300
3110.211,overrun,A_leg2,4.758,-0.505,27.961,27.485,0.477,OVERRUN by 3066.28s,1,0.0500,0,-1.4475,1,0.3000,0,-1.4475,0.000,0.300
3111.241,overrun,A_leg2,4.758,-0.505,27.961,27.485,0.477,OVERRUN by 3067.31s,1,0.0500,0,-1.4475,1,0.3000,0,-1.4475,0.000,0.300
3112.276,overrun,A_leg2,4.758,-0.505,27.961,27.485,0.477,OVERRUN by 3068.34s,1,0.0500,0,-1.4475,1,0.3000,0,-1.4475,0.000,0.300
3113.308,overrun,A_leg2,4.758,-0.505,27.961,27.485,0.477,OVERRUN by 3069.37s,1,0.0500,0,-1.4475,1,0.3000,0,-1.4475,0.000,0.300
3114.341,overrun,A_leg2,4.758,-0.505,27.961,27.485,0.477,OVERRUN by 3070.40s,1,0.0500,0,-1.4475,1,0.3000,0,-1.4475,0.000,0.300
3115.383,overrun,A_leg2,4.758,-0.505,27.961,27.485,0.477,OVERRUN by 3071.45s,1,0.0500,0,-1.4475,1,0.3000,0,-1.4475,0.000,0.300
3116.417,overrun,A_leg2,4.758,-0.505,27.961,27.485,0.477,OVERRUN by 3072.48s,1,0.0500,0,-1.4475,1,0.3000,0,-1.4475,0.000,0.300
3117.453,overrun,A_leg2,4.758,-0.505,27.961,27.485,0.477,OVERRUN by 3073.52s,1,0.0500,0,-1.4475,1,0.3000,0,-1.4475,0.000,0.300
3118.488,overrun,A_leg2,4.758,-0.505,27.961,27.485,0.477,OVERRUN by 3074.55s,1,0.0500,0,-1.4475,1,0.3000,0,-1.4475,0.000,0.300
3119.519,overrun,A_leg2,4.758,-0.505,27.961,27.485,0.477,OVERRUN by 3075.58s,1,0.0500,0,-1.4475,1,0.3000,0,-1.4475,0.000,0.300
3120.544,overrun,A_leg2,4.758,-0.505,27.961,27.485,0.477,OVERRUN by 3076.61s,1,0.0500,0,-1.4475,1,0.3000,0,-1.4475,0.000,0.300
3121.579,overrun,A_leg2,4.758,-0.505,27.961,27.485,0.477,OVERRUN by 3077.64s,1,0.0500,0,-1.4475,1,0.3000,0,-1.4475,0.000,0.300
3122.613,overrun,A_leg2,4.758,-0.505,27.961,27.485,0.477,OVERRUN by 3078.68s,1,0.0500,0,-1.4475,1,0.3000,0,-1.4475,0.000,0.300
3123.644,overrun,A_leg2,4.758,-0.505,27.961,27.485,0.477,OVERRUN by 3079.71s,1,0.0500,0,-1.4475,1,0.3000,0,-1.4475,0.000,0.300
3124.677,overrun,A_leg2,4.758,-0.505,27.961,27.485,0.477,OVERRUN by 3080.74s,1,0.0500,0,-1.4475,1,0.3000,0,-1.4475,0.000,0.300
3125.711,overrun,A_leg2,4.758,-0.505,27.961,27.485,0.477,OVERRUN by 3081.77s,1,0.0500,0,-1.4475,1,0.3000,0,-1.4475,0.000,0.300
3126.748,overrun,A_leg2,4.758,-0.505,27.961,27.485,0.477,OVERRUN by 3082.81s,1,0.0500,0,-1.4475,1,0.3000,0,-1.4475,0.000,0.300
3127.779,overrun,A_leg2,4.758,-0.505,27.961,27.485,0.477,OVERRUN by 3083.84s,1,0.0500,0,-1.4475,1,0.3000,0,-1.4475,0.000,0.300
3128.806,overrun,A_leg2,4.758,-0.505,27.961,27.485,0.477,OVERRUN by 3084.87s,1,0.0500,0,-1.4475,1,0.3000,0,-1.4475,0.000,0.300
3129.831,overrun,A_leg2,4.758,-0.505,27.961,27.485,0.477,OVERRUN by 3085.89s,1,0.0500,0,-1.4475,1,0.3000,0,-1.4475,0.000,0.300
3130.862,overrun,A_leg2,4.758,-0.505,27.961,27.485,0.477,OVERRUN by 3086.93s,1,0.0500,0,-1.4475,1,0.3000,0,-1.4475,0.000,0.300
3131.904,overrun,A_leg2,4.758,-0.505,27.961,27.485,0.477,OVERRUN by 3087.97s,1,0.0500,0,-1.4475,1,0.3000,0,-1.4475,0.000,0.300
3132.938,overrun,A_leg2,4.758,-0.505,27.961,27.485,0.477,OVERRUN by 3089.00s,1,0.0500,0,-1.4475,1,0.3000,0,-1.4475,0.000,0.300
3133.971,overrun,A_leg2,4.758,-0.505,27.961,27.485,0.477,OVERRUN by 3090.04s,1,0.0500,0,-1.4475,1,0.3000,0,-1.4475,0.000,0.300
3135.002,overrun,A_leg2,4.758,-0.505,27.961,27.485,0.477,OVERRUN by 3091.07s,1,0.0500,0,-1.4475,1,0.3000,0,-1.4475,0.000,0.300
3136.024,overrun,A_leg2,4.758,-0.505,27.961,27.485,0.477,OVERRUN by 3092.09s,1,0.0500,0,-1.4475,1,0.3000,0,-1.4475,0.000,0.300
3137.052,overrun,A_leg2,4.758,-0.505,27.961,27.485,0.477,OVERRUN by 3093.12s,1,0.0500,0,-1.4475,1,0.3000,0,-1.4475,0.000,0.300
3138.071,overrun,A_leg2,4.758,-0.505,27.961,27.485,0.477,OVERRUN by 3094.14s,1,0.0500,0,-1.4475,1,0.3000,0,-1.4475,0.000,0.300
3139.094,overrun,A_leg2,4.758,-0.505,27.961,27.485,0.477,OVERRUN by 3095.16s,1,0.0500,0,-1.4475,1,0.3000,0,-1.4475,0.000,0.300
3140.129,overrun,A_leg2,4.758,-0.505,27.961,27.485,0.477,OVERRUN by 3096.19s,1,0.0500,0,-1.4475,1,0.3000,0,-1.4475,0.000,0.300
3141.153,overrun,A_leg2,4.758,-0.505,27.961,27.485,0.477,OVERRUN by 3097.22s,1,0.0500,0,-1.4475,1,0.3000,0,-1.4475,0.000,0.300
3142.176,overrun,A_leg2,4.758,-0.505,27.961,27.485,0.477,OVERRUN by 3098.24s,1,0.0500,0,-1.4475,1,0.3000,0,-1.4475,0.000,0.300
3143.206,overrun,A_leg2,4.758,-0.505,27.961,27.485,0.477,OVERRUN by 3099.27s,1,0.0500,0,-1.4475,1,0.3000,0,-1.4475,0.000,0.300
3144.232,overrun,A_leg2,4.758,-0.505,27.961,27.485,0.477,OVERRUN by 3100.30s,1,0.0500,0,-1.4475,1,0.3000,0,-1.4475,0.000,0.300
3145.272,overrun,A_leg2,4.758,-0.505,27.961,27.485,0.477,OVERRUN by 3101.34s,1,0.0500,0,-1.4475,1,0.3000,0,-1.4475,0.000,0.300
3146.312,overrun,A_leg2,4.758,-0.505,27.961,27.485,0.477,OVERRUN by 3102.38s,1,0.0500,0,-1.4475,1,0.3000,0,-1.4475,0.000,0.300
3147.324,overrun,A_leg2,4.758,-0.505,27.961,27.485,0.477,OVERRUN by 3103.39s,1,0.0500,0,-1.4475,1,0.3000,0,-1.4475,0.000,0.300
3148.356,overrun,A_leg2,4.758,-0.505,27.961,27.485,0.477,OVERRUN by 3104.42s,1,0.0500,0,-1.4475,1,0.3000,0,-1.4475,0.000,0.300
3149.395,overrun,A_leg2,4.758,-0.505,27.961,27.485,0.477,OVERRUN by 3105.46s,1,0.0500,0,-1.4475,1,0.3000,0,-1.4475,0.000,0.300
3150.424,overrun,A_leg2,4.758,-0.505,27.961,27.485,0.477,OVERRUN by 3106.49s,1,0.0500,0,-1.4475,1,0.3000,0,-1.4475,0.000,0.300
3151.457,overrun,A_leg2,4.758,-0.505,27.961,27.485,0.477,OVERRUN by 3107.52s,1,0.0500,0,-1.4475,1,0.3000,0,-1.4475,0.000,0.300
3152.485,overrun,A_leg2,4.758,-0.505,27.961,27.485,0.477,OVERRUN by 3108.55s,1,0.0500,0,-1.4475,1,0.3000,0,-1.4475,0.000,0.300
3153.529,overrun,A_leg2,4.758,-0.505,27.961,27.485,0.477,OVERRUN by 3109.59s,1,0.0500,0,-1.4475,1,0.3000,0,-1.4475,0.000,0.300
3154.560,overrun,A_leg2,4.758,-0.505,27.961,27.485,0.477,OVERRUN by 3110.62s,1,0.0500,0,-1.4475,1,0.3000,0,-1.4475,0.000,0.300
3155.596,overrun,A_leg2,4.758,-0.505,27.961,27.485,0.477,OVERRUN by 3111.66s,1,0.0500,0,-1.4475,1,0.3000,0,-1.4475,0.000,0.300
3156.632,overrun,A_leg2,4.758,-0.505,27.961,27.485,0.477,OVERRUN by 3112.70s,1,0.0500,0,-1.4475,1,0.3000,0,-1.4475,0.000,0.300
3157.673,overrun,A_leg2,4.758,-0.505,27.961,27.485,0.477,OVERRUN by 3113.74s,1,0.0500,0,-1.4475,1,0.3000,0,-1.4475,0.000,0.300
3158.694,overrun,A_leg2,4.758,-0.505,27.961,27.485,0.477,OVERRUN by 3114.76s,1,0.0500,0,-1.4475,1,0.3000,0,-1.4475,0.000,0.300
3159.726,overrun,A_leg2,4.758,-0.505,27.961,27.485,0.477,OVERRUN by 3115.79s,1,0.0500,0,-1.4475,1,0.3000,0,-1.4475,0.000,0.300
3160.751,overrun,A_leg2,4.758,-0.505,27.961,27.485,0.477,OVERRUN by 3116.82s,1,0.0500,0,-1.4475,1,0.3000,0,-1.4475,0.000,0.300
3161.770,overrun,A_leg2,4.758,-0.505,27.961,27.485,0.477,OVERRUN by 3117.83s,1,0.0500,0,-1.4475,1,0.3000,0,-1.4475,0.000,0.300
3162.795,overrun,A_leg2,4.758,-0.505,27.961,27.485,0.477,OVERRUN by 3118.86s,1,0.0500,0,-1.4475,1,0.3000,0,-1.4475,0.000,0.300
3163.818,overrun,A_leg2,4.758,-0.505,27.961,27.485,0.477,OVERRUN by 3119.88s,1,0.0500,0,-1.4475,1,0.3000,0,-1.4475,0.000,0.300
3164.826,overrun,A_leg2,4.758,-0.505,27.961,27.485,0.477,OVERRUN by 3120.89s,1,0.0500,0,-1.4475,1,0.3000,0,-1.4475,0.000,0.300
3165.840,overrun,A_leg2,4.758,-0.505,27.961,27.485,0.477,OVERRUN by 3121.90s,1,0.0500,0,-1.4475,1,0.3000,0,-1.4475,0.000,0.300
3166.864,overrun,A_leg2,4.758,-0.505,27.961,27.485,0.477,OVERRUN by 3122.93s,1,0.0500,0,-1.4475,1,0.3000,0,-1.4475,0.000,0.300
3167.882,overrun,A_leg2,4.758,-0.505,27.961,27.485,0.477,OVERRUN by 3123.95s,1,0.0500,0,-1.4475,1,0.3000,0,-1.4475,0.000,0.300
3168.921,overrun,A_leg2,4.758,-0.505,27.961,27.485,0.477,OVERRUN by 3124.99s,1,0.0500,0,-1.4475,1,0.3000,0,-1.4475,0.000,0.300
3169.950,overrun,A_leg2,4.758,-0.505,27.961,27.485,0.477,OVERRUN by 3126.01s,1,0.0500,0,-1.4475,1,0.3000,0,-1.4475,0.000,0.300
3170.981,overrun,A_leg2,4.758,-0.505,27.961,27.485,0.477,OVERRUN by 3127.05s,1,0.0500,0,-1.4475,1,0.3000,0,-1.4475,0.000,0.300
3172.003,overrun,A_leg2,4.758,-0.505,27.961,27.485,0.477,OVERRUN by 3128.07s,1,0.0500,0,-1.4475,1,0.3000,0,-1.4475,0.000,0.300
3173.039,overrun,A_leg2,4.758,-0.505,27.961,27.485,0.477,OVERRUN by 3129.10s,1,0.0500,0,-1.4475,1,0.3000,0,-1.4475,0.000,0.300
3174.065,overrun,A_leg2,4.758,-0.505,27.961,27.485,0.477,OVERRUN by 3130.13s,1,0.0500,0,-1.4475,1,0.3000,0,-1.4475,0.000,0.300
3175.095,overrun,A_leg2,4.758,-0.505,27.961,27.485,0.477,OVERRUN by 3131.16s,1,0.0500,0,-1.4475,1,0.3000,0,-1.4475,0.000,0.300
3176.124,overrun,A_leg2,4.758,-0.505,27.961,27.485,0.477,OVERRUN by 3132.19s,1,0.0500,0,-1.4475,1,0.3000,0,-1.4475,0.000,0.300
3177.150,overrun,A_leg2,4.758,-0.505,27.961,27.485,0.477,OVERRUN by 3133.21s,1,0.0500,0,-1.4475,1,0.3000,0,-1.4475,0.000,0.300
3178.169,overrun,A_leg2,4.758,-0.505,27.961,27.485,0.477,OVERRUN by 3134.23s,1,0.0500,0,-1.4475,1,0.3000,0,-1.4475,0.000,0.300
3179.196,overrun,A_leg2,4.758,-0.505,27.961,27.485,0.477,OVERRUN by 3135.26s,1,0.0500,0,-1.4475,1,0.3000,0,-1.4475,0.000,0.300
3180.210,overrun,A_leg2,4.758,-0.505,27.961,27.485,0.477,OVERRUN by 3136.27s,1,0.0500,0,-1.4475,1,0.3000,0,-1.4475,0.000,0.300
3181.240,overrun,A_leg2,4.758,-0.505,27.961,27.485,0.477,OVERRUN by 3137.30s,1,0.0500,0,-1.4475,1,0.3000,0,-1.4475,0.000,0.300
3182.263,overrun,A_leg2,4.758,-0.505,27.961,27.485,0.477,OVERRUN by 3138.33s,1,0.0500,0,-1.4475,1,0.3000,0,-1.4475,0.000,0.300
3183.300,overrun,A_leg2,4.758,-0.505,27.961,27.485,0.477,OVERRUN by 3139.36s,1,0.0500,0,-1.4475,1,0.3000,0,-1.4475,0.000,0.300
3184.322,overrun,A_leg2,4.758,-0.505,27.961,27.485,0.477,OVERRUN by 3140.39s,1,0.0500,0,-1.4475,1,0.3000,0,-1.4475,0.000,0.300
3185.356,overrun,A_leg2,4.758,-0.505,27.961,27.485,0.477,OVERRUN by 3141.42s,1,0.0500,0,-1.4475,1,0.3000,0,-1.4475,0.000,0.300
3186.378,overrun,A_leg2,4.758,-0.505,27.961,27.485,0.477,OVERRUN by 3142.44s,1,0.0500,0,-1.4475,1,0.3000,0,-1.4475,0.000,0.300
3187.415,overrun,A_leg2,4.758,-0.505,27.961,27.485,0.477,OVERRUN by 3143.48s,1,0.0500,0,-1.4475,1,0.3000,0,-1.4475,0.000,0.300
3188.450,overrun,A_leg2,4.758,-0.505,27.961,27.485,0.477,OVERRUN by 3144.51s,1,0.0500,0,-1.4475,1,0.3000,0,-1.4475,0.000,0.300
3189.476,overrun,A_leg2,4.758,-0.505,27.961,27.485,0.477,OVERRUN by 3145.54s,1,0.0500,0,-1.4475,1,0.3000,0,-1.4475,0.000,0.300
3190.506,overrun,A_leg2,4.758,-0.505,27.961,27.485,0.477,OVERRUN by 3146.57s,1,0.0500,0,-1.4475,1,0.3000,0,-1.4475,0.000,0.300
3191.543,overrun,A_leg2,4.758,-0.505,27.961,27.485,0.477,OVERRUN by 3147.61s,1,0.0500,0,-1.4475,1,0.3000,0,-1.4475,0.000,0.300
3192.576,overrun,A_leg2,4.758,-0.505,27.961,27.485,0.477,OVERRUN by 3148.64s,1,0.0500,0,-1.4475,1,0.3000,0,-1.4475,0.000,0.300
3193.598,overrun,A_leg2,4.758,-0.505,27.961,27.485,0.477,OVERRUN by 3149.66s,1,0.0500,0,-1.4475,1,0.3000,0,-1.4475,0.000,0.300
3194.616,overrun,A_leg2,4.758,-0.505,27.961,27.485,0.477,OVERRUN by 3150.68s,1,0.0500,0,-1.4475,1,0.3000,0,-1.4475,0.000,0.300
3195.635,overrun,A_leg2,4.758,-0.505,27.961,27.485,0.477,OVERRUN by 3151.70s,1,0.0500,0,-1.4475,1,0.3000,0,-1.4475,0.000,0.300
3196.661,overrun,A_leg2,4.758,-0.505,27.961,27.485,0.477,OVERRUN by 3152.73s,1,0.0500,0,-1.4475,1,0.3000,0,-1.4475,0.000,0.300
3197.688,overrun,A_leg2,4.758,-0.505,27.961,27.485,0.477,OVERRUN by 3153.75s,1,0.0500,0,-1.4475,1,0.3000,0,-1.4475,0.000,0.300
3198.717,overrun,A_leg2,4.758,-0.505,27.961,27.485,0.477,OVERRUN by 3154.78s,1,0.0500,0,-1.4475,1,0.3000,0,-1.4475,0.000,0.300
3199.728,overrun,A_leg2,4.758,-0.505,27.961,27.485,0.477,OVERRUN by 3155.79s,1,0.0500,0,-1.4475,1,0.3000,0,-1.4475,0.000,0.300
3200.754,overrun,A_leg2,4.758,-0.505,27.961,27.485,0.477,OVERRUN by 3156.82s,1,0.0500,0,-1.4475,1,0.3000,0,-1.4475,0.000,0.300
3201.788,overrun,A_leg2,4.758,-0.505,27.961,27.485,0.477,OVERRUN by 3157.85s,1,0.0500,0,-1.4475,1,0.3000,0,-1.4475,0.000,0.300
3202.812,overrun,A_leg2,4.758,-0.505,27.961,27.485,0.477,OVERRUN by 3158.88s,1,0.0500,0,-1.4475,1,0.3000,0,-1.4475,0.000,0.300
3203.840,overrun,A_leg2,4.758,-0.505,27.961,27.485,0.477,OVERRUN by 3159.90s,1,0.0500,0,-1.4475,1,0.3000,0,-1.4475,0.000,0.300
3204.874,overrun,A_leg2,4.758,-0.505,27.961,27.485,0.477,OVERRUN by 3160.94s,1,0.0500,0,-1.4475,1,0.3000,0,-1.4475,0.000,0.300
3205.893,overrun,A_leg2,4.758,-0.505,27.961,27.485,0.477,OVERRUN by 3161.96s,1,0.0500,0,-1.4475,1,0.3000,0,-1.4475,0.000,0.300
3206.915,overrun,A_leg2,4.758,-0.505,27.961,27.485,0.477,OVERRUN by 3162.98s,1,0.0500,0,-1.4475,1,0.3000,0,-1.4475,0.000,0.300
3207.939,overrun,A_leg2,4.758,-0.505,27.961,27.485,0.477,OVERRUN by 3164.00s,1,0.0500,0,-1.4475,1,0.3000,0,-1.4475,0.000,0.300
3208.966,overrun,A_leg2,4.758,-0.505,27.961,27.485,0.477,OVERRUN by 3165.03s,1,0.0500,0,-1.4475,1,0.3000,0,-1.4475,0.000,0.300
3209.997,overrun,A_leg2,4.758,-0.505,27.961,27.485,0.477,OVERRUN by 3166.06s,1,0.0500,0,-1.4475,1,0.3000,0,-1.4475,0.000,0.300
3211.009,overrun,A_leg2,4.758,-0.505,27.961,27.485,0.477,OVERRUN by 3167.07s,1,0.0500,0,-1.4475,1,0.3000,0,-1.4475,0.000,0.300
3212.040,overrun,A_leg2,4.758,-0.505,27.961,27.485,0.477,OVERRUN by 3168.10s,1,0.0500,0,-1.4475,1,0.3000,0,-1.4475,0.000,0.300
3213.061,overrun,A_leg2,4.758,-0.505,27.961,27.485,0.477,OVERRUN by 3169.12s,1,0.0500,0,-1.4475,1,0.3000,0,-1.4475,0.000,0.300
3214.075,overrun,A_leg2,4.758,-0.505,27.961,27.485,0.477,OVERRUN by 3170.14s,1,0.0500,0,-1.4475,1,0.3000,0,-1.4475,0.000,0.300
3215.098,overrun,A_leg2,4.758,-0.505,27.961,27.485,0.477,OVERRUN by 3171.16s,1,0.0500,0,-1.4475,1,0.3000,0,-1.4475,0.000,0.300
3216.117,overrun,A_leg2,4.758,-0.505,27.961,27.485,0.477,OVERRUN by 3172.18s,1,0.0500,0,-1.4475,1,0.3000,0,-1.4475,0.000,0.300
3217.140,overrun,A_leg2,4.758,-0.505,27.961,27.485,0.477,OVERRUN by 3173.20s,1,0.0500,0,-1.4475,1,0.3000,0,-1.4475,0.000,0.300
3218.151,overrun,A_leg2,4.758,-0.505,27.961,27.485,0.477,OVERRUN by 3174.22s,1,0.0500,0,-1.4475,1,0.3000,0,-1.4475,0.000,0.300
3219.169,overrun,A_leg2,4.758,-0.505,27.961,27.485,0.477,OVERRUN by 3175.23s,1,0.0500,0,-1.4475,1,0.3000,0,-1.4475,0.000,0.300
3220.207,overrun,A_leg2,4.758,-0.505,27.961,27.485,0.477,OVERRUN by 3176.27s,1,0.0500,0,-1.4475,1,0.3000,0,-1.4475,0.000,0.300
3221.230,overrun,A_leg2,4.758,-0.505,27.961,27.485,0.477,OVERRUN by 3177.29s,1,0.0500,0,-1.4475,1,0.3000,0,-1.4475,0.000,0.300
3222.258,overrun,A_leg2,4.758,-0.505,27.961,27.485,0.477,OVERRUN by 3178.32s,1,0.0500,0,-1.4475,1,0.3000,0,-1.4475,0.000,0.300
3223.286,overrun,A_leg2,4.758,-0.505,27.961,27.485,0.477,OVERRUN by 3179.35s,1,0.0500,0,-1.4475,1,0.3000,0,-1.4475,0.000,0.300
3224.309,overrun,A_leg2,4.758,-0.505,27.961,27.485,0.477,OVERRUN by 3180.37s,1,0.0500,0,-1.4475,1,0.3000,0,-1.4475,0.000,0.300
3225.326,overrun,A_leg2,4.758,-0.505,27.961,27.485,0.477,OVERRUN by 3181.39s,1,0.0500,0,-1.4475,1,0.3000,0,-1.4475,0.000,0.300
3226.345,overrun,A_leg2,4.758,-0.505,27.961,27.485,0.477,OVERRUN by 3182.41s,1,0.0500,0,-1.4475,1,0.3000,0,-1.4475,0.000,0.300
3227.354,overrun,A_leg2,4.758,-0.505,27.961,27.485,0.477,OVERRUN by 3183.42s,1,0.0500,0,-1.4475,1,0.3000,0,-1.4475,0.000,0.300
3228.384,overrun,A_leg2,4.758,-0.505,27.961,27.485,0.477,OVERRUN by 3184.45s,1,0.0500,0,-1.4475,1,0.3000,0,-1.4475,0.000,0.300
3229.403,overrun,A_leg2,4.758,-0.505,27.961,27.485,0.477,OVERRUN by 3185.47s,1,0.0500,0,-1.4475,1,0.3000,0,-1.4475,0.000,0.300
3230.433,overrun,A_leg2,4.758,-0.505,27.961,27.485,0.477,OVERRUN by 3186.50s,1,0.0500,0,-1.4475,1,0.3000,0,-1.4475,0.000,0.300
3231.456,overrun,A_leg2,4.758,-0.505,27.961,27.485,0.477,OVERRUN by 3187.52s,1,0.0500,0,-1.4475,1,0.3000,0,-1.4475,0.000,0.300
3232.495,overrun,A_leg2,4.758,-0.505,27.961,27.485,0.477,OVERRUN by 3188.56s,1,0.0500,0,-1.4475,1,0.3000,0,-1.4475,0.000,0.300
3233.518,overrun,A_leg2,4.758,-0.505,27.961,27.485,0.477,OVERRUN by 3189.58s,1,0.0500,0,-1.4475,1,0.3000,0,-1.4475,0.000,0.300
3234.553,overrun,A_leg2,4.758,-0.505,27.961,27.485,0.477,OVERRUN by 3190.62s,1,0.0500,0,-1.4475,1,0.3000,0,-1.4475,0.000,0.300
3235.580,overrun,A_leg2,4.758,-0.505,27.961,27.485,0.477,OVERRUN by 3191.64s,1,0.0500,0,-1.4475,1,0.3000,0,-1.4475,0.000,0.300
3236.606,overrun,A_leg2,4.758,-0.505,27.961,27.485,0.477,OVERRUN by 3192.67s,1,0.0500,0,-1.4475,1,0.3000,0,-1.4475,0.000,0.300
3237.633,overrun,A_leg2,4.758,-0.505,27.961,27.485,0.477,OVERRUN by 3193.70s,1,0.0500,0,-1.4475,1,0.3000,0,-1.4475,0.000,0.300
3238.662,overrun,A_leg2,4.758,-0.505,27.961,27.485,0.477,OVERRUN by 3194.73s,1,0.0500,0,-1.4475,1,0.3000,0,-1.4475,0.000,0.300
3239.684,overrun,A_leg2,4.758,-0.505,27.961,27.485,0.477,OVERRUN by 3195.75s,1,0.0500,0,-1.4475,1,0.3000,0,-1.4475,0.000,0.300
3240.708,overrun,A_leg2,4.758,-0.505,27.961,27.485,0.477,OVERRUN by 3196.77s,1,0.0500,0,-1.4475,1,0.3000,0,-1.4475,0.000,0.300
3241.739,overrun,A_leg2,4.758,-0.505,27.961,27.485,0.477,OVERRUN by 3197.80s,1,0.0500,0,-1.4475,1,0.3000,0,-1.4475,0.000,0.300
3242.773,overrun,A_leg2,4.758,-0.505,27.961,27.485,0.477,OVERRUN by 3198.84s,1,0.0500,0,-1.4475,1,0.3000,0,-1.4475,0.000,0.300
3243.809,overrun,A_leg2,4.758,-0.505,27.961,27.485,0.477,OVERRUN by 3199.87s,1,0.0500,0,-1.4475,1,0.3000,0,-1.4475,0.000,0.300
3244.840,overrun,A_leg2,4.758,-0.505,27.961,27.485,0.477,OVERRUN by 3200.90s,1,0.0500,0,-1.4475,1,0.3000,0,-1.4475,0.000,0.300
3245.864,overrun,A_leg2,4.758,-0.505,27.961,27.485,0.477,OVERRUN by 3201.93s,1,0.0500,0,-1.4475,1,0.3000,0,-1.4475,0.000,0.300
3246.899,overrun,A_leg2,4.758,-0.505,27.961,27.485,0.477,OVERRUN by 3202.96s,1,0.0500,0,-1.4475,1,0.3000,0,-1.4475,0.000,0.300
3247.925,overrun,A_leg2,4.758,-0.505,27.961,27.485,0.477,OVERRUN by 3203.99s,1,0.0500,0,-1.4475,1,0.3000,0,-1.4475,0.000,0.300
3248.951,overrun,A_leg2,4.758,-0.505,27.961,27.485,0.477,OVERRUN by 3205.01s,1,0.0500,0,-1.4475,1,0.3000,0,-1.4475,0.000,0.300
3249.977,overrun,A_leg2,4.758,-0.505,27.961,27.485,0.477,OVERRUN by 3206.04s,1,0.0500,0,-1.4475,1,0.3000,0,-1.4475,0.000,0.300
3251.001,overrun,A_leg2,4.758,-0.505,27.961,27.485,0.477,OVERRUN by 3207.06s,1,0.0500,0,-1.4475,1,0.3000,0,-1.4475,0.000,0.300
3252.031,overrun,A_leg2,4.758,-0.505,27.961,27.485,0.477,OVERRUN by 3208.10s,1,0.0500,0,-1.4475,1,0.3000,0,-1.4475,0.000,0.300
3253.058,overrun,A_leg2,4.758,-0.505,27.961,27.485,0.477,OVERRUN by 3209.12s,1,0.0500,0,-1.4475,1,0.3000,0,-1.4475,0.000,0.300
3254.092,overrun,A_leg2,4.758,-0.505,27.961,27.485,0.477,OVERRUN by 3210.16s,1,0.0500,0,-1.4475,1,0.3000,0,-1.4475,0.000,0.300
3255.121,overrun,A_leg2,4.758,-0.505,27.961,27.485,0.477,OVERRUN by 3211.18s,1,0.0500,0,-1.4475,1,0.3000,0,-1.4475,0.000,0.300
3256.158,overrun,A_leg2,4.758,-0.505,27.961,27.485,0.477,OVERRUN by 3212.22s,1,0.0500,0,-1.4475,1,0.3000,0,-1.4475,0.000,0.300
3257.191,overrun,A_leg2,4.758,-0.505,27.961,27.485,0.477,OVERRUN by 3213.26s,1,0.0500,0,-1.4475,1,0.3000,0,-1.4475,0.000,0.300
3258.204,overrun,A_leg2,4.758,-0.505,27.961,27.485,0.477,OVERRUN by 3214.27s,1,0.0500,0,-1.4475,1,0.3000,0,-1.4475,0.000,0.300
3259.223,overrun,A_leg2,4.758,-0.505,27.961,27.485,0.477,OVERRUN by 3215.29s,1,0.0500,0,-1.4475,1,0.3000,0,-1.4475,0.000,0.300
3260.256,overrun,A_leg2,4.758,-0.505,27.961,27.485,0.477,OVERRUN by 3216.32s,1,0.0500,0,-1.4475,1,0.3000,0,-1.4475,0.000,0.300
3261.294,overrun,A_leg2,4.758,-0.505,27.961,27.485,0.477,OVERRUN by 3217.36s,1,0.0500,0,-1.4475,1,0.3000,0,-1.4475,0.000,0.300
3262.320,overrun,A_leg2,4.758,-0.505,27.961,27.485,0.477,OVERRUN by 3218.38s,1,0.0500,0,-1.4475,1,0.3000,0,-1.4475,0.000,0.300
3263.344,overrun,A_leg2,4.758,-0.505,27.961,27.485,0.477,OVERRUN by 3219.41s,1,0.0500,0,-1.4475,1,0.3000,0,-1.4475,0.000,0.300
3264.364,overrun,A_leg2,4.758,-0.505,27.961,27.485,0.477,OVERRUN by 3220.43s,1,0.0500,0,-1.4475,1,0.3000,0,-1.4475,0.000,0.300
3265.400,overrun,A_leg2,4.758,-0.505,27.961,27.485,0.477,OVERRUN by 3221.46s,1,0.0500,0,-1.4475,1,0.3000,0,-1.4475,0.000,0.300
3266.429,overrun,A_leg2,4.758,-0.505,27.961,27.485,0.477,OVERRUN by 3222.49s,1,0.0500,0,-1.4475,1,0.3000,0,-1.4475,0.000,0.300
3267.456,overrun,A_leg2,4.758,-0.505,27.961,27.485,0.477,OVERRUN by 3223.52s,1,0.0500,0,-1.4475,1,0.3000,0,-1.4475,0.000,0.300
3268.484,overrun,A_leg2,4.758,-0.505,27.961,27.485,0.477,OVERRUN by 3224.55s,1,0.0500,0,-1.4475,1,0.3000,0,-1.4475,0.000,0.300
3269.521,overrun,A_leg2,4.758,-0.505,27.961,27.485,0.477,OVERRUN by 3225.58s,1,0.0500,0,-1.4475,1,0.3000,0,-1.4475,0.000,0.300
3270.551,overrun,A_leg2,4.758,-0.505,27.961,27.485,0.477,OVERRUN by 3226.61s,1,0.0500,0,-1.4475,1,0.3000,0,-1.4475,0.000,0.300
3271.586,overrun,A_leg2,4.758,-0.505,27.961,27.485,0.477,OVERRUN by 3227.65s,1,0.0500,0,-1.4475,1,0.3000,0,-1.4475,0.000,0.300
3272.611,overrun,A_leg2,4.758,-0.505,27.961,27.485,0.477,OVERRUN by 3228.67s,1,0.0500,0,-1.4475,1,0.3000,0,-1.4475,0.000,0.300
3273.638,overrun,A_leg2,4.758,-0.505,27.961,27.485,0.477,OVERRUN by 3229.70s,1,0.0500,0,-1.4475,1,0.3000,0,-1.4475,0.000,0.300
3274.667,overrun,A_leg2,4.758,-0.505,27.961,27.485,0.477,OVERRUN by 3230.73s,1,0.0500,0,-1.4475,1,0.3000,0,-1.4475,0.000,0.300
3275.688,overrun,A_leg2,4.758,-0.505,27.961,27.485,0.477,OVERRUN by 3231.75s,1,0.0500,0,-1.4475,1,0.3000,0,-1.4475,0.000,0.300
3276.719,overrun,A_leg2,4.758,-0.505,27.961,27.485,0.477,OVERRUN by 3232.78s,1,0.0500,0,-1.4475,1,0.3000,0,-1.4475,0.000,0.300
3277.757,overrun,A_leg2,4.758,-0.505,27.961,27.485,0.477,OVERRUN by 3233.82s,1,0.0500,0,-1.4475,1,0.3000,0,-1.4475,0.000,0.300
3278.787,overrun,A_leg2,4.758,-0.505,27.961,27.485,0.477,OVERRUN by 3234.85s,1,0.0500,0,-1.4475,1,0.3000,0,-1.4475,0.000,0.300
3279.813,overrun,A_leg2,4.758,-0.505,27.961,27.485,0.477,OVERRUN by 3235.88s,1,0.0500,0,-1.4475,1,0.3000,0,-1.4475,0.000,0.300
3280.850,overrun,A_leg2,4.758,-0.505,27.961,27.485,0.477,OVERRUN by 3236.91s,1,0.0500,0,-1.4475,1,0.3000,0,-1.4475,0.000,0.300
3281.874,overrun,A_leg2,4.758,-0.505,27.961,27.485,0.477,OVERRUN by 3237.94s,1,0.0500,0,-1.4475,1,0.3000,0,-1.4475,0.000,0.300
3282.902,overrun,A_leg2,4.758,-0.505,27.961,27.485,0.477,OVERRUN by 3238.97s,1,0.0500,0,-1.4475,1,0.3000,0,-1.4475,0.000,0.300
3283.941,overrun,A_leg2,4.758,-0.505,27.961,27.485,0.477,OVERRUN by 3240.01s,1,0.0500,0,-1.4475,1,0.3000,0,-1.4475,0.000,0.300
3284.978,overrun,A_leg2,4.758,-0.505,27.961,27.485,0.477,OVERRUN by 3241.04s,1,0.0500,0,-1.4475,1,0.3000,0,-1.4475,0.000,0.300
3286.019,overrun,A_leg2,4.758,-0.505,27.961,27.485,0.477,OVERRUN by 3242.08s,1,0.0500,0,-1.4475,1,0.3000,0,-1.4475,0.000,0.300
3287.047,overrun,A_leg2,4.758,-0.505,27.961,27.485,0.477,OVERRUN by 3243.11s,1,0.0500,0,-1.4475,1,0.3000,0,-1.4475,0.000,0.300
3288.074,overrun,A_leg2,4.758,-0.505,27.961,27.485,0.477,OVERRUN by 3244.14s,1,0.0500,0,-1.4475,1,0.3000,0,-1.4475,0.000,0.300
3289.106,overrun,A_leg2,4.758,-0.505,27.961,27.485,0.477,OVERRUN by 3245.17s,1,0.0500,0,-1.4475,1,0.3000,0,-1.4475,0.000,0.300
3290.128,overrun,A_leg2,4.758,-0.505,27.961,27.485,0.477,OVERRUN by 3246.19s,1,0.0500,0,-1.4475,1,0.3000,0,-1.4475,0.000,0.300
3291.164,overrun,A_leg2,4.758,-0.505,27.961,27.485,0.477,OVERRUN by 3247.23s,1,0.0500,0,-1.4475,1,0.3000,0,-1.4475,0.000,0.300
3292.191,overrun,A_leg2,4.758,-0.505,27.961,27.485,0.477,OVERRUN by 3248.26s,1,0.0500,0,-1.4475,1,0.3000,0,-1.4475,0.000,0.300
3293.229,overrun,A_leg2,4.758,-0.505,27.961,27.485,0.477,OVERRUN by 3249.29s,1,0.0500,0,-1.4475,1,0.3000,0,-1.4475,0.000,0.300
3294.260,overrun,A_leg2,4.758,-0.505,27.961,27.485,0.477,OVERRUN by 3250.32s,1,0.0500,0,-1.4475,1,0.3000,0,-1.4475,0.000,0.300
3295.296,overrun,A_leg2,4.758,-0.505,27.961,27.485,0.477,OVERRUN by 3251.36s,1,0.0500,0,-1.4475,1,0.3000,0,-1.4475,0.000,0.300
3296.321,overrun,A_leg2,4.758,-0.505,27.961,27.485,0.477,OVERRUN by 3252.38s,1,0.0500,0,-1.4475,1,0.3000,0,-1.4475,0.000,0.300
3297.345,overrun,A_leg2,4.758,-0.505,27.961,27.485,0.477,OVERRUN by 3253.41s,1,0.0500,0,-1.4475,1,0.3000,0,-1.4475,0.000,0.300
3298.383,overrun,A_leg2,4.758,-0.505,27.961,27.485,0.477,OVERRUN by 3254.45s,1,0.0500,0,-1.4475,1,0.3000,0,-1.4475,0.000,0.300
3299.418,overrun,A_leg2,4.758,-0.505,27.961,27.485,0.477,OVERRUN by 3255.48s,1,0.0500,0,-1.4475,1,0.3000,0,-1.4475,0.000,0.300
3300.453,overrun,A_leg2,4.758,-0.505,27.961,27.485,0.477,OVERRUN by 3256.52s,1,0.0500,0,-1.4475,1,0.3000,0,-1.4475,0.000,0.300
3301.478,overrun,A_leg2,4.758,-0.505,27.961,27.485,0.477,OVERRUN by 3257.54s,1,0.0500,0,-1.4475,1,0.3000,0,-1.4475,0.000,0.300
3302.505,overrun,A_leg2,4.758,-0.505,27.961,27.485,0.477,OVERRUN by 3258.57s,1,0.0500,0,-1.4475,1,0.3000,0,-1.4475,0.000,0.300
3303.543,overrun,A_leg2,4.758,-0.505,27.961,27.485,0.477,OVERRUN by 3259.61s,1,0.0500,0,-1.4475,1,0.3000,0,-1.4475,0.000,0.300
3304.581,overrun,A_leg2,4.758,-0.505,27.961,27.485,0.477,OVERRUN by 3260.64s,1,0.0500,0,-1.4475,1,0.3000,0,-1.4475,0.000,0.300
3305.615,overrun,A_leg2,4.758,-0.505,27.961,27.485,0.477,OVERRUN by 3261.68s,1,0.0500,0,-1.4475,1,0.3000,0,-1.4475,0.000,0.300
3306.637,overrun,A_leg2,4.758,-0.505,27.961,27.485,0.477,OVERRUN by 3262.70s,1,0.0500,0,-1.4475,1,0.3000,0,-1.4475,0.000,0.300
3307.667,overrun,A_leg2,4.758,-0.505,27.961,27.485,0.477,OVERRUN by 3263.73s,1,0.0500,0,-1.4475,1,0.3000,0,-1.4475,0.000,0.300
3308.699,overrun,A_leg2,4.758,-0.505,27.961,27.485,0.477,OVERRUN by 3264.76s,1,0.0500,0,-1.4475,1,0.3000,0,-1.4475,0.000,0.300
3309.726,overrun,A_leg2,4.758,-0.505,27.961,27.485,0.477,OVERRUN by 3265.79s,1,0.0500,0,-1.4475,1,0.3000,0,-1.4475,0.000,0.300
3310.748,overrun,A_leg2,4.758,-0.505,27.961,27.485,0.477,OVERRUN by 3266.81s,1,0.0500,0,-1.4475,1,0.3000,0,-1.4475,0.000,0.300
3311.776,overrun,A_leg2,4.758,-0.505,27.961,27.485,0.477,OVERRUN by 3267.84s,1,0.0500,0,-1.4475,1,0.3000,0,-1.4475,0.000,0.300
3312.803,overrun,A_leg2,4.758,-0.505,27.961,27.485,0.477,OVERRUN by 3268.87s,1,0.0500,0,-1.4475,1,0.3000,0,-1.4475,0.000,0.300
3313.821,overrun,A_leg2,4.758,-0.505,27.961,27.485,0.477,OVERRUN by 3269.89s,1,0.0500,0,-1.4475,1,0.3000,0,-1.4475,0.000,0.300
3314.854,overrun,A_leg2,4.758,-0.505,27.961,27.485,0.477,OVERRUN by 3270.92s,1,0.0500,0,-1.4475,1,0.3000,0,-1.4475,0.000,0.300
3315.885,overrun,A_leg2,4.758,-0.505,27.961,27.485,0.477,OVERRUN by 3271.95s,1,0.0500,0,-1.4475,1,0.3000,0,-1.4475,0.000,0.300
3316.904,overrun,A_leg2,4.758,-0.505,27.961,27.485,0.477,OVERRUN by 3272.97s,1,0.0500,0,-1.4475,1,0.3000,0,-1.4475,0.000,0.300
3317.935,overrun,A_leg2,4.758,-0.505,27.961,27.485,0.477,OVERRUN by 3274.00s,1,0.0500,0,-1.4475,1,0.3000,0,-1.4475,0.000,0.300
3318.960,overrun,A_leg2,4.758,-0.505,27.961,27.485,0.477,OVERRUN by 3275.02s,1,0.0500,0,-1.4475,1,0.3000,0,-1.4475,0.000,0.300
3319.987,overrun,A_leg2,4.758,-0.505,27.961,27.485,0.477,OVERRUN by 3276.05s,1,0.0500,0,-1.4475,1,0.3000,0,-1.4475,0.000,0.300
3321.013,overrun,A_leg2,4.758,-0.505,27.961,27.485,0.477,OVERRUN by 3277.08s,1,0.0500,0,-1.4475,1,0.3000,0,-1.4475,0.000,0.300
3322.040,overrun,A_leg2,4.758,-0.505,27.961,27.485,0.477,OVERRUN by 3278.10s,1,0.0500,0,-1.4475,1,0.3000,0,-1.4475,0.000,0.300
3323.055,overrun,A_leg2,4.758,-0.505,27.961,27.485,0.477,OVERRUN by 3279.12s,1,0.0500,0,-1.4475,1,0.3000,0,-1.4475,0.000,0.300
3324.089,overrun,A_leg2,4.758,-0.505,27.961,27.485,0.477,OVERRUN by 3280.15s,1,0.0500,0,-1.4475,1,0.3000,0,-1.4475,0.000,0.300
3325.123,overrun,A_leg2,4.758,-0.505,27.961,27.485,0.477,OVERRUN by 3281.19s,1,0.0500,0,-1.4475,1,0.3000,0,-1.4475,0.000,0.300
3326.154,overrun,A_leg2,4.758,-0.505,27.961,27.485,0.477,OVERRUN by 3282.22s,1,0.0500,0,-1.4475,1,0.3000,0,-1.4475,0.000,0.300
3327.175,overrun,A_leg2,4.758,-0.505,27.961,27.485,0.477,OVERRUN by 3283.24s,1,0.0500,0,-1.4475,1,0.3000,0,-1.4475,0.000,0.300
3328.197,overrun,A_leg2,4.758,-0.505,27.961,27.485,0.477,OVERRUN by 3284.26s,1,0.0500,0,-1.4475,1,0.3000,0,-1.4475,0.000,0.300
3329.225,overrun,A_leg2,4.758,-0.505,27.961,27.485,0.477,OVERRUN by 3285.29s,1,0.0500,0,-1.4475,1,0.3000,0,-1.4475,0.000,0.300
3330.247,overrun,A_leg2,4.758,-0.505,27.961,27.485,0.477,OVERRUN by 3286.31s,1,0.0500,0,-1.4475,1,0.3000,0,-1.4475,0.000,0.300
3331.277,overrun,A_leg2,4.758,-0.505,27.961,27.485,0.477,OVERRUN by 3287.34s,1,0.0500,0,-1.4475,1,0.3000,0,-1.4475,0.000,0.300
3332.307,overrun,A_leg2,4.758,-0.505,27.961,27.485,0.477,OVERRUN by 3288.37s,1,0.0500,0,-1.4475,1,0.3000,0,-1.4475,0.000,0.300
3333.329,overrun,A_leg2,4.758,-0.505,27.961,27.485,0.477,OVERRUN by 3289.39s,1,0.0500,0,-1.4475,1,0.3000,0,-1.4475,0.000,0.300
3334.357,overrun,A_leg2,4.758,-0.505,27.961,27.485,0.477,OVERRUN by 3290.42s,1,0.0500,0,-1.4475,1,0.3000,0,-1.4475,0.000,0.300
3335.385,overrun,A_leg2,4.758,-0.505,27.961,27.485,0.477,OVERRUN by 3291.45s,1,0.0500,0,-1.4475,1,0.3000,0,-1.4475,0.000,0.300
3336.422,overrun,A_leg2,4.758,-0.505,27.961,27.485,0.477,OVERRUN by 3292.49s,1,0.0500,0,-1.4475,1,0.3000,0,-1.4475,0.000,0.300
3337.455,overrun,A_leg2,4.758,-0.505,27.961,27.485,0.477,OVERRUN by 3293.52s,1,0.0500,0,-1.4475,1,0.3000,0,-1.4475,0.000,0.300
3338.477,overrun,A_leg2,4.758,-0.505,27.961,27.485,0.477,OVERRUN by 3294.54s,1,0.0500,0,-1.4475,1,0.3000,0,-1.4475,0.000,0.300
3339.510,overrun,A_leg2,4.758,-0.505,27.961,27.485,0.477,OVERRUN by 3295.57s,1,0.0500,0,-1.4475,1,0.3000,0,-1.4475,0.000,0.300
3340.529,overrun,A_leg2,4.758,-0.505,27.961,27.485,0.477,OVERRUN by 3296.59s,1,0.0500,0,-1.4475,1,0.3000,0,-1.4475,0.000,0.300
3341.556,overrun,A_leg2,4.758,-0.505,27.961,27.485,0.477,OVERRUN by 3297.62s,1,0.0500,0,-1.4475,1,0.3000,0,-1.4475,0.000,0.300
3342.588,overrun,A_leg2,4.758,-0.505,27.961,27.485,0.477,OVERRUN by 3298.65s,1,0.0500,0,-1.4475,1,0.3000,0,-1.4475,0.000,0.300
3343.614,overrun,A_leg2,4.758,-0.505,27.961,27.485,0.477,OVERRUN by 3299.68s,1,0.0500,0,-1.4475,1,0.3000,0,-1.4475,0.000,0.300
3344.644,overrun,A_leg2,4.758,-0.505,27.961,27.485,0.477,OVERRUN by 3300.71s,1,0.0500,0,-1.4475,1,0.3000,0,-1.4475,0.000,0.300
3345.661,overrun,A_leg2,4.758,-0.505,27.961,27.485,0.477,OVERRUN by 3301.72s,1,0.0500,0,-1.4475,1,0.3000,0,-1.4475,0.000,0.300
3346.691,overrun,A_leg2,4.758,-0.505,27.961,27.485,0.477,OVERRUN by 3302.76s,1,0.0500,0,-1.4475,1,0.3000,0,-1.4475,0.000,0.300
3347.730,overrun,A_leg2,4.758,-0.505,27.961,27.485,0.477,OVERRUN by 3303.79s,1,0.0500,0,-1.4475,1,0.3000,0,-1.4475,0.000,0.300
3348.772,overrun,A_leg2,4.758,-0.505,27.961,27.485,0.477,OVERRUN by 3304.84s,1,0.0500,0,-1.4475,1,0.3000,0,-1.4475,0.000,0.300
3349.813,overrun,A_leg2,4.758,-0.505,27.961,27.485,0.477,OVERRUN by 3305.88s,1,0.0500,0,-1.4475,1,0.3000,0,-1.4475,0.000,0.300
3350.852,overrun,A_leg2,4.758,-0.505,27.961,27.485,0.477,OVERRUN by 3306.92s,1,0.0500,0,-1.4475,1,0.3000,0,-1.4475,0.000,0.300
3351.870,overrun,A_leg2,4.758,-0.505,27.961,27.485,0.477,OVERRUN by 3307.93s,1,0.0500,0,-1.4475,1,0.3000,0,-1.4475,0.000,0.300
3352.894,overrun,A_leg2,4.758,-0.505,27.961,27.485,0.477,OVERRUN by 3308.96s,1,0.0500,0,-1.4475,1,0.3000,0,-1.4475,0.000,0.300
3353.928,overrun,A_leg2,4.758,-0.505,27.961,27.485,0.477,OVERRUN by 3309.99s,1,0.0500,0,-1.4475,1,0.3000,0,-1.4475,0.000,0.300
3354.957,overrun,A_leg2,4.758,-0.505,27.961,27.485,0.477,OVERRUN by 3311.02s,1,0.0500,0,-1.4475,1,0.3000,0,-1.4475,0.000,0.300
3355.988,overrun,A_leg2,4.758,-0.505,27.961,27.485,0.477,OVERRUN by 3312.05s,1,0.0500,0,-1.4475,1,0.3000,0,-1.4475,0.000,0.300
3357.019,overrun,A_leg2,4.758,-0.505,27.961,27.485,0.477,OVERRUN by 3313.08s,1,0.0500,0,-1.4475,1,0.3000,0,-1.4475,0.000,0.300
3358.048,overrun,A_leg2,4.758,-0.505,27.961,27.485,0.477,OVERRUN by 3314.11s,1,0.0500,0,-1.4475,1,0.3000,0,-1.4475,0.000,0.300
3359.079,overrun,A_leg2,4.758,-0.505,27.961,27.485,0.477,OVERRUN by 3315.14s,1,0.0500,0,-1.4475,1,0.3000,0,-1.4475,0.000,0.300
3360.106,overrun,A_leg2,4.758,-0.505,27.961,27.485,0.477,OVERRUN by 3316.17s,1,0.0500,0,-1.4475,1,0.3000,0,-1.4475,0.000,0.300
3361.133,overrun,A_leg2,4.758,-0.505,27.961,27.485,0.477,OVERRUN by 3317.20s,1,0.0500,0,-1.4475,1,0.3000,0,-1.4475,0.000,0.300
3362.171,overrun,A_leg2,4.758,-0.505,27.961,27.485,0.477,OVERRUN by 3318.24s,1,0.0500,0,-1.4475,1,0.3000,0,-1.4475,0.000,0.300
3363.202,overrun,A_leg2,4.758,-0.505,27.961,27.485,0.477,OVERRUN by 3319.27s,1,0.0500,0,-1.4475,1,0.3000,0,-1.4475,0.000,0.300
3364.238,overrun,A_leg2,4.758,-0.505,27.961,27.485,0.477,OVERRUN by 3320.30s,1,0.0500,0,-1.4475,1,0.3000,0,-1.4475,0.000,0.300
3365.273,overrun,A_leg2,4.758,-0.505,27.961,27.485,0.477,OVERRUN by 3321.34s,1,0.0500,0,-1.4475,1,0.3000,0,-1.4475,0.000,0.300
3366.298,overrun,A_leg2,4.758,-0.505,27.961,27.485,0.477,OVERRUN by 3322.36s,1,0.0500,0,-1.4475,1,0.3000,0,-1.4475,0.000,0.300
3367.332,overrun,A_leg2,4.758,-0.505,27.961,27.485,0.477,OVERRUN by 3323.40s,1,0.0500,0,-1.4475,1,0.3000,0,-1.4475,0.000,0.300
3368.374,overrun,A_leg2,4.758,-0.505,27.961,27.485,0.477,OVERRUN by 3324.44s,1,0.0500,0,-1.4475,1,0.3000,0,-1.4475,0.000,0.300
3369.412,overrun,A_leg2,4.758,-0.505,27.961,27.485,0.477,OVERRUN by 3325.48s,1,0.0500,0,-1.4475,1,0.3000,0,-1.4475,0.000,0.300
3370.439,overrun,A_leg2,4.758,-0.505,27.961,27.485,0.477,OVERRUN by 3326.50s,1,0.0500,0,-1.4475,1,0.3000,0,-1.4475,0.000,0.300
3371.470,overrun,A_leg2,4.758,-0.505,27.961,27.485,0.477,OVERRUN by 3327.53s,1,0.0500,0,-1.4475,1,0.3000,0,-1.4475,0.000,0.300
3372.495,overrun,A_leg2,4.758,-0.505,27.961,27.485,0.477,OVERRUN by 3328.56s,1,0.0500,0,-1.4475,1,0.3000,0,-1.4475,0.000,0.300
3373.524,overrun,A_leg2,4.758,-0.505,27.961,27.485,0.477,OVERRUN by 3329.59s,1,0.0500,0,-1.4475,1,0.3000,0,-1.4475,0.000,0.300
3374.555,overrun,A_leg2,4.758,-0.505,27.961,27.485,0.477,OVERRUN by 3330.62s,1,0.0500,0,-1.4475,1,0.3000,0,-1.4475,0.000,0.300
3375.581,overrun,A_leg2,4.758,-0.505,27.961,27.485,0.477,OVERRUN by 3331.64s,1,0.0500,0,-1.4475,1,0.3000,0,-1.4475,0.000,0.300
3376.613,overrun,A_leg2,4.758,-0.505,27.961,27.485,0.477,OVERRUN by 3332.68s,1,0.0500,0,-1.4475,1,0.3000,0,-1.4475,0.000,0.300
3377.644,overrun,A_leg2,4.758,-0.505,27.961,27.485,0.477,OVERRUN by 3333.71s,1,0.0500,0,-1.4475,1,0.3000,0,-1.4475,0.000,0.300
3378.677,overrun,A_leg2,4.758,-0.505,27.961,27.485,0.477,OVERRUN by 3334.74s,1,0.0500,0,-1.4475,1,0.3000,0,-1.4475,0.000,0.300
3379.708,overrun,A_leg2,4.758,-0.505,27.961,27.485,0.477,OVERRUN by 3335.77s,1,0.0500,0,-1.4475,1,0.3000,0,-1.4475,0.000,0.300
3380.738,overrun,A_leg2,4.758,-0.505,27.961,27.485,0.477,OVERRUN by 3336.80s,1,0.0500,0,-1.4475,1,0.3000,0,-1.4475,0.000,0.300
3381.766,overrun,A_leg2,4.758,-0.505,27.961,27.485,0.477,OVERRUN by 3337.83s,1,0.0500,0,-1.4475,1,0.3000,0,-1.4475,0.000,0.300
3382.806,overrun,A_leg2,4.758,-0.505,27.961,27.485,0.477,OVERRUN by 3338.87s,1,0.0500,0,-1.4475,1,0.3000,0,-1.4475,0.000,0.300
3383.830,overrun,A_leg2,4.758,-0.505,27.961,27.485,0.477,OVERRUN by 3339.89s,1,0.0500,0,-1.4475,1,0.3000,0,-1.4475,0.000,0.300
3384.857,overrun,A_leg2,4.758,-0.505,27.961,27.485,0.477,OVERRUN by 3340.92s,1,0.0500,0,-1.4475,1,0.3000,0,-1.4475,0.000,0.300
3385.889,overrun,A_leg2,4.758,-0.505,27.961,27.485,0.477,OVERRUN by 3341.95s,1,0.0500,0,-1.4475,1,0.3000,0,-1.4475,0.000,0.300
3386.934,overrun,A_leg2,4.758,-0.505,27.961,27.485,0.477,OVERRUN by 3343.00s,1,0.0500,0,-1.4475,1,0.3000,0,-1.4475,0.000,0.300
3387.960,overrun,A_leg2,4.758,-0.505,27.961,27.485,0.477,OVERRUN by 3344.02s,1,0.0500,0,-1.4475,1,0.3000,0,-1.4475,0.000,0.300
3388.988,overrun,A_leg2,4.758,-0.505,27.961,27.485,0.477,OVERRUN by 3345.05s,1,0.0500,0,-1.4475,1,0.3000,0,-1.4475,0.000,0.300
3390.024,overrun,A_leg2,4.758,-0.505,27.961,27.485,0.477,OVERRUN by 3346.09s,1,0.0500,0,-1.4475,1,0.3000,0,-1.4475,0.000,0.300
3391.051,overrun,A_leg2,4.758,-0.505,27.961,27.485,0.477,OVERRUN by 3347.11s,1,0.0500,0,-1.4475,1,0.3000,0,-1.4475,0.000,0.300
3392.088,overrun,A_leg2,4.758,-0.505,27.961,27.485,0.477,OVERRUN by 3348.15s,1,0.0500,0,-1.4475,1,0.3000,0,-1.4475,0.000,0.300
3393.109,overrun,A_leg2,4.758,-0.505,27.961,27.485,0.477,OVERRUN by 3349.17s,1,0.0500,0,-1.4475,1,0.3000,0,-1.4475,0.000,0.300
3394.139,overrun,A_leg2,4.758,-0.505,27.961,27.485,0.477,OVERRUN by 3350.20s,1,0.0500,0,-1.4475,1,0.3000,0,-1.4475,0.000,0.300
3395.174,overrun,A_leg2,4.758,-0.505,27.961,27.485,0.477,OVERRUN by 3351.24s,1,0.0500,0,-1.4475,1,0.3000,0,-1.4475,0.000,0.300
3396.201,overrun,A_leg2,4.758,-0.505,27.961,27.485,0.477,OVERRUN by 3352.26s,1,0.0500,0,-1.4475,1,0.3000,0,-1.4475,0.000,0.300
3397.227,overrun,A_leg2,4.758,-0.505,27.961,27.485,0.477,OVERRUN by 3353.29s,1,0.0500,0,-1.4475,1,0.3000,0,-1.4475,0.000,0.300
3398.266,overrun,A_leg2,4.758,-0.505,27.961,27.485,0.477,OVERRUN by 3354.33s,1,0.0500,0,-1.4475,1,0.3000,0,-1.4475,0.000,0.300
3399.294,overrun,A_leg2,4.758,-0.505,27.961,27.485,0.477,OVERRUN by 3355.36s,1,0.0500,0,-1.4475,1,0.3000,0,-1.4475,0.000,0.300
3400.321,overrun,A_leg2,4.758,-0.505,27.961,27.485,0.477,OVERRUN by 3356.39s,1,0.0500,0,-1.4475,1,0.3000,0,-1.4475,0.000,0.300
3401.346,overrun,A_leg2,4.758,-0.505,27.961,27.485,0.477,OVERRUN by 3357.41s,1,0.0500,0,-1.4475,1,0.3000,0,-1.4475,0.000,0.300
3402.373,overrun,A_leg2,4.758,-0.505,27.961,27.485,0.477,OVERRUN by 3358.44s,1,0.0500,0,-1.4475,1,0.3000,0,-1.4475,0.000,0.300
3403.403,overrun,A_leg2,4.758,-0.505,27.961,27.485,0.477,OVERRUN by 3359.47s,1,0.0500,0,-1.4475,1,0.3000,0,-1.4475,0.000,0.300
3404.429,overrun,A_leg2,4.758,-0.505,27.961,27.485,0.477,OVERRUN by 3360.49s,1,0.0500,0,-1.4475,1,0.3000,0,-1.4475,0.000,0.300
3405.457,overrun,A_leg2,4.758,-0.505,27.961,27.485,0.477,OVERRUN by 3361.52s,1,0.0500,0,-1.4475,1,0.3000,0,-1.4475,0.000,0.300
3406.487,overrun,A_leg2,4.758,-0.505,27.961,27.485,0.477,OVERRUN by 3362.55s,1,0.0500,0,-1.4475,1,0.3000,0,-1.4475,0.000,0.300
3407.519,overrun,A_leg2,4.758,-0.505,27.961,27.485,0.477,OVERRUN by 3363.58s,1,0.0500,0,-1.4475,1,0.3000,0,-1.4475,0.000,0.300
3408.547,overrun,A_leg2,4.758,-0.505,27.961,27.485,0.477,OVERRUN by 3364.61s,1,0.0500,0,-1.4475,1,0.3000,0,-1.4475,0.000,0.300
3409.579,overrun,A_leg2,4.758,-0.505,27.961,27.485,0.477,OVERRUN by 3365.64s,1,0.0500,0,-1.4475,1,0.3000,0,-1.4475,0.000,0.300
3410.619,overrun,A_leg2,4.758,-0.505,27.961,27.485,0.477,OVERRUN by 3366.68s,1,0.0500,0,-1.4475,1,0.3000,0,-1.4475,0.000,0.300
3411.643,overrun,A_leg2,4.758,-0.505,27.961,27.485,0.477,OVERRUN by 3367.71s,1,0.0500,0,-1.4475,1,0.3000,0,-1.4475,0.000,0.300
3412.672,overrun,A_leg2,4.758,-0.505,27.961,27.485,0.477,OVERRUN by 3368.74s,1,0.0500,0,-1.4475,1,0.3000,0,-1.4475,0.000,0.300
3413.715,overrun,A_leg2,4.758,-0.505,27.961,27.485,0.477,OVERRUN by 3369.78s,1,0.0500,0,-1.4475,1,0.3000,0,-1.4475,0.000,0.300
3414.751,overrun,A_leg2,4.758,-0.505,27.961,27.485,0.477,OVERRUN by 3370.81s,1,0.0500,0,-1.4475,1,0.3000,0,-1.4475,0.000,0.300
3415.786,overrun,A_leg2,4.758,-0.505,27.961,27.485,0.477,OVERRUN by 3371.85s,1,0.0500,0,-1.4475,1,0.3000,0,-1.4475,0.000,0.300
3416.826,overrun,A_leg2,4.758,-0.505,27.961,27.485,0.477,OVERRUN by 3372.89s,1,0.0500,0,-1.4475,1,0.3000,0,-1.4475,0.000,0.300
3417.856,overrun,A_leg2,4.758,-0.505,27.961,27.485,0.477,OVERRUN by 3373.92s,1,0.0500,0,-1.4475,1,0.3000,0,-1.4475,0.000,0.300
3418.880,overrun,A_leg2,4.758,-0.505,27.961,27.485,0.477,OVERRUN by 3374.94s,1,0.0500,0,-1.4475,1,0.3000,0,-1.4475,0.000,0.300
3419.914,overrun,A_leg2,4.758,-0.505,27.961,27.485,0.477,OVERRUN by 3375.98s,1,0.0500,0,-1.4475,1,0.3000,0,-1.4475,0.000,0.300
3420.943,overrun,A_leg2,4.758,-0.505,27.961,27.485,0.477,OVERRUN by 3377.01s,1,0.0500,0,-1.4475,1,0.3000,0,-1.4475,0.000,0.300
3421.978,overrun,A_leg2,4.758,-0.505,27.961,27.485,0.477,OVERRUN by 3378.04s,1,0.0500,0,-1.4475,1,0.3000,0,-1.4475,0.000,0.300
3422.999,overrun,A_leg2,4.758,-0.505,27.961,27.485,0.477,OVERRUN by 3379.06s,1,0.0500,0,-1.4475,1,0.3000,0,-1.4475,0.000,0.300
3424.039,overrun,A_leg2,4.758,-0.505,27.961,27.485,0.477,OVERRUN by 3380.10s,1,0.0500,0,-1.4475,1,0.3000,0,-1.4475,0.000,0.300
3425.073,overrun,A_leg2,4.758,-0.505,27.961,27.485,0.477,OVERRUN by 3381.14s,1,0.0500,0,-1.4475,1,0.3000,0,-1.4475,0.000,0.300
3426.101,overrun,A_leg2,4.758,-0.505,27.961,27.485,0.477,OVERRUN by 3382.17s,1,0.0500,0,-1.4475,1,0.3000,0,-1.4475,0.000,0.300
3427.131,overrun,A_leg2,4.758,-0.505,27.961,27.485,0.477,OVERRUN by 3383.19s,1,0.0500,0,-1.4475,1,0.3000,0,-1.4475,0.000,0.300
3428.156,overrun,A_leg2,4.758,-0.505,27.961,27.485,0.477,OVERRUN by 3384.22s,1,0.0500,0,-1.4475,1,0.3000,0,-1.4475,0.000,0.300
3429.186,overrun,A_leg2,4.758,-0.505,27.961,27.485,0.477,OVERRUN by 3385.25s,1,0.0500,0,-1.4475,1,0.3000,0,-1.4475,0.000,0.300
3430.200,overrun,A_leg2,4.758,-0.505,27.961,27.485,0.477,OVERRUN by 3386.26s,1,0.0500,0,-1.4475,1,0.3000,0,-1.4475,0.000,0.300
3431.226,overrun,A_leg2,4.758,-0.505,27.961,27.485,0.477,OVERRUN by 3387.29s,1,0.0500,0,-1.4475,1,0.3000,0,-1.4475,0.000,0.300
3432.258,overrun,A_leg2,4.758,-0.505,27.961,27.485,0.477,OVERRUN by 3388.32s,1,0.0500,0,-1.4475,1,0.3000,0,-1.4475,0.000,0.300
3433.295,overrun,A_leg2,4.758,-0.505,27.961,27.485,0.477,OVERRUN by 3389.36s,1,0.0500,0,-1.4475,1,0.3000,0,-1.4475,0.000,0.300
3434.327,overrun,A_leg2,4.758,-0.505,27.961,27.485,0.477,OVERRUN by 3390.39s,1,0.0500,0,-1.4475,1,0.3000,0,-1.4475,0.000,0.300
3435.358,overrun,A_leg2,4.758,-0.505,27.961,27.485,0.477,OVERRUN by 3391.42s,1,0.0500,0,-1.4475,1,0.3000,0,-1.4475,0.000,0.300
3436.383,overrun,A_leg2,4.758,-0.505,27.961,27.485,0.477,OVERRUN by 3392.45s,1,0.0500,0,-1.4475,1,0.3000,0,-1.4475,0.000,0.300
3437.408,overrun,A_leg2,4.758,-0.505,27.961,27.485,0.477,OVERRUN by 3393.47s,1,0.0500,0,-1.4475,1,0.3000,0,-1.4475,0.000,0.300
3438.443,overrun,A_leg2,4.758,-0.505,27.961,27.485,0.477,OVERRUN by 3394.51s,1,0.0500,0,-1.4475,1,0.3000,0,-1.4475,0.000,0.300
3439.473,overrun,A_leg2,4.758,-0.505,27.961,27.485,0.477,OVERRUN by 3395.54s,1,0.0500,0,-1.4475,1,0.3000,0,-1.4475,0.000,0.300
3440.501,overrun,A_leg2,4.758,-0.505,27.961,27.485,0.477,OVERRUN by 3396.57s,1,0.0500,0,-1.4475,1,0.3000,0,-1.4475,0.000,0.300
3441.535,overrun,A_leg2,4.758,-0.505,27.961,27.485,0.477,OVERRUN by 3397.60s,1,0.0500,0,-1.4475,1,0.3000,0,-1.4475,0.000,0.300
3442.555,overrun,A_leg2,4.758,-0.505,27.961,27.485,0.477,OVERRUN by 3398.62s,1,0.0500,0,-1.4475,1,0.3000,0,-1.4475,0.000,0.300
3443.588,overrun,A_leg2,4.758,-0.505,27.961,27.485,0.477,OVERRUN by 3399.65s,1,0.0500,0,-1.4475,1,0.3000,0,-1.4475,0.000,0.300
3444.615,overrun,A_leg2,4.758,-0.505,27.961,27.485,0.477,OVERRUN by 3400.68s,1,0.0500,0,-1.4475,1,0.3000,0,-1.4475,0.000,0.300
3445.647,overrun,A_leg2,4.758,-0.505,27.961,27.485,0.477,OVERRUN by 3401.71s,1,0.0500,0,-1.4475,1,0.3000,0,-1.4475,0.000,0.300
3446.666,overrun,A_leg2,4.758,-0.505,27.961,27.485,0.477,OVERRUN by 3402.73s,1,0.0500,0,-1.4475,1,0.3000,0,-1.4475,0.000,0.300
3447.697,overrun,A_leg2,4.758,-0.505,27.961,27.485,0.477,OVERRUN by 3403.76s,1,0.0500,0,-1.4475,1,0.3000,0,-1.4475,0.000,0.300
3448.709,overrun,A_leg2,4.758,-0.505,27.961,27.485,0.477,OVERRUN by 3404.77s,1,0.0500,0,-1.4475,1,0.3000,0,-1.4475,0.000,0.300
3449.734,overrun,A_leg2,4.758,-0.505,27.961,27.485,0.477,OVERRUN by 3405.80s,1,0.0500,0,-1.4475,1,0.3000,0,-1.4475,0.000,0.300
3450.763,overrun,A_leg2,4.758,-0.505,27.961,27.485,0.477,OVERRUN by 3406.83s,1,0.0500,0,-1.4475,1,0.3000,0,-1.4475,0.000,0.300
3451.799,overrun,A_leg2,4.758,-0.505,27.961,27.485,0.477,OVERRUN by 3407.86s,1,0.0500,0,-1.4475,1,0.3000,0,-1.4475,0.000,0.300
3452.827,overrun,A_leg2,4.758,-0.505,27.961,27.485,0.477,OVERRUN by 3408.89s,1,0.0500,0,-1.4475,1,0.3000,0,-1.4475,0.000,0.300
3453.850,overrun,A_leg2,4.758,-0.505,27.961,27.485,0.477,OVERRUN by 3409.91s,1,0.0500,0,-1.4475,1,0.3000,0,-1.4475,0.000,0.300
3454.879,overrun,A_leg2,4.758,-0.505,27.961,27.485,0.477,OVERRUN by 3410.94s,1,0.0500,0,-1.4475,1,0.3000,0,-1.4475,0.000,0.300
3455.907,overrun,A_leg2,4.758,-0.505,27.961,27.485,0.477,OVERRUN by 3411.97s,1,0.0500,0,-1.4475,1,0.3000,0,-1.4475,0.000,0.300
3456.931,overrun,A_leg2,4.758,-0.505,27.961,27.485,0.477,OVERRUN by 3413.00s,1,0.0500,0,-1.4475,1,0.3000,0,-1.4475,0.000,0.300
3457.960,overrun,A_leg2,4.758,-0.505,27.961,27.485,0.477,OVERRUN by 3414.02s,1,0.0500,0,-1.4475,1,0.3000,0,-1.4475,0.000,0.300
3458.979,overrun,A_leg2,4.758,-0.505,27.961,27.485,0.477,OVERRUN by 3415.04s,1,0.0500,0,-1.4475,1,0.3000,0,-1.4475,0.000,0.300
3460.003,overrun,A_leg2,4.758,-0.505,27.961,27.485,0.477,OVERRUN by 3416.07s,1,0.0500,0,-1.4475,1,0.3000,0,-1.4475,0.000,0.300
3461.016,overrun,A_leg2,4.758,-0.505,27.961,27.485,0.477,OVERRUN by 3417.08s,1,0.0500,0,-1.4475,1,0.3000,0,-1.4475,0.000,0.300
3462.041,overrun,A_leg2,4.758,-0.505,27.961,27.485,0.477,OVERRUN by 3418.10s,1,0.0500,0,-1.4475,1,0.3000,0,-1.4475,0.000,0.300
3463.080,overrun,A_leg2,4.758,-0.505,27.961,27.485,0.477,OVERRUN by 3419.14s,1,0.0500,0,-1.4475,1,0.3000,0,-1.4475,0.000,0.300
3464.113,overrun,A_leg2,4.758,-0.505,27.961,27.485,0.477,OVERRUN by 3420.18s,1,0.0500,0,-1.4475,1,0.3000,0,-1.4475,0.000,0.300
3465.142,overrun,A_leg2,4.758,-0.505,27.961,27.485,0.477,OVERRUN by 3421.21s,1,0.0500,0,-1.4475,1,0.3000,0,-1.4475,0.000,0.300
3466.168,overrun,A_leg2,4.758,-0.505,27.961,27.485,0.477,OVERRUN by 3422.23s,1,0.0500,0,-1.4475,1,0.3000,0,-1.4475,0.000,0.300
3467.201,overrun,A_leg2,4.758,-0.505,27.961,27.485,0.477,OVERRUN by 3423.26s,1,0.0500,0,-1.4475,1,0.3000,0,-1.4475,0.000,0.300
3468.228,overrun,A_leg2,4.758,-0.505,27.961,27.485,0.477,OVERRUN by 3424.29s,1,0.0500,0,-1.4475,1,0.3000,0,-1.4475,0.000,0.300
3469.263,overrun,A_leg2,4.758,-0.505,27.961,27.485,0.477,OVERRUN by 3425.33s,1,0.0500,0,-1.4475,1,0.3000,0,-1.4475,0.000,0.300
3470.299,overrun,A_leg2,4.758,-0.505,27.961,27.485,0.477,OVERRUN by 3426.36s,1,0.0500,0,-1.4475,1,0.3000,0,-1.4475,0.000,0.300
3471.326,overrun,A_leg2,4.758,-0.505,27.961,27.485,0.477,OVERRUN by 3427.39s,1,0.0500,0,-1.4475,1,0.3000,0,-1.4475,0.000,0.300
3472.351,overrun,A_leg2,4.758,-0.505,27.961,27.485,0.477,OVERRUN by 3428.41s,1,0.0500,0,-1.4475,1,0.3000,0,-1.4475,0.000,0.300
3473.388,overrun,A_leg2,4.758,-0.505,27.961,27.485,0.477,OVERRUN by 3429.45s,1,0.0500,0,-1.4475,1,0.3000,0,-1.4475,0.000,0.300
3474.413,overrun,A_leg2,4.758,-0.505,27.961,27.485,0.477,OVERRUN by 3430.48s,1,0.0500,0,-1.4475,1,0.3000,0,-1.4475,0.000,0.300
3475.449,overrun,A_leg2,4.758,-0.505,27.961,27.485,0.477,OVERRUN by 3431.51s,1,0.0500,0,-1.4475,1,0.3000,0,-1.4475,0.000,0.300
3476.490,overrun,A_leg2,4.758,-0.505,27.961,27.485,0.477,OVERRUN by 3432.55s,1,0.0500,0,-1.4475,1,0.3000,0,-1.4475,0.000,0.300
3477.532,overrun,A_leg2,4.758,-0.505,27.961,27.485,0.477,OVERRUN by 3433.60s,1,0.0500,0,-1.4475,1,0.3000,0,-1.4475,0.000,0.300
3478.564,overrun,A_leg2,4.758,-0.505,27.961,27.485,0.477,OVERRUN by 3434.63s,1,0.0500,0,-1.4475,1,0.3000,0,-1.4475,0.000,0.300
3479.586,overrun,A_leg2,4.758,-0.505,27.961,27.485,0.477,OVERRUN by 3435.65s,1,0.0500,0,-1.4475,1,0.3000,0,-1.4475,0.000,0.300
3480.608,overrun,A_leg2,4.758,-0.505,27.961,27.485,0.477,OVERRUN by 3436.67s,1,0.0500,0,-1.4475,1,0.3000,0,-1.4475,0.000,0.300
3481.639,overrun,A_leg2,4.758,-0.505,27.961,27.485,0.477,OVERRUN by 3437.70s,1,0.0500,0,-1.4475,1,0.3000,0,-1.4475,0.000,0.300
3482.670,overrun,A_leg2,4.758,-0.505,27.961,27.485,0.477,OVERRUN by 3438.73s,1,0.0500,0,-1.4475,1,0.3000,0,-1.4475,0.000,0.300
3483.696,overrun,A_leg2,4.758,-0.505,27.961,27.485,0.477,OVERRUN by 3439.76s,1,0.0500,0,-1.4475,1,0.3000,0,-1.4475,0.000,0.300
3484.718,overrun,A_leg2,4.758,-0.505,27.961,27.485,0.477,OVERRUN by 3440.78s,1,0.0500,0,-1.4475,1,0.3000,0,-1.4475,0.000,0.300
3485.746,overrun,A_leg2,4.758,-0.505,27.961,27.485,0.477,OVERRUN by 3441.81s,1,0.0500,0,-1.4475,1,0.3000,0,-1.4475,0.000,0.300
3486.776,overrun,A_leg2,4.758,-0.505,27.961,27.485,0.477,OVERRUN by 3442.84s,1,0.0500,0,-1.4475,1,0.3000,0,-1.4475,0.000,0.300
3487.801,overrun,A_leg2,4.758,-0.505,27.961,27.485,0.477,OVERRUN by 3443.86s,1,0.0500,0,-1.4475,1,0.3000,0,-1.4475,0.000,0.300
3488.834,overrun,A_leg2,4.758,-0.505,27.961,27.485,0.477,OVERRUN by 3444.90s,1,0.0500,0,-1.4475,1,0.3000,0,-1.4475,0.000,0.300
3489.867,overrun,A_leg2,4.758,-0.505,27.961,27.485,0.477,OVERRUN by 3445.93s,1,0.0500,0,-1.4475,1,0.3000,0,-1.4475,0.000,0.300
3490.897,overrun,A_leg2,4.758,-0.505,27.961,27.485,0.477,OVERRUN by 3446.96s,1,0.0500,0,-1.4475,1,0.3000,0,-1.4475,0.000,0.300
3491.912,overrun,A_leg2,4.758,-0.505,27.961,27.485,0.477,OVERRUN by 3447.98s,1,0.0500,0,-1.4475,1,0.3000,0,-1.4475,0.000,0.300
3492.921,overrun,A_leg2,4.758,-0.505,27.961,27.485,0.477,OVERRUN by 3448.98s,1,0.0500,0,-1.4475,1,0.3000,0,-1.4475,0.000,0.300
3493.946,overrun,A_leg2,4.758,-0.505,27.961,27.485,0.477,OVERRUN by 3450.01s,1,0.0500,0,-1.4475,1,0.3000,0,-1.4475,0.000,0.300
3494.975,overrun,A_leg2,4.758,-0.505,27.961,27.485,0.477,OVERRUN by 3451.04s,1,0.0500,0,-1.4475,1,0.3000,0,-1.4475,0.000,0.300
3496.007,overrun,A_leg2,4.758,-0.505,27.961,27.485,0.477,OVERRUN by 3452.07s,1,0.0500,0,-1.4475,1,0.3000,0,-1.4475,0.000,0.300
3497.025,overrun,A_leg2,4.758,-0.505,27.961,27.485,0.477,OVERRUN by 3453.09s,1,0.0500,0,-1.4475,1,0.3000,0,-1.4475,0.000,0.300
3498.046,overrun,A_leg2,4.758,-0.505,27.961,27.485,0.477,OVERRUN by 3454.11s,1,0.0500,0,-1.4475,1,0.3000,0,-1.4475,0.000,0.300
3499.070,overrun,A_leg2,4.758,-0.505,27.961,27.485,0.477,OVERRUN by 3455.13s,1,0.0500,0,-1.4475,1,0.3000,0,-1.4475,0.000,0.300
3500.089,overrun,A_leg2,4.758,-0.505,27.961,27.485,0.477,OVERRUN by 3456.15s,1,0.0500,0,-1.4475,1,0.3000,0,-1.4475,0.000,0.300
3501.124,overrun,A_leg2,4.758,-0.505,27.961,27.485,0.477,OVERRUN by 3457.19s,1,0.0500,0,-1.4475,1,0.3000,0,-1.4475,0.000,0.300
3502.142,overrun,A_leg2,4.758,-0.505,27.961,27.485,0.477,OVERRUN by 3458.21s,1,0.0500,0,-1.4475,1,0.3000,0,-1.4475,0.000,0.300
3503.162,overrun,A_leg2,4.758,-0.505,27.961,27.485,0.477,OVERRUN by 3459.23s,1,0.0500,0,-1.4475,1,0.3000,0,-1.4475,0.000,0.300
3504.179,overrun,A_leg2,4.758,-0.505,27.961,27.485,0.477,OVERRUN by 3460.24s,1,0.0500,0,-1.4475,1,0.3000,0,-1.4475,0.000,0.300
3505.201,overrun,A_leg2,4.758,-0.505,27.961,27.485,0.477,OVERRUN by 3461.26s,1,0.0500,0,-1.4475,1,0.3000,0,-1.4475,0.000,0.300
3506.234,overrun,A_leg2,4.758,-0.505,27.961,27.485,0.477,OVERRUN by 3462.30s,1,0.0500,0,-1.4475,1,0.3000,0,-1.4475,0.000,0.300
3507.257,overrun,A_leg2,4.758,-0.505,27.961,27.485,0.477,OVERRUN by 3463.32s,1,0.0500,0,-1.4475,1,0.3000,0,-1.4475,0.000,0.300
3508.274,overrun,A_leg2,4.758,-0.505,27.961,27.485,0.477,OVERRUN by 3464.34s,1,0.0500,0,-1.4475,1,0.3000,0,-1.4475,0.000,0.300
3509.302,overrun,A_leg2,4.758,-0.505,27.961,27.485,0.477,OVERRUN by 3465.37s,1,0.0500,0,-1.4475,1,0.3000,0,-1.4475,0.000,0.300
3510.337,overrun,A_leg2,4.758,-0.505,27.961,27.485,0.477,OVERRUN by 3466.40s,1,0.0500,0,-1.4475,1,0.3000,0,-1.4475,0.000,0.300
3511.370,overrun,A_leg2,4.758,-0.505,27.961,27.485,0.477,OVERRUN by 3467.43s,1,0.0500,0,-1.4475,1,0.3000,0,-1.4475,0.000,0.300
3512.403,overrun,A_leg2,4.758,-0.505,27.961,27.485,0.477,OVERRUN by 3468.47s,1,0.0500,0,-1.4475,1,0.3000,0,-1.4475,0.000,0.300
3513.439,overrun,A_leg2,4.758,-0.505,27.961,27.485,0.477,OVERRUN by 3469.50s,1,0.0500,0,-1.4475,1,0.3000,0,-1.4475,0.000,0.300
3514.459,overrun,A_leg2,4.758,-0.505,27.961,27.485,0.477,OVERRUN by 3470.52s,1,0.0500,0,-1.4475,1,0.3000,0,-1.4475,0.000,0.300
3515.485,overrun,A_leg2,4.758,-0.505,27.961,27.485,0.477,OVERRUN by 3471.55s,1,0.0500,0,-1.4475,1,0.3000,0,-1.4475,0.000,0.300
3516.517,overrun,A_leg2,4.758,-0.505,27.961,27.485,0.477,OVERRUN by 3472.58s,1,0.0500,0,-1.4475,1,0.3000,0,-1.4475,0.000,0.300
3517.536,overrun,A_leg2,4.758,-0.505,27.961,27.485,0.477,OVERRUN by 3473.60s,1,0.0500,0,-1.4475,1,0.3000,0,-1.4475,0.000,0.300
3518.556,overrun,A_leg2,4.758,-0.505,27.961,27.485,0.477,OVERRUN by 3474.62s,1,0.0500,0,-1.4475,1,0.3000,0,-1.4475,0.000,0.300
3519.580,overrun,A_leg2,4.758,-0.505,27.961,27.485,0.477,OVERRUN by 3475.64s,1,0.0500,0,-1.4475,1,0.3000,0,-1.4475,0.000,0.300
3520.613,overrun,A_leg2,4.758,-0.505,27.961,27.485,0.477,OVERRUN by 3476.68s,1,0.0500,0,-1.4475,1,0.3000,0,-1.4475,0.000,0.300
3521.647,overrun,A_leg2,4.758,-0.505,27.961,27.485,0.477,OVERRUN by 3477.71s,1,0.0500,0,-1.4475,1,0.3000,0,-1.4475,0.000,0.300
3522.660,overrun,A_leg2,4.758,-0.505,27.961,27.485,0.477,OVERRUN by 3478.72s,1,0.0500,0,-1.4475,1,0.3000,0,-1.4475,0.000,0.300
3523.685,overrun,A_leg2,4.758,-0.505,27.961,27.485,0.477,OVERRUN by 3479.75s,1,0.0500,0,-1.4475,1,0.3000,0,-1.4475,0.000,0.300
3524.709,overrun,A_leg2,4.758,-0.505,27.961,27.485,0.477,OVERRUN by 3480.77s,1,0.0500,0,-1.4475,1,0.3000,0,-1.4475,0.000,0.300
3525.745,overrun,A_leg2,4.758,-0.505,27.961,27.485,0.477,OVERRUN by 3481.81s,1,0.0500,0,-1.4475,1,0.3000,0,-1.4475,0.000,0.300
3526.779,overrun,A_leg2,4.758,-0.505,27.961,27.485,0.477,OVERRUN by 3482.84s,1,0.0500,0,-1.4475,1,0.3000,0,-1.4475,0.000,0.300
3527.797,overrun,A_leg2,4.758,-0.505,27.961,27.485,0.477,OVERRUN by 3483.86s,1,0.0500,0,-1.4475,1,0.3000,0,-1.4475,0.000,0.300
3528.835,overrun,A_leg2,4.758,-0.505,27.961,27.485,0.477,OVERRUN by 3484.90s,1,0.0500,0,-1.4475,1,0.3000,0,-1.4475,0.000,0.300
3529.850,overrun,A_leg2,4.758,-0.505,27.961,27.485,0.477,OVERRUN by 3485.91s,1,0.0500,0,-1.4475,1,0.3000,0,-1.4475,0.000,0.300
3530.883,overrun,A_leg2,4.758,-0.505,27.961,27.485,0.477,OVERRUN by 3486.95s,1,0.0500,0,-1.4475,1,0.3000,0,-1.4475,0.000,0.300
3531.914,overrun,A_leg2,4.758,-0.505,27.961,27.485,0.477,OVERRUN by 3487.98s,1,0.0500,0,-1.4475,1,0.3000,0,-1.4475,0.000,0.300
3532.939,overrun,A_leg2,4.758,-0.505,27.961,27.485,0.477,OVERRUN by 3489.00s,1,0.0500,0,-1.4475,1,0.3000,0,-1.4475,0.000,0.300
3533.969,overrun,A_leg2,4.758,-0.505,27.961,27.485,0.477,OVERRUN by 3490.03s,1,0.0500,0,-1.4475,1,0.3000,0,-1.4475,0.000,0.300
3535.002,overrun,A_leg2,4.758,-0.505,27.961,27.485,0.477,OVERRUN by 3491.07s,1,0.0500,0,-1.4475,1,0.3000,0,-1.4475,0.000,0.300
3536.026,overrun,A_leg2,4.758,-0.505,27.961,27.485,0.477,OVERRUN by 3492.09s,1,0.0500,0,-1.4475,1,0.3000,0,-1.4475,0.000,0.300
3537.051,overrun,A_leg2,4.758,-0.505,27.961,27.485,0.477,OVERRUN by 3493.11s,1,0.0500,0,-1.4475,1,0.3000,0,-1.4475,0.000,0.300
3538.079,overrun,A_leg2,4.758,-0.505,27.961,27.485,0.477,OVERRUN by 3494.14s,1,0.0500,0,-1.4475,1,0.3000,0,-1.4475,0.000,0.300
3539.106,overrun,A_leg2,4.758,-0.505,27.961,27.485,0.477,OVERRUN by 3495.17s,1,0.0500,0,-1.4475,1,0.3000,0,-1.4475,0.000,0.300
3540.139,overrun,A_leg2,4.758,-0.505,27.961,27.485,0.477,OVERRUN by 3496.20s,1,0.0500,0,-1.4475,1,0.3000,0,-1.4475,0.000,0.300
3541.179,overrun,A_leg2,4.758,-0.505,27.961,27.485,0.477,OVERRUN by 3497.24s,1,0.0500,0,-1.4475,1,0.3000,0,-1.4475,0.000,0.300
3542.206,overrun,A_leg2,4.758,-0.505,27.961,27.485,0.477,OVERRUN by 3498.27s,1,0.0500,0,-1.4475,1,0.3000,0,-1.4475,0.000,0.300
3543.230,overrun,A_leg2,4.758,-0.505,27.961,27.485,0.477,OVERRUN by 3499.29s,1,0.0500,0,-1.4475,1,0.3000,0,-1.4475,0.000,0.300
3544.264,overrun,A_leg2,4.758,-0.505,27.961,27.485,0.477,OVERRUN by 3500.33s,1,0.0500,0,-1.4475,1,0.3000,0,-1.4475,0.000,0.300
3545.290,overrun,A_leg2,4.758,-0.505,27.961,27.485,0.477,OVERRUN by 3501.35s,1,0.0500,0,-1.4475,1,0.3000,0,-1.4475,0.000,0.300
3546.304,overrun,A_leg2,4.758,-0.505,27.961,27.485,0.477,OVERRUN by 3502.37s,1,0.0500,0,-1.4475,1,0.3000,0,-1.4475,0.000,0.300
3547.338,overrun,A_leg2,4.758,-0.505,27.961,27.485,0.477,OVERRUN by 3503.40s,1,0.0500,0,-1.4475,1,0.3000,0,-1.4475,0.000,0.300
3548.375,overrun,A_leg2,4.758,-0.505,27.961,27.485,0.477,OVERRUN by 3504.44s,1,0.0500,0,-1.4475,1,0.3000,0,-1.4475,0.000,0.300
3549.396,overrun,A_leg2,4.758,-0.505,27.961,27.485,0.477,OVERRUN by 3505.46s,1,0.0500,0,-1.4475,1,0.3000,0,-1.4475,0.000,0.300
3550.430,overrun,A_leg2,4.758,-0.505,27.961,27.485,0.477,OVERRUN by 3506.49s,1,0.0500,0,-1.4475,1,0.3000,0,-1.4475,0.000,0.300
3551.457,overrun,A_leg2,4.758,-0.505,27.961,27.485,0.477,OVERRUN by 3507.52s,1,0.0500,0,-1.4475,1,0.3000,0,-1.4475,0.000,0.300
3552.491,overrun,A_leg2,4.758,-0.505,27.961,27.485,0.477,OVERRUN by 3508.55s,1,0.0500,0,-1.4475,1,0.3000,0,-1.4475,0.000,0.300
3553.527,overrun,A_leg2,4.758,-0.505,27.961,27.485,0.477,OVERRUN by 3509.59s,1,0.0500,0,-1.4475,1,0.3000,0,-1.4475,0.000,0.300
3554.563,overrun,A_leg2,4.758,-0.505,27.961,27.485,0.477,OVERRUN by 3510.63s,1,0.0500,0,-1.4475,1,0.3000,0,-1.4475,0.000,0.300
3555.599,overrun,A_leg2,4.758,-0.505,27.961,27.485,0.477,OVERRUN by 3511.66s,1,0.0500,0,-1.4475,1,0.3000,0,-1.4475,0.000,0.300
3556.629,overrun,A_leg2,4.758,-0.505,27.961,27.485,0.477,OVERRUN by 3512.69s,1,0.0500,0,-1.4475,1,0.3000,0,-1.4475,0.000,0.300
3557.650,overrun,A_leg2,4.758,-0.505,27.961,27.485,0.477,OVERRUN by 3513.71s,1,0.0500,0,-1.4475,1,0.3000,0,-1.4475,0.000,0.300
3558.678,overrun,A_leg2,4.758,-0.505,27.961,27.485,0.477,OVERRUN by 3514.74s,1,0.0500,0,-1.4475,1,0.3000,0,-1.4475,0.000,0.300
3559.717,overrun,A_leg2,4.758,-0.505,27.961,27.485,0.477,OVERRUN by 3515.78s,1,0.0500,0,-1.4475,1,0.3000,0,-1.4475,0.000,0.300
3560.751,overrun,A_leg2,4.758,-0.505,27.961,27.485,0.477,OVERRUN by 3516.81s,1,0.0500,0,-1.4475,1,0.3000,0,-1.4475,0.000,0.300
3561.779,overrun,A_leg2,4.758,-0.505,27.961,27.485,0.477,OVERRUN by 3517.84s,1,0.0500,0,-1.4475,1,0.3000,0,-1.4475,0.000,0.300
3562.808,overrun,A_leg2,4.758,-0.505,27.961,27.485,0.477,OVERRUN by 3518.87s,1,0.0500,0,-1.4475,1,0.3000,0,-1.4475,0.000,0.300
3563.837,overrun,A_leg2,4.758,-0.505,27.961,27.485,0.477,OVERRUN by 3519.90s,1,0.0500,0,-1.4475,1,0.3000,0,-1.4475,0.000,0.300
3564.872,overrun,A_leg2,4.758,-0.505,27.961,27.485,0.477,OVERRUN by 3520.94s,1,0.0500,0,-1.4475,1,0.3000,0,-1.4475,0.000,0.300
3565.907,overrun,A_leg2,4.758,-0.505,27.961,27.485,0.477,OVERRUN by 3521.97s,1,0.0500,0,-1.4475,1,0.3000,0,-1.4475,0.000,0.300
3566.934,overrun,A_leg2,4.758,-0.505,27.961,27.485,0.477,OVERRUN by 3523.00s,1,0.0500,0,-1.4475,1,0.3000,0,-1.4475,0.000,0.300
3567.971,overrun,A_leg2,4.758,-0.505,27.961,27.485,0.477,OVERRUN by 3524.03s,1,0.0500,0,-1.4475,1,0.3000,0,-1.4475,0.000,0.300
3569.004,overrun,A_leg2,4.758,-0.505,27.961,27.485,0.477,OVERRUN by 3525.07s,1,0.0500,0,-1.4475,1,0.3000,0,-1.4475,0.000,0.300
3570.037,overrun,A_leg2,4.758,-0.505,27.961,27.485,0.477,OVERRUN by 3526.10s,1,0.0500,0,-1.4475,1,0.3000,0,-1.4475,0.000,0.300
3571.064,overrun,A_leg2,4.758,-0.505,27.961,27.485,0.477,OVERRUN by 3527.13s,1,0.0500,0,-1.4475,1,0.3000,0,-1.4475,0.000,0.300
3572.086,overrun,A_leg2,4.758,-0.505,27.961,27.485,0.477,OVERRUN by 3528.15s,1,0.0500,0,-1.4475,1,0.3000,0,-1.4475,0.000,0.300
3573.103,overrun,A_leg2,4.758,-0.505,27.961,27.485,0.477,OVERRUN by 3529.17s,1,0.0500,0,-1.4475,1,0.3000,0,-1.4475,0.000,0.300
3574.114,overrun,A_leg2,4.758,-0.505,27.961,27.485,0.477,OVERRUN by 3530.18s,1,0.0500,0,-1.4475,1,0.3000,0,-1.4475,0.000,0.300
3575.131,overrun,A_leg2,4.758,-0.505,27.961,27.485,0.477,OVERRUN by 3531.19s,1,0.0500,0,-1.4475,1,0.3000,0,-1.4475,0.000,0.300
3576.152,overrun,A_leg2,4.758,-0.505,27.961,27.485,0.477,OVERRUN by 3532.22s,1,0.0500,0,-1.4475,1,0.3000,0,-1.4475,0.000,0.300
3577.178,overrun,A_leg2,4.758,-0.505,27.961,27.485,0.477,OVERRUN by 3533.24s,1,0.0500,0,-1.4475,1,0.3000,0,-1.4475,0.000,0.300
3578.205,overrun,A_leg2,4.758,-0.505,27.961,27.485,0.477,OVERRUN by 3534.27s,1,0.0500,0,-1.4475,1,0.3000,0,-1.4475,0.000,0.300
3579.243,overrun,A_leg2,4.758,-0.505,27.961,27.485,0.477,OVERRUN by 3535.31s,1,0.0500,0,-1.4475,1,0.3000,0,-1.4475,0.000,0.300
3580.273,overrun,A_leg2,4.758,-0.505,27.961,27.485,0.477,OVERRUN by 3536.34s,1,0.0500,0,-1.4475,1,0.3000,0,-1.4475,0.000,0.300
3581.300,overrun,A_leg2,4.758,-0.505,27.961,27.485,0.477,OVERRUN by 3537.36s,1,0.0500,0,-1.4475,1,0.3000,0,-1.4475,0.000,0.300
3582.331,overrun,A_leg2,4.758,-0.505,27.961,27.485,0.477,OVERRUN by 3538.39s,1,0.0500,0,-1.4475,1,0.3000,0,-1.4475,0.000,0.300
3583.357,overrun,A_leg2,4.758,-0.505,27.961,27.485,0.477,OVERRUN by 3539.42s,1,0.0500,0,-1.4475,1,0.3000,0,-1.4475,0.000,0.300
3584.394,overrun,A_leg2,4.758,-0.505,27.961,27.485,0.477,OVERRUN by 3540.46s,1,0.0500,0,-1.4475,1,0.3000,0,-1.4475,0.000,0.300
3585.431,overrun,A_leg2,4.758,-0.505,27.961,27.485,0.477,OVERRUN by 3541.49s,1,0.0500,0,-1.4475,1,0.3000,0,-1.4475,0.000,0.300
3586.455,overrun,A_leg2,4.758,-0.505,27.961,27.485,0.477,OVERRUN by 3542.52s,1,0.0500,0,-1.4475,1,0.3000,0,-1.4475,0.000,0.300
3587.486,overrun,A_leg2,4.758,-0.505,27.961,27.485,0.477,OVERRUN by 3543.55s,1,0.0500,0,-1.4475,1,0.3000,0,-1.4475,0.000,0.300
3588.521,overrun,A_leg2,4.758,-0.505,27.961,27.485,0.477,OVERRUN by 3544.58s,1,0.0500,0,-1.4475,1,0.3000,0,-1.4475,0.000,0.300
3589.546,overrun,A_leg2,4.758,-0.505,27.961,27.485,0.477,OVERRUN by 3545.61s,1,0.0500,0,-1.4475,1,0.3000,0,-1.4475,0.000,0.300
3590.578,overrun,A_leg2,4.758,-0.505,27.961,27.485,0.477,OVERRUN by 3546.64s,1,0.0500,0,-1.4475,1,0.3000,0,-1.4475,0.000,0.300
3591.614,overrun,A_leg2,4.758,-0.505,27.961,27.485,0.477,OVERRUN by 3547.68s,1,0.0500,0,-1.4475,1,0.3000,0,-1.4475,0.000,0.300
3592.631,overrun,A_leg2,4.758,-0.505,27.961,27.485,0.477,OVERRUN by 3548.70s,1,0.0500,0,-1.4475,1,0.3000,0,-1.4475,0.000,0.300
3593.661,overrun,A_leg2,4.758,-0.505,27.961,27.485,0.477,OVERRUN by 3549.73s,1,0.0500,0,-1.4475,1,0.3000,0,-1.4475,0.000,0.300
3594.687,overrun,A_leg2,4.758,-0.505,27.961,27.485,0.477,OVERRUN by 3550.75s,1,0.0500,0,-1.4475,1,0.3000,0,-1.4475,0.000,0.300
3595.715,overrun,A_leg2,4.758,-0.505,27.961,27.485,0.477,OVERRUN by 3551.78s,1,0.0500,0,-1.4475,1,0.3000,0,-1.4475,0.000,0.300
3596.750,overrun,A_leg2,4.758,-0.505,27.961,27.485,0.477,OVERRUN by 3552.81s,1,0.0500,0,-1.4475,1,0.3000,0,-1.4475,0.000,0.300
3597.768,overrun,A_leg2,4.758,-0.505,27.961,27.485,0.477,OVERRUN by 3553.83s,1,0.0500,0,-1.4475,1,0.3000,0,-1.4475,0.000,0.300
3598.810,overrun,A_leg2,4.758,-0.505,27.961,27.485,0.477,OVERRUN by 3554.87s,1,0.0500,0,-1.4475,1,0.3000,0,-1.4475,0.000,0.300
3599.844,overrun,A_leg2,4.758,-0.505,27.961,27.485,0.477,OVERRUN by 3555.91s,1,0.0500,0,-1.4475,1,0.3000,0,-1.4475,0.000,0.300
3600.877,overrun,A_leg2,4.758,-0.505,27.961,27.485,0.477,OVERRUN by 3556.94s,1,0.0500,0,-1.4475,1,0.3000,0,-1.4475,0.000,0.300
3601.907,overrun,A_leg2,4.758,-0.505,27.961,27.485,0.477,OVERRUN by 3557.97s,1,0.0500,0,-1.4475,1,0.3000,0,-1.4475,0.000,0.300
3602.933,overrun,A_leg2,4.758,-0.505,27.961,27.485,0.477,OVERRUN by 3559.00s,1,0.0500,0,-1.4475,1,0.3000,0,-1.4475,0.000,0.300
3603.949,overrun,A_leg2,4.758,-0.505,27.961,27.485,0.477,OVERRUN by 3560.01s,1,0.0500,0,-1.4475,1,0.3000,0,-1.4475,0.000,0.300
3604.974,overrun,A_leg2,4.758,-0.505,27.961,27.485,0.477,OVERRUN by 3561.04s,1,0.0500,0,-1.4475,1,0.3000,0,-1.4475,0.000,0.300
3606.013,overrun,A_leg2,4.758,-0.505,27.961,27.485,0.477,OVERRUN by 3562.08s,1,0.0500,0,-1.4475,1,0.3000,0,-1.4475,0.000,0.300
3607.048,overrun,A_leg2,4.758,-0.505,27.961,27.485,0.477,OVERRUN by 3563.11s,1,0.0500,0,-1.4475,1,0.3000,0,-1.4475,0.000,0.300
3608.083,overrun,A_leg2,4.758,-0.505,27.961,27.485,0.477,OVERRUN by 3564.15s,1,0.0500,0,-1.4475,1,0.3000,0,-1.4475,0.000,0.300
3609.111,overrun,A_leg2,4.758,-0.505,27.961,27.485,0.477,OVERRUN by 3565.17s,1,0.0500,0,-1.4475,1,0.3000,0,-1.4475,0.000,0.300
3610.138,overrun,A_leg2,4.758,-0.505,27.961,27.485,0.477,OVERRUN by 3566.20s,1,0.0500,0,-1.4475,1,0.3000,0,-1.4475,0.000,0.300
3611.169,overrun,A_leg2,4.758,-0.505,27.961,27.485,0.477,OVERRUN by 3567.23s,1,0.0500,0,-1.4475,1,0.3000,0,-1.4475,0.000,0.300
3612.196,overrun,A_leg2,4.758,-0.505,27.961,27.485,0.477,OVERRUN by 3568.26s,1,0.0500,0,-1.4475,1,0.3000,0,-1.4475,0.000,0.300
3613.221,overrun,A_leg2,4.758,-0.505,27.961,27.485,0.477,OVERRUN by 3569.29s,1,0.0500,0,-1.4475,1,0.3000,0,-1.4475,0.000,0.300
3614.250,overrun,A_leg2,4.758,-0.505,27.961,27.485,0.477,OVERRUN by 3570.31s,1,0.0500,0,-1.4475,1,0.3000,0,-1.4475,0.000,0.300
3615.287,overrun,A_leg2,4.758,-0.505,27.961,27.485,0.477,OVERRUN by 3571.35s,1,0.0500,0,-1.4475,1,0.3000,0,-1.4475,0.000,0.300
3616.317,overrun,A_leg2,4.758,-0.505,27.961,27.485,0.477,OVERRUN by 3572.38s,1,0.0500,0,-1.4475,1,0.3000,0,-1.4475,0.000,0.300
3617.346,overrun,A_leg2,4.758,-0.505,27.961,27.485,0.477,OVERRUN by 3573.41s,1,0.0500,0,-1.4475,1,0.3000,0,-1.4475,0.000,0.300
3618.369,overrun,A_leg2,4.758,-0.505,27.961,27.485,0.477,OVERRUN by 3574.43s,1,0.0500,0,-1.4475,1,0.3000,0,-1.4475,0.000,0.300
3619.395,overrun,A_leg2,4.758,-0.505,27.961,27.485,0.477,OVERRUN by 3575.46s,1,0.0500,0,-1.4475,1,0.3000,0,-1.4475,0.000,0.300
3620.423,overrun,A_leg2,4.758,-0.505,27.961,27.485,0.477,OVERRUN by 3576.49s,1,0.0500,0,-1.4475,1,0.3000,0,-1.4475,0.000,0.300
3621.461,overrun,A_leg2,4.758,-0.505,27.961,27.485,0.477,OVERRUN by 3577.52s,1,0.0500,0,-1.4475,1,0.3000,0,-1.4475,0.000,0.300
3622.495,overrun,A_leg2,4.758,-0.505,27.961,27.485,0.477,OVERRUN by 3578.56s,1,0.0500,0,-1.4475,1,0.3000,0,-1.4475,0.000,0.300
3623.516,overrun,A_leg2,4.758,-0.505,27.961,27.485,0.477,OVERRUN by 3579.58s,1,0.0500,0,-1.4475,1,0.3000,0,-1.4475,0.000,0.300
3624.545,overrun,A_leg2,4.758,-0.505,27.961,27.485,0.477,OVERRUN by 3580.61s,1,0.0500,0,-1.4475,1,0.3000,0,-1.4475,0.000,0.300
3625.586,overrun,A_leg2,4.758,-0.505,27.961,27.485,0.477,OVERRUN by 3581.65s,1,0.0500,0,-1.4475,1,0.3000,0,-1.4475,0.000,0.300
3626.616,overrun,A_leg2,4.758,-0.505,27.961,27.485,0.477,OVERRUN by 3582.68s,1,0.0500,0,-1.4475,1,0.3000,0,-1.4475,0.000,0.300
3627.645,overrun,A_leg2,4.758,-0.505,27.961,27.485,0.477,OVERRUN by 3583.71s,1,0.0500,0,-1.4475,1,0.3000,0,-1.4475,0.000,0.300
3628.675,overrun,A_leg2,4.758,-0.505,27.961,27.485,0.477,OVERRUN by 3584.74s,1,0.0500,0,-1.4475,1,0.3000,0,-1.4475,0.000,0.300
3629.702,overrun,A_leg2,4.758,-0.505,27.961,27.485,0.477,OVERRUN by 3585.77s,1,0.0500,0,-1.4475,1,0.3000,0,-1.4475,0.000,0.300
3630.728,overrun,A_leg2,4.758,-0.505,27.961,27.485,0.477,OVERRUN by 3586.79s,1,0.0500,0,-1.4475,1,0.3000,0,-1.4475,0.000,0.300
3631.752,overrun,A_leg2,4.758,-0.505,27.961,27.485,0.477,OVERRUN by 3587.82s,1,0.0500,0,-1.4475,1,0.3000,0,-1.4475,0.000,0.300
3632.783,overrun,A_leg2,4.758,-0.505,27.961,27.485,0.477,OVERRUN by 3588.85s,1,0.0500,0,-1.4475,1,0.3000,0,-1.4475,0.000,0.300
3633.818,overrun,A_leg2,4.758,-0.505,27.961,27.485,0.477,OVERRUN by 3589.88s,1,0.0500,0,-1.4475,1,0.3000,0,-1.4475,0.000,0.300
3634.849,overrun,A_leg2,4.758,-0.505,27.961,27.485,0.477,OVERRUN by 3590.91s,1,0.0500,0,-1.4475,1,0.3000,0,-1.4475,0.000,0.300
3635.890,overrun,A_leg2,4.758,-0.505,27.961,27.485,0.477,OVERRUN by 3591.95s,1,0.0500,0,-1.4475,1,0.3000,0,-1.4475,0.000,0.300
3636.911,overrun,A_leg2,4.758,-0.505,27.961,27.485,0.477,OVERRUN by 3592.98s,1,0.0500,0,-1.4475,1,0.3000,0,-1.4475,0.000,0.300
3637.937,overrun,A_leg2,4.758,-0.505,27.961,27.485,0.477,OVERRUN by 3594.00s,1,0.0500,0,-1.4475,1,0.3000,0,-1.4475,0.000,0.300
3638.964,overrun,A_leg2,4.758,-0.505,27.961,27.485,0.477,OVERRUN by 3595.03s,1,0.0500,0,-1.4475,1,0.3000,0,-1.4475,0.000,0.300
3639.998,overrun,A_leg2,4.758,-0.505,27.961,27.485,0.477,OVERRUN by 3596.06s,1,0.0500,0,-1.4475,1,0.3000,0,-1.4475,0.000,0.300
3641.014,overrun,A_leg2,4.758,-0.505,27.961,27.485,0.477,OVERRUN by 3597.08s,1,0.0500,0,-1.4475,1,0.3000,0,-1.4475,0.000,0.300
3642.050,overrun,A_leg2,4.758,-0.505,27.961,27.485,0.477,OVERRUN by 3598.11s,1,0.0500,0,-1.4475,1,0.3000,0,-1.4475,0.000,0.300
3643.075,overrun,A_leg2,4.758,-0.505,27.961,27.485,0.477,OVERRUN by 3599.14s,1,0.0500,0,-1.4475,1,0.3000,0,-1.4475,0.000,0.300
3644.113,overrun,A_leg2,4.758,-0.505,27.961,27.485,0.477,OVERRUN by 3600.18s,1,0.0500,0,-1.4475,1,0.3000,0,-1.4475,0.000,0.300
3645.148,overrun,A_leg2,4.758,-0.505,27.961,27.485,0.477,OVERRUN by 3601.21s,1,0.0500,0,-1.4475,1,0.3000,0,-1.4475,0.000,0.300
3646.177,overrun,A_leg2,4.758,-0.505,27.961,27.485,0.477,OVERRUN by 3602.24s,1,0.0500,0,-1.4475,1,0.3000,0,-1.4475,0.000,0.300
3647.204,overrun,A_leg2,4.758,-0.505,27.961,27.485,0.477,OVERRUN by 3603.27s,1,0.0500,0,-1.4475,1,0.3000,0,-1.4475,0.000,0.300
3648.245,overrun,A_leg2,4.758,-0.505,27.961,27.485,0.477,OVERRUN by 3604.31s,1,0.0500,0,-1.4475,1,0.3000,0,-1.4475,0.000,0.300
3649.270,overrun,A_leg2,4.758,-0.505,27.961,27.485,0.477,OVERRUN by 3605.33s,1,0.0500,0,-1.4475,1,0.3000,0,-1.4475,0.000,0.300
3650.305,overrun,A_leg2,4.758,-0.505,27.961,27.485,0.477,OVERRUN by 3606.37s,1,0.0500,0,-1.4475,1,0.3000,0,-1.4475,0.000,0.300
3651.336,overrun,A_leg2,4.758,-0.505,27.961,27.485,0.477,OVERRUN by 3607.40s,1,0.0500,0,-1.4475,1,0.3000,0,-1.4475,0.000,0.300
3652.351,overrun,A_leg2,4.758,-0.505,27.961,27.485,0.477,OVERRUN by 3608.41s,1,0.0500,0,-1.4475,1,0.3000,0,-1.4475,0.000,0.300
3653.385,overrun,A_leg2,4.758,-0.505,27.961,27.485,0.477,OVERRUN by 3609.45s,1,0.0500,0,-1.4475,1,0.3000,0,-1.4475,0.000,0.300
3654.415,overrun,A_leg2,4.758,-0.505,27.961,27.485,0.477,OVERRUN by 3610.48s,1,0.0500,0,-1.4475,1,0.3000,0,-1.4475,0.000,0.300
3655.442,overrun,A_leg2,4.758,-0.505,27.961,27.485,0.477,OVERRUN by 3611.51s,1,0.0500,0,-1.4475,1,0.3000,0,-1.4475,0.000,0.300
3656.477,overrun,A_leg2,4.758,-0.505,27.961,27.485,0.477,OVERRUN by 3612.54s,1,0.0500,0,-1.4475,1,0.3000,0,-1.4475,0.000,0.300
3657.505,overrun,A_leg2,4.758,-0.505,27.961,27.485,0.477,OVERRUN by 3613.57s,1,0.0500,0,-1.4475,1,0.3000,0,-1.4475,0.000,0.300
3658.531,overrun,A_leg2,4.758,-0.505,27.961,27.485,0.477,OVERRUN by 3614.60s,1,0.0500,0,-1.4475,1,0.3000,0,-1.4475,0.000,0.300
3659.562,overrun,A_leg2,4.758,-0.505,27.961,27.485,0.477,OVERRUN by 3615.63s,1,0.0500,0,-1.4475,1,0.3000,0,-1.4475,0.000,0.300
3660.593,overrun,A_leg2,4.758,-0.505,27.961,27.485,0.477,OVERRUN by 3616.66s,1,0.0500,0,-1.4475,1,0.3000,0,-1.4475,0.000,0.300
3661.628,overrun,A_leg2,4.758,-0.505,27.961,27.485,0.477,OVERRUN by 3617.69s,1,0.0500,0,-1.4475,1,0.3000,0,-1.4475,0.000,0.300
3662.659,overrun,A_leg2,4.758,-0.505,27.961,27.485,0.477,OVERRUN by 3618.72s,1,0.0500,0,-1.4475,1,0.3000,0,-1.4475,0.000,0.300
3663.684,overrun,A_leg2,4.758,-0.505,27.961,27.485,0.477,OVERRUN by 3619.75s,1,0.0500,0,-1.4475,1,0.3000,0,-1.4475,0.000,0.300
3664.709,overrun,A_leg2,4.758,-0.505,27.961,27.485,0.477,OVERRUN by 3620.77s,1,0.0500,0,-1.4475,1,0.3000,0,-1.4475,0.000,0.300
3665.728,overrun,A_leg2,4.758,-0.505,27.961,27.485,0.477,OVERRUN by 3621.79s,1,0.0500,0,-1.4475,1,0.3000,0,-1.4475,0.000,0.300
3666.762,overrun,A_leg2,4.758,-0.505,27.961,27.485,0.477,OVERRUN by 3622.83s,1,0.0500,0,-1.4475,1,0.3000,0,-1.4475,0.000,0.300
3667.791,overrun,A_leg2,4.758,-0.505,27.961,27.485,0.477,OVERRUN by 3623.85s,1,0.0500,0,-1.4475,1,0.3000,0,-1.4475,0.000,0.300
3668.820,overrun,A_leg2,4.758,-0.505,27.961,27.485,0.477,OVERRUN by 3624.88s,1,0.0500,0,-1.4475,1,0.3000,0,-1.4475,0.000,0.300
3669.845,overrun,A_leg2,4.758,-0.505,27.961,27.485,0.477,OVERRUN by 3625.91s,1,0.0500,0,-1.4475,1,0.3000,0,-1.4475,0.000,0.300
3670.883,overrun,A_leg2,4.758,-0.505,27.961,27.485,0.477,OVERRUN by 3626.95s,1,0.0500,0,-1.4475,1,0.3000,0,-1.4475,0.000,0.300
3671.907,overrun,A_leg2,4.758,-0.505,27.961,27.485,0.477,OVERRUN by 3627.97s,1,0.0500,0,-1.4475,1,0.3000,0,-1.4475,0.000,0.300
3672.926,overrun,A_leg2,4.758,-0.505,27.961,27.485,0.477,OVERRUN by 3628.99s,1,0.0500,0,-1.4475,1,0.3000,0,-1.4475,0.000,0.300
3673.951,overrun,A_leg2,4.758,-0.505,27.961,27.485,0.477,OVERRUN by 3630.01s,1,0.0500,0,-1.4475,1,0.3000,0,-1.4475,0.000,0.300
3674.976,overrun,A_leg2,4.758,-0.505,27.961,27.485,0.477,OVERRUN by 3631.04s,1,0.0500,0,-1.4475,1,0.3000,0,-1.4475,0.000,0.300
3676.004,overrun,A_leg2,4.758,-0.505,27.961,27.485,0.477,OVERRUN by 3632.07s,1,0.0500,0,-1.4475,1,0.3000,0,-1.4475,0.000,0.300
3677.037,overrun,A_leg2,4.758,-0.505,27.961,27.485,0.477,OVERRUN by 3633.10s,1,0.0500,0,-1.4475,1,0.3000,0,-1.4475,0.000,0.300
3678.072,overrun,A_leg2,4.758,-0.505,27.961,27.485,0.477,OVERRUN by 3634.14s,1,0.0500,0,-1.4475,1,0.3000,0,-1.4475,0.000,0.300
3679.111,overrun,A_leg2,4.758,-0.505,27.961,27.485,0.477,OVERRUN by 3635.17s,1,0.0500,0,-1.4475,1,0.3000,0,-1.4475,0.000,0.300
3680.147,overrun,A_leg2,4.758,-0.505,27.961,27.485,0.477,OVERRUN by 3636.21s,1,0.0500,0,-1.4475,1,0.3000,0,-1.4475,0.000,0.300
3681.188,overrun,A_leg2,4.758,-0.505,27.961,27.485,0.477,OVERRUN by 3637.25s,1,0.0500,0,-1.4475,1,0.3000,0,-1.4475,0.000,0.300
3682.224,overrun,A_leg2,4.758,-0.505,27.961,27.485,0.477,OVERRUN by 3638.29s,1,0.0500,0,-1.4475,1,0.3000,0,-1.4475,0.000,0.300
3683.251,overrun,A_leg2,4.758,-0.505,27.961,27.485,0.477,OVERRUN by 3639.32s,1,0.0500,0,-1.4475,1,0.3000,0,-1.4475,0.000,0.300
3684.287,overrun,A_leg2,4.758,-0.505,27.961,27.485,0.477,OVERRUN by 3640.35s,1,0.0500,0,-1.4475,1,0.3000,0,-1.4475,0.000,0.300
3685.322,overrun,A_leg2,4.758,-0.505,27.961,27.485,0.477,OVERRUN by 3641.39s,1,0.0500,0,-1.4475,1,0.3000,0,-1.4475,0.000,0.300
3686.347,overrun,A_leg2,4.758,-0.505,27.961,27.485,0.477,OVERRUN by 3642.41s,1,0.0500,0,-1.4475,1,0.3000,0,-1.4475,0.000,0.300
3687.374,overrun,A_leg2,4.758,-0.505,27.961,27.485,0.477,OVERRUN by 3643.44s,1,0.0500,0,-1.4475,1,0.3000,0,-1.4475,0.000,0.300
3688.415,overrun,A_leg2,4.758,-0.505,27.961,27.485,0.477,OVERRUN by 3644.48s,1,0.0500,0,-1.4475,1,0.3000,0,-1.4475,0.000,0.300
3689.440,overrun,A_leg2,4.758,-0.505,27.961,27.485,0.477,OVERRUN by 3645.50s,1,0.0500,0,-1.4475,1,0.3000,0,-1.4475,0.000,0.300
3690.473,overrun,A_leg2,4.758,-0.505,27.961,27.485,0.477,OVERRUN by 3646.54s,1,0.0500,0,-1.4475,1,0.3000,0,-1.4475,0.000,0.300
3691.495,overrun,A_leg2,4.758,-0.505,27.961,27.485,0.477,OVERRUN by 3647.56s,1,0.0500,0,-1.4475,1,0.3000,0,-1.4475,0.000,0.300
3692.516,overrun,A_leg2,4.758,-0.505,27.961,27.485,0.477,OVERRUN by 3648.58s,1,0.0500,0,-1.4475,1,0.3000,0,-1.4475,0.000,0.300
3693.551,overrun,A_leg2,4.758,-0.505,27.961,27.485,0.477,OVERRUN by 3649.61s,1,0.0500,0,-1.4475,1,0.3000,0,-1.4475,0.000,0.300
3694.585,overrun,A_leg2,4.758,-0.505,27.961,27.485,0.477,OVERRUN by 3650.65s,1,0.0500,0,-1.4475,1,0.3000,0,-1.4475,0.000,0.300
3695.611,overrun,A_leg2,4.758,-0.505,27.961,27.485,0.477,OVERRUN by 3651.68s,1,0.0500,0,-1.4475,1,0.3000,0,-1.4475,0.000,0.300
3696.634,overrun,A_leg2,4.758,-0.505,27.961,27.485,0.477,OVERRUN by 3652.70s,1,0.0500,0,-1.4475,1,0.3000,0,-1.4475,0.000,0.300
3697.666,overrun,A_leg2,4.758,-0.505,27.961,27.485,0.477,OVERRUN by 3653.73s,1,0.0500,0,-1.4475,1,0.3000,0,-1.4475,0.000,0.300
3698.698,overrun,A_leg2,4.758,-0.505,27.961,27.485,0.477,OVERRUN by 3654.76s,1,0.0500,0,-1.4475,1,0.3000,0,-1.4475,0.000,0.300
3699.721,overrun,A_leg2,4.758,-0.505,27.961,27.485,0.477,OVERRUN by 3655.78s,1,0.0500,0,-1.4475,1,0.3000,0,-1.4475,0.000,0.300
3700.747,overrun,A_leg2,4.758,-0.505,27.961,27.485,0.477,OVERRUN by 3656.81s,1,0.0500,0,-1.4475,1,0.3000,0,-1.4475,0.000,0.300
3701.777,overrun,A_leg2,4.758,-0.505,27.961,27.485,0.477,OVERRUN by 3657.84s,1,0.0500,0,-1.4475,1,0.3000,0,-1.4475,0.000,0.300
3702.801,overrun,A_leg2,4.758,-0.505,27.961,27.485,0.477,OVERRUN by 3658.86s,1,0.0500,0,-1.4475,1,0.3000,0,-1.4475,0.000,0.300
3703.833,overrun,A_leg2,4.758,-0.505,27.961,27.485,0.477,OVERRUN by 3659.90s,1,0.0500,0,-1.4475,1,0.3000,0,-1.4475,0.000,0.300
3704.864,overrun,A_leg2,4.758,-0.505,27.961,27.485,0.477,OVERRUN by 3660.93s,1,0.0500,0,-1.4475,1,0.3000,0,-1.4475,0.000,0.300
3705.888,overrun,A_leg2,4.758,-0.505,27.961,27.485,0.477,OVERRUN by 3661.95s,1,0.0500,0,-1.4475,1,0.3000,0,-1.4475,0.000,0.300
3706.924,overrun,A_leg2,4.758,-0.505,27.961,27.485,0.477,OVERRUN by 3662.99s,1,0.0500,0,-1.4475,1,0.3000,0,-1.4475,0.000,0.300
3707.953,overrun,A_leg2,4.758,-0.505,27.961,27.485,0.477,OVERRUN by 3664.02s,1,0.0500,0,-1.4475,1,0.3000,0,-1.4475,0.000,0.300
3708.984,overrun,A_leg2,4.758,-0.505,27.961,27.485,0.477,OVERRUN by 3665.05s,1,0.0500,0,-1.4475,1,0.3000,0,-1.4475,0.000,0.300
3710.018,overrun,A_leg2,4.758,-0.505,27.961,27.485,0.477,OVERRUN by 3666.08s,1,0.0500,0,-1.4475,1,0.3000,0,-1.4475,0.000,0.300
3711.047,overrun,A_leg2,4.758,-0.505,27.961,27.485,0.477,OVERRUN by 3667.11s,1,0.0500,0,-1.4475,1,0.3000,0,-1.4475,0.000,0.300
3712.089,overrun,A_leg2,4.758,-0.505,27.961,27.485,0.477,OVERRUN by 3668.15s,1,0.0500,0,-1.4475,1,0.3000,0,-1.4475,0.000,0.300
3713.108,overrun,A_leg2,4.758,-0.505,27.961,27.485,0.477,OVERRUN by 3669.17s,1,0.0500,0,-1.4475,1,0.3000,0,-1.4475,0.000,0.300
3714.128,overrun,A_leg2,4.758,-0.505,27.961,27.485,0.477,OVERRUN by 3670.19s,1,0.0500,0,-1.4475,1,0.3000,0,-1.4475,0.000,0.300
3715.164,overrun,A_leg2,4.758,-0.505,27.961,27.485,0.477,OVERRUN by 3671.23s,1,0.0500,0,-1.4475,1,0.3000,0,-1.4475,0.000,0.300
3716.191,overrun,A_leg2,4.758,-0.505,27.961,27.485,0.477,OVERRUN by 3672.25s,1,0.0500,0,-1.4475,1,0.3000,0,-1.4475,0.000,0.300
3717.218,overrun,A_leg2,4.758,-0.505,27.961,27.485,0.477,OVERRUN by 3673.28s,1,0.0500,0,-1.4475,1,0.3000,0,-1.4475,0.000,0.300
3718.251,overrun,A_leg2,4.758,-0.505,27.961,27.485,0.477,OVERRUN by 3674.32s,1,0.0500,0,-1.4475,1,0.3000,0,-1.4475,0.000,0.300
3719.281,overrun,A_leg2,4.758,-0.505,27.961,27.485,0.477,OVERRUN by 3675.34s,1,0.0500,0,-1.4475,1,0.3000,0,-1.4475,0.000,0.300
3720.304,overrun,A_leg2,4.758,-0.505,27.961,27.485,0.477,OVERRUN by 3676.37s,1,0.0500,0,-1.4475,1,0.3000,0,-1.4475,0.000,0.300
3721.324,overrun,A_leg2,4.758,-0.505,27.961,27.485,0.477,OVERRUN by 3677.39s,1,0.0500,0,-1.4475,1,0.3000,0,-1.4475,0.000,0.300
3722.357,overrun,A_leg2,4.758,-0.505,27.961,27.485,0.477,OVERRUN by 3678.42s,1,0.0500,0,-1.4475,1,0.3000,0,-1.4475,0.000,0.300
3723.385,overrun,A_leg2,4.758,-0.505,27.961,27.485,0.477,OVERRUN by 3679.45s,1,0.0500,0,-1.4475,1,0.3000,0,-1.4475,0.000,0.300
3724.423,overrun,A_leg2,4.758,-0.505,27.961,27.485,0.477,OVERRUN by 3680.49s,1,0.0500,0,-1.4475,1,0.3000,0,-1.4475,0.000,0.300
3725.448,overrun,A_leg2,4.758,-0.505,27.961,27.485,0.477,OVERRUN by 3681.51s,1,0.0500,0,-1.4475,1,0.3000,0,-1.4475,0.000,0.300
3726.469,overrun,A_leg2,4.758,-0.505,27.961,27.485,0.477,OVERRUN by 3682.53s,1,0.0500,0,-1.4475,1,0.3000,0,-1.4475,0.000,0.300
3727.496,overrun,A_leg2,4.758,-0.505,27.961,27.485,0.477,OVERRUN by 3683.56s,1,0.0500,0,-1.4475,1,0.3000,0,-1.4475,0.000,0.300
3728.537,overrun,A_leg2,4.758,-0.505,27.961,27.485,0.477,OVERRUN by 3684.60s,1,0.0500,0,-1.4475,1,0.3000,0,-1.4475,0.000,0.300
3729.576,overrun,A_leg2,4.758,-0.505,27.961,27.485,0.477,OVERRUN by 3685.64s,1,0.0500,0,-1.4475,1,0.3000,0,-1.4475,0.000,0.300
3730.601,overrun,A_leg2,4.758,-0.505,27.961,27.485,0.477,OVERRUN by 3686.66s,1,0.0500,0,-1.4475,1,0.3000,0,-1.4475,0.000,0.300
3731.624,overrun,A_leg2,4.758,-0.505,27.961,27.485,0.477,OVERRUN by 3687.69s,1,0.0500,0,-1.4475,1,0.3000,0,-1.4475,0.000,0.300
3732.660,overrun,A_leg2,4.758,-0.505,27.961,27.485,0.477,OVERRUN by 3688.72s,1,0.0500,0,-1.4475,1,0.3000,0,-1.4475,0.000,0.300
3733.686,overrun,A_leg2,4.758,-0.505,27.961,27.485,0.477,OVERRUN by 3689.75s,1,0.0500,0,-1.4475,1,0.3000,0,-1.4475,0.000,0.300
3734.713,overrun,A_leg2,4.758,-0.505,27.961,27.485,0.477,OVERRUN by 3690.78s,1,0.0500,0,-1.4475,1,0.3000,0,-1.4475,0.000,0.300
3735.750,overrun,A_leg2,4.758,-0.505,27.961,27.485,0.477,OVERRUN by 3691.81s,1,0.0500,0,-1.4475,1,0.3000,0,-1.4475,0.000,0.300
3736.773,overrun,A_leg2,4.758,-0.505,27.961,27.485,0.477,OVERRUN by 3692.84s,1,0.0500,0,-1.4475,1,0.3000,0,-1.4475,0.000,0.300
3737.808,overrun,A_leg2,4.758,-0.505,27.961,27.485,0.477,OVERRUN by 3693.87s,1,0.0500,0,-1.4475,1,0.3000,0,-1.4475,0.000,0.300
3738.849,overrun,A_leg2,4.758,-0.505,27.961,27.485,0.477,OVERRUN by 3694.91s,1,0.0500,0,-1.4475,1,0.3000,0,-1.4475,0.000,0.300
3739.871,overrun,A_leg2,4.758,-0.505,27.961,27.485,0.477,OVERRUN by 3695.94s,1,0.0500,0,-1.4475,1,0.3000,0,-1.4475,0.000,0.300
3740.900,overrun,A_leg2,4.758,-0.505,27.961,27.485,0.477,OVERRUN by 3696.96s,1,0.0500,0,-1.4475,1,0.3000,0,-1.4475,0.000,0.300
3741.936,overrun,A_leg2,4.758,-0.505,27.961,27.485,0.477,OVERRUN by 3698.00s,1,0.0500,0,-1.4475,1,0.3000,0,-1.4475,0.000,0.300
3742.964,overrun,A_leg2,4.758,-0.505,27.961,27.485,0.477,OVERRUN by 3699.03s,1,0.0500,0,-1.4475,1,0.3000,0,-1.4475,0.000,0.300
3743.986,overrun,A_leg2,4.758,-0.505,27.961,27.485,0.477,OVERRUN by 3700.05s,1,0.0500,0,-1.4475,1,0.3000,0,-1.4475,0.000,0.300
3745.017,overrun,A_leg2,4.758,-0.505,27.961,27.485,0.477,OVERRUN by 3701.08s,1,0.0500,0,-1.4475,1,0.3000,0,-1.4475,0.000,0.300
3746.055,overrun,A_leg2,4.758,-0.505,27.961,27.485,0.477,OVERRUN by 3702.12s,1,0.0500,0,-1.4475,1,0.3000,0,-1.4475,0.000,0.300
3747.082,overrun,A_leg2,4.758,-0.505,27.961,27.485,0.477,OVERRUN by 3703.15s,1,0.0500,0,-1.4475,1,0.3000,0,-1.4475,0.000,0.300
3748.095,overrun,A_leg2,4.758,-0.505,27.961,27.485,0.477,OVERRUN by 3704.16s,1,0.0500,0,-1.4475,1,0.3000,0,-1.4475,0.000,0.300
3749.133,overrun,A_leg2,4.758,-0.505,27.961,27.485,0.477,OVERRUN by 3705.20s,1,0.0500,0,-1.4475,1,0.3000,0,-1.4475,0.000,0.300
3750.163,overrun,A_leg2,4.758,-0.505,27.961,27.485,0.477,OVERRUN by 3706.23s,1,0.0500,0,-1.4475,1,0.3000,0,-1.4475,0.000,0.300
3751.187,overrun,A_leg2,4.758,-0.505,27.961,27.485,0.477,OVERRUN by 3707.25s,1,0.0500,0,-1.4475,1,0.3000,0,-1.4475,0.000,0.300
3752.213,overrun,A_leg2,4.758,-0.505,27.961,27.485,0.477,OVERRUN by 3708.28s,1,0.0500,0,-1.4475,1,0.3000,0,-1.4475,0.000,0.300
3753.248,overrun,A_leg2,4.758,-0.505,27.961,27.485,0.477,OVERRUN by 3709.31s,1,0.0500,0,-1.4475,1,0.3000,0,-1.4475,0.000,0.300
3754.287,overrun,A_leg2,4.758,-0.505,27.961,27.485,0.477,OVERRUN by 3710.35s,1,0.0500,0,-1.4475,1,0.3000,0,-1.4475,0.000,0.300
3755.320,overrun,A_leg2,4.758,-0.505,27.961,27.485,0.477,OVERRUN by 3711.38s,1,0.0500,0,-1.4475,1,0.3000,0,-1.4475,0.000,0.300
3756.349,overrun,A_leg2,4.758,-0.505,27.961,27.485,0.477,OVERRUN by 3712.41s,1,0.0500,0,-1.4475,1,0.3000,0,-1.4475,0.000,0.300
3757.381,overrun,A_leg2,4.758,-0.505,27.961,27.485,0.477,OVERRUN by 3713.44s,1,0.0500,0,-1.4475,1,0.3000,0,-1.4475,0.000,0.300
3758.397,overrun,A_leg2,4.758,-0.505,27.961,27.485,0.477,OVERRUN by 3714.46s,1,0.0500,0,-1.4475,1,0.3000,0,-1.4475,0.000,0.300
3759.434,overrun,A_leg2,4.758,-0.505,27.961,27.485,0.477,OVERRUN by 3715.50s,1,0.0500,0,-1.4475,1,0.3000,0,-1.4475,0.000,0.300
3760.465,overrun,A_leg2,4.758,-0.505,27.961,27.485,0.477,OVERRUN by 3716.53s,1,0.0500,0,-1.4475,1,0.3000,0,-1.4475,0.000,0.300
3761.492,overrun,A_leg2,4.758,-0.505,27.961,27.485,0.477,OVERRUN by 3717.56s,1,0.0500,0,-1.4475,1,0.3000,0,-1.4475,0.000,0.300
3762.526,overrun,A_leg2,4.758,-0.505,27.961,27.485,0.477,OVERRUN by 3718.59s,1,0.0500,0,-1.4475,1,0.3000,0,-1.4475,0.000,0.300
3763.544,overrun,A_leg2,4.758,-0.505,27.961,27.485,0.477,OVERRUN by 3719.61s,1,0.0500,0,-1.4475,1,0.3000,0,-1.4475,0.000,0.300
3764.584,overrun,A_leg2,4.758,-0.505,27.961,27.485,0.477,OVERRUN by 3720.65s,1,0.0500,0,-1.4475,1,0.3000,0,-1.4475,0.000,0.300
3765.610,overrun,A_leg2,4.758,-0.505,27.961,27.485,0.477,OVERRUN by 3721.67s,1,0.0500,0,-1.4475,1,0.3000,0,-1.4475,0.000,0.300
3766.632,overrun,A_leg2,4.758,-0.505,27.961,27.485,0.477,OVERRUN by 3722.70s,1,0.0500,0,-1.4475,1,0.3000,0,-1.4475,0.000,0.300
3767.668,overrun,A_leg2,4.758,-0.505,27.961,27.485,0.477,OVERRUN by 3723.73s,1,0.0500,0,-1.4475,1,0.3000,0,-1.4475,0.000,0.300
3768.704,overrun,A_leg2,4.758,-0.505,27.961,27.485,0.477,OVERRUN by 3724.77s,1,0.0500,0,-1.4475,1,0.3000,0,-1.4475,0.000,0.300
3769.735,overrun,A_leg2,4.758,-0.505,27.961,27.485,0.477,OVERRUN by 3725.80s,1,0.0500,0,-1.4475,1,0.3000,0,-1.4475,0.000,0.300
3770.768,overrun,A_leg2,4.758,-0.505,27.961,27.485,0.477,OVERRUN by 3726.83s,1,0.0500,0,-1.4475,1,0.3000,0,-1.4475,0.000,0.300
3771.803,overrun,A_leg2,4.758,-0.505,27.961,27.485,0.477,OVERRUN by 3727.87s,1,0.0500,0,-1.4475,1,0.3000,0,-1.4475,0.000,0.300
3772.837,overrun,A_leg2,4.758,-0.505,27.961,27.485,0.477,OVERRUN by 3728.90s,1,0.0500,0,-1.4475,1,0.3000,0,-1.4475,0.000,0.300
3773.876,overrun,A_leg2,4.758,-0.505,27.961,27.485,0.477,OVERRUN by 3729.94s,1,0.0500,0,-1.4475,1,0.3000,0,-1.4475,0.000,0.300
3774.892,overrun,A_leg2,4.758,-0.505,27.961,27.485,0.477,OVERRUN by 3730.96s,1,0.0500,0,-1.4475,1,0.3000,0,-1.4475,0.000,0.300
3775.923,overrun,A_leg2,4.758,-0.505,27.961,27.485,0.477,OVERRUN by 3731.99s,1,0.0500,0,-1.4475,1,0.3000,0,-1.4475,0.000,0.300
3776.948,overrun,A_leg2,4.758,-0.505,27.961,27.485,0.477,OVERRUN by 3733.01s,1,0.0500,0,-1.4475,1,0.3000,0,-1.4475,0.000,0.300
3777.986,overrun,A_leg2,4.758,-0.505,27.961,27.485,0.477,OVERRUN by 3734.05s,1,0.0500,0,-1.4475,1,0.3000,0,-1.4475,0.000,0.300
3779.012,overrun,A_leg2,4.758,-0.505,27.961,27.485,0.477,OVERRUN by 3735.08s,1,0.0500,0,-1.4475,1,0.3000,0,-1.4475,0.000,0.300
3780.045,overrun,A_leg2,4.758,-0.505,27.961,27.485,0.477,OVERRUN by 3736.11s,1,0.0500,0,-1.4475,1,0.3000,0,-1.4475,0.000,0.300
3781.066,overrun,A_leg2,4.758,-0.505,27.961,27.485,0.477,OVERRUN by 3737.13s,1,0.0500,0,-1.4475,1,0.3000,0,-1.4475,0.000,0.300
3782.088,overrun,A_leg2,4.758,-0.505,27.961,27.485,0.477,OVERRUN by 3738.15s,1,0.0500,0,-1.4475,1,0.3000,0,-1.4475,0.000,0.300
3783.120,overrun,A_leg2,4.758,-0.505,27.961,27.485,0.477,OVERRUN by 3739.18s,1,0.0500,0,-1.4475,1,0.3000,0,-1.4475,0.000,0.300
3784.149,overrun,A_leg2,4.758,-0.505,27.961,27.485,0.477,OVERRUN by 3740.21s,1,0.0500,0,-1.4475,1,0.3000,0,-1.4475,0.000,0.300
3785.172,overrun,A_leg2,4.758,-0.505,27.961,27.485,0.477,OVERRUN by 3741.24s,1,0.0500,0,-1.4475,1,0.3000,0,-1.4475,0.000,0.300
3786.199,overrun,A_leg2,4.758,-0.505,27.961,27.485,0.477,OVERRUN by 3742.26s,1,0.0500,0,-1.4475,1,0.3000,0,-1.4475,0.000,0.300
3787.224,overrun,A_leg2,4.758,-0.505,27.961,27.485,0.477,OVERRUN by 3743.29s,1,0.0500,0,-1.4475,1,0.3000,0,-1.4475,0.000,0.300
3788.249,overrun,A_leg2,4.758,-0.505,27.961,27.485,0.477,OVERRUN by 3744.31s,1,0.0500,0,-1.4475,1,0.3000,0,-1.4475,0.000,0.300
3789.278,overrun,A_leg2,4.758,-0.505,27.961,27.485,0.477,OVERRUN by 3745.34s,1,0.0500,0,-1.4475,1,0.3000,0,-1.4475,0.000,0.300
3790.312,overrun,A_leg2,4.758,-0.505,27.961,27.485,0.477,OVERRUN by 3746.38s,1,0.0500,0,-1.4475,1,0.3000,0,-1.4475,0.000,0.300
3791.339,overrun,A_leg2,4.758,-0.505,27.961,27.485,0.477,OVERRUN by 3747.40s,1,0.0500,0,-1.4475,1,0.3000,0,-1.4475,0.000,0.300
3792.363,overrun,A_leg2,4.758,-0.505,27.961,27.485,0.477,OVERRUN by 3748.43s,1,0.0500,0,-1.4475,1,0.3000,0,-1.4475,0.000,0.300
3793.396,overrun,A_leg2,4.758,-0.505,27.961,27.485,0.477,OVERRUN by 3749.46s,1,0.0500,0,-1.4475,1,0.3000,0,-1.4475,0.000,0.300
3794.429,overrun,A_leg2,4.758,-0.505,27.961,27.485,0.477,OVERRUN by 3750.49s,1,0.0500,0,-1.4475,1,0.3000,0,-1.4475,0.000,0.300
3795.469,overrun,A_leg2,4.758,-0.505,27.961,27.485,0.477,OVERRUN by 3751.53s,1,0.0500,0,-1.4475,1,0.3000,0,-1.4475,0.000,0.300
3796.505,overrun,A_leg2,4.758,-0.505,27.961,27.485,0.477,OVERRUN by 3752.57s,1,0.0500,0,-1.4475,1,0.3000,0,-1.4475,0.000,0.300
3797.538,overrun,A_leg2,4.758,-0.505,27.961,27.485,0.477,OVERRUN by 3753.60s,1,0.0500,0,-1.4475,1,0.3000,0,-1.4475,0.000,0.300
3798.566,overrun,A_leg2,4.758,-0.505,27.961,27.485,0.477,OVERRUN by 3754.63s,1,0.0500,0,-1.4475,1,0.3000,0,-1.4475,0.000,0.300
3799.592,overrun,A_leg2,4.758,-0.505,27.961,27.485,0.477,OVERRUN by 3755.66s,1,0.0500,0,-1.4475,1,0.3000,0,-1.4475,0.000,0.300
3800.620,overrun,A_leg2,4.758,-0.505,27.961,27.485,0.477,OVERRUN by 3756.68s,1,0.0500,0,-1.4475,1,0.3000,0,-1.4475,0.000,0.300
3801.653,overrun,A_leg2,4.758,-0.505,27.961,27.485,0.477,OVERRUN by 3757.72s,1,0.0500,0,-1.4475,1,0.3000,0,-1.4475,0.000,0.300
3802.681,overrun,A_leg2,4.758,-0.505,27.961,27.485,0.477,OVERRUN by 3758.74s,1,0.0500,0,-1.4475,1,0.3000,0,-1.4475,0.000,0.300
3803.714,overrun,A_leg2,4.758,-0.505,27.961,27.485,0.477,OVERRUN by 3759.78s,1,0.0500,0,-1.4475,1,0.3000,0,-1.4475,0.000,0.300
3804.751,overrun,A_leg2,4.758,-0.505,27.961,27.485,0.477,OVERRUN by 3760.82s,1,0.0500,0,-1.4475,1,0.3000,0,-1.4475,0.000,0.300
3805.775,overrun,A_leg2,4.758,-0.505,27.961,27.485,0.477,OVERRUN by 3761.84s,1,0.0500,0,-1.4475,1,0.3000,0,-1.4475,0.000,0.300
3806.797,overrun,A_leg2,4.758,-0.505,27.961,27.485,0.477,OVERRUN by 3762.86s,1,0.0500,0,-1.4475,1,0.3000,0,-1.4475,0.000,0.300
3807.827,overrun,A_leg2,4.758,-0.505,27.961,27.485,0.477,OVERRUN by 3763.89s,1,0.0500,0,-1.4475,1,0.3000,0,-1.4475,0.000,0.300
3808.871,overrun,A_leg2,4.758,-0.505,27.961,27.485,0.477,OVERRUN by 3764.93s,1,0.0500,0,-1.4475,1,0.3000,0,-1.4475,0.000,0.300
3809.903,overrun,A_leg2,4.758,-0.505,27.961,27.485,0.477,OVERRUN by 3765.97s,1,0.0500,0,-1.4475,1,0.3000,0,-1.4475,0.000,0.300
3810.925,overrun,A_leg2,4.758,-0.505,27.961,27.485,0.477,OVERRUN by 3766.99s,1,0.0500,0,-1.4475,1,0.3000,0,-1.4475,0.000,0.300
3811.957,overrun,A_leg2,4.758,-0.505,27.961,27.485,0.477,OVERRUN by 3768.02s,1,0.0500,0,-1.4475,1,0.3000,0,-1.4475,0.000,0.300
3812.989,overrun,A_leg2,4.758,-0.505,27.961,27.485,0.477,OVERRUN by 3769.05s,1,0.0500,0,-1.4475,1,0.3000,0,-1.4475,0.000,0.300
3814.026,overrun,A_leg2,4.758,-0.505,27.961,27.485,0.477,OVERRUN by 3770.09s,1,0.0500,0,-1.4475,1,0.3000,0,-1.4475,0.000,0.300
3815.058,overrun,A_leg2,4.758,-0.505,27.961,27.485,0.477,OVERRUN by 3771.12s,1,0.0500,0,-1.4475,1,0.3000,0,-1.4475,0.000,0.300
3816.090,overrun,A_leg2,4.758,-0.505,27.961,27.485,0.477,OVERRUN by 3772.15s,1,0.0500,0,-1.4475,1,0.3000,0,-1.4475,0.000,0.300
3817.116,overrun,A_leg2,4.758,-0.505,27.961,27.485,0.477,OVERRUN by 3773.18s,1,0.0500,0,-1.4475,1,0.3000,0,-1.4475,0.000,0.300
3818.141,overrun,A_leg2,4.758,-0.505,27.961,27.485,0.477,OVERRUN by 3774.20s,1,0.0500,0,-1.4475,1,0.3000,0,-1.4475,0.000,0.300
3819.171,overrun,A_leg2,4.758,-0.505,27.961,27.485,0.477,OVERRUN by 3775.23s,1,0.0500,0,-1.4475,1,0.3000,0,-1.4475,0.000,0.300
3820.189,overrun,A_leg2,4.758,-0.505,27.961,27.485,0.477,OVERRUN by 3776.25s,1,0.0500,0,-1.4475,1,0.3000,0,-1.4475,0.000,0.300
3821.226,overrun,A_leg2,4.758,-0.505,27.961,27.485,0.477,OVERRUN by 3777.29s,1,0.0500,0,-1.4475,1,0.3000,0,-1.4475,0.000,0.300
3822.264,overrun,A_leg2,4.758,-0.505,27.961,27.485,0.477,OVERRUN by 3778.33s,1,0.0500,0,-1.4475,1,0.3000,0,-1.4475,0.000,0.300
3823.299,overrun,A_leg2,4.758,-0.505,27.961,27.485,0.477,OVERRUN by 3779.36s,1,0.0500,0,-1.4475,1,0.3000,0,-1.4475,0.000,0.300
3824.341,overrun,A_leg2,4.758,-0.505,27.961,27.485,0.477,OVERRUN by 3780.40s,1,0.0500,0,-1.4475,1,0.3000,0,-1.4475,0.000,0.300
3825.359,overrun,A_leg2,4.758,-0.505,27.961,27.485,0.477,OVERRUN by 3781.42s,1,0.0500,0,-1.4475,1,0.3000,0,-1.4475,0.000,0.300
3826.385,overrun,A_leg2,4.758,-0.505,27.961,27.485,0.477,OVERRUN by 3782.45s,1,0.0500,0,-1.4475,1,0.3000,0,-1.4475,0.000,0.300
3827.414,overrun,A_leg2,4.758,-0.505,27.961,27.485,0.477,OVERRUN by 3783.48s,1,0.0500,0,-1.4475,1,0.3000,0,-1.4475,0.000,0.300
3828.429,overrun,A_leg2,4.758,-0.505,27.961,27.485,0.477,OVERRUN by 3784.49s,1,0.0500,0,-1.4475,1,0.3000,0,-1.4475,0.000,0.300
3829.454,overrun,A_leg2,4.758,-0.505,27.961,27.485,0.477,OVERRUN by 3785.52s,1,0.0500,0,-1.4475,1,0.3000,0,-1.4475,0.000,0.300
3830.487,overrun,A_leg2,4.758,-0.505,27.961,27.485,0.477,OVERRUN by 3786.55s,1,0.0500,0,-1.4475,1,0.3000,0,-1.4475,0.000,0.300
3831.517,overrun,A_leg2,4.758,-0.505,27.961,27.485,0.477,OVERRUN by 3787.58s,1,0.0500,0,-1.4475,1,0.3000,0,-1.4475,0.000,0.300
3832.551,overrun,A_leg2,4.758,-0.505,27.961,27.485,0.477,OVERRUN by 3788.61s,1,0.0500,0,-1.4475,1,0.3000,0,-1.4475,0.000,0.300
3833.584,overrun,A_leg2,4.758,-0.505,27.961,27.485,0.477,OVERRUN by 3789.65s,1,0.0500,0,-1.4475,1,0.3000,0,-1.4475,0.000,0.300
3834.607,overrun,A_leg2,4.758,-0.505,27.961,27.485,0.477,OVERRUN by 3790.67s,1,0.0500,0,-1.4475,1,0.3000,0,-1.4475,0.000,0.300
3835.617,overrun,A_leg2,4.758,-0.505,27.961,27.485,0.477,OVERRUN by 3791.68s,1,0.0500,0,-1.4475,1,0.3000,0,-1.4475,0.000,0.300
3836.645,overrun,A_leg2,4.758,-0.505,27.961,27.485,0.477,OVERRUN by 3792.71s,1,0.0500,0,-1.4475,1,0.3000,0,-1.4475,0.000,0.300
3837.674,overrun,A_leg2,4.758,-0.505,27.961,27.485,0.477,OVERRUN by 3793.74s,1,0.0500,0,-1.4475,1,0.3000,0,-1.4475,0.000,0.300
3838.700,overrun,A_leg2,4.758,-0.505,27.961,27.485,0.477,OVERRUN by 3794.76s,1,0.0500,0,-1.4475,1,0.3000,0,-1.4475,0.000,0.300
3839.737,overrun,A_leg2,4.758,-0.505,27.961,27.485,0.477,OVERRUN by 3795.80s,1,0.0500,0,-1.4475,1,0.3000,0,-1.4475,0.000,0.300
3840.766,overrun,A_leg2,4.758,-0.505,27.961,27.485,0.477,OVERRUN by 3796.83s,1,0.0500,0,-1.4475,1,0.3000,0,-1.4475,0.000,0.300
3841.797,overrun,A_leg2,4.758,-0.505,27.961,27.485,0.477,OVERRUN by 3797.86s,1,0.0500,0,-1.4475,1,0.3000,0,-1.4475,0.000,0.300
3842.824,overrun,A_leg2,4.758,-0.505,27.961,27.485,0.477,OVERRUN by 3798.89s,1,0.0500,0,-1.4475,1,0.3000,0,-1.4475,0.000,0.300
3843.846,overrun,A_leg2,4.758,-0.505,27.961,27.485,0.477,OVERRUN by 3799.91s,1,0.0500,0,-1.4475,1,0.3000,0,-1.4475,0.000,0.300
3844.873,overrun,A_leg2,4.758,-0.505,27.961,27.485,0.477,OVERRUN by 3800.94s,1,0.0500,0,-1.4475,1,0.3000,0,-1.4475,0.000,0.300
3845.904,overrun,A_leg2,4.758,-0.505,27.961,27.485,0.477,OVERRUN by 3801.97s,1,0.0500,0,-1.4475,1,0.3000,0,-1.4475,0.000,0.300
3846.934,overrun,A_leg2,4.758,-0.505,27.961,27.485,0.477,OVERRUN by 3803.00s,1,0.0500,0,-1.4475,1,0.3000,0,-1.4475,0.000,0.300
3847.954,overrun,A_leg2,4.758,-0.505,27.961,27.485,0.477,OVERRUN by 3804.02s,1,0.0500,0,-1.4475,1,0.3000,0,-1.4475,0.000,0.300
3848.982,overrun,A_leg2,4.758,-0.505,27.961,27.485,0.477,OVERRUN by 3805.05s,1,0.0500,0,-1.4475,1,0.3000,0,-1.4475,0.000,0.300
3850.012,overrun,A_leg2,4.758,-0.505,27.961,27.485,0.477,OVERRUN by 3806.08s,1,0.0500,0,-1.4475,1,0.3000,0,-1.4475,0.000,0.300
3851.046,overrun,A_leg2,4.758,-0.505,27.961,27.485,0.477,OVERRUN by 3807.11s,1,0.0500,0,-1.4475,1,0.3000,0,-1.4475,0.000,0.300
3852.082,overrun,A_leg2,4.758,-0.505,27.961,27.485,0.477,OVERRUN by 3808.15s,1,0.0500,0,-1.4475,1,0.3000,0,-1.4475,0.000,0.300
3853.112,overrun,A_leg2,4.758,-0.505,27.961,27.485,0.477,OVERRUN by 3809.18s,1,0.0500,0,-1.4475,1,0.3000,0,-1.4475,0.000,0.300
3854.151,overrun,A_leg2,4.758,-0.505,27.961,27.485,0.477,OVERRUN by 3810.21s,1,0.0500,0,-1.4475,1,0.3000,0,-1.4475,0.000,0.300
3855.190,overrun,A_leg2,4.758,-0.505,27.961,27.485,0.477,OVERRUN by 3811.25s,1,0.0500,0,-1.4475,1,0.3000,0,-1.4475,0.000,0.300
3856.220,overrun,A_leg2,4.758,-0.505,27.961,27.485,0.477,OVERRUN by 3812.28s,1,0.0500,0,-1.4475,1,0.3000,0,-1.4475,0.000,0.300
3857.254,overrun,A_leg2,4.758,-0.505,27.961,27.485,0.477,OVERRUN by 3813.32s,1,0.0500,0,-1.4475,1,0.3000,0,-1.4475,0.000,0.300
3858.280,overrun,A_leg2,4.758,-0.505,27.961,27.485,0.477,OVERRUN by 3814.34s,1,0.0500,0,-1.4475,1,0.3000,0,-1.4475,0.000,0.300
3859.319,overrun,A_leg2,4.758,-0.505,27.961,27.485,0.477,OVERRUN by 3815.38s,1,0.0500,0,-1.4475,1,0.3000,0,-1.4475,0.000,0.300
3860.349,overrun,A_leg2,4.758,-0.505,27.961,27.485,0.477,OVERRUN by 3816.41s,1,0.0500,0,-1.4475,1,0.3000,0,-1.4475,0.000,0.300
3861.384,overrun,A_leg2,4.758,-0.505,27.961,27.485,0.477,OVERRUN by 3817.45s,1,0.0500,0,-1.4475,1,0.3000,0,-1.4475,0.000,0.300
3862.416,overrun,A_leg2,4.758,-0.505,27.961,27.485,0.477,OVERRUN by 3818.48s,1,0.0500,0,-1.4475,1,0.3000,0,-1.4475,0.000,0.300
3863.456,overrun,A_leg2,4.758,-0.505,27.961,27.485,0.477,OVERRUN by 3819.52s,1,0.0500,0,-1.4475,1,0.3000,0,-1.4475,0.000,0.300
3864.479,overrun,A_leg2,4.758,-0.505,27.961,27.485,0.477,OVERRUN by 3820.54s,1,0.0500,0,-1.4475,1,0.3000,0,-1.4475,0.000,0.300
3865.521,overrun,A_leg2,4.758,-0.505,27.961,27.485,0.477,OVERRUN by 3821.58s,1,0.0500,0,-1.4475,1,0.3000,0,-1.4475,0.000,0.300
3866.550,overrun,A_leg2,4.758,-0.505,27.961,27.485,0.477,OVERRUN by 3822.61s,1,0.0500,0,-1.4475,1,0.3000,0,-1.4475,0.000,0.300
3867.582,overrun,A_leg2,4.758,-0.505,27.961,27.485,0.477,OVERRUN by 3823.65s,1,0.0500,0,-1.4475,1,0.3000,0,-1.4475,0.000,0.300
3868.612,overrun,A_leg2,4.758,-0.505,27.961,27.485,0.477,OVERRUN by 3824.68s,1,0.0500,0,-1.4475,1,0.3000,0,-1.4475,0.000,0.300
3869.644,overrun,A_leg2,4.758,-0.505,27.961,27.485,0.477,OVERRUN by 3825.71s,1,0.0500,0,-1.4475,1,0.3000,0,-1.4475,0.000,0.300
3870.674,overrun,A_leg2,4.758,-0.505,27.961,27.485,0.477,OVERRUN by 3826.74s,1,0.0500,0,-1.4475,1,0.3000,0,-1.4475,0.000,0.300
3871.697,overrun,A_leg2,4.758,-0.505,27.961,27.485,0.477,OVERRUN by 3827.76s,1,0.0500,0,-1.4475,1,0.3000,0,-1.4475,0.000,0.300
3872.721,overrun,A_leg2,4.758,-0.505,27.961,27.485,0.477,OVERRUN by 3828.79s,1,0.0500,0,-1.4475,1,0.3000,0,-1.4475,0.000,0.300
3873.745,overrun,A_leg2,4.758,-0.505,27.961,27.485,0.477,OVERRUN by 3829.81s,1,0.0500,0,-1.4475,1,0.3000,0,-1.4475,0.000,0.300
3874.775,overrun,A_leg2,4.758,-0.505,27.961,27.485,0.477,OVERRUN by 3830.84s,1,0.0500,0,-1.4475,1,0.3000,0,-1.4475,0.000,0.300
3875.804,overrun,A_leg2,4.758,-0.505,27.961,27.485,0.477,OVERRUN by 3831.87s,1,0.0500,0,-1.4475,1,0.3000,0,-1.4475,0.000,0.300
3876.839,overrun,A_leg2,4.758,-0.505,27.961,27.485,0.477,OVERRUN by 3832.90s,1,0.0500,0,-1.4475,1,0.3000,0,-1.4475,0.000,0.300
3877.865,overrun,A_leg2,4.758,-0.505,27.961,27.485,0.477,OVERRUN by 3833.93s,1,0.0500,0,-1.4475,1,0.3000,0,-1.4475,0.000,0.300
3878.890,overrun,A_leg2,4.758,-0.505,27.961,27.485,0.477,OVERRUN by 3834.95s,1,0.0500,0,-1.4475,1,0.3000,0,-1.4475,0.000,0.300
3879.912,overrun,A_leg2,4.758,-0.505,27.961,27.485,0.477,OVERRUN by 3835.98s,1,0.0500,0,-1.4475,1,0.3000,0,-1.4475,0.000,0.300
3880.942,overrun,A_leg2,4.758,-0.505,27.961,27.485,0.477,OVERRUN by 3837.01s,1,0.0500,0,-1.4475,1,0.3000,0,-1.4475,0.000,0.300
3881.970,overrun,A_leg2,4.758,-0.505,27.961,27.485,0.477,OVERRUN by 3838.03s,1,0.0500,0,-1.4475,1,0.3000,0,-1.4475,0.000,0.300
3883.007,overrun,A_leg2,4.758,-0.505,27.961,27.485,0.477,OVERRUN by 3839.07s,1,0.0500,0,-1.4475,1,0.3000,0,-1.4475,0.000,0.300
3884.038,overrun,A_leg2,4.758,-0.505,27.961,27.485,0.477,OVERRUN by 3840.10s,1,0.0500,0,-1.4475,1,0.3000,0,-1.4475,0.000,0.300
3885.074,overrun,A_leg2,4.758,-0.505,27.961,27.485,0.477,OVERRUN by 3841.14s,1,0.0500,0,-1.4475,1,0.3000,0,-1.4475,0.000,0.300
3886.111,overrun,A_leg2,4.758,-0.505,27.961,27.485,0.477,OVERRUN by 3842.17s,1,0.0500,0,-1.4475,1,0.3000,0,-1.4475,0.000,0.300
3887.137,overrun,A_leg2,4.758,-0.505,27.961,27.485,0.477,OVERRUN by 3843.20s,1,0.0500,0,-1.4475,1,0.3000,0,-1.4475,0.000,0.300
3888.166,overrun,A_leg2,4.758,-0.505,27.961,27.485,0.477,OVERRUN by 3844.23s,1,0.0500,0,-1.4475,1,0.3000,0,-1.4475,0.000,0.300
3889.190,overrun,A_leg2,4.758,-0.505,27.961,27.485,0.477,OVERRUN by 3845.25s,1,0.0500,0,-1.4475,1,0.3000,0,-1.4475,0.000,0.300
3890.229,overrun,A_leg2,4.758,-0.505,27.961,27.485,0.477,OVERRUN by 3846.29s,1,0.0500,0,-1.4475,1,0.3000,0,-1.4475,0.000,0.300
3891.268,overrun,A_leg2,4.758,-0.505,27.961,27.485,0.477,OVERRUN by 3847.33s,1,0.0500,0,-1.4475,1,0.3000,0,-1.4475,0.000,0.300
3892.295,overrun,A_leg2,4.758,-0.505,27.961,27.485,0.477,OVERRUN by 3848.36s,1,0.0500,0,-1.4475,1,0.3000,0,-1.4475,0.000,0.300
3893.320,overrun,A_leg2,4.758,-0.505,27.961,27.485,0.477,OVERRUN by 3849.38s,1,0.0500,0,-1.4475,1,0.3000,0,-1.4475,0.000,0.300
3894.345,overrun,A_leg2,4.758,-0.505,27.961,27.485,0.477,OVERRUN by 3850.41s,1,0.0500,0,-1.4475,1,0.3000,0,-1.4475,0.000,0.300
3895.378,overrun,A_leg2,4.758,-0.505,27.961,27.485,0.477,OVERRUN by 3851.44s,1,0.0500,0,-1.4475,1,0.3000,0,-1.4475,0.000,0.300
3896.422,overrun,A_leg2,4.758,-0.505,27.961,27.485,0.477,OVERRUN by 3852.49s,1,0.0500,0,-1.4475,1,0.3000,0,-1.4475,0.000,0.300
3897.451,overrun,A_leg2,4.758,-0.505,27.961,27.485,0.477,OVERRUN by 3853.52s,1,0.0500,0,-1.4475,1,0.3000,0,-1.4475,0.000,0.300
3898.496,overrun,A_leg2,4.758,-0.505,27.961,27.485,0.477,OVERRUN by 3854.56s,1,0.0500,0,-1.4475,1,0.3000,0,-1.4475,0.000,0.300
3899.528,overrun,A_leg2,4.758,-0.505,27.961,27.485,0.477,OVERRUN by 3855.59s,1,0.0500,0,-1.4475,1,0.3000,0,-1.4475,0.000,0.300
3900.559,overrun,A_leg2,4.758,-0.505,27.961,27.485,0.477,OVERRUN by 3856.62s,1,0.0500,0,-1.4475,1,0.3000,0,-1.4475,0.000,0.300
3901.587,overrun,A_leg2,4.758,-0.505,27.961,27.485,0.477,OVERRUN by 3857.65s,1,0.0500,0,-1.4475,1,0.3000,0,-1.4475,0.000,0.300
3902.623,overrun,A_leg2,4.758,-0.505,27.961,27.485,0.477,OVERRUN by 3858.69s,1,0.0500,0,-1.4475,1,0.3000,0,-1.4475,0.000,0.300
3903.659,overrun,A_leg2,4.758,-0.505,27.961,27.485,0.477,OVERRUN by 3859.72s,1,0.0500,0,-1.4475,1,0.3000,0,-1.4475,0.000,0.300
3904.694,overrun,A_leg2,4.758,-0.505,27.961,27.485,0.477,OVERRUN by 3860.76s,1,0.0500,0,-1.4475,1,0.3000,0,-1.4475,0.000,0.300
3905.725,overrun,A_leg2,4.758,-0.505,27.961,27.485,0.477,OVERRUN by 3861.79s,1,0.0500,0,-1.4475,1,0.3000,0,-1.4475,0.000,0.300
3906.764,overrun,A_leg2,4.758,-0.505,27.961,27.485,0.477,OVERRUN by 3862.83s,1,0.0500,0,-1.4475,1,0.3000,0,-1.4475,0.000,0.300
3907.801,overrun,A_leg2,4.758,-0.505,27.961,27.485,0.477,OVERRUN by 3863.87s,1,0.0500,0,-1.4475,1,0.3000,0,-1.4475,0.000,0.300
3908.837,overrun,A_leg2,4.758,-0.505,27.961,27.485,0.477,OVERRUN by 3864.90s,1,0.0500,0,-1.4475,1,0.3000,0,-1.4475,0.000,0.300
3909.863,overrun,A_leg2,4.758,-0.505,27.961,27.485,0.477,OVERRUN by 3865.93s,1,0.0500,0,-1.4475,1,0.3000,0,-1.4475,0.000,0.300
3910.899,overrun,A_leg2,4.758,-0.505,27.961,27.485,0.477,OVERRUN by 3866.96s,1,0.0500,0,-1.4475,1,0.3000,0,-1.4475,0.000,0.300
3911.931,overrun,A_leg2,4.758,-0.505,27.961,27.485,0.477,OVERRUN by 3868.00s,1,0.0500,0,-1.4475,1,0.3000,0,-1.4475,0.000,0.300
3912.965,overrun,A_leg2,4.758,-0.505,27.961,27.485,0.477,OVERRUN by 3869.03s,1,0.0500,0,-1.4475,1,0.3000,0,-1.4475,0.000,0.300
3913.994,overrun,A_leg2,4.758,-0.505,27.961,27.485,0.477,OVERRUN by 3870.06s,1,0.0500,0,-1.4475,1,0.3000,0,-1.4475,0.000,0.300
3915.027,overrun,A_leg2,4.758,-0.505,27.961,27.485,0.477,OVERRUN by 3871.09s,1,0.0500,0,-1.4475,1,0.3000,0,-1.4475,0.000,0.300
3916.052,overrun,A_leg2,4.758,-0.505,27.961,27.485,0.477,OVERRUN by 3872.12s,1,0.0500,0,-1.4475,1,0.3000,0,-1.4475,0.000,0.300
3917.090,overrun,A_leg2,4.758,-0.505,27.961,27.485,0.477,OVERRUN by 3873.15s,1,0.0500,0,-1.4475,1,0.3000,0,-1.4475,0.000,0.300
3918.119,overrun,A_leg2,4.758,-0.505,27.961,27.485,0.477,OVERRUN by 3874.18s,1,0.0500,0,-1.4475,1,0.3000,0,-1.4475,0.000,0.300
3919.149,overrun,A_leg2,4.758,-0.505,27.961,27.485,0.477,OVERRUN by 3875.21s,1,0.0500,0,-1.4475,1,0.3000,0,-1.4475,0.000,0.300
3920.187,overrun,A_leg2,4.758,-0.505,27.961,27.485,0.477,OVERRUN by 3876.25s,1,0.0500,0,-1.4475,1,0.3000,0,-1.4475,0.000,0.300
3921.207,overrun,A_leg2,4.758,-0.505,27.961,27.485,0.477,OVERRUN by 3877.27s,1,0.0500,0,-1.4475,1,0.3000,0,-1.4475,0.000,0.300
3922.241,overrun,A_leg2,4.758,-0.505,27.961,27.485,0.477,OVERRUN by 3878.30s,1,0.0500,0,-1.4475,1,0.3000,0,-1.4475,0.000,0.300
3923.269,overrun,A_leg2,4.758,-0.505,27.961,27.485,0.477,OVERRUN by 3879.33s,1,0.0500,0,-1.4475,1,0.3000,0,-1.4475,0.000,0.300
3924.306,overrun,A_leg2,4.758,-0.505,27.961,27.485,0.477,OVERRUN by 3880.37s,1,0.0500,0,-1.4475,1,0.3000,0,-1.4475,0.000,0.300
3925.340,overrun,A_leg2,4.758,-0.505,27.961,27.485,0.477,OVERRUN by 3881.40s,1,0.0500,0,-1.4475,1,0.3000,0,-1.4475,0.000,0.300
3926.369,overrun,A_leg2,4.758,-0.505,27.961,27.485,0.477,OVERRUN by 3882.43s,1,0.0500,0,-1.4475,1,0.3000,0,-1.4475,0.000,0.300
3927.401,overrun,A_leg2,4.758,-0.505,27.961,27.485,0.477,OVERRUN by 3883.47s,1,0.0500,0,-1.4475,1,0.3000,0,-1.4475,0.000,0.300
3928.421,overrun,A_leg2,4.758,-0.505,27.961,27.485,0.477,OVERRUN by 3884.48s,1,0.0500,0,-1.4475,1,0.3000,0,-1.4475,0.000,0.300
3929.455,overrun,A_leg2,4.758,-0.505,27.961,27.485,0.477,OVERRUN by 3885.52s,1,0.0500,0,-1.4475,1,0.3000,0,-1.4475,0.000,0.300
3930.487,overrun,A_leg2,4.758,-0.505,27.961,27.485,0.477,OVERRUN by 3886.55s,1,0.0500,0,-1.4475,1,0.3000,0,-1.4475,0.000,0.300
3931.524,overrun,A_leg2,4.758,-0.505,27.961,27.485,0.477,OVERRUN by 3887.59s,1,0.0500,0,-1.4475,1,0.3000,0,-1.4475,0.000,0.300
3932.562,overrun,A_leg2,4.758,-0.505,27.961,27.485,0.477,OVERRUN by 3888.63s,1,0.0500,0,-1.4475,1,0.3000,0,-1.4475,0.000,0.300
3933.596,overrun,A_leg2,4.758,-0.505,27.961,27.485,0.477,OVERRUN by 3889.66s,1,0.0500,0,-1.4475,1,0.3000,0,-1.4475,0.000,0.300
3934.630,overrun,A_leg2,4.758,-0.505,27.961,27.485,0.477,OVERRUN by 3890.69s,1,0.0500,0,-1.4475,1,0.3000,0,-1.4475,0.000,0.300
3935.660,overrun,A_leg2,4.758,-0.505,27.961,27.485,0.477,OVERRUN by 3891.72s,1,0.0500,0,-1.4475,1,0.3000,0,-1.4475,0.000,0.300
3936.692,overrun,A_leg2,4.758,-0.505,27.961,27.485,0.477,OVERRUN by 3892.76s,1,0.0500,0,-1.4475,1,0.3000,0,-1.4475,0.000,0.300
3937.732,overrun,A_leg2,4.758,-0.505,27.961,27.485,0.477,OVERRUN by 3893.80s,1,0.0500,0,-1.4475,1,0.3000,0,-1.4475,0.000,0.300
3938.759,overrun,A_leg2,4.758,-0.505,27.961,27.485,0.477,OVERRUN by 3894.82s,1,0.0500,0,-1.4475,1,0.3000,0,-1.4475,0.000,0.300
3939.795,overrun,A_leg2,4.758,-0.505,27.961,27.485,0.477,OVERRUN by 3895.86s,1,0.0500,0,-1.4475,1,0.3000,0,-1.4475,0.000,0.300
3940.826,overrun,A_leg2,4.758,-0.505,27.961,27.485,0.477,OVERRUN by 3896.89s,1,0.0500,0,-1.4475,1,0.3000,0,-1.4475,0.000,0.300
3941.860,overrun,A_leg2,4.758,-0.505,27.961,27.485,0.477,OVERRUN by 3897.92s,1,0.0500,0,-1.4475,1,0.3000,0,-1.4475,0.000,0.300
3942.890,overrun,A_leg2,4.758,-0.505,27.961,27.485,0.477,OVERRUN by 3898.95s,1,0.0500,0,-1.4475,1,0.3000,0,-1.4475,0.000,0.300
3943.926,overrun,A_leg2,4.758,-0.505,27.961,27.485,0.477,OVERRUN by 3899.99s,1,0.0500,0,-1.4475,1,0.3000,0,-1.4475,0.000,0.300
3944.962,overrun,A_leg2,4.758,-0.505,27.961,27.485,0.477,OVERRUN by 3901.03s,1,0.0500,0,-1.4475,1,0.3000,0,-1.4475,0.000,0.300
3945.987,overrun,A_leg2,4.758,-0.505,27.961,27.485,0.477,OVERRUN by 3902.05s,1,0.0500,0,-1.4475,1,0.3000,0,-1.4475,0.000,0.300
3947.021,overrun,A_leg2,4.758,-0.505,27.961,27.485,0.477,OVERRUN by 3903.08s,1,0.0500,0,-1.4475,1,0.3000,0,-1.4475,0.000,0.300
3948.067,overrun,A_leg2,4.758,-0.505,27.961,27.485,0.477,OVERRUN by 3904.13s,1,0.0500,0,-1.4475,1,0.3000,0,-1.4475,0.000,0.300
3949.094,overrun,A_leg2,4.758,-0.505,27.961,27.485,0.477,OVERRUN by 3905.16s,1,0.0500,0,-1.4475,1,0.3000,0,-1.4475,0.000,0.300
3950.123,overrun,A_leg2,4.758,-0.505,27.961,27.485,0.477,OVERRUN by 3906.19s,1,0.0500,0,-1.4475,1,0.3000,0,-1.4475,0.000,0.300
3951.150,overrun,A_leg2,4.758,-0.505,27.961,27.485,0.477,OVERRUN by 3907.21s,1,0.0500,0,-1.4475,1,0.3000,0,-1.4475,0.000,0.300
3952.185,overrun,A_leg2,4.758,-0.505,27.961,27.485,0.477,OVERRUN by 3908.25s,1,0.0500,0,-1.4475,1,0.3000,0,-1.4475,0.000,0.300
3953.222,overrun,A_leg2,4.758,-0.505,27.961,27.485,0.477,OVERRUN by 3909.29s,1,0.0500,0,-1.4475,1,0.3000,0,-1.4475,0.000,0.300
3954.250,overrun,A_leg2,4.758,-0.505,27.961,27.485,0.477,OVERRUN by 3910.31s,1,0.0500,0,-1.4475,1,0.3000,0,-1.4475,0.000,0.300
3955.282,overrun,A_leg2,4.758,-0.505,27.961,27.485,0.477,OVERRUN by 3911.35s,1,0.0500,0,-1.4475,1,0.3000,0,-1.4475,0.000,0.300
3956.318,overrun,A_leg2,4.758,-0.505,27.961,27.485,0.477,OVERRUN by 3912.38s,1,0.0500,0,-1.4475,1,0.3000,0,-1.4475,0.000,0.300
3957.337,overrun,A_leg2,4.758,-0.505,27.961,27.485,0.477,OVERRUN by 3913.40s,1,0.0500,0,-1.4475,1,0.3000,0,-1.4475,0.000,0.300
3958.373,overrun,A_leg2,4.758,-0.505,27.961,27.485,0.477,OVERRUN by 3914.44s,1,0.0500,0,-1.4475,1,0.3000,0,-1.4475,0.000,0.300
3959.408,overrun,A_leg2,4.758,-0.505,27.961,27.485,0.477,OVERRUN by 3915.47s,1,0.0500,0,-1.4475,1,0.3000,0,-1.4475,0.000,0.300
3960.440,overrun,A_leg2,4.758,-0.505,27.961,27.485,0.477,OVERRUN by 3916.50s,1,0.0500,0,-1.4475,1,0.3000,0,-1.4475,0.000,0.300
3961.478,overrun,A_leg2,4.758,-0.505,27.961,27.485,0.477,OVERRUN by 3917.54s,1,0.0500,0,-1.4475,1,0.3000,0,-1.4475,0.000,0.300
3962.510,overrun,A_leg2,4.758,-0.505,27.961,27.485,0.477,OVERRUN by 3918.57s,1,0.0500,0,-1.4475,1,0.3000,0,-1.4475,0.000,0.300
3963.541,overrun,A_leg2,4.758,-0.505,27.961,27.485,0.477,OVERRUN by 3919.60s,1,0.0500,0,-1.4475,1,0.3000,0,-1.4475,0.000,0.300
3964.574,overrun,A_leg2,4.758,-0.505,27.961,27.485,0.477,OVERRUN by 3920.64s,1,0.0500,0,-1.4475,1,0.3000,0,-1.4475,0.000,0.300
3965.606,overrun,A_leg2,4.758,-0.505,27.961,27.485,0.477,OVERRUN by 3921.67s,1,0.0500,0,-1.4475,1,0.3000,0,-1.4475,0.000,0.300
3966.642,overrun,A_leg2,4.758,-0.505,27.961,27.485,0.477,OVERRUN by 3922.71s,1,0.0500,0,-1.4475,1,0.3000,0,-1.4475,0.000,0.300
3967.674,overrun,A_leg2,4.758,-0.505,27.961,27.485,0.477,OVERRUN by 3923.74s,1,0.0500,0,-1.4475,1,0.3000,0,-1.4475,0.000,0.300
3968.691,overrun,A_leg2,4.758,-0.505,27.961,27.485,0.477,OVERRUN by 3924.75s,1,0.0500,0,-1.4475,1,0.3000,0,-1.4475,0.000,0.300
3969.733,overrun,A_leg2,4.758,-0.505,27.961,27.485,0.477,OVERRUN by 3925.80s,1,0.0500,0,-1.4475,1,0.3000,0,-1.4475,0.000,0.300
3970.775,overrun,A_leg2,4.758,-0.505,27.961,27.485,0.477,OVERRUN by 3926.84s,1,0.0500,0,-1.4475,1,0.3000,0,-1.4475,0.000,0.300
3971.802,overrun,A_leg2,4.758,-0.505,27.961,27.485,0.477,OVERRUN by 3927.87s,1,0.0500,0,-1.4475,1,0.3000,0,-1.4475,0.000,0.300
3972.835,overrun,A_leg2,4.758,-0.505,27.961,27.485,0.477,OVERRUN by 3928.90s,1,0.0500,0,-1.4475,1,0.3000,0,-1.4475,0.000,0.300
3973.853,overrun,A_leg2,4.758,-0.505,27.961,27.485,0.477,OVERRUN by 3929.92s,1,0.0500,0,-1.4475,1,0.3000,0,-1.4475,0.000,0.300
3974.887,overrun,A_leg2,4.758,-0.505,27.961,27.485,0.477,OVERRUN by 3930.95s,1,0.0500,0,-1.4475,1,0.3000,0,-1.4475,0.000,0.300
3975.914,overrun,A_leg2,4.758,-0.505,27.961,27.485,0.477,OVERRUN by 3931.98s,1,0.0500,0,-1.4475,1,0.3000,0,-1.4475,0.000,0.300
3976.951,overrun,A_leg2,4.758,-0.505,27.961,27.485,0.477,OVERRUN by 3933.01s,1,0.0500,0,-1.4475,1,0.3000,0,-1.4475,0.000,0.300
3977.978,overrun,A_leg2,4.758,-0.505,27.961,27.485,0.477,OVERRUN by 3934.04s,1,0.0500,0,-1.4475,1,0.3000,0,-1.4475,0.000,0.300
3979.009,overrun,A_leg2,4.758,-0.505,27.961,27.485,0.477,OVERRUN by 3935.07s,1,0.0500,0,-1.4475,1,0.3000,0,-1.4475,0.000,0.300
3980.042,overrun,A_leg2,4.758,-0.505,27.961,27.485,0.477,OVERRUN by 3936.11s,1,0.0500,0,-1.4475,1,0.3000,0,-1.4475,0.000,0.300
3981.077,overrun,A_leg2,4.758,-0.505,27.961,27.485,0.477,OVERRUN by 3937.14s,1,0.0500,0,-1.4475,1,0.3000,0,-1.4475,0.000,0.300
3982.095,overrun,A_leg2,4.758,-0.505,27.961,27.485,0.477,OVERRUN by 3938.16s,1,0.0500,0,-1.4475,1,0.3000,0,-1.4475,0.000,0.300
3983.125,overrun,A_leg2,4.758,-0.505,27.961,27.485,0.477,OVERRUN by 3939.19s,1,0.0500,0,-1.4475,1,0.3000,0,-1.4475,0.000,0.300
3984.148,overrun,A_leg2,4.758,-0.505,27.961,27.485,0.477,OVERRUN by 3940.21s,1,0.0500,0,-1.4475,1,0.3000,0,-1.4475,0.000,0.300
3985.170,overrun,A_leg2,4.758,-0.505,27.961,27.485,0.477,OVERRUN by 3941.23s,1,0.0500,0,-1.4475,1,0.3000,0,-1.4475,0.000,0.300
3986.212,overrun,A_leg2,4.758,-0.505,27.961,27.485,0.477,OVERRUN by 3942.28s,1,0.0500,0,-1.4475,1,0.3000,0,-1.4475,0.000,0.300
3987.237,overrun,A_leg2,4.758,-0.505,27.961,27.485,0.477,OVERRUN by 3943.30s,1,0.0500,0,-1.4475,1,0.3000,0,-1.4475,0.000,0.300
3988.264,overrun,A_leg2,4.758,-0.505,27.961,27.485,0.477,OVERRUN by 3944.33s,1,0.0500,0,-1.4475,1,0.3000,0,-1.4475,0.000,0.300
3989.300,overrun,A_leg2,4.758,-0.505,27.961,27.485,0.477,OVERRUN by 3945.36s,1,0.0500,0,-1.4475,1,0.3000,0,-1.4475,0.000,0.300
3990.343,overrun,A_leg2,4.758,-0.505,27.961,27.485,0.477,OVERRUN by 3946.41s,1,0.0500,0,-1.4475,1,0.3000,0,-1.4475,0.000,0.300
3991.369,overrun,A_leg2,4.758,-0.505,27.961,27.485,0.477,OVERRUN by 3947.43s,1,0.0500,0,-1.4475,1,0.3000,0,-1.4475,0.000,0.300
3992.394,overrun,A_leg2,4.758,-0.505,27.961,27.485,0.477,OVERRUN by 3948.46s,1,0.0500,0,-1.4475,1,0.3000,0,-1.4475,0.000,0.300
3993.426,overrun,A_leg2,4.758,-0.505,27.961,27.485,0.477,OVERRUN by 3949.49s,1,0.0500,0,-1.4475,1,0.3000,0,-1.4475,0.000,0.300
3994.452,overrun,A_leg2,4.758,-0.505,27.961,27.485,0.477,OVERRUN by 3950.52s,1,0.0500,0,-1.4475,1,0.3000,0,-1.4475,0.000,0.300
3995.472,overrun,A_leg2,4.758,-0.505,27.961,27.485,0.477,OVERRUN by 3951.54s,1,0.0500,0,-1.4475,1,0.3000,0,-1.4475,0.000,0.300
3996.509,overrun,A_leg2,4.758,-0.505,27.961,27.485,0.477,OVERRUN by 3952.57s,1,0.0500,0,-1.4475,1,0.3000,0,-1.4475,0.000,0.300
3997.536,overrun,A_leg2,4.758,-0.505,27.961,27.485,0.477,OVERRUN by 3953.60s,1,0.0500,0,-1.4475,1,0.3000,0,-1.4475,0.000,0.300
3998.571,overrun,A_leg2,4.758,-0.505,27.961,27.485,0.477,OVERRUN by 3954.63s,1,0.0500,0,-1.4475,1,0.3000,0,-1.4475,0.000,0.300
3999.606,overrun,A_leg2,4.758,-0.505,27.961,27.485,0.477,OVERRUN by 3955.67s,1,0.0500,0,-1.4475,1,0.3000,0,-1.4475,0.000,0.300
4000.644,overrun,A_leg2,4.758,-0.505,27.961,27.485,0.477,OVERRUN by 3956.71s,1,0.0500,0,-1.4475,1,0.3000,0,-1.4475,0.000,0.300
4001.683,overrun,A_leg2,4.758,-0.505,27.961,27.485,0.477,OVERRUN by 3957.75s,1,0.0500,0,-1.4475,1,0.3000,0,-1.4475,0.000,0.300
4002.722,overrun,A_leg2,4.758,-0.505,27.961,27.485,0.477,OVERRUN by 3958.79s,1,0.0500,0,-1.4475,1,0.3000,0,-1.4475,0.000,0.300
4003.746,overrun,A_leg2,4.758,-0.505,27.961,27.485,0.477,OVERRUN by 3959.81s,1,0.0500,0,-1.4475,1,0.3000,0,-1.4475,0.000,0.300
4004.774,overrun,A_leg2,4.758,-0.505,27.961,27.485,0.477,OVERRUN by 3960.84s,1,0.0500,0,-1.4475,1,0.3000,0,-1.4475,0.000,0.300
4005.809,overrun,A_leg2,4.758,-0.505,27.961,27.485,0.477,OVERRUN by 3961.87s,1,0.0500,0,-1.4475,1,0.3000,0,-1.4475,0.000,0.300
4006.841,overrun,A_leg2,4.758,-0.505,27.961,27.485,0.477,OVERRUN by 3962.90s,1,0.0500,0,-1.4475,1,0.3000,0,-1.4475,0.000,0.300
4007.878,overrun,A_leg2,4.758,-0.505,27.961,27.485,0.477,OVERRUN by 3963.94s,1,0.0500,0,-1.4475,1,0.3000,0,-1.4475,0.000,0.300
4008.911,overrun,A_leg2,4.758,-0.505,27.961,27.485,0.477,OVERRUN by 3964.97s,1,0.0500,0,-1.4475,1,0.3000,0,-1.4475,0.000,0.300
4009.943,overrun,A_leg2,4.758,-0.505,27.961,27.485,0.477,OVERRUN by 3966.01s,1,0.0500,0,-1.4475,1,0.3000,0,-1.4475,0.000,0.300
4010.977,overrun,A_leg2,4.758,-0.505,27.961,27.485,0.477,OVERRUN by 3967.04s,1,0.0500,0,-1.4475,1,0.3000,0,-1.4475,0.000,0.300
4012.016,overrun,A_leg2,4.758,-0.505,27.961,27.485,0.477,OVERRUN by 3968.08s,1,0.0500,0,-1.4475,1,0.3000,0,-1.4475,0.000,0.300
4013.049,overrun,A_leg2,4.758,-0.505,27.961,27.485,0.477,OVERRUN by 3969.11s,1,0.0500,0,-1.4475,1,0.3000,0,-1.4475,0.000,0.300
4014.079,overrun,A_leg2,4.758,-0.505,27.961,27.485,0.477,OVERRUN by 3970.14s,1,0.0500,0,-1.4475,1,0.3000,0,-1.4475,0.000,0.300
4015.107,overrun,A_leg2,4.758,-0.505,27.961,27.485,0.477,OVERRUN by 3971.17s,1,0.0500,0,-1.4475,1,0.3000,0,-1.4475,0.000,0.300
4016.139,overrun,A_leg2,4.758,-0.505,27.961,27.485,0.477,OVERRUN by 3972.20s,1,0.0500,0,-1.4475,1,0.3000,0,-1.4475,0.000,0.300
4017.174,overrun,A_leg2,4.758,-0.505,27.961,27.485,0.477,OVERRUN by 3973.24s,1,0.0500,0,-1.4475,1,0.3000,0,-1.4475,0.000,0.300
4018.208,overrun,A_leg2,4.758,-0.505,27.961,27.485,0.477,OVERRUN by 3974.27s,1,0.0500,0,-1.4475,1,0.3000,0,-1.4475,0.000,0.300
4019.246,overrun,A_leg2,4.758,-0.505,27.961,27.485,0.477,OVERRUN by 3975.31s,1,0.0500,0,-1.4475,1,0.3000,0,-1.4475,0.000,0.300
4020.273,overrun,A_leg2,4.758,-0.505,27.961,27.485,0.477,OVERRUN by 3976.34s,1,0.0500,0,-1.4475,1,0.3000,0,-1.4475,0.000,0.300
4021.295,overrun,A_leg2,4.758,-0.505,27.961,27.485,0.477,OVERRUN by 3977.36s,1,0.0500,0,-1.4475,1,0.3000,0,-1.4475,0.000,0.300
4022.329,overrun,A_leg2,4.758,-0.505,27.961,27.485,0.477,OVERRUN by 3978.39s,1,0.0500,0,-1.4475,1,0.3000,0,-1.4475,0.000,0.300
4023.345,overrun,A_leg2,4.758,-0.505,27.961,27.485,0.477,OVERRUN by 3979.41s,1,0.0500,0,-1.4475,1,0.3000,0,-1.4475,0.000,0.300
4024.383,overrun,A_leg2,4.758,-0.505,27.961,27.485,0.477,OVERRUN by 3980.45s,1,0.0500,0,-1.4475,1,0.3000,0,-1.4475,0.000,0.300
4025.417,overrun,A_leg2,4.758,-0.505,27.961,27.485,0.477,OVERRUN by 3981.48s,1,0.0500,0,-1.4475,1,0.3000,0,-1.4475,0.000,0.300
4026.436,overrun,A_leg2,4.758,-0.505,27.961,27.485,0.477,OVERRUN by 3982.50s,1,0.0500,0,-1.4475,1,0.3000,0,-1.4475,0.000,0.300
4027.469,overrun,A_leg2,4.758,-0.505,27.961,27.485,0.477,OVERRUN by 3983.53s,1,0.0500,0,-1.4475,1,0.3000,0,-1.4475,0.000,0.300
4028.507,overrun,A_leg2,4.758,-0.505,27.961,27.485,0.477,OVERRUN by 3984.57s,1,0.0500,0,-1.4475,1,0.3000,0,-1.4475,0.000,0.300
4029.541,overrun,A_leg2,4.758,-0.505,27.961,27.485,0.477,OVERRUN by 3985.60s,1,0.0500,0,-1.4475,1,0.3000,0,-1.4475,0.000,0.300
4030.576,overrun,A_leg2,4.758,-0.505,27.961,27.485,0.477,OVERRUN by 3986.64s,1,0.0500,0,-1.4475,1,0.3000,0,-1.4475,0.000,0.300
4031.598,overrun,A_leg2,4.758,-0.505,27.961,27.485,0.477,OVERRUN by 3987.66s,1,0.0500,0,-1.4475,1,0.3000,0,-1.4475,0.000,0.300
4032.636,overrun,A_leg2,4.758,-0.505,27.961,27.485,0.477,OVERRUN by 3988.70s,1,0.0500,0,-1.4475,1,0.3000,0,-1.4475,0.000,0.300
4033.669,overrun,A_leg2,4.758,-0.505,27.961,27.485,0.477,OVERRUN by 3989.73s,1,0.0500,0,-1.4475,1,0.3000,0,-1.4475,0.000,0.300
4034.701,overrun,A_leg2,4.758,-0.505,27.961,27.485,0.477,OVERRUN by 3990.76s,1,0.0500,0,-1.4475,1,0.3000,0,-1.4475,0.000,0.300
4035.735,overrun,A_leg2,4.758,-0.505,27.961,27.485,0.477,OVERRUN by 3991.80s,1,0.0500,0,-1.4475,1,0.3000,0,-1.4475,0.000,0.300
4036.762,overrun,A_leg2,4.758,-0.505,27.961,27.485,0.477,OVERRUN by 3992.83s,1,0.0500,0,-1.4475,1,0.3000,0,-1.4475,0.000,0.300
4037.796,overrun,A_leg2,4.758,-0.505,27.961,27.485,0.477,OVERRUN by 3993.86s,1,0.0500,0,-1.4475,1,0.3000,0,-1.4475,0.000,0.300
4038.827,overrun,A_leg2,4.758,-0.505,27.961,27.485,0.477,OVERRUN by 3994.89s,1,0.0500,0,-1.4475,1,0.3000,0,-1.4475,0.000,0.300
4039.859,overrun,A_leg2,4.758,-0.505,27.961,27.485,0.477,OVERRUN by 3995.92s,1,0.0500,0,-1.4475,1,0.3000,0,-1.4475,0.000,0.300
4040.888,overrun,A_leg2,4.758,-0.505,27.961,27.485,0.477,OVERRUN by 3996.95s,1,0.0500,0,-1.4475,1,0.3000,0,-1.4475,0.000,0.300
4041.928,overrun,A_leg2,4.758,-0.505,27.961,27.485,0.477,OVERRUN by 3997.99s,1,0.0500,0,-1.4475,1,0.3000,0,-1.4475,0.000,0.300
4042.953,overrun,A_leg2,4.758,-0.505,27.961,27.485,0.477,OVERRUN by 3999.02s,1,0.0500,0,-1.4475,1,0.3000,0,-1.4475,0.000,0.300
4043.978,overrun,A_leg2,4.758,-0.505,27.961,27.485,0.477,OVERRUN by 4000.04s,1,0.0500,0,-1.4475,1,0.3000,0,-1.4475,0.000,0.300
4045.006,overrun,A_leg2,4.758,-0.505,27.961,27.485,0.477,OVERRUN by 4001.07s,1,0.0500,0,-1.4475,1,0.3000,0,-1.4475,0.000,0.300
4046.026,overrun,A_leg2,4.758,-0.505,27.961,27.485,0.477,OVERRUN by 4002.09s,1,0.0500,0,-1.4475,1,0.3000,0,-1.4475,0.000,0.300
4047.044,overrun,A_leg2,4.758,-0.505,27.961,27.485,0.477,OVERRUN by 4003.11s,1,0.0500,0,-1.4475,1,0.3000,0,-1.4475,0.000,0.300
4048.080,overrun,A_leg2,4.758,-0.505,27.961,27.485,0.477,OVERRUN by 4004.14s,1,0.0500,0,-1.4475,1,0.3000,0,-1.4475,0.000,0.300
4049.096,overrun,A_leg2,4.758,-0.505,27.961,27.485,0.477,OVERRUN by 4005.16s,1,0.0500,0,-1.4475,1,0.3000,0,-1.4475,0.000,0.300
4050.119,overrun,A_leg2,4.758,-0.505,27.961,27.485,0.477,OVERRUN by 4006.18s,1,0.0500,0,-1.4475,1,0.3000,0,-1.4475,0.000,0.300
4051.149,overrun,A_leg2,4.758,-0.505,27.961,27.485,0.477,OVERRUN by 4007.21s,1,0.0500,0,-1.4475,1,0.3000,0,-1.4475,0.000,0.300
4052.177,overrun,A_leg2,4.758,-0.505,27.961,27.485,0.477,OVERRUN by 4008.24s,1,0.0500,0,-1.4475,1,0.3000,0,-1.4475,0.000,0.300
4053.211,overrun,A_leg2,4.758,-0.505,27.961,27.485,0.477,OVERRUN by 4009.28s,1,0.0500,0,-1.4475,1,0.3000,0,-1.4475,0.000,0.300
4054.233,overrun,A_leg2,4.758,-0.505,27.961,27.485,0.477,OVERRUN by 4010.30s,1,0.0500,0,-1.4475,1,0.3000,0,-1.4475,0.000,0.300
4055.258,overrun,A_leg2,4.758,-0.505,27.961,27.485,0.477,OVERRUN by 4011.32s,1,0.0500,0,-1.4475,1,0.3000,0,-1.4475,0.000,0.300
4056.281,overrun,A_leg2,4.758,-0.505,27.961,27.485,0.477,OVERRUN by 4012.35s,1,0.0500,0,-1.4475,1,0.3000,0,-1.4475,0.000,0.300
4057.318,overrun,A_leg2,4.758,-0.505,27.961,27.485,0.477,OVERRUN by 4013.38s,1,0.0500,0,-1.4475,1,0.3000,0,-1.4475,0.000,0.300
4058.348,overrun,A_leg2,4.758,-0.505,27.961,27.485,0.477,OVERRUN by 4014.41s,1,0.0500,0,-1.4475,1,0.3000,0,-1.4475,0.000,0.300
4059.382,overrun,A_leg2,4.758,-0.505,27.961,27.485,0.477,OVERRUN by 4015.45s,1,0.0500,0,-1.4475,1,0.3000,0,-1.4475,0.000,0.300
4060.413,overrun,A_leg2,4.758,-0.505,27.961,27.485,0.477,OVERRUN by 4016.48s,1,0.0500,0,-1.4475,1,0.3000,0,-1.4475,0.000,0.300
4061.446,overrun,A_leg2,4.758,-0.505,27.961,27.485,0.477,OVERRUN by 4017.51s,1,0.0500,0,-1.4475,1,0.3000,0,-1.4475,0.000,0.300
4062.468,overrun,A_leg2,4.758,-0.505,27.961,27.485,0.477,OVERRUN by 4018.53s,1,0.0500,0,-1.4475,1,0.3000,0,-1.4475,0.000,0.300
4063.498,overrun,A_leg2,4.758,-0.505,27.961,27.485,0.477,OVERRUN by 4019.56s,1,0.0500,0,-1.4475,1,0.3000,0,-1.4475,0.000,0.300
4064.538,overrun,A_leg2,4.758,-0.505,27.961,27.485,0.477,OVERRUN by 4020.60s,1,0.0500,0,-1.4475,1,0.3000,0,-1.4475,0.000,0.300
4065.581,overrun,A_leg2,4.758,-0.505,27.961,27.485,0.477,OVERRUN by 4021.64s,1,0.0500,0,-1.4475,1,0.3000,0,-1.4475,0.000,0.300
4066.612,overrun,A_leg2,4.758,-0.505,27.961,27.485,0.477,OVERRUN by 4022.68s,1,0.0500,0,-1.4475,1,0.3000,0,-1.4475,0.000,0.300
4067.635,overrun,A_leg2,4.758,-0.505,27.961,27.485,0.477,OVERRUN by 4023.70s,1,0.0500,0,-1.4475,1,0.3000,0,-1.4475,0.000,0.300
4068.665,overrun,A_leg2,4.758,-0.505,27.961,27.485,0.477,OVERRUN by 4024.73s,1,0.0500,0,-1.4475,1,0.3000,0,-1.4475,0.000,0.300
4069.692,overrun,A_leg2,4.758,-0.505,27.961,27.485,0.477,OVERRUN by 4025.76s,1,0.0500,0,-1.4475,1,0.3000,0,-1.4475,0.000,0.300
4070.729,overrun,A_leg2,4.758,-0.505,27.961,27.485,0.477,OVERRUN by 4026.79s,1,0.0500,0,-1.4475,1,0.3000,0,-1.4475,0.000,0.300
4071.757,overrun,A_leg2,4.758,-0.505,27.961,27.485,0.477,OVERRUN by 4027.82s,1,0.0500,0,-1.4475,1,0.3000,0,-1.4475,0.000,0.300
4072.791,overrun,A_leg2,4.758,-0.505,27.961,27.485,0.477,OVERRUN by 4028.85s,1,0.0500,0,-1.4475,1,0.3000,0,-1.4475,0.000,0.300
4073.822,overrun,A_leg2,4.758,-0.505,27.961,27.485,0.477,OVERRUN by 4029.89s,1,0.0500,0,-1.4475,1,0.3000,0,-1.4475,0.000,0.300
4074.858,overrun,A_leg2,4.758,-0.505,27.961,27.485,0.477,OVERRUN by 4030.92s,1,0.0500,0,-1.4475,1,0.3000,0,-1.4475,0.000,0.300
4075.883,overrun,A_leg2,4.758,-0.505,27.961,27.485,0.477,OVERRUN by 4031.95s,1,0.0500,0,-1.4475,1,0.3000,0,-1.4475,0.000,0.300
4076.916,overrun,A_leg2,4.758,-0.505,27.961,27.485,0.477,OVERRUN by 4032.98s,1,0.0500,0,-1.4475,1,0.3000,0,-1.4475,0.000,0.300
4077.955,overrun,A_leg2,4.758,-0.505,27.961,27.485,0.477,OVERRUN by 4034.02s,1,0.0500,0,-1.4475,1,0.3000,0,-1.4475,0.000,0.300
4078.996,overrun,A_leg2,4.758,-0.505,27.961,27.485,0.477,OVERRUN by 4035.06s,1,0.0500,0,-1.4475,1,0.3000,0,-1.4475,0.000,0.300
4080.023,overrun,A_leg2,4.758,-0.505,27.961,27.485,0.477,OVERRUN by 4036.09s,1,0.0500,0,-1.4475,1,0.3000,0,-1.4475,0.000,0.300
4081.058,overrun,A_leg2,4.758,-0.505,27.961,27.485,0.477,OVERRUN by 4037.12s,1,0.0500,0,-1.4475,1,0.3000,0,-1.4475,0.000,0.300
4082.088,overrun,A_leg2,4.758,-0.505,27.961,27.485,0.477,OVERRUN by 4038.15s,1,0.0500,0,-1.4475,1,0.3000,0,-1.4475,0.000,0.300
4083.127,overrun,A_leg2,4.758,-0.505,27.961,27.485,0.477,OVERRUN by 4039.19s,1,0.0500,0,-1.4475,1,0.3000,0,-1.4475,0.000,0.300
4084.162,overrun,A_leg2,4.758,-0.505,27.961,27.485,0.477,OVERRUN by 4040.23s,1,0.0500,0,-1.4475,1,0.3000,0,-1.4475,0.000,0.300
4085.188,overrun,A_leg2,4.758,-0.505,27.961,27.485,0.477,OVERRUN by 4041.25s,1,0.0500,0,-1.4475,1,0.3000,0,-1.4475,0.000,0.300
4086.215,overrun,A_leg2,4.758,-0.505,27.961,27.485,0.477,OVERRUN by 4042.28s,1,0.0500,0,-1.4475,1,0.3000,0,-1.4475,0.000,0.300
4087.248,overrun,A_leg2,4.758,-0.505,27.961,27.485,0.477,OVERRUN by 4043.31s,1,0.0500,0,-1.4475,1,0.3000,0,-1.4475,0.000,0.300
4088.280,overrun,A_leg2,4.758,-0.505,27.961,27.485,0.477,OVERRUN by 4044.34s,1,0.0500,0,-1.4475,1,0.3000,0,-1.4475,0.000,0.300
4089.309,overrun,A_leg2,4.758,-0.505,27.961,27.485,0.477,OVERRUN by 4045.37s,1,0.0500,0,-1.4475,1,0.3000,0,-1.4475,0.000,0.300
4090.355,overrun,A_leg2,4.758,-0.505,27.961,27.485,0.477,OVERRUN by 4046.42s,1,0.0500,0,-1.4475,1,0.3000,0,-1.4475,0.000,0.300
4091.385,overrun,A_leg2,4.758,-0.505,27.961,27.485,0.477,OVERRUN by 4047.45s,1,0.0500,0,-1.4475,1,0.3000,0,-1.4475,0.000,0.300
4092.431,overrun,A_leg2,4.758,-0.505,27.961,27.485,0.477,OVERRUN by 4048.49s,1,0.0500,0,-1.4475,1,0.3000,0,-1.4475,0.000,0.300
4093.485,overrun,A_leg2,4.758,-0.505,27.961,27.485,0.477,OVERRUN by 4049.55s,1,0.0500,0,-1.4475,1,0.3000,0,-1.4475,0.000,0.300
4094.533,overrun,A_leg2,4.758,-0.505,27.961,27.485,0.477,OVERRUN by 4050.60s,1,0.0500,0,-1.4475,1,0.3000,0,-1.4475,0.000,0.300
4095.570,overrun,A_leg2,4.758,-0.505,27.961,27.485,0.477,OVERRUN by 4051.63s,1,0.0500,0,-1.4475,1,0.3000,0,-1.4475,0.000,0.300
4096.584,overrun,A_leg2,4.758,-0.505,27.961,27.485,0.477,OVERRUN by 4052.65s,1,0.0500,0,-1.4475,1,0.3000,0,-1.4475,0.000,0.300
4097.593,overrun,A_leg2,4.758,-0.505,27.961,27.485,0.477,OVERRUN by 4053.66s,1,0.0500,0,-1.4475,1,0.3000,0,-1.4475,0.000,0.300
4098.652,overrun,A_leg2,4.758,-0.505,27.961,27.485,0.477,OVERRUN by 4054.72s,1,0.0500,0,-1.4475,1,0.3000,0,-1.4475,0.000,0.300
4099.703,overrun,A_leg2,4.758,-0.505,27.961,27.485,0.477,OVERRUN by 4055.77s,1,0.0500,0,-1.4475,1,0.3000,0,-1.4475,0.000,0.300
4100.751,overrun,A_leg2,4.758,-0.505,27.961,27.485,0.477,OVERRUN by 4056.81s,1,0.0500,0,-1.4475,1,0.3000,0,-1.4475,0.000,0.300
4101.753,overrun,A_leg2,4.758,-0.505,27.961,27.485,0.477,OVERRUN by 4057.82s,1,0.0500,0,-1.4475,1,0.3000,0,-1.4475,0.000,0.300
4102.797,overrun,A_leg2,4.758,-0.505,27.961,27.485,0.477,OVERRUN by 4058.86s,1,0.0500,0,-1.4475,1,0.3000,0,-1.4475,0.000,0.300
4103.837,overrun,A_leg2,4.758,-0.505,27.961,27.485,0.477,OVERRUN by 4059.90s,1,0.0500,0,-1.4475,1,0.3000,0,-1.4475,0.000,0.300
4104.896,overrun,A_leg2,4.758,-0.505,27.961,27.485,0.477,OVERRUN by 4060.96s,1,0.0500,0,-1.4475,1,0.3000,0,-1.4475,0.000,0.300
4105.940,overrun,A_leg2,4.758,-0.505,27.961,27.485,0.477,OVERRUN by 4062.00s,1,0.0500,0,-1.4475,1,0.3000,0,-1.4475,0.000,0.300
4106.992,overrun,A_leg2,4.758,-0.505,27.961,27.485,0.477,OVERRUN by 4063.06s,1,0.0500,0,-1.4475,1,0.3000,0,-1.4475,0.000,0.300
4108.005,overrun,A_leg2,4.758,-0.505,27.961,27.485,0.477,OVERRUN by 4064.07s,1,0.0500,0,-1.4475,1,0.3000,0,-1.4475,0.000,0.300
4109.031,overrun,A_leg2,4.758,-0.505,27.961,27.485,0.477,OVERRUN by 4065.09s,1,0.0500,0,-1.4475,1,0.3000,0,-1.4475,0.000,0.300
4110.049,overrun,A_leg2,4.758,-0.505,27.961,27.485,0.477,OVERRUN by 4066.11s,1,0.0500,0,-1.4475,1,0.3000,0,-1.4475,0.000,0.300
4111.082,overrun,A_leg2,4.758,-0.505,27.961,27.485,0.477,OVERRUN by 4067.15s,1,0.0500,0,-1.4475,1,0.3000,0,-1.4475,0.000,0.300
4112.108,overrun,A_leg2,4.758,-0.505,27.961,27.485,0.477,OVERRUN by 4068.17s,1,0.0500,0,-1.4475,1,0.3000,0,-1.4475,0.000,0.300
4113.131,overrun,A_leg2,4.758,-0.505,27.961,27.485,0.477,OVERRUN by 4069.19s,1,0.0500,0,-1.4475,1,0.3000,0,-1.4475,0.000,0.300
4114.161,overrun,A_leg2,4.758,-0.505,27.961,27.485,0.477,OVERRUN by 4070.22s,1,0.0500,0,-1.4475,1,0.3000,0,-1.4475,0.000,0.300
4115.187,overrun,A_leg2,4.758,-0.505,27.961,27.485,0.477,OVERRUN by 4071.25s,1,0.0500,0,-1.4475,1,0.3000,0,-1.4475,0.000,0.300
4116.217,overrun,A_leg2,4.758,-0.505,27.961,27.485,0.477,OVERRUN by 4072.28s,1,0.0500,0,-1.4475,1,0.3000,0,-1.4475,0.000,0.300
4117.242,overrun,A_leg2,4.758,-0.505,27.961,27.485,0.477,OVERRUN by 4073.31s,1,0.0500,0,-1.4475,1,0.3000,0,-1.4475,0.000,0.300
4118.275,overrun,A_leg2,4.758,-0.505,27.961,27.485,0.477,OVERRUN by 4074.34s,1,0.0500,0,-1.4475,1,0.3000,0,-1.4475,0.000,0.300
4119.312,overrun,A_leg2,4.758,-0.505,27.961,27.485,0.477,OVERRUN by 4075.38s,1,0.0500,0,-1.4475,1,0.3000,0,-1.4475,0.000,0.300
4120.350,overrun,A_leg2,4.758,-0.505,27.961,27.485,0.477,OVERRUN by 4076.41s,1,0.0500,0,-1.4475,1,0.3000,0,-1.4475,0.000,0.300
4121.392,overrun,A_leg2,4.758,-0.505,27.961,27.485,0.477,OVERRUN by 4077.46s,1,0.0500,0,-1.4475,1,0.3000,0,-1.4475,0.000,0.300
4122.426,overrun,A_leg2,4.758,-0.505,27.961,27.485,0.477,OVERRUN by 4078.49s,1,0.0500,0,-1.4475,1,0.3000,0,-1.4475,0.000,0.300
4123.448,overrun,A_leg2,4.758,-0.505,27.961,27.485,0.477,OVERRUN by 4079.51s,1,0.0500,0,-1.4475,1,0.3000,0,-1.4475,0.000,0.300
4124.477,overrun,A_leg2,4.758,-0.505,27.961,27.485,0.477,OVERRUN by 4080.54s,1,0.0500,0,-1.4475,1,0.3000,0,-1.4475,0.000,0.300
4125.504,overrun,A_leg2,4.758,-0.505,27.961,27.485,0.477,OVERRUN by 4081.57s,1,0.0500,0,-1.4475,1,0.3000,0,-1.4475,0.000,0.300
4126.530,overrun,A_leg2,4.758,-0.505,27.961,27.485,0.477,OVERRUN by 4082.59s,1,0.0500,0,-1.4475,1,0.3000,0,-1.4475,0.000,0.300
4127.563,overrun,A_leg2,4.758,-0.505,27.961,27.485,0.477,OVERRUN by 4083.63s,1,0.0500,0,-1.4475,1,0.3000,0,-1.4475,0.000,0.300
4128.580,overrun,A_leg2,4.758,-0.505,27.961,27.485,0.477,OVERRUN by 4084.64s,1,0.0500,0,-1.4475,1,0.3000,0,-1.4475,0.000,0.300
4129.605,overrun,A_leg2,4.758,-0.505,27.961,27.485,0.477,OVERRUN by 4085.67s,1,0.0500,0,-1.4475,1,0.3000,0,-1.4475,0.000,0.300
4130.624,overrun,A_leg2,4.758,-0.505,27.961,27.485,0.477,OVERRUN by 4086.69s,1,0.0500,0,-1.4475,1,0.3000,0,-1.4475,0.000,0.300
4131.655,overrun,A_leg2,4.758,-0.505,27.961,27.485,0.477,OVERRUN by 4087.72s,1,0.0500,0,-1.4475,1,0.3000,0,-1.4475,0.000,0.300
4132.674,overrun,A_leg2,4.758,-0.505,27.961,27.485,0.477,OVERRUN by 4088.74s,1,0.0500,0,-1.4475,1,0.3000,0,-1.4475,0.000,0.300
4133.705,overrun,A_leg2,4.758,-0.505,27.961,27.485,0.477,OVERRUN by 4089.77s,1,0.0500,0,-1.4475,1,0.3000,0,-1.4475,0.000,0.300
4134.720,overrun,A_leg2,4.758,-0.505,27.961,27.485,0.477,OVERRUN by 4090.78s,1,0.0500,0,-1.4475,1,0.3000,0,-1.4475,0.000,0.300
4135.758,overrun,A_leg2,4.758,-0.505,27.961,27.485,0.477,OVERRUN by 4091.82s,1,0.0500,0,-1.4475,1,0.3000,0,-1.4475,0.000,0.300
4136.786,overrun,A_leg2,4.758,-0.505,27.961,27.485,0.477,OVERRUN by 4092.85s,1,0.0500,0,-1.4475,1,0.3000,0,-1.4475,0.000,0.300
4137.807,overrun,A_leg2,4.758,-0.505,27.961,27.485,0.477,OVERRUN by 4093.87s,1,0.0500,0,-1.4475,1,0.3000,0,-1.4475,0.000,0.300
4138.837,overrun,A_leg2,4.758,-0.505,27.961,27.485,0.477,OVERRUN by 4094.90s,1,0.0500,0,-1.4475,1,0.3000,0,-1.4475,0.000,0.300
4139.858,overrun,A_leg2,4.758,-0.505,27.961,27.485,0.477,OVERRUN by 4095.92s,1,0.0500,0,-1.4475,1,0.3000,0,-1.4475,0.000,0.300
4140.864,overrun,A_leg2,4.758,-0.505,27.961,27.485,0.477,OVERRUN by 4096.93s,1,0.0500,0,-1.4475,1,0.3000,0,-1.4475,0.000,0.300
4141.897,overrun,A_leg2,4.758,-0.505,27.961,27.485,0.477,OVERRUN by 4097.96s,1,0.0500,0,-1.4475,1,0.3000,0,-1.4475,0.000,0.300
4142.919,overrun,A_leg2,4.758,-0.505,27.961,27.485,0.477,OVERRUN by 4098.98s,1,0.0500,0,-1.4475,1,0.3000,0,-1.4475,0.000,0.300
4143.936,overrun,A_leg2,4.758,-0.505,27.961,27.485,0.477,OVERRUN by 4100.00s,1,0.0500,0,-1.4475,1,0.3000,0,-1.4475,0.000,0.300
4144.967,overrun,A_leg2,4.758,-0.505,27.961,27.485,0.477,OVERRUN by 4101.03s,1,0.0500,0,-1.4475,1,0.3000,0,-1.4475,0.000,0.300
4145.980,overrun,A_leg2,4.758,-0.505,27.961,27.485,0.477,OVERRUN by 4102.04s,1,0.0500,0,-1.4475,1,0.3000,0,-1.4475,0.000,0.300
4147.008,overrun,A_leg2,4.758,-0.505,27.961,27.485,0.477,OVERRUN by 4103.07s,1,0.0500,0,-1.4475,1,0.3000,0,-1.4475,0.000,0.300
4148.041,overrun,A_leg2,4.758,-0.505,27.961,27.485,0.477,OVERRUN by 4104.11s,1,0.0500,0,-1.4475,1,0.3000,0,-1.4475,0.000,0.300
4149.071,overrun,A_leg2,4.758,-0.505,27.961,27.485,0.477,OVERRUN by 4105.13s,1,0.0500,0,-1.4475,1,0.3000,0,-1.4475,0.000,0.300
4150.100,overrun,A_leg2,4.758,-0.505,27.961,27.485,0.477,OVERRUN by 4106.16s,1,0.0500,0,-1.4475,1,0.3000,0,-1.4475,0.000,0.300
4151.133,overrun,A_leg2,4.758,-0.505,27.961,27.485,0.477,OVERRUN by 4107.20s,1,0.0500,0,-1.4475,1,0.3000,0,-1.4475,0.000,0.300
4152.155,overrun,A_leg2,4.758,-0.505,27.961,27.485,0.477,OVERRUN by 4108.22s,1,0.0500,0,-1.4475,1,0.3000,0,-1.4475,0.000,0.300
4153.192,overrun,A_leg2,4.758,-0.505,27.961,27.485,0.477,OVERRUN by 4109.26s,1,0.0500,0,-1.4475,1,0.3000,0,-1.4475,0.000,0.300
4154.208,overrun,A_leg2,4.758,-0.505,27.961,27.485,0.477,OVERRUN by 4110.27s,1,0.0500,0,-1.4475,1,0.3000,0,-1.4475,0.000,0.300
4155.220,overrun,A_leg2,4.758,-0.505,27.961,27.485,0.477,OVERRUN by 4111.28s,1,0.0500,0,-1.4475,1,0.3000,0,-1.4475,0.000,0.300
4156.253,overrun,A_leg2,4.758,-0.505,27.961,27.485,0.477,OVERRUN by 4112.32s,1,0.0500,0,-1.4475,1,0.3000,0,-1.4475,0.000,0.300
4157.276,overrun,A_leg2,4.758,-0.505,27.961,27.485,0.477,OVERRUN by 4113.34s,1,0.0500,0,-1.4475,1,0.3000,0,-1.4475,0.000,0.300
4158.307,overrun,A_leg2,4.758,-0.505,27.961,27.485,0.477,OVERRUN by 4114.37s,1,0.0500,0,-1.4475,1,0.3000,0,-1.4475,0.000,0.300
4159.333,overrun,A_leg2,4.758,-0.505,27.961,27.485,0.477,OVERRUN by 4115.40s,1,0.0500,0,-1.4475,1,0.3000,0,-1.4475,0.000,0.300
4160.359,overrun,A_leg2,4.758,-0.505,27.961,27.485,0.477,OVERRUN by 4116.42s,1,0.0500,0,-1.4475,1,0.3000,0,-1.4475,0.000,0.300
4161.391,overrun,A_leg2,4.758,-0.505,27.961,27.485,0.477,OVERRUN by 4117.45s,1,0.0500,0,-1.4475,1,0.3000,0,-1.4475,0.000,0.300
4162.412,overrun,A_leg2,4.758,-0.505,27.961,27.485,0.477,OVERRUN by 4118.48s,1,0.0500,0,-1.4475,1,0.3000,0,-1.4475,0.000,0.300
4163.445,overrun,A_leg2,4.758,-0.505,27.961,27.485,0.477,OVERRUN by 4119.51s,1,0.0500,0,-1.4475,1,0.3000,0,-1.4475,0.000,0.300
4164.471,overrun,A_leg2,4.758,-0.505,27.961,27.485,0.477,OVERRUN by 4120.53s,1,0.0500,0,-1.4475,1,0.3000,0,-1.4475,0.000,0.300
4165.495,overrun,A_leg2,4.758,-0.505,27.961,27.485,0.477,OVERRUN by 4121.56s,1,0.0500,0,-1.4475,1,0.3000,0,-1.4475,0.000,0.300
4166.512,overrun,A_leg2,4.758,-0.505,27.961,27.485,0.477,OVERRUN by 4122.58s,1,0.0500,0,-1.4475,1,0.3000,0,-1.4475,0.000,0.300
4167.543,overrun,A_leg2,4.758,-0.505,27.961,27.485,0.477,OVERRUN by 4123.61s,1,0.0500,0,-1.4475,1,0.3000,0,-1.4475,0.000,0.300
4168.563,overrun,A_leg2,4.758,-0.505,27.961,27.485,0.477,OVERRUN by 4124.63s,1,0.0500,0,-1.4475,1,0.3000,0,-1.4475,0.000,0.300
4169.590,overrun,A_leg2,4.758,-0.505,27.961,27.485,0.477,OVERRUN by 4125.65s,1,0.0500,0,-1.4475,1,0.3000,0,-1.4475,0.000,0.300
4170.623,overrun,A_leg2,4.758,-0.505,27.961,27.485,0.477,OVERRUN by 4126.69s,1,0.0500,0,-1.4475,1,0.3000,0,-1.4475,0.000,0.300
4171.645,overrun,A_leg2,4.758,-0.505,27.961,27.485,0.477,OVERRUN by 4127.71s,1,0.0500,0,-1.4475,1,0.3000,0,-1.4475,0.000,0.300
4172.674,overrun,A_leg2,4.758,-0.505,27.961,27.485,0.477,OVERRUN by 4128.74s,1,0.0500,0,-1.4475,1,0.3000,0,-1.4475,0.000,0.300
4173.696,overrun,A_leg2,4.758,-0.505,27.961,27.485,0.477,OVERRUN by 4129.76s,1,0.0500,0,-1.4475,1,0.3000,0,-1.4475,0.000,0.300
4174.722,overrun,A_leg2,4.758,-0.505,27.961,27.485,0.477,OVERRUN by 4130.79s,1,0.0500,0,-1.4475,1,0.3000,0,-1.4475,0.000,0.300
4175.756,overrun,A_leg2,4.758,-0.505,27.961,27.485,0.477,OVERRUN by 4131.82s,1,0.0500,0,-1.4475,1,0.3000,0,-1.4475,0.000,0.300
4176.783,overrun,A_leg2,4.758,-0.505,27.961,27.485,0.477,OVERRUN by 4132.85s,1,0.0500,0,-1.4475,1,0.3000,0,-1.4475,0.000,0.300
4177.817,overrun,A_leg2,4.758,-0.505,27.961,27.485,0.477,OVERRUN by 4133.88s,1,0.0500,0,-1.4475,1,0.3000,0,-1.4475,0.000,0.300
4178.847,overrun,A_leg2,4.758,-0.505,27.961,27.485,0.477,OVERRUN by 4134.91s,1,0.0500,0,-1.4475,1,0.3000,0,-1.4475,0.000,0.300
4179.869,overrun,A_leg2,4.758,-0.505,27.961,27.485,0.477,OVERRUN by 4135.93s,1,0.0500,0,-1.4475,1,0.3000,0,-1.4475,0.000,0.300
4180.895,overrun,A_leg2,4.758,-0.505,27.961,27.485,0.477,OVERRUN by 4136.96s,1,0.0500,0,-1.4475,1,0.3000,0,-1.4475,0.000,0.300
4181.922,overrun,A_leg2,4.758,-0.505,27.961,27.485,0.477,OVERRUN by 4137.99s,1,0.0500,0,-1.4475,1,0.3000,0,-1.4475,0.000,0.300
4182.957,overrun,A_leg2,4.758,-0.505,27.961,27.485,0.477,OVERRUN by 4139.02s,1,0.0500,0,-1.4475,1,0.3000,0,-1.4475,0.000,0.300
4183.993,overrun,A_leg2,4.758,-0.505,27.961,27.485,0.477,OVERRUN by 4140.06s,1,0.0500,0,-1.4475,1,0.3000,0,-1.4475,0.000,0.300
4185.012,overrun,A_leg2,4.758,-0.505,27.961,27.485,0.477,OVERRUN by 4141.08s,1,0.0500,0,-1.4475,1,0.3000,0,-1.4475,0.000,0.300
4186.037,overrun,A_leg2,4.758,-0.505,27.961,27.485,0.477,OVERRUN by 4142.10s,1,0.0500,0,-1.4475,1,0.3000,0,-1.4475,0.000,0.300
4187.069,overrun,A_leg2,4.758,-0.505,27.961,27.485,0.477,OVERRUN by 4143.13s,1,0.0500,0,-1.4475,1,0.3000,0,-1.4475,0.000,0.300
4188.095,overrun,A_leg2,4.758,-0.505,27.961,27.485,0.477,OVERRUN by 4144.16s,1,0.0500,0,-1.4475,1,0.3000,0,-1.4475,0.000,0.300
4189.125,overrun,A_leg2,4.758,-0.505,27.961,27.485,0.477,OVERRUN by 4145.19s,1,0.0500,0,-1.4475,1,0.3000,0,-1.4475,0.000,0.300
4190.142,overrun,A_leg2,4.758,-0.505,27.961,27.485,0.477,OVERRUN by 4146.21s,1,0.0500,0,-1.4475,1,0.3000,0,-1.4475,0.000,0.300
4191.178,overrun,A_leg2,4.758,-0.505,27.961,27.485,0.477,OVERRUN by 4147.24s,1,0.0500,0,-1.4475,1,0.3000,0,-1.4475,0.000,0.300
4192.207,overrun,A_leg2,4.758,-0.505,27.961,27.485,0.477,OVERRUN by 4148.27s,1,0.0500,0,-1.4475,1,0.3000,0,-1.4475,0.000,0.300
4193.232,overrun,A_leg2,4.758,-0.505,27.961,27.485,0.477,OVERRUN by 4149.30s,1,0.0500,0,-1.4475,1,0.3000,0,-1.4475,0.000,0.300
4194.256,overrun,A_leg2,4.758,-0.505,27.961,27.485,0.477,OVERRUN by 4150.32s,1,0.0500,0,-1.4475,1,0.3000,0,-1.4475,0.000,0.300
4195.279,overrun,A_leg2,4.758,-0.505,27.961,27.485,0.477,OVERRUN by 4151.34s,1,0.0500,0,-1.4475,1,0.3000,0,-1.4475,0.000,0.300
4196.305,overrun,A_leg2,4.758,-0.505,27.961,27.485,0.477,OVERRUN by 4152.37s,1,0.0500,0,-1.4475,1,0.3000,0,-1.4475,0.000,0.300
4197.334,overrun,A_leg2,4.758,-0.505,27.961,27.485,0.477,OVERRUN by 4153.40s,1,0.0500,0,-1.4475,1,0.3000,0,-1.4475,0.000,0.300
4198.367,overrun,A_leg2,4.758,-0.505,27.961,27.485,0.477,OVERRUN by 4154.43s,1,0.0500,0,-1.4475,1,0.3000,0,-1.4475,0.000,0.300
4199.411,overrun,A_leg2,4.758,-0.505,27.961,27.485,0.477,OVERRUN by 4155.47s,1,0.0500,0,-1.4475,1,0.3000,0,-1.4475,0.000,0.300
4200.452,overrun,A_leg2,4.758,-0.505,27.961,27.485,0.477,OVERRUN by 4156.52s,1,0.0500,0,-1.4475,1,0.3000,0,-1.4475,0.000,0.300
4201.478,overrun,A_leg2,4.758,-0.505,27.961,27.485,0.477,OVERRUN by 4157.54s,1,0.0500,0,-1.4475,1,0.3000,0,-1.4475,0.000,0.300
4202.507,overrun,A_leg2,4.758,-0.505,27.961,27.485,0.477,OVERRUN by 4158.57s,1,0.0500,0,-1.4475,1,0.3000,0,-1.4475,0.000,0.300
4203.529,overrun,A_leg2,4.758,-0.505,27.961,27.485,0.477,OVERRUN by 4159.59s,1,0.0500,0,-1.4475,1,0.3000,0,-1.4475,0.000,0.300
4204.557,overrun,A_leg2,4.758,-0.505,27.961,27.485,0.477,OVERRUN by 4160.62s,1,0.0500,0,-1.4475,1,0.3000,0,-1.4475,0.000,0.300
4205.570,overrun,A_leg2,4.758,-0.505,27.961,27.485,0.477,OVERRUN by 4161.63s,1,0.0500,0,-1.4475,1,0.3000,0,-1.4475,0.000,0.300
4206.583,overrun,A_leg2,4.758,-0.505,27.961,27.485,0.477,OVERRUN by 4162.65s,1,0.0500,0,-1.4475,1,0.3000,0,-1.4475,0.000,0.300
4207.608,overrun,A_leg2,4.758,-0.505,27.961,27.485,0.477,OVERRUN by 4163.67s,1,0.0500,0,-1.4475,1,0.3000,0,-1.4475,0.000,0.300
4208.636,overrun,A_leg2,4.758,-0.505,27.961,27.485,0.477,OVERRUN by 4164.70s,1,0.0500,0,-1.4475,1,0.3000,0,-1.4475,0.000,0.300
4209.665,overrun,A_leg2,4.758,-0.505,27.961,27.485,0.477,OVERRUN by 4165.73s,1,0.0500,0,-1.4475,1,0.3000,0,-1.4475,0.000,0.300
4210.695,overrun,A_leg2,4.758,-0.505,27.961,27.485,0.477,OVERRUN by 4166.76s,1,0.0500,0,-1.4475,1,0.3000,0,-1.4475,0.000,0.300
4211.714,overrun,A_leg2,4.758,-0.505,27.961,27.485,0.477,OVERRUN by 4167.78s,1,0.0500,0,-1.4475,1,0.3000,0,-1.4475,0.000,0.300
4212.748,overrun,A_leg2,4.758,-0.505,27.961,27.485,0.477,OVERRUN by 4168.81s,1,0.0500,0,-1.4475,1,0.3000,0,-1.4475,0.000,0.300
4213.786,overrun,A_leg2,4.758,-0.505,27.961,27.485,0.477,OVERRUN by 4169.85s,1,0.0500,0,-1.4475,1,0.3000,0,-1.4475,0.000,0.300
4214.809,overrun,A_leg2,4.758,-0.505,27.961,27.485,0.477,OVERRUN by 4170.87s,1,0.0500,0,-1.4475,1,0.3000,0,-1.4475,0.000,0.300
4215.833,overrun,A_leg2,4.758,-0.505,27.961,27.485,0.477,OVERRUN by 4171.90s,1,0.0500,0,-1.4475,1,0.3000,0,-1.4475,0.000,0.300
4216.867,overrun,A_leg2,4.758,-0.505,27.961,27.485,0.477,OVERRUN by 4172.93s,1,0.0500,0,-1.4475,1,0.3000,0,-1.4475,0.000,0.300
4217.899,overrun,A_leg2,4.758,-0.505,27.961,27.485,0.477,OVERRUN by 4173.96s,1,0.0500,0,-1.4475,1,0.3000,0,-1.4475,0.000,0.300
4218.928,overrun,A_leg2,4.758,-0.505,27.961,27.485,0.477,OVERRUN by 4174.99s,1,0.0500,0,-1.4475,1,0.3000,0,-1.4475,0.000,0.300
4219.960,overrun,A_leg2,4.758,-0.505,27.961,27.485,0.477,OVERRUN by 4176.02s,1,0.0500,0,-1.4475,1,0.3000,0,-1.4475,0.000,0.300
4220.996,overrun,A_leg2,4.758,-0.505,27.961,27.485,0.477,OVERRUN by 4177.06s,1,0.0500,0,-1.4475,1,0.3000,0,-1.4475,0.000,0.300
4222.009,overrun,A_leg2,4.758,-0.505,27.961,27.485,0.477,OVERRUN by 4178.07s,1,0.0500,0,-1.4475,1,0.3000,0,-1.4475,0.000,0.300
4223.042,overrun,A_leg2,4.758,-0.505,27.961,27.485,0.477,OVERRUN by 4179.11s,1,0.0500,0,-1.4475,1,0.3000,0,-1.4475,0.000,0.300
4224.072,overrun,A_leg2,4.758,-0.505,27.961,27.485,0.477,OVERRUN by 4180.14s,1,0.0500,0,-1.4475,1,0.3000,0,-1.4475,0.000,0.300
4225.105,overrun,A_leg2,4.758,-0.505,27.961,27.485,0.477,OVERRUN by 4181.17s,1,0.0500,0,-1.4475,1,0.3000,0,-1.4475,0.000,0.300
4226.136,overrun,A_leg2,4.758,-0.505,27.961,27.485,0.477,OVERRUN by 4182.20s,1,0.0500,0,-1.4475,1,0.3000,0,-1.4475,0.000,0.300
4227.167,overrun,A_leg2,4.758,-0.505,27.961,27.485,0.477,OVERRUN by 4183.23s,1,0.0500,0,-1.4475,1,0.3000,0,-1.4475,0.000,0.300
4228.195,overrun,A_leg2,4.758,-0.505,27.961,27.485,0.477,OVERRUN by 4184.26s,1,0.0500,0,-1.4475,1,0.3000,0,-1.4475,0.000,0.300
4229.230,overrun,A_leg2,4.758,-0.505,27.961,27.485,0.477,OVERRUN by 4185.29s,1,0.0500,0,-1.4475,1,0.3000,0,-1.4475,0.000,0.300
4230.259,overrun,A_leg2,4.758,-0.505,27.961,27.485,0.477,OVERRUN by 4186.32s,1,0.0500,0,-1.4475,1,0.3000,0,-1.4475,0.000,0.300
4231.279,overrun,A_leg2,4.758,-0.505,27.961,27.485,0.477,OVERRUN by 4187.34s,1,0.0500,0,-1.4475,1,0.3000,0,-1.4475,0.000,0.300
4232.320,overrun,A_leg2,4.758,-0.505,27.961,27.485,0.477,OVERRUN by 4188.38s,1,0.0500,0,-1.4475,1,0.3000,0,-1.4475,0.000,0.300
4233.360,overrun,A_leg2,4.758,-0.505,27.961,27.485,0.477,OVERRUN by 4189.42s,1,0.0500,0,-1.4475,1,0.3000,0,-1.4475,0.000,0.300
4234.394,overrun,A_leg2,4.758,-0.505,27.961,27.485,0.477,OVERRUN by 4190.46s,1,0.0500,0,-1.4475,1,0.3000,0,-1.4475,0.000,0.300
4235.417,overrun,A_leg2,4.758,-0.505,27.961,27.485,0.477,OVERRUN by 4191.48s,1,0.0500,0,-1.4475,1,0.3000,0,-1.4475,0.000,0.300
4236.453,overrun,A_leg2,4.758,-0.505,27.961,27.485,0.477,OVERRUN by 4192.52s,1,0.0500,0,-1.4475,1,0.3000,0,-1.4475,0.000,0.300
4237.475,overrun,A_leg2,4.758,-0.505,27.961,27.485,0.477,OVERRUN by 4193.54s,1,0.0500,0,-1.4475,1,0.3000,0,-1.4475,0.000,0.300
4238.505,overrun,A_leg2,4.758,-0.505,27.961,27.485,0.477,OVERRUN by 4194.57s,1,0.0500,0,-1.4475,1,0.3000,0,-1.4475,0.000,0.300
4239.542,overrun,A_leg2,4.758,-0.505,27.961,27.485,0.477,OVERRUN by 4195.61s,1,0.0500,0,-1.4475,1,0.3000,0,-1.4475,0.000,0.300
4240.575,overrun,A_leg2,4.758,-0.505,27.961,27.485,0.477,OVERRUN by 4196.64s,1,0.0500,0,-1.4475,1,0.3000,0,-1.4475,0.000,0.300
4241.600,overrun,A_leg2,4.758,-0.505,27.961,27.485,0.477,OVERRUN by 4197.66s,1,0.0500,0,-1.4475,1,0.3000,0,-1.4475,0.000,0.300
4242.641,overrun,A_leg2,4.758,-0.505,27.961,27.485,0.477,OVERRUN by 4198.71s,1,0.0500,0,-1.4475,1,0.3000,0,-1.4475,0.000,0.300
4243.676,overrun,A_leg2,4.758,-0.505,27.961,27.485,0.477,OVERRUN by 4199.74s,1,0.0500,0,-1.4475,1,0.3000,0,-1.4475,0.000,0.300
4244.702,overrun,A_leg2,4.758,-0.505,27.961,27.485,0.477,OVERRUN by 4200.77s,1,0.0500,0,-1.4475,1,0.3000,0,-1.4475,0.000,0.300
4245.733,overrun,A_leg2,4.758,-0.505,27.961,27.485,0.477,OVERRUN by 4201.80s,1,0.0500,0,-1.4475,1,0.3000,0,-1.4475,0.000,0.300
4246.770,overrun,A_leg2,4.758,-0.505,27.961,27.485,0.477,OVERRUN by 4202.83s,1,0.0500,0,-1.4475,1,0.3000,0,-1.4475,0.000,0.300
4247.800,overrun,A_leg2,4.758,-0.505,27.961,27.485,0.477,OVERRUN by 4203.86s,1,0.0500,0,-1.4475,1,0.3000,0,-1.4475,0.000,0.300
4248.827,overrun,A_leg2,4.758,-0.505,27.961,27.485,0.477,OVERRUN by 4204.89s,1,0.0500,0,-1.4475,1,0.3000,0,-1.4475,0.000,0.300
4249.853,overrun,A_leg2,4.758,-0.505,27.961,27.485,0.477,OVERRUN by 4205.92s,1,0.0500,0,-1.4475,1,0.3000,0,-1.4475,0.000,0.300
4250.891,overrun,A_leg2,4.758,-0.505,27.961,27.485,0.477,OVERRUN by 4206.96s,1,0.0500,0,-1.4475,1,0.3000,0,-1.4475,0.000,0.300
4251.927,overrun,A_leg2,4.758,-0.505,27.961,27.485,0.477,OVERRUN by 4207.99s,1,0.0500,0,-1.4475,1,0.3000,0,-1.4475,0.000,0.300
4252.951,overrun,A_leg2,4.758,-0.505,27.961,27.485,0.477,OVERRUN by 4209.01s,1,0.0500,0,-1.4475,1,0.3000,0,-1.4475,0.000,0.300
4253.975,overrun,A_leg2,4.758,-0.505,27.961,27.485,0.477,OVERRUN by 4210.04s,1,0.0500,0,-1.4475,1,0.3000,0,-1.4475,0.000,0.300
4255.010,overrun,A_leg2,4.758,-0.505,27.961,27.485,0.477,OVERRUN by 4211.07s,1,0.0500,0,-1.4475,1,0.3000,0,-1.4475,0.000,0.300
4256.042,overrun,A_leg2,4.758,-0.505,27.961,27.485,0.477,OVERRUN by 4212.11s,1,0.0500,0,-1.4475,1,0.3000,0,-1.4475,0.000,0.300
4257.075,overrun,A_leg2,4.758,-0.505,27.961,27.485,0.477,OVERRUN by 4213.14s,1,0.0500,0,-1.4475,1,0.3000,0,-1.4475,0.000,0.300
4258.110,overrun,A_leg2,4.758,-0.505,27.961,27.485,0.477,OVERRUN by 4214.17s,1,0.0500,0,-1.4475,1,0.3000,0,-1.4475,0.000,0.300
4259.131,overrun,A_leg2,4.758,-0.505,27.961,27.485,0.477,OVERRUN by 4215.19s,1,0.0500,0,-1.4475,1,0.3000,0,-1.4475,0.000,0.300
4260.170,overrun,A_leg2,4.758,-0.505,27.961,27.485,0.477,OVERRUN by 4216.23s,1,0.0500,0,-1.4475,1,0.3000,0,-1.4475,0.000,0.300
4261.203,overrun,A_leg2,4.758,-0.505,27.961,27.485,0.477,OVERRUN by 4217.27s,1,0.0500,0,-1.4475,1,0.3000,0,-1.4475,0.000,0.300
4262.233,overrun,A_leg2,4.758,-0.505,27.961,27.485,0.477,OVERRUN by 4218.30s,1,0.0500,0,-1.4475,1,0.3000,0,-1.4475,0.000,0.300
4263.259,overrun,A_leg2,4.758,-0.505,27.961,27.485,0.477,OVERRUN by 4219.32s,1,0.0500,0,-1.4475,1,0.3000,0,-1.4475,0.000,0.300
4264.289,overrun,A_leg2,4.758,-0.505,27.961,27.485,0.477,OVERRUN by 4220.35s,1,0.0500,0,-1.4475,1,0.3000,0,-1.4475,0.000,0.300
4265.305,overrun,A_leg2,4.758,-0.505,27.961,27.485,0.477,OVERRUN by 4221.37s,1,0.0500,0,-1.4475,1,0.3000,0,-1.4475,0.000,0.300
4266.340,overrun,A_leg2,4.758,-0.505,27.961,27.485,0.477,OVERRUN by 4222.40s,1,0.0500,0,-1.4475,1,0.3000,0,-1.4475,0.000,0.300
4267.381,overrun,A_leg2,4.758,-0.505,27.961,27.485,0.477,OVERRUN by 4223.44s,1,0.0500,0,-1.4475,1,0.3000,0,-1.4475,0.000,0.300
4268.406,overrun,A_leg2,4.758,-0.505,27.961,27.485,0.477,OVERRUN by 4224.47s,1,0.0500,0,-1.4475,1,0.3000,0,-1.4475,0.000,0.300
4269.440,overrun,A_leg2,4.758,-0.505,27.961,27.485,0.477,OVERRUN by 4225.50s,1,0.0500,0,-1.4475,1,0.3000,0,-1.4475,0.000,0.300
4270.465,overrun,A_leg2,4.758,-0.505,27.961,27.485,0.477,OVERRUN by 4226.53s,1,0.0500,0,-1.4475,1,0.3000,0,-1.4475,0.000,0.300
4271.494,overrun,A_leg2,4.758,-0.505,27.961,27.485,0.477,OVERRUN by 4227.56s,1,0.0500,0,-1.4475,1,0.3000,0,-1.4475,0.000,0.300
4272.531,overrun,A_leg2,4.758,-0.505,27.961,27.485,0.477,OVERRUN by 4228.59s,1,0.0500,0,-1.4475,1,0.3000,0,-1.4475,0.000,0.300
4273.559,overrun,A_leg2,4.758,-0.505,27.961,27.485,0.477,OVERRUN by 4229.62s,1,0.0500,0,-1.4475,1,0.3000,0,-1.4475,0.000,0.300
4274.587,overrun,A_leg2,4.758,-0.505,27.961,27.485,0.477,OVERRUN by 4230.65s,1,0.0500,0,-1.4475,1,0.3000,0,-1.4475,0.000,0.300
4275.614,overrun,A_leg2,4.758,-0.505,27.961,27.485,0.477,OVERRUN by 4231.68s,1,0.0500,0,-1.4475,1,0.3000,0,-1.4475,0.000,0.300
4276.643,overrun,A_leg2,4.758,-0.505,27.961,27.485,0.477,OVERRUN by 4232.71s,1,0.0500,0,-1.4475,1,0.3000,0,-1.4475,0.000,0.300
4277.678,overrun,A_leg2,4.758,-0.505,27.961,27.485,0.477,OVERRUN by 4233.74s,1,0.0500,0,-1.4475,1,0.3000,0,-1.4475,0.000,0.300
4278.712,overrun,A_leg2,4.758,-0.505,27.961,27.485,0.477,OVERRUN by 4234.78s,1,0.0500,0,-1.4475,1,0.3000,0,-1.4475,0.000,0.300
4279.746,overrun,A_leg2,4.758,-0.505,27.961,27.485,0.477,OVERRUN by 4235.81s,1,0.0500,0,-1.4475,1,0.3000,0,-1.4475,0.000,0.300
4280.771,overrun,A_leg2,4.758,-0.505,27.961,27.485,0.477,OVERRUN by 4236.84s,1,0.0500,0,-1.4475,1,0.3000,0,-1.4475,0.000,0.300
4281.803,overrun,A_leg2,4.758,-0.505,27.961,27.485,0.477,OVERRUN by 4237.87s,1,0.0500,0,-1.4475,1,0.3000,0,-1.4475,0.000,0.300
4282.836,overrun,A_leg2,4.758,-0.505,27.961,27.485,0.477,OVERRUN by 4238.90s,1,0.0500,0,-1.4475,1,0.3000,0,-1.4475,0.000,0.300
4283.871,overrun,A_leg2,4.758,-0.505,27.961,27.485,0.477,OVERRUN by 4239.94s,1,0.0500,0,-1.4475,1,0.3000,0,-1.4475,0.000,0.300
4284.906,overrun,A_leg2,4.758,-0.505,27.961,27.485,0.477,OVERRUN by 4240.97s,1,0.0500,0,-1.4475,1,0.3000,0,-1.4475,0.000,0.300
4285.943,overrun,A_leg2,4.758,-0.505,27.961,27.485,0.477,OVERRUN by 4242.01s,1,0.0500,0,-1.4475,1,0.3000,0,-1.4475,0.000,0.300
4286.964,overrun,A_leg2,4.758,-0.505,27.961,27.485,0.477,OVERRUN by 4243.03s,1,0.0500,0,-1.4475,1,0.3000,0,-1.4475,0.000,0.300
4288.005,overrun,A_leg2,4.758,-0.505,27.961,27.485,0.477,OVERRUN by 4244.07s,1,0.0500,0,-1.4475,1,0.3000,0,-1.4475,0.000,0.300
4289.037,overrun,A_leg2,4.758,-0.505,27.961,27.485,0.477,OVERRUN by 4245.10s,1,0.0500,0,-1.4475,1,0.3000,0,-1.4475,0.000,0.300
4290.066,overrun,A_leg2,4.758,-0.505,27.961,27.485,0.477,OVERRUN by 4246.13s,1,0.0500,0,-1.4475,1,0.3000,0,-1.4475,0.000,0.300
4291.095,overrun,A_leg2,4.758,-0.505,27.961,27.485,0.477,OVERRUN by 4247.16s,1,0.0500,0,-1.4475,1,0.3000,0,-1.4475,0.000,0.300
4292.130,overrun,A_leg2,4.758,-0.505,27.961,27.485,0.477,OVERRUN by 4248.19s,1,0.0500,0,-1.4475,1,0.3000,0,-1.4475,0.000,0.300
4293.161,overrun,A_leg2,4.758,-0.505,27.961,27.485,0.477,OVERRUN by 4249.22s,1,0.0500,0,-1.4475,1,0.3000,0,-1.4475,0.000,0.300
4294.200,overrun,A_leg2,4.758,-0.505,27.961,27.485,0.477,OVERRUN by 4250.26s,1,0.0500,0,-1.4475,1,0.3000,0,-1.4475,0.000,0.300
4295.234,overrun,A_leg2,4.758,-0.505,27.961,27.485,0.477,OVERRUN by 4251.30s,1,0.0500,0,-1.4475,1,0.3000,0,-1.4475,0.000,0.300
4296.267,overrun,A_leg2,4.758,-0.505,27.961,27.485,0.477,OVERRUN by 4252.33s,1,0.0500,0,-1.4475,1,0.3000,0,-1.4475,0.000,0.300
4297.294,overrun,A_leg2,4.758,-0.505,27.961,27.485,0.477,OVERRUN by 4253.36s,1,0.0500,0,-1.4475,1,0.3000,0,-1.4475,0.000,0.300
4298.318,overrun,A_leg2,4.758,-0.505,27.961,27.485,0.477,OVERRUN by 4254.38s,1,0.0500,0,-1.4475,1,0.3000,0,-1.4475,0.000,0.300
4299.348,overrun,A_leg2,4.758,-0.505,27.961,27.485,0.477,OVERRUN by 4255.41s,1,0.0500,0,-1.4475,1,0.3000,0,-1.4475,0.000,0.300
4300.383,overrun,A_leg2,4.758,-0.505,27.961,27.485,0.477,OVERRUN by 4256.45s,1,0.0500,0,-1.4475,1,0.3000,0,-1.4475,0.000,0.300
4301.423,overrun,A_leg2,4.758,-0.505,27.961,27.485,0.477,OVERRUN by 4257.49s,1,0.0500,0,-1.4475,1,0.3000,0,-1.4475,0.000,0.300
4302.452,overrun,A_leg2,4.758,-0.505,27.961,27.485,0.477,OVERRUN by 4258.52s,1,0.0500,0,-1.4475,1,0.3000,0,-1.4475,0.000,0.300
4303.483,overrun,A_leg2,4.758,-0.505,27.961,27.485,0.477,OVERRUN by 4259.55s,1,0.0500,0,-1.4475,1,0.3000,0,-1.4475,0.000,0.300
4304.514,overrun,A_leg2,4.758,-0.505,27.961,27.485,0.477,OVERRUN by 4260.58s,1,0.0500,0,-1.4475,1,0.3000,0,-1.4475,0.000,0.300
4305.537,overrun,A_leg2,4.758,-0.505,27.961,27.485,0.477,OVERRUN by 4261.60s,1,0.0500,0,-1.4475,1,0.3000,0,-1.4475,0.000,0.300
4306.571,overrun,A_leg2,4.758,-0.505,27.961,27.485,0.477,OVERRUN by 4262.64s,1,0.0500,0,-1.4475,1,0.3000,0,-1.4475,0.000,0.300
4307.606,overrun,A_leg2,4.758,-0.505,27.961,27.485,0.477,OVERRUN by 4263.67s,1,0.0500,0,-1.4475,1,0.3000,0,-1.4475,0.000,0.300
4308.641,overrun,A_leg2,4.758,-0.505,27.961,27.485,0.477,OVERRUN by 4264.70s,1,0.0500,0,-1.4475,1,0.3000,0,-1.4475,0.000,0.300
4309.680,overrun,A_leg2,4.758,-0.505,27.961,27.485,0.477,OVERRUN by 4265.74s,1,0.0500,0,-1.4475,1,0.3000,0,-1.4475,0.000,0.300
4310.709,overrun,A_leg2,4.758,-0.505,27.961,27.485,0.477,OVERRUN by 4266.77s,1,0.0500,0,-1.4475,1,0.3000,0,-1.4475,0.000,0.300
4311.733,overrun,A_leg2,4.758,-0.505,27.961,27.485,0.477,OVERRUN by 4267.80s,1,0.0500,0,-1.4475,1,0.3000,0,-1.4475,0.000,0.300
4312.761,overrun,A_leg2,4.758,-0.505,27.961,27.485,0.477,OVERRUN by 4268.82s,1,0.0500,0,-1.4475,1,0.3000,0,-1.4475,0.000,0.300
4313.800,overrun,A_leg2,4.758,-0.505,27.961,27.485,0.477,OVERRUN by 4269.86s,1,0.0500,0,-1.4475,1,0.3000,0,-1.4475,0.000,0.300
4314.838,overrun,A_leg2,4.758,-0.505,27.961,27.485,0.477,OVERRUN by 4270.90s,1,0.0500,0,-1.4475,1,0.3000,0,-1.4475,0.000,0.300
4315.865,overrun,A_leg2,4.758,-0.505,27.961,27.485,0.477,OVERRUN by 4271.93s,1,0.0500,0,-1.4475,1,0.3000,0,-1.4475,0.000,0.300
4316.895,overrun,A_leg2,4.758,-0.505,27.961,27.485,0.477,OVERRUN by 4272.96s,1,0.0500,0,-1.4475,1,0.3000,0,-1.4475,0.000,0.300
4317.920,overrun,A_leg2,4.758,-0.505,27.961,27.485,0.477,OVERRUN by 4273.98s,1,0.0500,0,-1.4475,1,0.3000,0,-1.4475,0.000,0.300
4318.949,overrun,A_leg2,4.758,-0.505,27.961,27.485,0.477,OVERRUN by 4275.01s,1,0.0500,0,-1.4475,1,0.3000,0,-1.4475,0.000,0.300
4319.980,overrun,A_leg2,4.758,-0.505,27.961,27.485,0.477,OVERRUN by 4276.04s,1,0.0500,0,-1.4475,1,0.3000,0,-1.4475,0.000,0.300
4321.005,overrun,A_leg2,4.758,-0.505,27.961,27.485,0.477,OVERRUN by 4277.07s,1,0.0500,0,-1.4475,1,0.3000,0,-1.4475,0.000,0.300
4322.038,overrun,A_leg2,4.758,-0.505,27.961,27.485,0.477,OVERRUN by 4278.10s,1,0.0500,0,-1.4475,1,0.3000,0,-1.4475,0.000,0.300
4323.068,overrun,A_leg2,4.758,-0.505,27.961,27.485,0.477,OVERRUN by 4279.13s,1,0.0500,0,-1.4475,1,0.3000,0,-1.4475,0.000,0.300
4324.092,overrun,A_leg2,4.758,-0.505,27.961,27.485,0.477,OVERRUN by 4280.16s,1,0.0500,0,-1.4475,1,0.3000,0,-1.4475,0.000,0.300
4325.116,overrun,A_leg2,4.758,-0.505,27.961,27.485,0.477,OVERRUN by 4281.18s,1,0.0500,0,-1.4475,1,0.3000,0,-1.4475,0.000,0.300
4326.146,overrun,A_leg2,4.758,-0.505,27.961,27.485,0.477,OVERRUN by 4282.21s,1,0.0500,0,-1.4475,1,0.3000,0,-1.4475,0.000,0.300
4327.174,overrun,A_leg2,4.758,-0.505,27.961,27.485,0.477,OVERRUN by 4283.24s,1,0.0500,0,-1.4475,1,0.3000,0,-1.4475,0.000,0.300
4328.205,overrun,A_leg2,4.758,-0.505,27.961,27.485,0.477,OVERRUN by 4284.27s,1,0.0500,0,-1.4475,1,0.3000,0,-1.4475,0.000,0.300
4329.232,overrun,A_leg2,4.758,-0.505,27.961,27.485,0.477,OVERRUN by 4285.30s,1,0.0500,0,-1.4475,1,0.3000,0,-1.4475,0.000,0.300
4330.266,overrun,A_leg2,4.758,-0.505,27.961,27.485,0.477,OVERRUN by 4286.33s,1,0.0500,0,-1.4475,1,0.3000,0,-1.4475,0.000,0.300
4331.299,overrun,A_leg2,4.758,-0.505,27.961,27.485,0.477,OVERRUN by 4287.36s,1,0.0500,0,-1.4475,1,0.3000,0,-1.4475,0.000,0.300
4332.317,overrun,A_leg2,4.758,-0.505,27.961,27.485,0.477,OVERRUN by 4288.38s,1,0.0500,0,-1.4475,1,0.3000,0,-1.4475,0.000,0.300
4333.350,overrun,A_leg2,4.758,-0.505,27.961,27.485,0.477,OVERRUN by 4289.41s,1,0.0500,0,-1.4475,1,0.3000,0,-1.4475,0.000,0.300
4334.384,overrun,A_leg2,4.758,-0.505,27.961,27.485,0.477,OVERRUN by 4290.45s,1,0.0500,0,-1.4475,1,0.3000,0,-1.4475,0.000,0.300
4335.419,overrun,A_leg2,4.758,-0.505,27.961,27.485,0.477,OVERRUN by 4291.48s,1,0.0500,0,-1.4475,1,0.3000,0,-1.4475,0.000,0.300
4336.456,overrun,A_leg2,4.758,-0.505,27.961,27.485,0.477,OVERRUN by 4292.52s,1,0.0500,0,-1.4475,1,0.3000,0,-1.4475,0.000,0.300
4337.478,overrun,A_leg2,4.758,-0.505,27.961,27.485,0.477,OVERRUN by 4293.54s,1,0.0500,0,-1.4475,1,0.3000,0,-1.4475,0.000,0.300
4338.516,overrun,A_leg2,4.758,-0.505,27.961,27.485,0.477,OVERRUN by 4294.58s,1,0.0500,0,-1.4475,1,0.3000,0,-1.4475,0.000,0.300
4339.551,overrun,A_leg2,4.758,-0.505,27.961,27.485,0.477,OVERRUN by 4295.62s,1,0.0500,0,-1.4475,1,0.3000,0,-1.4475,0.000,0.300
4340.578,overrun,A_leg2,4.758,-0.505,27.961,27.485,0.477,OVERRUN by 4296.64s,1,0.0500,0,-1.4475,1,0.3000,0,-1.4475,0.000,0.300
4341.618,overrun,A_leg2,4.758,-0.505,27.961,27.485,0.477,OVERRUN by 4297.68s,1,0.0500,0,-1.4475,1,0.3000,0,-1.4475,0.000,0.300
4342.644,overrun,A_leg2,4.758,-0.505,27.961,27.485,0.477,OVERRUN by 4298.71s,1,0.0500,0,-1.4475,1,0.3000,0,-1.4475,0.000,0.300
4343.674,overrun,A_leg2,4.758,-0.505,27.961,27.485,0.477,OVERRUN by 4299.74s,1,0.0500,0,-1.4475,1,0.3000,0,-1.4475,0.000,0.300
4344.703,overrun,A_leg2,4.758,-0.505,27.961,27.485,0.477,OVERRUN by 4300.77s,1,0.0500,0,-1.4475,1,0.3000,0,-1.4475,0.000,0.300
4345.739,overrun,A_leg2,4.758,-0.505,27.961,27.485,0.477,OVERRUN by 4301.80s,1,0.0500,0,-1.4475,1,0.3000,0,-1.4475,0.000,0.300
4346.770,overrun,A_leg2,4.758,-0.505,27.961,27.485,0.477,OVERRUN by 4302.83s,1,0.0500,0,-1.4475,1,0.3000,0,-1.4475,0.000,0.300
4347.811,overrun,A_leg2,4.758,-0.505,27.961,27.485,0.477,OVERRUN by 4303.87s,1,0.0500,0,-1.4475,1,0.3000,0,-1.4475,0.000,0.300
4348.835,overrun,A_leg2,4.758,-0.505,27.961,27.485,0.477,OVERRUN by 4304.90s,1,0.0500,0,-1.4475,1,0.3000,0,-1.4475,0.000,0.300
4349.872,overrun,A_leg2,4.758,-0.505,27.961,27.485,0.477,OVERRUN by 4305.94s,1,0.0500,0,-1.4475,1,0.3000,0,-1.4475,0.000,0.300
4350.897,overrun,A_leg2,4.758,-0.505,27.961,27.485,0.477,OVERRUN by 4306.96s,1,0.0500,0,-1.4475,1,0.3000,0,-1.4475,0.000,0.300
4351.930,overrun,A_leg2,4.758,-0.505,27.961,27.485,0.477,OVERRUN by 4307.99s,1,0.0500,0,-1.4475,1,0.3000,0,-1.4475,0.000,0.300
4352.958,overrun,A_leg2,4.758,-0.505,27.961,27.485,0.477,OVERRUN by 4309.02s,1,0.0500,0,-1.4475,1,0.3000,0,-1.4475,0.000,0.300
4353.986,overrun,A_leg2,4.758,-0.505,27.961,27.485,0.477,OVERRUN by 4310.05s,1,0.0500,0,-1.4475,1,0.3000,0,-1.4475,0.000,0.300
4355.010,overrun,A_leg2,4.758,-0.505,27.961,27.485,0.477,OVERRUN by 4311.07s,1,0.0500,0,-1.4475,1,0.3000,0,-1.4475,0.000,0.300
4356.038,overrun,A_leg2,4.758,-0.505,27.961,27.485,0.477,OVERRUN by 4312.10s,1,0.0500,0,-1.4475,1,0.3000,0,-1.4475,0.000,0.300
4357.071,overrun,A_leg2,4.758,-0.505,27.961,27.485,0.477,OVERRUN by 4313.13s,1,0.0500,0,-1.4475,1,0.3000,0,-1.4475,0.000,0.300
4358.105,overrun,A_leg2,4.758,-0.505,27.961,27.485,0.477,OVERRUN by 4314.17s,1,0.0500,0,-1.4475,1,0.3000,0,-1.4475,0.000,0.300
4359.143,overrun,A_leg2,4.758,-0.505,27.961,27.485,0.477,OVERRUN by 4315.21s,1,0.0500,0,-1.4475,1,0.3000,0,-1.4475,0.000,0.300
4360.168,overrun,A_leg2,4.758,-0.505,27.961,27.485,0.477,OVERRUN by 4316.23s,1,0.0500,0,-1.4475,1,0.3000,0,-1.4475,0.000,0.300
4361.193,overrun,A_leg2,4.758,-0.505,27.961,27.485,0.477,OVERRUN by 4317.26s,1,0.0500,0,-1.4475,1,0.3000,0,-1.4475,0.000,0.300
4362.236,overrun,A_leg2,4.758,-0.505,27.961,27.485,0.477,OVERRUN by 4318.30s,1,0.0500,0,-1.4475,1,0.3000,0,-1.4475,0.000,0.300
4363.275,overrun,A_leg2,4.758,-0.505,27.961,27.485,0.477,OVERRUN by 4319.34s,1,0.0500,0,-1.4475,1,0.3000,0,-1.4475,0.000,0.300
4364.317,overrun,A_leg2,4.758,-0.505,27.961,27.485,0.477,OVERRUN by 4320.38s,1,0.0500,0,-1.4475,1,0.3000,0,-1.4475,0.000,0.300
4365.343,overrun,A_leg2,4.758,-0.505,27.961,27.485,0.477,OVERRUN by 4321.41s,1,0.0500,0,-1.4475,1,0.3000,0,-1.4475,0.000,0.300
4366.377,overrun,A_leg2,4.758,-0.505,27.961,27.485,0.477,OVERRUN by 4322.44s,1,0.0500,0,-1.4475,1,0.3000,0,-1.4475,0.000,0.300
4367.406,overrun,A_leg2,4.758,-0.505,27.961,27.485,0.477,OVERRUN by 4323.47s,1,0.0500,0,-1.4475,1,0.3000,0,-1.4475,0.000,0.300
4368.431,overrun,A_leg2,4.758,-0.505,27.961,27.485,0.477,OVERRUN by 4324.49s,1,0.0500,0,-1.4475,1,0.3000,0,-1.4475,0.000,0.300
4369.458,overrun,A_leg2,4.758,-0.505,27.961,27.485,0.477,OVERRUN by 4325.52s,1,0.0500,0,-1.4475,1,0.3000,0,-1.4475,0.000,0.300
4370.499,overrun,A_leg2,4.758,-0.505,27.961,27.485,0.477,OVERRUN by 4326.56s,1,0.0500,0,-1.4475,1,0.3000,0,-1.4475,0.000,0.300
4371.532,overrun,A_leg2,4.758,-0.505,27.961,27.485,0.477,OVERRUN by 4327.60s,1,0.0500,0,-1.4475,1,0.3000,0,-1.4475,0.000,0.300
4372.558,overrun,A_leg2,4.758,-0.505,27.961,27.485,0.477,OVERRUN by 4328.62s,1,0.0500,0,-1.4475,1,0.3000,0,-1.4475,0.000,0.300
4373.590,overrun,A_leg2,4.758,-0.505,27.961,27.485,0.477,OVERRUN by 4329.65s,1,0.0500,0,-1.4475,1,0.3000,0,-1.4475,0.000,0.300
4374.623,overrun,A_leg2,4.758,-0.505,27.961,27.485,0.477,OVERRUN by 4330.69s,1,0.0500,0,-1.4475,1,0.3000,0,-1.4475,0.000,0.300
4375.645,overrun,A_leg2,4.758,-0.505,27.961,27.485,0.477,OVERRUN by 4331.71s,1,0.0500,0,-1.4475,1,0.3000,0,-1.4475,0.000,0.300
4376.682,overrun,A_leg2,4.758,-0.505,27.961,27.485,0.477,OVERRUN by 4332.75s,1,0.0500,0,-1.4475,1,0.3000,0,-1.4475,0.000,0.300
4377.716,overrun,A_leg2,4.758,-0.505,27.961,27.485,0.477,OVERRUN by 4333.78s,1,0.0500,0,-1.4475,1,0.3000,0,-1.4475,0.000,0.300
4378.754,overrun,A_leg2,4.758,-0.505,27.961,27.485,0.477,OVERRUN by 4334.82s,1,0.0500,0,-1.4475,1,0.3000,0,-1.4475,0.000,0.300
4379.779,overrun,A_leg2,4.758,-0.505,27.961,27.485,0.477,OVERRUN by 4335.84s,1,0.0500,0,-1.4475,1,0.3000,0,-1.4475,0.000,0.300
4380.805,overrun,A_leg2,4.758,-0.505,27.961,27.485,0.477,OVERRUN by 4336.87s,1,0.0500,0,-1.4475,1,0.3000,0,-1.4475,0.000,0.300
4381.822,overrun,A_leg2,4.758,-0.505,27.961,27.485,0.477,OVERRUN by 4337.89s,1,0.0500,0,-1.4475,1,0.3000,0,-1.4475,0.000,0.300
4382.852,overrun,A_leg2,4.758,-0.505,27.961,27.485,0.477,OVERRUN by 4338.92s,1,0.0500,0,-1.4475,1,0.3000,0,-1.4475,0.000,0.300
4383.889,overrun,A_leg2,4.758,-0.505,27.961,27.485,0.477,OVERRUN by 4339.95s,1,0.0500,0,-1.4475,1,0.3000,0,-1.4475,0.000,0.300
4384.910,overrun,A_leg2,4.758,-0.505,27.961,27.485,0.477,OVERRUN by 4340.97s,1,0.0500,0,-1.4475,1,0.3000,0,-1.4475,0.000,0.300
4385.947,overrun,A_leg2,4.758,-0.505,27.961,27.485,0.477,OVERRUN by 4342.01s,1,0.0500,0,-1.4475,1,0.3000,0,-1.4475,0.000,0.300
4386.986,overrun,A_leg2,4.758,-0.505,27.961,27.485,0.477,OVERRUN by 4343.05s,1,0.0500,0,-1.4475,1,0.3000,0,-1.4475,0.000,0.300
4388.004,overrun,A_leg2,4.758,-0.505,27.961,27.485,0.477,OVERRUN by 4344.07s,1,0.0500,0,-1.4475,1,0.3000,0,-1.4475,0.000,0.300
4389.033,overrun,A_leg2,4.758,-0.505,27.961,27.485,0.477,OVERRUN by 4345.10s,1,0.0500,0,-1.4475,1,0.3000,0,-1.4475,0.000,0.300
4390.052,overrun,A_leg2,4.758,-0.505,27.961,27.485,0.477,OVERRUN by 4346.12s,1,0.0500,0,-1.4475,1,0.3000,0,-1.4475,0.000,0.300
4391.083,overrun,A_leg2,4.758,-0.505,27.961,27.485,0.477,OVERRUN by 4347.15s,1,0.0500,0,-1.4475,1,0.3000,0,-1.4475,0.000,0.300
4392.119,overrun,A_leg2,4.758,-0.505,27.961,27.485,0.477,OVERRUN by 4348.18s,1,0.0500,0,-1.4475,1,0.3000,0,-1.4475,0.000,0.300
4393.149,overrun,A_leg2,4.758,-0.505,27.961,27.485,0.477,OVERRUN by 4349.21s,1,0.0500,0,-1.4475,1,0.3000,0,-1.4475,0.000,0.300
4394.188,overrun,A_leg2,4.758,-0.505,27.961,27.485,0.477,OVERRUN by 4350.25s,1,0.0500,0,-1.4475,1,0.3000,0,-1.4475,0.000,0.300
4395.219,overrun,A_leg2,4.758,-0.505,27.961,27.485,0.477,OVERRUN by 4351.28s,1,0.0500,0,-1.4475,1,0.3000,0,-1.4475,0.000,0.300
4396.250,overrun,A_leg2,4.758,-0.505,27.961,27.485,0.477,OVERRUN by 4352.31s,1,0.0500,0,-1.4475,1,0.3000,0,-1.4475,0.000,0.300
4397.285,overrun,A_leg2,4.758,-0.505,27.961,27.485,0.477,OVERRUN by 4353.35s,1,0.0500,0,-1.4475,1,0.3000,0,-1.4475,0.000,0.300
4398.314,overrun,A_leg2,4.758,-0.505,27.961,27.485,0.477,OVERRUN by 4354.38s,1,0.0500,0,-1.4475,1,0.3000,0,-1.4475,0.000,0.300
4399.344,overrun,A_leg2,4.758,-0.505,27.961,27.485,0.477,OVERRUN by 4355.41s,1,0.0500,0,-1.4475,1,0.3000,0,-1.4475,0.000,0.300
4400.375,overrun,A_leg2,4.758,-0.505,27.961,27.485,0.477,OVERRUN by 4356.44s,1,0.0500,0,-1.4475,1,0.3000,0,-1.4475,0.000,0.300
4401.405,overrun,A_leg2,4.758,-0.505,27.961,27.485,0.477,OVERRUN by 4357.47s,1,0.0500,0,-1.4475,1,0.3000,0,-1.4475,0.000,0.300
4402.442,overrun,A_leg2,4.758,-0.505,27.961,27.485,0.477,OVERRUN by 4358.51s,1,0.0500,0,-1.4475,1,0.3000,0,-1.4475,0.000,0.300
4403.480,overrun,A_leg2,4.758,-0.505,27.961,27.485,0.477,OVERRUN by 4359.54s,1,0.0500,0,-1.4475,1,0.3000,0,-1.4475,0.000,0.300
4404.508,overrun,A_leg2,4.758,-0.505,27.961,27.485,0.477,OVERRUN by 4360.57s,1,0.0500,0,-1.4475,1,0.3000,0,-1.4475,0.000,0.300
4405.548,overrun,A_leg2,4.758,-0.505,27.961,27.485,0.477,OVERRUN by 4361.61s,1,0.0500,0,-1.4475,1,0.3000,0,-1.4475,0.000,0.300
4406.577,overrun,A_leg2,4.758,-0.505,27.961,27.485,0.477,OVERRUN by 4362.64s,1,0.0500,0,-1.4475,1,0.3000,0,-1.4475,0.000,0.300
4407.613,overrun,A_leg2,4.758,-0.505,27.961,27.485,0.477,OVERRUN by 4363.68s,1,0.0500,0,-1.4475,1,0.3000,0,-1.4475,0.000,0.300
4408.639,overrun,A_leg2,4.758,-0.505,27.961,27.485,0.477,OVERRUN by 4364.70s,1,0.0500,0,-1.4475,1,0.3000,0,-1.4475,0.000,0.300
4409.665,overrun,A_leg2,4.758,-0.505,27.961,27.485,0.477,OVERRUN by 4365.73s,1,0.0500,0,-1.4475,1,0.3000,0,-1.4475,0.000,0.300
4410.697,overrun,A_leg2,4.758,-0.505,27.961,27.485,0.477,OVERRUN by 4366.76s,1,0.0500,0,-1.4475,1,0.3000,0,-1.4475,0.000,0.300
4411.734,overrun,A_leg2,4.758,-0.505,27.961,27.485,0.477,OVERRUN by 4367.80s,1,0.0500,0,-1.4475,1,0.3000,0,-1.4475,0.000,0.300
4412.758,overrun,A_leg2,4.758,-0.505,27.961,27.485,0.477,OVERRUN by 4368.82s,1,0.0500,0,-1.4475,1,0.3000,0,-1.4475,0.000,0.300
4413.786,overrun,A_leg2,4.758,-0.505,27.961,27.485,0.477,OVERRUN by 4369.85s,1,0.0500,0,-1.4475,1,0.3000,0,-1.4475,0.000,0.300
4414.806,overrun,A_leg2,4.758,-0.505,27.961,27.485,0.477,OVERRUN by 4370.87s,1,0.0500,0,-1.4475,1,0.3000,0,-1.4475,0.000,0.300
4415.844,overrun,A_leg2,4.758,-0.505,27.961,27.485,0.477,OVERRUN by 4371.91s,1,0.0500,0,-1.4475,1,0.3000,0,-1.4475,0.000,0.300
4416.873,overrun,A_leg2,4.758,-0.505,27.961,27.485,0.477,OVERRUN by 4372.94s,1,0.0500,0,-1.4475,1,0.3000,0,-1.4475,0.000,0.300
4417.907,overrun,A_leg2,4.758,-0.505,27.961,27.485,0.477,OVERRUN by 4373.97s,1,0.0500,0,-1.4475,1,0.3000,0,-1.4475,0.000,0.300
4418.942,overrun,A_leg2,4.758,-0.505,27.961,27.485,0.477,OVERRUN by 4375.01s,1,0.0500,0,-1.4475,1,0.3000,0,-1.4475,0.000,0.300
4419.967,overrun,A_leg2,4.758,-0.505,27.961,27.485,0.477,OVERRUN by 4376.03s,1,0.0500,0,-1.4475,1,0.3000,0,-1.4475,0.000,0.300
4421.004,overrun,A_leg2,4.758,-0.505,27.961,27.485,0.477,OVERRUN by 4377.07s,1,0.0500,0,-1.4475,1,0.3000,0,-1.4475,0.000,0.300
4422.030,overrun,A_leg2,4.758,-0.505,27.961,27.485,0.477,OVERRUN by 4378.09s,1,0.0500,0,-1.4475,1,0.3000,0,-1.4475,0.000,0.300
4423.056,overrun,A_leg2,4.758,-0.505,27.961,27.485,0.477,OVERRUN by 4379.12s,1,0.0500,0,-1.4475,1,0.3000,0,-1.4475,0.000,0.300
4424.090,overrun,A_leg2,4.758,-0.505,27.961,27.485,0.477,OVERRUN by 4380.15s,1,0.0500,0,-1.4475,1,0.3000,0,-1.4475,0.000,0.300
4425.112,overrun,A_leg2,4.758,-0.505,27.961,27.485,0.477,OVERRUN by 4381.18s,1,0.0500,0,-1.4475,1,0.3000,0,-1.4475,0.000,0.300
4426.138,overrun,A_leg2,4.758,-0.505,27.961,27.485,0.477,OVERRUN by 4382.20s,1,0.0500,0,-1.4475,1,0.3000,0,-1.4475,0.000,0.300
4427.162,overrun,A_leg2,4.758,-0.505,27.961,27.485,0.477,OVERRUN by 4383.23s,1,0.0500,0,-1.4475,1,0.3000,0,-1.4475,0.000,0.300
4428.199,overrun,A_leg2,4.758,-0.505,27.961,27.485,0.477,OVERRUN by 4384.26s,1,0.0500,0,-1.4475,1,0.3000,0,-1.4475,0.000,0.300
4429.224,overrun,A_leg2,4.758,-0.505,27.961,27.485,0.477,OVERRUN by 4385.29s,1,0.0500,0,-1.4475,1,0.3000,0,-1.4475,0.000,0.300
4430.239,overrun,A_leg2,4.758,-0.505,27.961,27.485,0.477,OVERRUN by 4386.30s,1,0.0500,0,-1.4475,1,0.3000,0,-1.4475,0.000,0.300
4431.269,overrun,A_leg2,4.758,-0.505,27.961,27.485,0.477,OVERRUN by 4387.33s,1,0.0500,0,-1.4475,1,0.3000,0,-1.4475,0.000,0.300
4432.304,overrun,A_leg2,4.758,-0.505,27.961,27.485,0.477,OVERRUN by 4388.37s,1,0.0500,0,-1.4475,1,0.3000,0,-1.4475,0.000,0.300
4433.340,overrun,A_leg2,4.758,-0.505,27.961,27.485,0.477,OVERRUN by 4389.40s,1,0.0500,0,-1.4475,1,0.3000,0,-1.4475,0.000,0.300
4434.366,overrun,A_leg2,4.758,-0.505,27.961,27.485,0.477,OVERRUN by 4390.43s,1,0.0500,0,-1.4475,1,0.3000,0,-1.4475,0.000,0.300
4435.392,overrun,A_leg2,4.758,-0.505,27.961,27.485,0.477,OVERRUN by 4391.46s,1,0.0500,0,-1.4475,1,0.3000,0,-1.4475,0.000,0.300
4436.431,overrun,A_leg2,4.758,-0.505,27.961,27.485,0.477,OVERRUN by 4392.49s,1,0.0500,0,-1.4475,1,0.3000,0,-1.4475,0.000,0.300
4437.452,overrun,A_leg2,4.758,-0.505,27.961,27.485,0.477,OVERRUN by 4393.52s,1,0.0500,0,-1.4475,1,0.3000,0,-1.4475,0.000,0.300
4438.482,overrun,A_leg2,4.758,-0.505,27.961,27.485,0.477,OVERRUN by 4394.55s,1,0.0500,0,-1.4475,1,0.3000,0,-1.4475,0.000,0.300
4439.511,overrun,A_leg2,4.758,-0.505,27.961,27.485,0.477,OVERRUN by 4395.57s,1,0.0500,0,-1.4475,1,0.3000,0,-1.4475,0.000,0.300
4440.532,overrun,A_leg2,4.758,-0.505,27.961,27.485,0.477,OVERRUN by 4396.60s,1,0.0500,0,-1.4475,1,0.3000,0,-1.4475,0.000,0.300
4441.572,overrun,A_leg2,4.758,-0.505,27.961,27.485,0.477,OVERRUN by 4397.64s,1,0.0500,0,-1.4475,1,0.3000,0,-1.4475,0.000,0.300
4442.601,overrun,A_leg2,4.758,-0.505,27.961,27.485,0.477,OVERRUN by 4398.66s,1,0.0500,0,-1.4475,1,0.3000,0,-1.4475,0.000,0.300
4443.638,overrun,A_leg2,4.758,-0.505,27.961,27.485,0.477,OVERRUN by 4399.70s,1,0.0500,0,-1.4475,1,0.3000,0,-1.4475,0.000,0.300
4444.670,overrun,A_leg2,4.758,-0.505,27.961,27.485,0.477,OVERRUN by 4400.73s,1,0.0500,0,-1.4475,1,0.3000,0,-1.4475,0.000,0.300
4445.699,overrun,A_leg2,4.758,-0.505,27.961,27.485,0.477,OVERRUN by 4401.76s,1,0.0500,0,-1.4475,1,0.3000,0,-1.4475,0.000,0.300
4446.741,overrun,A_leg2,4.758,-0.505,27.961,27.485,0.477,OVERRUN by 4402.80s,1,0.0500,0,-1.4475,1,0.3000,0,-1.4475,0.000,0.300
4447.758,overrun,A_leg2,4.758,-0.505,27.961,27.485,0.477,OVERRUN by 4403.82s,1,0.0500,0,-1.4475,1,0.3000,0,-1.4475,0.000,0.300
4448.773,overrun,A_leg2,4.758,-0.505,27.961,27.485,0.477,OVERRUN by 4404.84s,1,0.0500,0,-1.4475,1,0.3000,0,-1.4475,0.000,0.300
4449.793,overrun,A_leg2,4.758,-0.505,27.961,27.485,0.477,OVERRUN by 4405.86s,1,0.0500,0,-1.4475,1,0.3000,0,-1.4475,0.000,0.300
4450.827,overrun,A_leg2,4.758,-0.505,27.961,27.485,0.477,OVERRUN by 4406.89s,1,0.0500,0,-1.4475,1,0.3000,0,-1.4475,0.000,0.300
4451.858,overrun,A_leg2,4.758,-0.505,27.961,27.485,0.477,OVERRUN by 4407.92s,1,0.0500,0,-1.4475,1,0.3000,0,-1.4475,0.000,0.300
4452.881,overrun,A_leg2,4.758,-0.505,27.961,27.485,0.477,OVERRUN by 4408.95s,1,0.0500,0,-1.4475,1,0.3000,0,-1.4475,0.000,0.300
4453.908,overrun,A_leg2,4.758,-0.505,27.961,27.485,0.477,OVERRUN by 4409.97s,1,0.0500,0,-1.4475,1,0.3000,0,-1.4475,0.000,0.300
4454.933,overrun,A_leg2,4.758,-0.505,27.961,27.485,0.477,OVERRUN by 4411.00s,1,0.0500,0,-1.4475,1,0.3000,0,-1.4475,0.000,0.300
4455.957,overrun,A_leg2,4.758,-0.505,27.961,27.485,0.477,OVERRUN by 4412.02s,1,0.0500,0,-1.4475,1,0.3000,0,-1.4475,0.000,0.300
4456.976,overrun,A_leg2,4.758,-0.505,27.961,27.485,0.477,OVERRUN by 4413.04s,1,0.0500,0,-1.4475,1,0.3000,0,-1.4475,0.000,0.300
4458.005,overrun,A_leg2,4.758,-0.505,27.961,27.485,0.477,OVERRUN by 4414.07s,1,0.0500,0,-1.4475,1,0.3000,0,-1.4475,0.000,0.300
4459.032,overrun,A_leg2,4.758,-0.505,27.961,27.485,0.477,OVERRUN by 4415.10s,1,0.0500,0,-1.4475,1,0.3000,0,-1.4475,0.000,0.300
4460.061,overrun,A_leg2,4.758,-0.505,27.961,27.485,0.477,OVERRUN by 4416.13s,1,0.0500,0,-1.4475,1,0.3000,0,-1.4475,0.000,0.300
4461.083,overrun,A_leg2,4.758,-0.505,27.961,27.485,0.477,OVERRUN by 4417.15s,1,0.0500,0,-1.4475,1,0.3000,0,-1.4475,0.000,0.300
4462.112,overrun,A_leg2,4.758,-0.505,27.961,27.485,0.477,OVERRUN by 4418.18s,1,0.0500,0,-1.4475,1,0.3000,0,-1.4475,0.000,0.300
4463.133,overrun,A_leg2,4.758,-0.505,27.961,27.485,0.477,OVERRUN by 4419.20s,1,0.0500,0,-1.4475,1,0.3000,0,-1.4475,0.000,0.300
4464.144,overrun,A_leg2,4.758,-0.505,27.961,27.485,0.477,OVERRUN by 4420.21s,1,0.0500,0,-1.4475,1,0.3000,0,-1.4475,0.000,0.300
4465.169,overrun,A_leg2,4.758,-0.505,27.961,27.485,0.477,OVERRUN by 4421.23s,1,0.0500,0,-1.4475,1,0.3000,0,-1.4475,0.000,0.300
4466.193,overrun,A_leg2,4.758,-0.505,27.961,27.485,0.477,OVERRUN by 4422.26s,1,0.0500,0,-1.4475,1,0.3000,0,-1.4475,0.000,0.300
4467.224,overrun,A_leg2,4.758,-0.505,27.961,27.485,0.477,OVERRUN by 4423.29s,1,0.0500,0,-1.4475,1,0.3000,0,-1.4475,0.000,0.300
4468.257,overrun,A_leg2,4.758,-0.505,27.961,27.485,0.477,OVERRUN by 4424.32s,1,0.0500,0,-1.4475,1,0.3000,0,-1.4475,0.000,0.300
4469.289,overrun,A_leg2,4.758,-0.505,27.961,27.485,0.477,OVERRUN by 4425.35s,1,0.0500,0,-1.4475,1,0.3000,0,-1.4475,0.000,0.300
4470.321,overrun,A_leg2,4.758,-0.505,27.961,27.485,0.477,OVERRUN by 4426.38s,1,0.0500,0,-1.4475,1,0.3000,0,-1.4475,0.000,0.300
4471.353,overrun,A_leg2,4.758,-0.505,27.961,27.485,0.477,OVERRUN by 4427.42s,1,0.0500,0,-1.4475,1,0.3000,0,-1.4475,0.000,0.300
4472.380,overrun,A_leg2,4.758,-0.505,27.961,27.485,0.477,OVERRUN by 4428.44s,1,0.0500,0,-1.4475,1,0.3000,0,-1.4475,0.000,0.300
4473.421,overrun,A_leg2,4.758,-0.505,27.961,27.485,0.477,OVERRUN by 4429.48s,1,0.0500,0,-1.4475,1,0.3000,0,-1.4475,0.000,0.300
4474.436,overrun,A_leg2,4.758,-0.505,27.961,27.485,0.477,OVERRUN by 4430.50s,1,0.0500,0,-1.4475,1,0.3000,0,-1.4475,0.000,0.300
4475.471,overrun,A_leg2,4.758,-0.505,27.961,27.485,0.477,OVERRUN by 4431.53s,1,0.0500,0,-1.4475,1,0.3000,0,-1.4475,0.000,0.300
4476.494,overrun,A_leg2,4.758,-0.505,27.961,27.485,0.477,OVERRUN by 4432.56s,1,0.0500,0,-1.4475,1,0.3000,0,-1.4475,0.000,0.300
4477.520,overrun,A_leg2,4.758,-0.505,27.961,27.485,0.477,OVERRUN by 4433.58s,1,0.0500,0,-1.4475,1,0.3000,0,-1.4475,0.000,0.300
4478.535,overrun,A_leg2,4.758,-0.505,27.961,27.485,0.477,OVERRUN by 4434.60s,1,0.0500,0,-1.4475,1,0.3000,0,-1.4475,0.000,0.300
4479.565,overrun,A_leg2,4.758,-0.505,27.961,27.485,0.477,OVERRUN by 4435.63s,1,0.0500,0,-1.4475,1,0.3000,0,-1.4475,0.000,0.300
4480.601,overrun,A_leg2,4.758,-0.505,27.961,27.485,0.477,OVERRUN by 4436.66s,1,0.0500,0,-1.4475,1,0.3000,0,-1.4475,0.000,0.300
4481.632,overrun,A_leg2,4.758,-0.505,27.961,27.485,0.477,OVERRUN by 4437.70s,1,0.0500,0,-1.4475,1,0.3000,0,-1.4475,0.000,0.300
4482.662,overrun,A_leg2,4.758,-0.505,27.961,27.485,0.477,OVERRUN by 4438.73s,1,0.0500,0,-1.4475,1,0.3000,0,-1.4475,0.000,0.300
4483.679,overrun,A_leg2,4.758,-0.505,27.961,27.485,0.477,OVERRUN by 4439.74s,1,0.0500,0,-1.4475,1,0.3000,0,-1.4475,0.000,0.300
4484.709,overrun,A_leg2,4.758,-0.505,27.961,27.485,0.477,OVERRUN by 4440.77s,1,0.0500,0,-1.4475,1,0.3000,0,-1.4475,0.000,0.300
4485.747,overrun,A_leg2,4.758,-0.505,27.961,27.485,0.477,OVERRUN by 4441.81s,1,0.0500,0,-1.4475,1,0.3000,0,-1.4475,0.000,0.300
4486.772,overrun,A_leg2,4.758,-0.505,27.961,27.485,0.477,OVERRUN by 4442.84s,1,0.0500,0,-1.4475,1,0.3000,0,-1.4475,0.000,0.300
4487.801,overrun,A_leg2,4.758,-0.505,27.961,27.485,0.477,OVERRUN by 4443.86s,1,0.0500,0,-1.4475,1,0.3000,0,-1.4475,0.000,0.300
4488.838,overrun,A_leg2,4.758,-0.505,27.961,27.485,0.477,OVERRUN by 4444.90s,1,0.0500,0,-1.4475,1,0.3000,0,-1.4475,0.000,0.300
4489.860,overrun,A_leg2,4.758,-0.505,27.961,27.485,0.477,OVERRUN by 4445.92s,1,0.0500,0,-1.4475,1,0.3000,0,-1.4475,0.000,0.300
4490.884,overrun,A_leg2,4.758,-0.505,27.961,27.485,0.477,OVERRUN by 4446.95s,1,0.0500,0,-1.4475,1,0.3000,0,-1.4475,0.000,0.300
4491.922,overrun,A_leg2,4.758,-0.505,27.961,27.485,0.477,OVERRUN by 4447.99s,1,0.0500,0,-1.4475,1,0.3000,0,-1.4475,0.000,0.300
4492.947,overrun,A_leg2,4.758,-0.505,27.961,27.485,0.477,OVERRUN by 4449.01s,1,0.0500,0,-1.4475,1,0.3000,0,-1.4475,0.000,0.300
4493.984,overrun,A_leg2,4.758,-0.505,27.961,27.485,0.477,OVERRUN by 4450.05s,1,0.0500,0,-1.4475,1,0.3000,0,-1.4475,0.000,0.300
4495.018,overrun,A_leg2,4.758,-0.505,27.961,27.485,0.477,OVERRUN by 4451.08s,1,0.0500,0,-1.4475,1,0.3000,0,-1.4475,0.000,0.300
4496.055,overrun,A_leg2,4.758,-0.505,27.961,27.485,0.477,OVERRUN by 4452.12s,1,0.0500,0,-1.4475,1,0.3000,0,-1.4475,0.000,0.300
4497.074,overrun,A_leg2,4.758,-0.505,27.961,27.485,0.477,OVERRUN by 4453.14s,1,0.0500,0,-1.4475,1,0.3000,0,-1.4475,0.000,0.300
4498.100,overrun,A_leg2,4.758,-0.505,27.961,27.485,0.477,OVERRUN by 4454.16s,1,0.0500,0,-1.4475,1,0.3000,0,-1.4475,0.000,0.300
4499.123,overrun,A_leg2,4.758,-0.505,27.961,27.485,0.477,OVERRUN by 4455.19s,1,0.0500,0,-1.4475,1,0.3000,0,-1.4475,0.000,0.300
4500.165,overrun,A_leg2,4.758,-0.505,27.961,27.485,0.477,OVERRUN by 4456.23s,1,0.0500,0,-1.4475,1,0.3000,0,-1.4475,0.000,0.300
4501.199,overrun,A_leg2,4.758,-0.505,27.961,27.485,0.477,OVERRUN by 4457.26s,1,0.0500,0,-1.4475,1,0.3000,0,-1.4475,0.000,0.300
4502.241,overrun,A_leg2,4.758,-0.505,27.961,27.485,0.477,OVERRUN by 4458.30s,1,0.0500,0,-1.4475,1,0.3000,0,-1.4475,0.000,0.300
4503.269,overrun,A_leg2,4.758,-0.505,27.961,27.485,0.477,OVERRUN by 4459.33s,1,0.0500,0,-1.4475,1,0.3000,0,-1.4475,0.000,0.300
4504.300,overrun,A_leg2,4.758,-0.505,27.961,27.485,0.477,OVERRUN by 4460.36s,1,0.0500,0,-1.4475,1,0.3000,0,-1.4475,0.000,0.300
4505.338,overrun,A_leg2,4.758,-0.505,27.961,27.485,0.477,OVERRUN by 4461.40s,1,0.0500,0,-1.4475,1,0.3000,0,-1.4475,0.000,0.300
4506.374,overrun,A_leg2,4.758,-0.505,27.961,27.485,0.477,OVERRUN by 4462.44s,1,0.0500,0,-1.4475,1,0.3000,0,-1.4475,0.000,0.300
4507.401,overrun,A_leg2,4.758,-0.505,27.961,27.485,0.477,OVERRUN by 4463.46s,1,0.0500,0,-1.4475,1,0.3000,0,-1.4475,0.000,0.300
4508.433,overrun,A_leg2,4.758,-0.505,27.961,27.485,0.477,OVERRUN by 4464.50s,1,0.0500,0,-1.4475,1,0.3000,0,-1.4475,0.000,0.300
4509.457,overrun,A_leg2,4.758,-0.505,27.961,27.485,0.477,OVERRUN by 4465.52s,1,0.0500,0,-1.4475,1,0.3000,0,-1.4475,0.000,0.300
4510.478,overrun,A_leg2,4.758,-0.505,27.961,27.485,0.477,OVERRUN by 4466.54s,1,0.0500,0,-1.4475,1,0.3000,0,-1.4475,0.000,0.300
4511.512,overrun,A_leg2,4.758,-0.505,27.961,27.485,0.477,OVERRUN by 4467.58s,1,0.0500,0,-1.4475,1,0.3000,0,-1.4475,0.000,0.300
4512.535,overrun,A_leg2,4.758,-0.505,27.961,27.485,0.477,OVERRUN by 4468.60s,1,0.0500,0,-1.4475,1,0.3000,0,-1.4475,0.000,0.300
4513.569,overrun,A_leg2,4.758,-0.505,27.961,27.485,0.477,OVERRUN by 4469.63s,1,0.0500,0,-1.4475,1,0.3000,0,-1.4475,0.000,0.300
4514.603,overrun,A_leg2,4.758,-0.505,27.961,27.485,0.477,OVERRUN by 4470.67s,1,0.0500,0,-1.4475,1,0.3000,0,-1.4475,0.000,0.300
4515.631,overrun,A_leg2,4.758,-0.505,27.961,27.485,0.477,OVERRUN by 4471.69s,1,0.0500,0,-1.4475,1,0.3000,0,-1.4475,0.000,0.300
4516.655,overrun,A_leg2,4.758,-0.505,27.961,27.485,0.477,OVERRUN by 4472.72s,1,0.0500,0,-1.4475,1,0.3000,0,-1.4475,0.000,0.300
4517.677,overrun,A_leg2,4.758,-0.505,27.961,27.485,0.477,OVERRUN by 4473.74s,1,0.0500,0,-1.4475,1,0.3000,0,-1.4475,0.000,0.300
4518.694,overrun,A_leg2,4.758,-0.505,27.961,27.485,0.477,OVERRUN by 4474.76s,1,0.0500,0,-1.4475,1,0.3000,0,-1.4475,0.000,0.300
4519.725,overrun,A_leg2,4.758,-0.505,27.961,27.485,0.477,OVERRUN by 4475.79s,1,0.0500,0,-1.4475,1,0.3000,0,-1.4475,0.000,0.300
4520.760,overrun,A_leg2,4.758,-0.505,27.961,27.485,0.477,OVERRUN by 4476.82s,1,0.0500,0,-1.4475,1,0.3000,0,-1.4475,0.000,0.300
4521.788,overrun,A_leg2,4.758,-0.505,27.961,27.485,0.477,OVERRUN by 4477.85s,1,0.0500,0,-1.4475,1,0.3000,0,-1.4475,0.000,0.300
4522.820,overrun,A_leg2,4.758,-0.505,27.961,27.485,0.477,OVERRUN by 4478.88s,1,0.0500,0,-1.4475,1,0.3000,0,-1.4475,0.000,0.300
4523.849,overrun,A_leg2,4.758,-0.505,27.961,27.485,0.477,OVERRUN by 4479.91s,1,0.0500,0,-1.4475,1,0.3000,0,-1.4475,0.000,0.300
4524.877,overrun,A_leg2,4.758,-0.505,27.961,27.485,0.477,OVERRUN by 4480.94s,1,0.0500,0,-1.4475,1,0.3000,0,-1.4475,0.000,0.300
4525.903,overrun,A_leg2,4.758,-0.505,27.961,27.485,0.477,OVERRUN by 4481.97s,1,0.0500,0,-1.4475,1,0.3000,0,-1.4475,0.000,0.300
4526.935,overrun,A_leg2,4.758,-0.505,27.961,27.485,0.477,OVERRUN by 4483.00s,1,0.0500,0,-1.4475,1,0.3000,0,-1.4475,0.000,0.300
4527.966,overrun,A_leg2,4.758,-0.505,27.961,27.485,0.477,OVERRUN by 4484.03s,1,0.0500,0,-1.4475,1,0.3000,0,-1.4475,0.000,0.300
4529.007,overrun,A_leg2,4.758,-0.505,27.961,27.485,0.477,OVERRUN by 4485.07s,1,0.0500,0,-1.4475,1,0.3000,0,-1.4475,0.000,0.300
4530.033,overrun,A_leg2,4.758,-0.505,27.961,27.485,0.477,OVERRUN by 4486.10s,1,0.0500,0,-1.4475,1,0.3000,0,-1.4475,0.000,0.300
4531.069,overrun,A_leg2,4.758,-0.505,27.961,27.485,0.477,OVERRUN by 4487.13s,1,0.0500,0,-1.4475,1,0.3000,0,-1.4475,0.000,0.300
4532.102,overrun,A_leg2,4.758,-0.505,27.961,27.485,0.477,OVERRUN by 4488.17s,1,0.0500,0,-1.4475,1,0.3000,0,-1.4475,0.000,0.300
4533.140,overrun,A_leg2,4.758,-0.505,27.961,27.485,0.477,OVERRUN by 4489.20s,1,0.0500,0,-1.4475,1,0.3000,0,-1.4475,0.000,0.300
4534.169,overrun,A_leg2,4.758,-0.505,27.961,27.485,0.477,OVERRUN by 4490.23s,1,0.0500,0,-1.4475,1,0.3000,0,-1.4475,0.000,0.300
4535.209,overrun,A_leg2,4.758,-0.505,27.961,27.485,0.477,OVERRUN by 4491.27s,1,0.0500,0,-1.4475,1,0.3000,0,-1.4475,0.000,0.300
4536.240,overrun,A_leg2,4.758,-0.505,27.961,27.485,0.477,OVERRUN by 4492.30s,1,0.0500,0,-1.4475,1,0.3000,0,-1.4475,0.000,0.300
4537.269,overrun,A_leg2,4.758,-0.505,27.961,27.485,0.477,OVERRUN by 4493.33s,1,0.0500,0,-1.4475,1,0.3000,0,-1.4475,0.000,0.300
4538.304,overrun,A_leg2,4.758,-0.505,27.961,27.485,0.477,OVERRUN by 4494.37s,1,0.0500,0,-1.4475,1,0.3000,0,-1.4475,0.000,0.300
4539.328,overrun,A_leg2,4.758,-0.505,27.961,27.485,0.477,OVERRUN by 4495.39s,1,0.0500,0,-1.4475,1,0.3000,0,-1.4475,0.000,0.300
4540.365,overrun,A_leg2,4.758,-0.505,27.961,27.485,0.477,OVERRUN by 4496.43s,1,0.0500,0,-1.4475,1,0.3000,0,-1.4475,0.000,0.300
4541.392,overrun,A_leg2,4.758,-0.505,27.961,27.485,0.477,OVERRUN by 4497.46s,1,0.0500,0,-1.4475,1,0.3000,0,-1.4475,0.000,0.300
4542.419,overrun,A_leg2,4.758,-0.505,27.961,27.485,0.477,OVERRUN by 4498.48s,1,0.0500,0,-1.4475,1,0.3000,0,-1.4475,0.000,0.300
4543.445,overrun,A_leg2,4.758,-0.505,27.961,27.485,0.477,OVERRUN by 4499.51s,1,0.0500,0,-1.4475,1,0.3000,0,-1.4475,0.000,0.300
4544.479,overrun,A_leg2,4.758,-0.505,27.961,27.485,0.477,OVERRUN by 4500.54s,1,0.0500,0,-1.4475,1,0.3000,0,-1.4475,0.000,0.300
4545.504,overrun,A_leg2,4.758,-0.505,27.961,27.485,0.477,OVERRUN by 4501.57s,1,0.0500,0,-1.4475,1,0.3000,0,-1.4475,0.000,0.300
4546.532,overrun,A_leg2,4.758,-0.505,27.961,27.485,0.477,OVERRUN by 4502.60s,1,0.0500,0,-1.4475,1,0.3000,0,-1.4475,0.000,0.300
4547.560,overrun,A_leg2,4.758,-0.505,27.961,27.485,0.477,OVERRUN by 4503.62s,1,0.0500,0,-1.4475,1,0.3000,0,-1.4475,0.000,0.300
4548.590,overrun,A_leg2,4.758,-0.505,27.961,27.485,0.477,OVERRUN by 4504.65s,1,0.0500,0,-1.4475,1,0.3000,0,-1.4475,0.000,0.300
4549.624,overrun,A_leg2,4.758,-0.505,27.961,27.485,0.477,OVERRUN by 4505.69s,1,0.0500,0,-1.4475,1,0.3000,0,-1.4475,0.000,0.300
4550.654,overrun,A_leg2,4.758,-0.505,27.961,27.485,0.477,OVERRUN by 4506.72s,1,0.0500,0,-1.4475,1,0.3000,0,-1.4475,0.000,0.300
4551.683,overrun,A_leg2,4.758,-0.505,27.961,27.485,0.477,OVERRUN by 4507.75s,1,0.0500,0,-1.4475,1,0.3000,0,-1.4475,0.000,0.300
4552.709,overrun,A_leg2,4.758,-0.505,27.961,27.485,0.477,OVERRUN by 4508.77s,1,0.0500,0,-1.4475,1,0.3000,0,-1.4475,0.000,0.300
4553.747,overrun,A_leg2,4.758,-0.505,27.961,27.485,0.477,OVERRUN by 4509.81s,1,0.0500,0,-1.4475,1,0.3000,0,-1.4475,0.000,0.300
4554.777,overrun,A_leg2,4.758,-0.505,27.961,27.485,0.477,OVERRUN by 4510.84s,1,0.0500,0,-1.4475,1,0.3000,0,-1.4475,0.000,0.300
4555.810,overrun,A_leg2,4.758,-0.505,27.961,27.485,0.477,OVERRUN by 4511.87s,1,0.0500,0,-1.4475,1,0.3000,0,-1.4475,0.000,0.300
4556.840,overrun,A_leg2,4.758,-0.505,27.961,27.485,0.477,OVERRUN by 4512.90s,1,0.0500,0,-1.4475,1,0.3000,0,-1.4475,0.000,0.300
4557.867,overrun,A_leg2,4.758,-0.505,27.961,27.485,0.477,OVERRUN by 4513.93s,1,0.0500,0,-1.4475,1,0.3000,0,-1.4475,0.000,0.300
4558.897,overrun,A_leg2,4.758,-0.505,27.961,27.485,0.477,OVERRUN by 4514.96s,1,0.0500,0,-1.4475,1,0.3000,0,-1.4475,0.000,0.300
4559.925,overrun,A_leg2,4.758,-0.505,27.961,27.485,0.477,OVERRUN by 4515.99s,1,0.0500,0,-1.4475,1,0.3000,0,-1.4475,0.000,0.300
4560.949,overrun,A_leg2,4.758,-0.505,27.961,27.485,0.477,OVERRUN by 4517.01s,1,0.0500,0,-1.4475,1,0.3000,0,-1.4475,0.000,0.300
4561.977,overrun,A_leg2,4.758,-0.505,27.961,27.485,0.477,OVERRUN by 4518.04s,1,0.0500,0,-1.4475,1,0.3000,0,-1.4475,0.000,0.300
4563.013,overrun,A_leg2,4.758,-0.505,27.961,27.485,0.477,OVERRUN by 4519.08s,1,0.0500,0,-1.4475,1,0.3000,0,-1.4475,0.000,0.300
4564.047,overrun,A_leg2,4.758,-0.505,27.961,27.485,0.477,OVERRUN by 4520.11s,1,0.0500,0,-1.4475,1,0.3000,0,-1.4475,0.000,0.300
4565.090,overrun,A_leg2,4.758,-0.505,27.961,27.485,0.477,OVERRUN by 4521.15s,1,0.0500,0,-1.4475,1,0.3000,0,-1.4475,0.000,0.300
4566.122,overrun,A_leg2,4.758,-0.505,27.961,27.485,0.477,OVERRUN by 4522.19s,1,0.0500,0,-1.4475,1,0.3000,0,-1.4475,0.000,0.300
4567.153,overrun,A_leg2,4.758,-0.505,27.961,27.485,0.477,OVERRUN by 4523.22s,1,0.0500,0,-1.4475,1,0.3000,0,-1.4475,0.000,0.300
4568.189,overrun,A_leg2,4.758,-0.505,27.961,27.485,0.477,OVERRUN by 4524.25s,1,0.0500,0,-1.4475,1,0.3000,0,-1.4475,0.000,0.300
4569.211,overrun,A_leg2,4.758,-0.505,27.961,27.485,0.477,OVERRUN by 4525.27s,1,0.0500,0,-1.4475,1,0.3000,0,-1.4475,0.000,0.300
4570.240,overrun,A_leg2,4.758,-0.505,27.961,27.485,0.477,OVERRUN by 4526.30s,1,0.0500,0,-1.4475,1,0.3000,0,-1.4475,0.000,0.300
4571.268,overrun,A_leg2,4.758,-0.505,27.961,27.485,0.477,OVERRUN by 4527.33s,1,0.0500,0,-1.4475,1,0.3000,0,-1.4475,0.000,0.300
4572.310,overrun,A_leg2,4.758,-0.505,27.961,27.485,0.477,OVERRUN by 4528.37s,1,0.0500,0,-1.4475,1,0.3000,0,-1.4475,0.000,0.300
4573.350,overrun,A_leg2,4.758,-0.505,27.961,27.485,0.477,OVERRUN by 4529.41s,1,0.0500,0,-1.4475,1,0.3000,0,-1.4475,0.000,0.300
4574.381,overrun,A_leg2,4.758,-0.505,27.961,27.485,0.477,OVERRUN by 4530.45s,1,0.0500,0,-1.4475,1,0.3000,0,-1.4475,0.000,0.300
4575.413,overrun,A_leg2,4.758,-0.505,27.961,27.485,0.477,OVERRUN by 4531.48s,1,0.0500,0,-1.4475,1,0.3000,0,-1.4475,0.000,0.300
4576.438,overrun,A_leg2,4.758,-0.505,27.961,27.485,0.477,OVERRUN by 4532.50s,1,0.0500,0,-1.4475,1,0.3000,0,-1.4475,0.000,0.300
4577.468,overrun,A_leg2,4.758,-0.505,27.961,27.485,0.477,OVERRUN by 4533.53s,1,0.0500,0,-1.4475,1,0.3000,0,-1.4475,0.000,0.300
4578.511,overrun,A_leg2,4.758,-0.505,27.961,27.485,0.477,OVERRUN by 4534.57s,1,0.0500,0,-1.4475,1,0.3000,0,-1.4475,0.000,0.300
4579.544,overrun,A_leg2,4.758,-0.505,27.961,27.485,0.477,OVERRUN by 4535.61s,1,0.0500,0,-1.4475,1,0.3000,0,-1.4475,0.000,0.300
4580.570,overrun,A_leg2,4.758,-0.505,27.961,27.485,0.477,OVERRUN by 4536.63s,1,0.0500,0,-1.4475,1,0.3000,0,-1.4475,0.000,0.300
4581.609,overrun,A_leg2,4.758,-0.505,27.961,27.485,0.477,OVERRUN by 4537.67s,1,0.0500,0,-1.4475,1,0.3000,0,-1.4475,0.000,0.300
4582.643,overrun,A_leg2,4.758,-0.505,27.961,27.485,0.477,OVERRUN by 4538.71s,1,0.0500,0,-1.4475,1,0.3000,0,-1.4475,0.000,0.300
4583.670,overrun,A_leg2,4.758,-0.505,27.961,27.485,0.477,OVERRUN by 4539.73s,1,0.0500,0,-1.4475,1,0.3000,0,-1.4475,0.000,0.300
4584.694,overrun,A_leg2,4.758,-0.505,27.961,27.485,0.477,OVERRUN by 4540.76s,1,0.0500,0,-1.4475,1,0.3000,0,-1.4475,0.000,0.300
4585.727,overrun,A_leg2,4.758,-0.505,27.961,27.485,0.477,OVERRUN by 4541.79s,1,0.0500,0,-1.4475,1,0.3000,0,-1.4475,0.000,0.300
4586.764,overrun,A_leg2,4.758,-0.505,27.961,27.485,0.477,OVERRUN by 4542.83s,1,0.0500,0,-1.4475,1,0.3000,0,-1.4475,0.000,0.300
4587.794,overrun,A_leg2,4.758,-0.505,27.961,27.485,0.477,OVERRUN by 4543.86s,1,0.0500,0,-1.4475,1,0.3000,0,-1.4475,0.000,0.300
4588.815,overrun,A_leg2,4.758,-0.505,27.961,27.485,0.477,OVERRUN by 4544.88s,1,0.0500,0,-1.4475,1,0.3000,0,-1.4475,0.000,0.300
4589.840,overrun,A_leg2,4.758,-0.505,27.961,27.485,0.477,OVERRUN by 4545.90s,1,0.0500,0,-1.4475,1,0.3000,0,-1.4475,0.000,0.300
4590.879,overrun,A_leg2,4.758,-0.505,27.961,27.485,0.477,OVERRUN by 4546.94s,1,0.0500,0,-1.4475,1,0.3000,0,-1.4475,0.000,0.300
4591.912,overrun,A_leg2,4.758,-0.505,27.961,27.485,0.477,OVERRUN by 4547.98s,1,0.0500,0,-1.4475,1,0.3000,0,-1.4475,0.000,0.300
4592.944,overrun,A_leg2,4.758,-0.505,27.961,27.485,0.477,OVERRUN by 4549.01s,1,0.0500,0,-1.4475,1,0.3000,0,-1.4475,0.000,0.300
4593.969,overrun,A_leg2,4.758,-0.505,27.961,27.485,0.477,OVERRUN by 4550.03s,1,0.0500,0,-1.4475,1,0.3000,0,-1.4475,0.000,0.300
4594.994,overrun,A_leg2,4.758,-0.505,27.961,27.485,0.477,OVERRUN by 4551.06s,1,0.0500,0,-1.4475,1,0.3000,0,-1.4475,0.000,0.300
4596.018,overrun,A_leg2,4.758,-0.505,27.961,27.485,0.477,OVERRUN by 4552.08s,1,0.0500,0,-1.4475,1,0.3000,0,-1.4475,0.000,0.300
4597.031,overrun,A_leg2,4.758,-0.505,27.961,27.485,0.477,OVERRUN by 4553.09s,1,0.0500,0,-1.4475,1,0.3000,0,-1.4475,0.000,0.300
4598.057,overrun,A_leg2,4.758,-0.505,27.961,27.485,0.477,OVERRUN by 4554.12s,1,0.0500,0,-1.4475,1,0.3000,0,-1.4475,0.000,0.300
4599.094,overrun,A_leg2,4.758,-0.505,27.961,27.485,0.477,OVERRUN by 4555.16s,1,0.0500,0,-1.4475,1,0.3000,0,-1.4475,0.000,0.300
4600.125,overrun,A_leg2,4.758,-0.505,27.961,27.485,0.477,OVERRUN by 4556.19s,1,0.0500,0,-1.4475,1,0.3000,0,-1.4475,0.000,0.300
4601.156,overrun,A_leg2,4.758,-0.505,27.961,27.485,0.477,OVERRUN by 4557.22s,1,0.0500,0,-1.4475,1,0.3000,0,-1.4475,0.000,0.300
4602.186,overrun,A_leg2,4.758,-0.505,27.961,27.485,0.477,OVERRUN by 4558.25s,1,0.0500,0,-1.4475,1,0.3000,0,-1.4475,0.000,0.300
4603.217,overrun,A_leg2,4.758,-0.505,27.961,27.485,0.477,OVERRUN by 4559.28s,1,0.0500,0,-1.4475,1,0.3000,0,-1.4475,0.000,0.300
4604.245,overrun,A_leg2,4.758,-0.505,27.961,27.485,0.477,OVERRUN by 4560.31s,1,0.0500,0,-1.4475,1,0.3000,0,-1.4475,0.000,0.300
4605.276,overrun,A_leg2,4.758,-0.505,27.961,27.485,0.477,OVERRUN by 4561.34s,1,0.0500,0,-1.4475,1,0.3000,0,-1.4475,0.000,0.300
4606.304,overrun,A_leg2,4.758,-0.505,27.961,27.485,0.477,OVERRUN by 4562.37s,1,0.0500,0,-1.4475,1,0.3000,0,-1.4475,0.000,0.300
4607.322,overrun,A_leg2,4.758,-0.505,27.961,27.485,0.477,OVERRUN by 4563.39s,1,0.0500,0,-1.4475,1,0.3000,0,-1.4475,0.000,0.300
4608.355,overrun,A_leg2,4.758,-0.505,27.961,27.485,0.477,OVERRUN by 4564.42s,1,0.0500,0,-1.4475,1,0.3000,0,-1.4475,0.000,0.300
4609.393,overrun,A_leg2,4.758,-0.505,27.961,27.485,0.477,OVERRUN by 4565.46s,1,0.0500,0,-1.4475,1,0.3000,0,-1.4475,0.000,0.300
4610.424,overrun,A_leg2,4.758,-0.505,27.961,27.485,0.477,OVERRUN by 4566.49s,1,0.0500,0,-1.4475,1,0.3000,0,-1.4475,0.000,0.300
4611.463,overrun,A_leg2,4.758,-0.505,27.961,27.485,0.477,OVERRUN by 4567.53s,1,0.0500,0,-1.4475,1,0.3000,0,-1.4475,0.000,0.300
4612.489,overrun,A_leg2,4.758,-0.505,27.961,27.485,0.477,OVERRUN by 4568.55s,1,0.0500,0,-1.4475,1,0.3000,0,-1.4475,0.000,0.300
4613.524,overrun,A_leg2,4.758,-0.505,27.961,27.485,0.477,OVERRUN by 4569.59s,1,0.0500,0,-1.4475,1,0.3000,0,-1.4475,0.000,0.300
4614.544,overrun,A_leg2,4.758,-0.505,27.961,27.485,0.477,OVERRUN by 4570.61s,1,0.0500,0,-1.4475,1,0.3000,0,-1.4475,0.000,0.300
4615.583,overrun,A_leg2,4.758,-0.505,27.961,27.485,0.477,OVERRUN by 4571.65s,1,0.0500,0,-1.4475,1,0.3000,0,-1.4475,0.000,0.300
4616.615,overrun,A_leg2,4.758,-0.505,27.961,27.485,0.477,OVERRUN by 4572.68s,1,0.0500,0,-1.4475,1,0.3000,0,-1.4475,0.000,0.300
4617.654,overrun,A_leg2,4.758,-0.505,27.961,27.485,0.477,OVERRUN by 4573.72s,1,0.0500,0,-1.4475,1,0.3000,0,-1.4475,0.000,0.300
4618.677,overrun,A_leg2,4.758,-0.505,27.961,27.485,0.477,OVERRUN by 4574.74s,1,0.0500,0,-1.4475,1,0.3000,0,-1.4475,0.000,0.300
4619.711,overrun,A_leg2,4.758,-0.505,27.961,27.485,0.477,OVERRUN by 4575.77s,1,0.0500,0,-1.4475,1,0.3000,0,-1.4475,0.000,0.300
4620.742,overrun,A_leg2,4.758,-0.505,27.961,27.485,0.477,OVERRUN by 4576.81s,1,0.0500,0,-1.4475,1,0.3000,0,-1.4475,0.000,0.300
4621.765,overrun,A_leg2,4.758,-0.505,27.961,27.485,0.477,OVERRUN by 4577.83s,1,0.0500,0,-1.4475,1,0.3000,0,-1.4475,0.000,0.300
4622.789,overrun,A_leg2,4.758,-0.505,27.961,27.485,0.477,OVERRUN by 4578.85s,1,0.0500,0,-1.4475,1,0.3000,0,-1.4475,0.000,0.300
4623.816,overrun,A_leg2,4.758,-0.505,27.961,27.485,0.477,OVERRUN by 4579.88s,1,0.0500,0,-1.4475,1,0.3000,0,-1.4475,0.000,0.300
4624.853,overrun,A_leg2,4.758,-0.505,27.961,27.485,0.477,OVERRUN by 4580.92s,1,0.0500,0,-1.4475,1,0.3000,0,-1.4475,0.000,0.300
4625.876,overrun,A_leg2,4.758,-0.505,27.961,27.485,0.477,OVERRUN by 4581.94s,1,0.0500,0,-1.4475,1,0.3000,0,-1.4475,0.000,0.300
4626.893,overrun,A_leg2,4.758,-0.505,27.961,27.485,0.477,OVERRUN by 4582.96s,1,0.0500,0,-1.4475,1,0.3000,0,-1.4475,0.000,0.300
4627.925,overrun,A_leg2,4.758,-0.505,27.961,27.485,0.477,OVERRUN by 4583.99s,1,0.0500,0,-1.4475,1,0.3000,0,-1.4475,0.000,0.300
4628.958,overrun,A_leg2,4.758,-0.505,27.961,27.485,0.477,OVERRUN by 4585.02s,1,0.0500,0,-1.4475,1,0.3000,0,-1.4475,0.000,0.300
4629.987,overrun,A_leg2,4.758,-0.505,27.961,27.485,0.477,OVERRUN by 4586.05s,1,0.0500,0,-1.4475,1,0.3000,0,-1.4475,0.000,0.300
4631.013,overrun,A_leg2,4.758,-0.505,27.961,27.485,0.477,OVERRUN by 4587.08s,1,0.0500,0,-1.4475,1,0.3000,0,-1.4475,0.000,0.300
4632.043,overrun,A_leg2,4.758,-0.505,27.961,27.485,0.477,OVERRUN by 4588.11s,1,0.0500,0,-1.4475,1,0.3000,0,-1.4475,0.000,0.300
4633.063,overrun,A_leg2,4.758,-0.505,27.961,27.485,0.477,OVERRUN by 4589.13s,1,0.0500,0,-1.4475,1,0.3000,0,-1.4475,0.000,0.300
4634.089,overrun,A_leg2,4.758,-0.505,27.961,27.485,0.477,OVERRUN by 4590.15s,1,0.0500,0,-1.4475,1,0.3000,0,-1.4475,0.000,0.300
4635.115,overrun,A_leg2,4.758,-0.505,27.961,27.485,0.477,OVERRUN by 4591.18s,1,0.0500,0,-1.4475,1,0.3000,0,-1.4475,0.000,0.300
4636.139,overrun,A_leg2,4.758,-0.505,27.961,27.485,0.477,OVERRUN by 4592.20s,1,0.0500,0,-1.4475,1,0.3000,0,-1.4475,0.000,0.300
4637.173,overrun,A_leg2,4.758,-0.505,27.961,27.485,0.477,OVERRUN by 4593.24s,1,0.0500,0,-1.4475,1,0.3000,0,-1.4475,0.000,0.300
4638.210,overrun,A_leg2,4.758,-0.505,27.961,27.485,0.477,OVERRUN by 4594.27s,1,0.0500,0,-1.4475,1,0.3000,0,-1.4475,0.000,0.300
4639.239,overrun,A_leg2,4.758,-0.505,27.961,27.485,0.477,OVERRUN by 4595.30s,1,0.0500,0,-1.4475,1,0.3000,0,-1.4475,0.000,0.300
4640.264,overrun,A_leg2,4.758,-0.505,27.961,27.485,0.477,OVERRUN by 4596.33s,1,0.0500,0,-1.4475,1,0.3000,0,-1.4475,0.000,0.300
4641.289,overrun,A_leg2,4.758,-0.505,27.961,27.485,0.477,OVERRUN by 4597.35s,1,0.0500,0,-1.4475,1,0.3000,0,-1.4475,0.000,0.300
4642.315,overrun,A_leg2,4.758,-0.505,27.961,27.485,0.477,OVERRUN by 4598.38s,1,0.0500,0,-1.4475,1,0.3000,0,-1.4475,0.000,0.300
4643.339,overrun,A_leg2,4.758,-0.505,27.961,27.485,0.477,OVERRUN by 4599.40s,1,0.0500,0,-1.4475,1,0.3000,0,-1.4475,0.000,0.300
4644.371,overrun,A_leg2,4.758,-0.505,27.961,27.485,0.477,OVERRUN by 4600.43s,1,0.0500,0,-1.4475,1,0.3000,0,-1.4475,0.000,0.300
4645.401,overrun,A_leg2,4.758,-0.505,27.961,27.485,0.477,OVERRUN by 4601.46s,1,0.0500,0,-1.4475,1,0.3000,0,-1.4475,0.000,0.300
4646.430,overrun,A_leg2,4.758,-0.505,27.961,27.485,0.477,OVERRUN by 4602.49s,1,0.0500,0,-1.4475,1,0.3000,0,-1.4475,0.000,0.300
4647.464,overrun,A_leg2,4.758,-0.505,27.961,27.485,0.477,OVERRUN by 4603.53s,1,0.0500,0,-1.4475,1,0.3000,0,-1.4475,0.000,0.300
4648.492,overrun,A_leg2,4.758,-0.505,27.961,27.485,0.477,OVERRUN by 4604.56s,1,0.0500,0,-1.4475,1,0.3000,0,-1.4475,0.000,0.300
4649.511,overrun,A_leg2,4.758,-0.505,27.961,27.485,0.477,OVERRUN by 4605.57s,1,0.0500,0,-1.4475,1,0.3000,0,-1.4475,0.000,0.300
4650.541,overrun,A_leg2,4.758,-0.505,27.961,27.485,0.477,OVERRUN by 4606.60s,1,0.0500,0,-1.4475,1,0.3000,0,-1.4475,0.000,0.300
4651.561,overrun,A_leg2,4.758,-0.505,27.961,27.485,0.477,OVERRUN by 4607.63s,1,0.0500,0,-1.4475,1,0.3000,0,-1.4475,0.000,0.300
4652.583,overrun,A_leg2,4.758,-0.505,27.961,27.485,0.477,OVERRUN by 4608.65s,1,0.0500,0,-1.4475,1,0.3000,0,-1.4475,0.000,0.300
4653.617,overrun,A_leg2,4.758,-0.505,27.961,27.485,0.477,OVERRUN by 4609.68s,1,0.0500,0,-1.4475,1,0.3000,0,-1.4475,0.000,0.300
4654.638,overrun,A_leg2,4.758,-0.505,27.961,27.485,0.477,OVERRUN by 4610.70s,1,0.0500,0,-1.4475,1,0.3000,0,-1.4475,0.000,0.300
4655.661,overrun,A_leg2,4.758,-0.505,27.961,27.485,0.477,OVERRUN by 4611.72s,1,0.0500,0,-1.4475,1,0.3000,0,-1.4475,0.000,0.300
4656.687,overrun,A_leg2,4.758,-0.505,27.961,27.485,0.477,OVERRUN by 4612.75s,1,0.0500,0,-1.4475,1,0.3000,0,-1.4475,0.000,0.300
4657.711,overrun,A_leg2,4.758,-0.505,27.961,27.485,0.477,OVERRUN by 4613.77s,1,0.0500,0,-1.4475,1,0.3000,0,-1.4475,0.000,0.300
4658.752,overrun,A_leg2,4.758,-0.505,27.961,27.485,0.477,OVERRUN by 4614.82s,1,0.0500,0,-1.4475,1,0.3000,0,-1.4475,0.000,0.300
4659.787,overrun,A_leg2,4.758,-0.505,27.961,27.485,0.477,OVERRUN by 4615.85s,1,0.0500,0,-1.4475,1,0.3000,0,-1.4475,0.000,0.300
4660.815,overrun,A_leg2,4.758,-0.505,27.961,27.485,0.477,OVERRUN by 4616.88s,1,0.0500,0,-1.4475,1,0.3000,0,-1.4475,0.000,0.300
4661.843,overrun,A_leg2,4.758,-0.505,27.961,27.485,0.477,OVERRUN by 4617.91s,1,0.0500,0,-1.4475,1,0.3000,0,-1.4475,0.000,0.300
4662.874,overrun,A_leg2,4.758,-0.505,27.961,27.485,0.477,OVERRUN by 4618.94s,1,0.0500,0,-1.4475,1,0.3000,0,-1.4475,0.000,0.300
4663.893,overrun,A_leg2,4.758,-0.505,27.961,27.485,0.477,OVERRUN by 4619.96s,1,0.0500,0,-1.4475,1,0.3000,0,-1.4475,0.000,0.300
4664.918,overrun,A_leg2,4.758,-0.505,27.961,27.485,0.477,OVERRUN by 4620.98s,1,0.0500,0,-1.4475,1,0.3000,0,-1.4475,0.000,0.300
4665.940,overrun,A_leg2,4.758,-0.505,27.961,27.485,0.477,OVERRUN by 4622.00s,1,0.0500,0,-1.4475,1,0.3000,0,-1.4475,0.000,0.300
4666.978,overrun,A_leg2,4.758,-0.505,27.961,27.485,0.477,OVERRUN by 4623.04s,1,0.0500,0,-1.4475,1,0.3000,0,-1.4475,0.000,0.300
4668.003,overrun,A_leg2,4.758,-0.505,27.961,27.485,0.477,OVERRUN by 4624.07s,1,0.0500,0,-1.4475,1,0.3000,0,-1.4475,0.000,0.300
4669.037,overrun,A_leg2,4.758,-0.505,27.961,27.485,0.477,OVERRUN by 4625.10s,1,0.0500,0,-1.4475,1,0.3000,0,-1.4475,0.000,0.300
4670.051,overrun,A_leg2,4.758,-0.505,27.961,27.485,0.477,OVERRUN by 4626.12s,1,0.0500,0,-1.4475,1,0.3000,0,-1.4475,0.000,0.300
4671.067,overrun,A_leg2,4.758,-0.505,27.961,27.485,0.477,OVERRUN by 4627.13s,1,0.0500,0,-1.4475,1,0.3000,0,-1.4475,0.000,0.300
4672.096,overrun,A_leg2,4.758,-0.505,27.961,27.485,0.477,OVERRUN by 4628.16s,1,0.0500,0,-1.4475,1,0.3000,0,-1.4475,0.000,0.300
4673.130,overrun,A_leg2,4.758,-0.505,27.961,27.485,0.477,OVERRUN by 4629.19s,1,0.0500,0,-1.4475,1,0.3000,0,-1.4475,0.000,0.300
4674.160,overrun,A_leg2,4.758,-0.505,27.961,27.485,0.477,OVERRUN by 4630.22s,1,0.0500,0,-1.4475,1,0.3000,0,-1.4475,0.000,0.300
4675.194,overrun,A_leg2,4.758,-0.505,27.961,27.485,0.477,OVERRUN by 4631.26s,1,0.0500,0,-1.4475,1,0.3000,0,-1.4475,0.000,0.300
4676.223,overrun,A_leg2,4.758,-0.505,27.961,27.485,0.477,OVERRUN by 4632.29s,1,0.0500,0,-1.4475,1,0.3000,0,-1.4475,0.000,0.300
4677.251,overrun,A_leg2,4.758,-0.505,27.961,27.485,0.477,OVERRUN by 4633.32s,1,0.0500,0,-1.4475,1,0.3000,0,-1.4475,0.000,0.300
4678.281,overrun,A_leg2,4.758,-0.505,27.961,27.485,0.477,OVERRUN by 4634.34s,1,0.0500,0,-1.4475,1,0.3000,0,-1.4475,0.000,0.300
4679.306,overrun,A_leg2,4.758,-0.505,27.961,27.485,0.477,OVERRUN by 4635.37s,1,0.0500,0,-1.4475,1,0.3000,0,-1.4475,0.000,0.300
4680.339,overrun,A_leg2,4.758,-0.505,27.961,27.485,0.477,OVERRUN by 4636.40s,1,0.0500,0,-1.4475,1,0.3000,0,-1.4475,0.000,0.300
4681.377,overrun,A_leg2,4.758,-0.505,27.961,27.485,0.477,OVERRUN by 4637.44s,1,0.0500,0,-1.4475,1,0.3000,0,-1.4475,0.000,0.300
4682.394,overrun,A_leg2,4.758,-0.505,27.961,27.485,0.477,OVERRUN by 4638.46s,1,0.0500,0,-1.4475,1,0.3000,0,-1.4475,0.000,0.300
4683.421,overrun,A_leg2,4.758,-0.505,27.961,27.485,0.477,OVERRUN by 4639.49s,1,0.0500,0,-1.4475,1,0.3000,0,-1.4475,0.000,0.300
4684.444,overrun,A_leg2,4.758,-0.505,27.961,27.485,0.477,OVERRUN by 4640.51s,1,0.0500,0,-1.4475,1,0.3000,0,-1.4475,0.000,0.300
4685.471,overrun,A_leg2,4.758,-0.505,27.961,27.485,0.477,OVERRUN by 4641.53s,1,0.0500,0,-1.4475,1,0.3000,0,-1.4475,0.000,0.300
4686.497,overrun,A_leg2,4.758,-0.505,27.961,27.485,0.477,OVERRUN by 4642.56s,1,0.0500,0,-1.4475,1,0.3000,0,-1.4475,0.000,0.300
4687.527,overrun,A_leg2,4.758,-0.505,27.961,27.485,0.477,OVERRUN by 4643.59s,1,0.0500,0,-1.4475,1,0.3000,0,-1.4475,0.000,0.300
4688.562,overrun,A_leg2,4.758,-0.505,27.961,27.485,0.477,OVERRUN by 4644.63s,1,0.0500,0,-1.4475,1,0.3000,0,-1.4475,0.000,0.300
4689.577,overrun,A_leg2,4.758,-0.505,27.961,27.485,0.477,OVERRUN by 4645.64s,1,0.0500,0,-1.4475,1,0.3000,0,-1.4475,0.000,0.300
4690.602,overrun,A_leg2,4.758,-0.505,27.961,27.485,0.477,OVERRUN by 4646.67s,1,0.0500,0,-1.4475,1,0.3000,0,-1.4475,0.000,0.300
4691.636,overrun,A_leg2,4.758,-0.505,27.961,27.485,0.477,OVERRUN by 4647.70s,1,0.0500,0,-1.4475,1,0.3000,0,-1.4475,0.000,0.300
4692.673,overrun,A_leg2,4.758,-0.505,27.961,27.485,0.477,OVERRUN by 4648.74s,1,0.0500,0,-1.4475,1,0.3000,0,-1.4475,0.000,0.300
4693.707,overrun,A_leg2,4.758,-0.505,27.961,27.485,0.477,OVERRUN by 4649.77s,1,0.0500,0,-1.4475,1,0.3000,0,-1.4475,0.000,0.300
4694.735,overrun,A_leg2,4.758,-0.505,27.961,27.485,0.477,OVERRUN by 4650.80s,1,0.0500,0,-1.4475,1,0.3000,0,-1.4475,0.000,0.300
4695.772,overrun,A_leg2,4.758,-0.505,27.961,27.485,0.477,OVERRUN by 4651.84s,1,0.0500,0,-1.4475,1,0.3000,0,-1.4475,0.000,0.300
4696.798,overrun,A_leg2,4.758,-0.505,27.961,27.485,0.477,OVERRUN by 4652.86s,1,0.0500,0,-1.4475,1,0.3000,0,-1.4475,0.000,0.300
4697.826,overrun,A_leg2,4.758,-0.505,27.961,27.485,0.477,OVERRUN by 4653.89s,1,0.0500,0,-1.4475,1,0.3000,0,-1.4475,0.000,0.300
4698.856,overrun,A_leg2,4.758,-0.505,27.961,27.485,0.477,OVERRUN by 4654.92s,1,0.0500,0,-1.4475,1,0.3000,0,-1.4475,0.000,0.300
4699.885,overrun,A_leg2,4.758,-0.505,27.961,27.485,0.477,OVERRUN by 4655.95s,1,0.0500,0,-1.4475,1,0.3000,0,-1.4475,0.000,0.300
4700.922,overrun,A_leg2,4.758,-0.505,27.961,27.485,0.477,OVERRUN by 4656.99s,1,0.0500,0,-1.4475,1,0.3000,0,-1.4475,0.000,0.300
4701.956,overrun,A_leg2,4.758,-0.505,27.961,27.485,0.477,OVERRUN by 4658.02s,1,0.0500,0,-1.4475,1,0.3000,0,-1.4475,0.000,0.300
4702.985,overrun,A_leg2,4.758,-0.505,27.961,27.485,0.477,OVERRUN by 4659.05s,1,0.0500,0,-1.4475,1,0.3000,0,-1.4475,0.000,0.300
4704.014,overrun,A_leg2,4.758,-0.505,27.961,27.485,0.477,OVERRUN by 4660.08s,1,0.0500,0,-1.4475,1,0.3000,0,-1.4475,0.000,0.300
4705.043,overrun,A_leg2,4.758,-0.505,27.961,27.485,0.477,OVERRUN by 4661.11s,1,0.0500,0,-1.4475,1,0.3000,0,-1.4475,0.000,0.300
4706.076,overrun,A_leg2,4.758,-0.505,27.961,27.485,0.477,OVERRUN by 4662.14s,1,0.0500,0,-1.4475,1,0.3000,0,-1.4475,0.000,0.300
4707.098,overrun,A_leg2,4.758,-0.505,27.961,27.485,0.477,OVERRUN by 4663.16s,1,0.0500,0,-1.4475,1,0.3000,0,-1.4475,0.000,0.300
4708.118,overrun,A_leg2,4.758,-0.505,27.961,27.485,0.477,OVERRUN by 4664.18s,1,0.0500,0,-1.4475,1,0.3000,0,-1.4475,0.000,0.300
4709.140,overrun,A_leg2,4.758,-0.505,27.961,27.485,0.477,OVERRUN by 4665.20s,1,0.0500,0,-1.4475,1,0.3000,0,-1.4475,0.000,0.300
4710.153,overrun,A_leg2,4.758,-0.505,27.961,27.485,0.477,OVERRUN by 4666.22s,1,0.0500,0,-1.4475,1,0.3000,0,-1.4475,0.000,0.300
4711.183,overrun,A_leg2,4.758,-0.505,27.961,27.485,0.477,OVERRUN by 4667.25s,1,0.0500,0,-1.4475,1,0.3000,0,-1.4475,0.000,0.300
4712.206,overrun,A_leg2,4.758,-0.505,27.961,27.485,0.477,OVERRUN by 4668.27s,1,0.0500,0,-1.4475,1,0.3000,0,-1.4475,0.000,0.300
4713.236,overrun,A_leg2,4.758,-0.505,27.961,27.485,0.477,OVERRUN by 4669.30s,1,0.0500,0,-1.4475,1,0.3000,0,-1.4475,0.000,0.300
4714.263,overrun,A_leg2,4.758,-0.505,27.961,27.485,0.477,OVERRUN by 4670.33s,1,0.0500,0,-1.4475,1,0.3000,0,-1.4475,0.000,0.300
4715.285,overrun,A_leg2,4.758,-0.505,27.961,27.485,0.477,OVERRUN by 4671.35s,1,0.0500,0,-1.4475,1,0.3000,0,-1.4475,0.000,0.300
4716.316,overrun,A_leg2,4.758,-0.505,27.961,27.485,0.477,OVERRUN by 4672.38s,1,0.0500,0,-1.4475,1,0.3000,0,-1.4475,0.000,0.300
4717.345,overrun,A_leg2,4.758,-0.505,27.961,27.485,0.477,OVERRUN by 4673.41s,1,0.0500,0,-1.4475,1,0.3000,0,-1.4475,0.000,0.300
4718.364,overrun,A_leg2,4.758,-0.505,27.961,27.485,0.477,OVERRUN by 4674.43s,1,0.0500,0,-1.4475,1,0.3000,0,-1.4475,0.000,0.300
4719.397,overrun,A_leg2,4.758,-0.505,27.961,27.485,0.477,OVERRUN by 4675.46s,1,0.0500,0,-1.4475,1,0.3000,0,-1.4475,0.000,0.300
4720.422,overrun,A_leg2,4.758,-0.505,27.961,27.485,0.477,OVERRUN by 4676.49s,1,0.0500,0,-1.4475,1,0.3000,0,-1.4475,0.000,0.300
4721.457,overrun,A_leg2,4.758,-0.505,27.961,27.485,0.477,OVERRUN by 4677.52s,1,0.0500,0,-1.4475,1,0.3000,0,-1.4475,0.000,0.300
4722.489,overrun,A_leg2,4.758,-0.505,27.961,27.485,0.477,OVERRUN by 4678.55s,1,0.0500,0,-1.4475,1,0.3000,0,-1.4475,0.000,0.300
4723.521,overrun,A_leg2,4.758,-0.505,27.961,27.485,0.477,OVERRUN by 4679.58s,1,0.0500,0,-1.4475,1,0.3000,0,-1.4475,0.000,0.300
4724.558,overrun,A_leg2,4.758,-0.505,27.961,27.485,0.477,OVERRUN by 4680.62s,1,0.0500,0,-1.4475,1,0.3000,0,-1.4475,0.000,0.300
4725.586,overrun,A_leg2,4.758,-0.505,27.961,27.485,0.477,OVERRUN by 4681.65s,1,0.0500,0,-1.4475,1,0.3000,0,-1.4475,0.000,0.300
4726.606,overrun,A_leg2,4.758,-0.505,27.961,27.485,0.477,OVERRUN by 4682.67s,1,0.0500,0,-1.4475,1,0.3000,0,-1.4475,0.000,0.300
4727.633,overrun,A_leg2,4.758,-0.505,27.961,27.485,0.477,OVERRUN by 4683.70s,1,0.0500,0,-1.4475,1,0.3000,0,-1.4475,0.000,0.300
4728.657,overrun,A_leg2,4.758,-0.505,27.961,27.485,0.477,OVERRUN by 4684.72s,1,0.0500,0,-1.4475,1,0.3000,0,-1.4475,0.000,0.300
4729.690,overrun,A_leg2,4.758,-0.505,27.961,27.485,0.477,OVERRUN by 4685.75s,1,0.0500,0,-1.4475,1,0.3000,0,-1.4475,0.000,0.300
4730.715,overrun,A_leg2,4.758,-0.505,27.961,27.485,0.477,OVERRUN by 4686.78s,1,0.0500,0,-1.4475,1,0.3000,0,-1.4475,0.000,0.300
4731.733,overrun,A_leg2,4.758,-0.505,27.961,27.485,0.477,OVERRUN by 4687.80s,1,0.0500,0,-1.4475,1,0.3000,0,-1.4475,0.000,0.300
4732.759,overrun,A_leg2,4.758,-0.505,27.961,27.485,0.477,OVERRUN by 4688.82s,1,0.0500,0,-1.4475,1,0.3000,0,-1.4475,0.000,0.300
4733.788,overrun,A_leg2,4.758,-0.505,27.961,27.485,0.477,OVERRUN by 4689.85s,1,0.0500,0,-1.4475,1,0.3000,0,-1.4475,0.000,0.300
4734.811,overrun,A_leg2,4.758,-0.505,27.961,27.485,0.477,OVERRUN by 4690.87s,1,0.0500,0,-1.4475,1,0.3000,0,-1.4475,0.000,0.300
4735.822,overrun,A_leg2,4.758,-0.505,27.961,27.485,0.477,OVERRUN by 4691.89s,1,0.0500,0,-1.4475,1,0.3000,0,-1.4475,0.000,0.300
4736.853,overrun,A_leg2,4.758,-0.505,27.961,27.485,0.477,OVERRUN by 4692.92s,1,0.0500,0,-1.4475,1,0.3000,0,-1.4475,0.000,0.300
4737.866,overrun,A_leg2,4.758,-0.505,27.961,27.485,0.477,OVERRUN by 4693.93s,1,0.0500,0,-1.4475,1,0.3000,0,-1.4475,0.000,0.300
4738.899,overrun,A_leg2,4.758,-0.505,27.961,27.485,0.477,OVERRUN by 4694.96s,1,0.0500,0,-1.4475,1,0.3000,0,-1.4475,0.000,0.300
4739.921,overrun,A_leg2,4.758,-0.505,27.961,27.485,0.477,OVERRUN by 4695.98s,1,0.0500,0,-1.4475,1,0.3000,0,-1.4475,0.000,0.300
4740.946,overrun,A_leg2,4.758,-0.505,27.961,27.485,0.477,OVERRUN by 4697.01s,1,0.0500,0,-1.4475,1,0.3000,0,-1.4475,0.000,0.300
4741.965,overrun,A_leg2,4.758,-0.505,27.961,27.485,0.477,OVERRUN by 4698.03s,1,0.0500,0,-1.4475,1,0.3000,0,-1.4475,0.000,0.300
4742.995,overrun,A_leg2,4.758,-0.505,27.961,27.485,0.477,OVERRUN by 4699.06s,1,0.0500,0,-1.4475,1,0.3000,0,-1.4475,0.000,0.300
4744.005,overrun,A_leg2,4.758,-0.505,27.961,27.485,0.477,OVERRUN by 4700.07s,1,0.0500,0,-1.4475,1,0.3000,0,-1.4475,0.000,0.300
4745.028,overrun,A_leg2,4.758,-0.505,27.961,27.485,0.477,OVERRUN by 4701.09s,1,0.0500,0,-1.4475,1,0.3000,0,-1.4475,0.000,0.300
4746.066,overrun,A_leg2,4.758,-0.505,27.961,27.485,0.477,OVERRUN by 4702.13s,1,0.0500,0,-1.4475,1,0.3000,0,-1.4475,0.000,0.300
4747.100,overrun,A_leg2,4.758,-0.505,27.961,27.485,0.477,OVERRUN by 4703.16s,1,0.0500,0,-1.4475,1,0.3000,0,-1.4475,0.000,0.300
4748.111,overrun,A_leg2,4.758,-0.505,27.961,27.485,0.477,OVERRUN by 4704.17s,1,0.0500,0,-1.4475,1,0.3000,0,-1.4475,0.000,0.300
4749.127,overrun,A_leg2,4.758,-0.505,27.961,27.485,0.477,OVERRUN by 4705.19s,1,0.0500,0,-1.4475,1,0.3000,0,-1.4475,0.000,0.300
4750.152,overrun,A_leg2,4.758,-0.505,27.961,27.485,0.477,OVERRUN by 4706.22s,1,0.0500,0,-1.4475,1,0.3000,0,-1.4475,0.000,0.300
4751.171,overrun,A_leg2,4.758,-0.505,27.961,27.485,0.477,OVERRUN by 4707.24s,1,0.0500,0,-1.4475,1,0.3000,0,-1.4475,0.000,0.300
4752.183,overrun,A_leg2,4.758,-0.505,27.961,27.485,0.477,OVERRUN by 4708.25s,1,0.0500,0,-1.4475,1,0.3000,0,-1.4475,0.000,0.300
4753.205,overrun,A_leg2,4.758,-0.505,27.961,27.485,0.477,OVERRUN by 4709.27s,1,0.0500,0,-1.4475,1,0.3000,0,-1.4475,0.000,0.300
4754.234,overrun,A_leg2,4.758,-0.505,27.961,27.485,0.477,OVERRUN by 4710.30s,1,0.0500,0,-1.4475,1,0.3000,0,-1.4475,0.000,0.300
4755.259,overrun,A_leg2,4.758,-0.505,27.961,27.485,0.477,OVERRUN by 4711.32s,1,0.0500,0,-1.4475,1,0.3000,0,-1.4475,0.000,0.300
4756.283,overrun,A_leg2,4.758,-0.505,27.961,27.485,0.477,OVERRUN by 4712.35s,1,0.0500,0,-1.4475,1,0.3000,0,-1.4475,0.000,0.300
4757.302,overrun,A_leg2,4.758,-0.505,27.961,27.485,0.477,OVERRUN by 4713.37s,1,0.0500,0,-1.4475,1,0.3000,0,-1.4475,0.000,0.300
4758.336,overrun,A_leg2,4.758,-0.505,27.961,27.485,0.477,OVERRUN by 4714.40s,1,0.0500,0,-1.4475,1,0.3000,0,-1.4475,0.000,0.300
4759.369,overrun,A_leg2,4.758,-0.505,27.961,27.485,0.477,OVERRUN by 4715.43s,1,0.0500,0,-1.4475,1,0.3000,0,-1.4475,0.000,0.300
4760.384,overrun,A_leg2,4.758,-0.505,27.961,27.485,0.477,OVERRUN by 4716.45s,1,0.0500,0,-1.4475,1,0.3000,0,-1.4475,0.000,0.300
4761.401,overrun,A_leg2,4.758,-0.505,27.961,27.485,0.477,OVERRUN by 4717.47s,1,0.0500,0,-1.4475,1,0.3000,0,-1.4475,0.000,0.300
4762.429,overrun,A_leg2,4.758,-0.505,27.961,27.485,0.477,OVERRUN by 4718.49s,1,0.0500,0,-1.4475,1,0.3000,0,-1.4475,0.000,0.300
4763.447,overrun,A_leg2,4.758,-0.505,27.961,27.485,0.477,OVERRUN by 4719.51s,1,0.0500,0,-1.4475,1,0.3000,0,-1.4475,0.000,0.300
4764.452,overrun,A_leg2,4.758,-0.505,27.961,27.485,0.477,OVERRUN by 4720.52s,1,0.0500,0,-1.4475,1,0.3000,0,-1.4475,0.000,0.300
4765.472,overrun,A_leg2,4.758,-0.505,27.961,27.485,0.477,OVERRUN by 4721.54s,1,0.0500,0,-1.4475,1,0.3000,0,-1.4475,0.000,0.300
4766.501,overrun,A_leg2,4.758,-0.505,27.961,27.485,0.477,OVERRUN by 4722.56s,1,0.0500,0,-1.4475,1,0.3000,0,-1.4475,0.000,0.300
4767.534,overrun,A_leg2,4.758,-0.505,27.961,27.485,0.477,OVERRUN by 4723.60s,1,0.0500,0,-1.4475,1,0.3000,0,-1.4475,0.000,0.300
4768.558,overrun,A_leg2,4.758,-0.505,27.961,27.485,0.477,OVERRUN by 4724.62s,1,0.0500,0,-1.4475,1,0.3000,0,-1.4475,0.000,0.300
4769.582,overrun,A_leg2,4.758,-0.505,27.961,27.485,0.477,OVERRUN by 4725.65s,1,0.0500,0,-1.4475,1,0.3000,0,-1.4475,0.000,0.300
4770.610,overrun,A_leg2,4.758,-0.505,27.961,27.485,0.477,OVERRUN by 4726.67s,1,0.0500,0,-1.4475,1,0.3000,0,-1.4475,0.000,0.300
4771.630,overrun,A_leg2,4.758,-0.505,27.961,27.485,0.477,OVERRUN by 4727.69s,1,0.0500,0,-1.4475,1,0.3000,0,-1.4475,0.000,0.300
4772.643,overrun,A_leg2,4.758,-0.505,27.961,27.485,0.477,OVERRUN by 4728.71s,1,0.0500,0,-1.4475,1,0.3000,0,-1.4475,0.000,0.300
4773.663,overrun,A_leg2,4.758,-0.505,27.961,27.485,0.477,OVERRUN by 4729.73s,1,0.0500,0,-1.4475,1,0.3000,0,-1.4475,0.000,0.300
4774.686,overrun,A_leg2,4.758,-0.505,27.961,27.485,0.477,OVERRUN by 4730.75s,1,0.0500,0,-1.4475,1,0.3000,0,-1.4475,0.000,0.300
4775.718,overrun,A_leg2,4.758,-0.505,27.961,27.485,0.477,OVERRUN by 4731.78s,1,0.0500,0,-1.4475,1,0.3000,0,-1.4475,0.000,0.300
4776.295,end,,,,,,,Execution complete,,,,,,,,,,
